

================================================================
== Vitis HLS Report for 'dense_resource_ap_fixed_8_3_4_0_0_ap_fixed_23_12_5_3_0_config2_2_s'
================================================================
* Date:           Sat Feb 10 14:08:10 2024

* Version:        2022.2 (Build 3670227 on Oct 13 2022)
* Project:        alveo_hls4ml
* Solution:       solution (Vitis Kernel Flow Target)
* Product family: virtexuplus
* Target device:  xcu55c-fsvh2892-2L-e


================================================================
== Performance Estimates
================================================================
+ Timing: 
    * Summary: 
    +--------+---------+----------+------------+
    |  Clock |  Target | Estimated| Uncertainty|
    +--------+---------+----------+------------+
    |ap_clk  |  4.00 ns|  2.196 ns|     1.08 ns|
    +--------+---------+----------+------------+

+ Latency: 
    * Summary: 
    +---------+---------+----------+----------+-----+-----+------------------------------------------+
    |  Latency (cycles) |  Latency (absolute) |  Interval |                 Pipeline                 |
    |   min   |   max   |    min   |    max   | min | max |                   Type                   |
    +---------+---------+----------+----------+-----+-----+------------------------------------------+
    |       67|       68|  0.268 us|  0.272 us|   64|   64|  loop rewind stp(delay=0 clock cycles(s))|
    +---------+---------+----------+----------+-----+-----+------------------------------------------+

    + Detail: 
        * Instance: 
        N/A

        * Loop: 
        +-------------+---------+---------+----------+-----------+-----------+------+----------+
        |             |  Latency (cycles) | Iteration|  Initiation Interval  | Trip |          |
        |  Loop Name  |   min   |   max   |  Latency |  achieved |   target  | Count| Pipelined|
        +-------------+---------+---------+----------+-----------+-----------+------+----------+
        |- ReuseLoop  |       67|       67|         5|          1|          1|    64|       yes|
        +-------------+---------+---------+----------+-----------+-----------+------+----------+



================================================================
== Utilization Estimates
================================================================
* Summary: 
+---------------------+---------+------+---------+---------+-----+
|         Name        | BRAM_18K|  DSP |    FF   |   LUT   | URAM|
+---------------------+---------+------+---------+---------+-----+
|DSP                  |        -|   192|        -|        -|    -|
|Expression           |        -|     -|        0|       41|    -|
|FIFO                 |        -|     -|        -|        -|    -|
|Instance             |        -|     -|        -|        -|    -|
|Memory               |        -|     -|        -|        -|    -|
|Multiplexer          |        -|     -|        -|     5240|    -|
|Register             |        -|     -|    17595|       64|    -|
+---------------------+---------+------+---------+---------+-----+
|Total                |        0|   192|    17595|     5345|    0|
+---------------------+---------+------+---------+---------+-----+
|Available SLR        |     1344|  3008|   869120|   434560|  320|
+---------------------+---------+------+---------+---------+-----+
|Utilization SLR (%)  |        0|     6|        2|        1|    0|
+---------------------+---------+------+---------+---------+-----+
|Available            |     4032|  9024|  2607360|  1303680|  960|
+---------------------+---------+------+---------+---------+-----+
|Utilization (%)      |        0|     2|       ~0|       ~0|    0|
+---------------------+---------+------+---------+---------+-----+

+ Detail: 
    * Instance: 
    N/A

    * DSP: 
    +----------------------------------+-----------------------------+--------------+
    |             Instance             |            Module           |  Expression  |
    +----------------------------------+-----------------------------+--------------+
    |mac_muladd_8s_8s_21s_21_4_1_U877  |mac_muladd_8s_8s_21s_21_4_1  |  i0 * i1 + i2|
    |mac_muladd_8s_8s_21s_22_4_1_U749  |mac_muladd_8s_8s_21s_22_4_1  |  i0 * i1 + i2|
    |mac_muladd_8s_8s_21s_22_4_1_U750  |mac_muladd_8s_8s_21s_22_4_1  |  i0 * i1 + i2|
    |mac_muladd_8s_8s_21s_22_4_1_U751  |mac_muladd_8s_8s_21s_22_4_1  |  i0 * i1 + i2|
    |mac_muladd_8s_8s_21s_22_4_1_U752  |mac_muladd_8s_8s_21s_22_4_1  |  i0 * i1 + i2|
    |mac_muladd_8s_8s_21s_22_4_1_U753  |mac_muladd_8s_8s_21s_22_4_1  |  i0 * i1 + i2|
    |mac_muladd_8s_8s_21s_22_4_1_U754  |mac_muladd_8s_8s_21s_22_4_1  |  i0 * i1 + i2|
    |mac_muladd_8s_8s_21s_22_4_1_U755  |mac_muladd_8s_8s_21s_22_4_1  |  i0 * i1 + i2|
    |mac_muladd_8s_8s_21s_22_4_1_U756  |mac_muladd_8s_8s_21s_22_4_1  |  i0 * i1 + i2|
    |mac_muladd_8s_8s_21s_22_4_1_U757  |mac_muladd_8s_8s_21s_22_4_1  |  i0 * i1 + i2|
    |mac_muladd_8s_8s_21s_22_4_1_U758  |mac_muladd_8s_8s_21s_22_4_1  |  i0 * i1 + i2|
    |mac_muladd_8s_8s_21s_22_4_1_U759  |mac_muladd_8s_8s_21s_22_4_1  |  i0 * i1 + i2|
    |mac_muladd_8s_8s_21s_22_4_1_U760  |mac_muladd_8s_8s_21s_22_4_1  |  i0 * i1 + i2|
    |mac_muladd_8s_8s_21s_22_4_1_U761  |mac_muladd_8s_8s_21s_22_4_1  |  i0 * i1 + i2|
    |mac_muladd_8s_8s_21s_22_4_1_U762  |mac_muladd_8s_8s_21s_22_4_1  |  i0 * i1 + i2|
    |mac_muladd_8s_8s_21s_22_4_1_U763  |mac_muladd_8s_8s_21s_22_4_1  |  i0 * i1 + i2|
    |mac_muladd_8s_8s_21s_22_4_1_U764  |mac_muladd_8s_8s_21s_22_4_1  |  i0 * i1 + i2|
    |mac_muladd_8s_8s_21s_22_4_1_U765  |mac_muladd_8s_8s_21s_22_4_1  |  i0 * i1 + i2|
    |mac_muladd_8s_8s_21s_22_4_1_U766  |mac_muladd_8s_8s_21s_22_4_1  |  i0 * i1 + i2|
    |mac_muladd_8s_8s_21s_22_4_1_U767  |mac_muladd_8s_8s_21s_22_4_1  |  i0 * i1 + i2|
    |mac_muladd_8s_8s_21s_22_4_1_U768  |mac_muladd_8s_8s_21s_22_4_1  |  i0 * i1 + i2|
    |mac_muladd_8s_8s_21s_22_4_1_U769  |mac_muladd_8s_8s_21s_22_4_1  |  i0 * i1 + i2|
    |mac_muladd_8s_8s_21s_22_4_1_U770  |mac_muladd_8s_8s_21s_22_4_1  |  i0 * i1 + i2|
    |mac_muladd_8s_8s_21s_22_4_1_U771  |mac_muladd_8s_8s_21s_22_4_1  |  i0 * i1 + i2|
    |mac_muladd_8s_8s_21s_22_4_1_U772  |mac_muladd_8s_8s_21s_22_4_1  |  i0 * i1 + i2|
    |mac_muladd_8s_8s_21s_22_4_1_U773  |mac_muladd_8s_8s_21s_22_4_1  |  i0 * i1 + i2|
    |mac_muladd_8s_8s_21s_22_4_1_U774  |mac_muladd_8s_8s_21s_22_4_1  |  i0 * i1 + i2|
    |mac_muladd_8s_8s_21s_22_4_1_U775  |mac_muladd_8s_8s_21s_22_4_1  |  i0 * i1 + i2|
    |mac_muladd_8s_8s_21s_22_4_1_U776  |mac_muladd_8s_8s_21s_22_4_1  |  i0 * i1 + i2|
    |mac_muladd_8s_8s_21s_22_4_1_U777  |mac_muladd_8s_8s_21s_22_4_1  |  i0 * i1 + i2|
    |mac_muladd_8s_8s_21s_22_4_1_U778  |mac_muladd_8s_8s_21s_22_4_1  |  i0 * i1 + i2|
    |mac_muladd_8s_8s_21s_22_4_1_U779  |mac_muladd_8s_8s_21s_22_4_1  |  i0 * i1 + i2|
    |mac_muladd_8s_8s_21s_22_4_1_U780  |mac_muladd_8s_8s_21s_22_4_1  |  i0 * i1 + i2|
    |mac_muladd_8s_8s_21s_22_4_1_U781  |mac_muladd_8s_8s_21s_22_4_1  |  i0 * i1 + i2|
    |mac_muladd_8s_8s_21s_22_4_1_U782  |mac_muladd_8s_8s_21s_22_4_1  |  i0 * i1 + i2|
    |mac_muladd_8s_8s_21s_22_4_1_U783  |mac_muladd_8s_8s_21s_22_4_1  |  i0 * i1 + i2|
    |mac_muladd_8s_8s_21s_22_4_1_U784  |mac_muladd_8s_8s_21s_22_4_1  |  i0 * i1 + i2|
    |mac_muladd_8s_8s_21s_22_4_1_U785  |mac_muladd_8s_8s_21s_22_4_1  |  i0 * i1 + i2|
    |mac_muladd_8s_8s_21s_22_4_1_U786  |mac_muladd_8s_8s_21s_22_4_1  |  i0 * i1 + i2|
    |mac_muladd_8s_8s_21s_22_4_1_U787  |mac_muladd_8s_8s_21s_22_4_1  |  i0 * i1 + i2|
    |mac_muladd_8s_8s_21s_22_4_1_U788  |mac_muladd_8s_8s_21s_22_4_1  |  i0 * i1 + i2|
    |mac_muladd_8s_8s_21s_22_4_1_U789  |mac_muladd_8s_8s_21s_22_4_1  |  i0 * i1 + i2|
    |mac_muladd_8s_8s_21s_22_4_1_U790  |mac_muladd_8s_8s_21s_22_4_1  |  i0 * i1 + i2|
    |mac_muladd_8s_8s_21s_22_4_1_U791  |mac_muladd_8s_8s_21s_22_4_1  |  i0 * i1 + i2|
    |mac_muladd_8s_8s_21s_22_4_1_U792  |mac_muladd_8s_8s_21s_22_4_1  |  i0 * i1 + i2|
    |mac_muladd_8s_8s_21s_22_4_1_U793  |mac_muladd_8s_8s_21s_22_4_1  |  i0 * i1 + i2|
    |mac_muladd_8s_8s_21s_22_4_1_U794  |mac_muladd_8s_8s_21s_22_4_1  |  i0 * i1 + i2|
    |mac_muladd_8s_8s_21s_22_4_1_U795  |mac_muladd_8s_8s_21s_22_4_1  |  i0 * i1 + i2|
    |mac_muladd_8s_8s_21s_22_4_1_U796  |mac_muladd_8s_8s_21s_22_4_1  |  i0 * i1 + i2|
    |mac_muladd_8s_8s_21s_22_4_1_U797  |mac_muladd_8s_8s_21s_22_4_1  |  i0 * i1 + i2|
    |mac_muladd_8s_8s_21s_22_4_1_U798  |mac_muladd_8s_8s_21s_22_4_1  |  i0 * i1 + i2|
    |mac_muladd_8s_8s_21s_22_4_1_U799  |mac_muladd_8s_8s_21s_22_4_1  |  i0 * i1 + i2|
    |mac_muladd_8s_8s_21s_22_4_1_U800  |mac_muladd_8s_8s_21s_22_4_1  |  i0 * i1 + i2|
    |mac_muladd_8s_8s_21s_22_4_1_U801  |mac_muladd_8s_8s_21s_22_4_1  |  i0 * i1 + i2|
    |mac_muladd_8s_8s_21s_22_4_1_U802  |mac_muladd_8s_8s_21s_22_4_1  |  i0 * i1 + i2|
    |mac_muladd_8s_8s_21s_22_4_1_U803  |mac_muladd_8s_8s_21s_22_4_1  |  i0 * i1 + i2|
    |mac_muladd_8s_8s_21s_22_4_1_U804  |mac_muladd_8s_8s_21s_22_4_1  |  i0 * i1 + i2|
    |mac_muladd_8s_8s_21s_22_4_1_U805  |mac_muladd_8s_8s_21s_22_4_1  |  i0 * i1 + i2|
    |mac_muladd_8s_8s_21s_22_4_1_U806  |mac_muladd_8s_8s_21s_22_4_1  |  i0 * i1 + i2|
    |mac_muladd_8s_8s_21s_22_4_1_U807  |mac_muladd_8s_8s_21s_22_4_1  |  i0 * i1 + i2|
    |mac_muladd_8s_8s_21s_22_4_1_U808  |mac_muladd_8s_8s_21s_22_4_1  |  i0 * i1 + i2|
    |mac_muladd_8s_8s_21s_22_4_1_U809  |mac_muladd_8s_8s_21s_22_4_1  |  i0 * i1 + i2|
    |mac_muladd_8s_8s_21s_22_4_1_U810  |mac_muladd_8s_8s_21s_22_4_1  |  i0 * i1 + i2|
    |mac_muladd_8s_8s_21s_22_4_1_U811  |mac_muladd_8s_8s_21s_22_4_1  |  i0 * i1 + i2|
    |mac_muladd_8s_8s_21s_22_4_1_U812  |mac_muladd_8s_8s_21s_22_4_1  |  i0 * i1 + i2|
    |mac_muladd_8s_8s_21s_22_4_1_U813  |mac_muladd_8s_8s_21s_22_4_1  |  i0 * i1 + i2|
    |mac_muladd_8s_8s_21s_22_4_1_U814  |mac_muladd_8s_8s_21s_22_4_1  |  i0 * i1 + i2|
    |mac_muladd_8s_8s_21s_22_4_1_U815  |mac_muladd_8s_8s_21s_22_4_1  |  i0 * i1 + i2|
    |mac_muladd_8s_8s_21s_22_4_1_U816  |mac_muladd_8s_8s_21s_22_4_1  |  i0 * i1 + i2|
    |mac_muladd_8s_8s_21s_22_4_1_U817  |mac_muladd_8s_8s_21s_22_4_1  |  i0 * i1 + i2|
    |mac_muladd_8s_8s_21s_22_4_1_U818  |mac_muladd_8s_8s_21s_22_4_1  |  i0 * i1 + i2|
    |mac_muladd_8s_8s_21s_22_4_1_U819  |mac_muladd_8s_8s_21s_22_4_1  |  i0 * i1 + i2|
    |mac_muladd_8s_8s_21s_22_4_1_U820  |mac_muladd_8s_8s_21s_22_4_1  |  i0 * i1 + i2|
    |mac_muladd_8s_8s_21s_22_4_1_U821  |mac_muladd_8s_8s_21s_22_4_1  |  i0 * i1 + i2|
    |mac_muladd_8s_8s_21s_22_4_1_U822  |mac_muladd_8s_8s_21s_22_4_1  |  i0 * i1 + i2|
    |mac_muladd_8s_8s_21s_22_4_1_U823  |mac_muladd_8s_8s_21s_22_4_1  |  i0 * i1 + i2|
    |mac_muladd_8s_8s_21s_22_4_1_U824  |mac_muladd_8s_8s_21s_22_4_1  |  i0 * i1 + i2|
    |mac_muladd_8s_8s_21s_22_4_1_U825  |mac_muladd_8s_8s_21s_22_4_1  |  i0 * i1 + i2|
    |mac_muladd_8s_8s_21s_22_4_1_U826  |mac_muladd_8s_8s_21s_22_4_1  |  i0 * i1 + i2|
    |mac_muladd_8s_8s_21s_22_4_1_U827  |mac_muladd_8s_8s_21s_22_4_1  |  i0 * i1 + i2|
    |mac_muladd_8s_8s_21s_22_4_1_U828  |mac_muladd_8s_8s_21s_22_4_1  |  i0 * i1 + i2|
    |mac_muladd_8s_8s_21s_22_4_1_U829  |mac_muladd_8s_8s_21s_22_4_1  |  i0 * i1 + i2|
    |mac_muladd_8s_8s_21s_22_4_1_U830  |mac_muladd_8s_8s_21s_22_4_1  |  i0 * i1 + i2|
    |mac_muladd_8s_8s_21s_22_4_1_U831  |mac_muladd_8s_8s_21s_22_4_1  |  i0 * i1 + i2|
    |mac_muladd_8s_8s_21s_22_4_1_U832  |mac_muladd_8s_8s_21s_22_4_1  |  i0 * i1 + i2|
    |mac_muladd_8s_8s_21s_22_4_1_U833  |mac_muladd_8s_8s_21s_22_4_1  |  i0 * i1 + i2|
    |mac_muladd_8s_8s_21s_22_4_1_U834  |mac_muladd_8s_8s_21s_22_4_1  |  i0 * i1 + i2|
    |mac_muladd_8s_8s_21s_22_4_1_U835  |mac_muladd_8s_8s_21s_22_4_1  |  i0 * i1 + i2|
    |mac_muladd_8s_8s_21s_22_4_1_U836  |mac_muladd_8s_8s_21s_22_4_1  |  i0 * i1 + i2|
    |mac_muladd_8s_8s_21s_22_4_1_U837  |mac_muladd_8s_8s_21s_22_4_1  |  i0 * i1 + i2|
    |mac_muladd_8s_8s_21s_22_4_1_U838  |mac_muladd_8s_8s_21s_22_4_1  |  i0 * i1 + i2|
    |mac_muladd_8s_8s_21s_22_4_1_U839  |mac_muladd_8s_8s_21s_22_4_1  |  i0 * i1 + i2|
    |mac_muladd_8s_8s_21s_22_4_1_U840  |mac_muladd_8s_8s_21s_22_4_1  |  i0 * i1 + i2|
    |mac_muladd_8s_8s_21s_22_4_1_U841  |mac_muladd_8s_8s_21s_22_4_1  |  i0 * i1 + i2|
    |mac_muladd_8s_8s_21s_22_4_1_U842  |mac_muladd_8s_8s_21s_22_4_1  |  i0 * i1 + i2|
    |mac_muladd_8s_8s_21s_22_4_1_U843  |mac_muladd_8s_8s_21s_22_4_1  |  i0 * i1 + i2|
    |mac_muladd_8s_8s_21s_22_4_1_U844  |mac_muladd_8s_8s_21s_22_4_1  |  i0 * i1 + i2|
    |mac_muladd_8s_8s_21s_22_4_1_U845  |mac_muladd_8s_8s_21s_22_4_1  |  i0 * i1 + i2|
    |mac_muladd_8s_8s_21s_22_4_1_U846  |mac_muladd_8s_8s_21s_22_4_1  |  i0 * i1 + i2|
    |mac_muladd_8s_8s_21s_22_4_1_U847  |mac_muladd_8s_8s_21s_22_4_1  |  i0 * i1 + i2|
    |mac_muladd_8s_8s_21s_22_4_1_U848  |mac_muladd_8s_8s_21s_22_4_1  |  i0 * i1 + i2|
    |mac_muladd_8s_8s_21s_22_4_1_U849  |mac_muladd_8s_8s_21s_22_4_1  |  i0 * i1 + i2|
    |mac_muladd_8s_8s_21s_22_4_1_U850  |mac_muladd_8s_8s_21s_22_4_1  |  i0 * i1 + i2|
    |mac_muladd_8s_8s_21s_22_4_1_U851  |mac_muladd_8s_8s_21s_22_4_1  |  i0 * i1 + i2|
    |mac_muladd_8s_8s_21s_22_4_1_U852  |mac_muladd_8s_8s_21s_22_4_1  |  i0 * i1 + i2|
    |mac_muladd_8s_8s_21s_22_4_1_U853  |mac_muladd_8s_8s_21s_22_4_1  |  i0 * i1 + i2|
    |mac_muladd_8s_8s_21s_22_4_1_U854  |mac_muladd_8s_8s_21s_22_4_1  |  i0 * i1 + i2|
    |mac_muladd_8s_8s_21s_22_4_1_U855  |mac_muladd_8s_8s_21s_22_4_1  |  i0 * i1 + i2|
    |mac_muladd_8s_8s_21s_22_4_1_U856  |mac_muladd_8s_8s_21s_22_4_1  |  i0 * i1 + i2|
    |mac_muladd_8s_8s_21s_22_4_1_U857  |mac_muladd_8s_8s_21s_22_4_1  |  i0 * i1 + i2|
    |mac_muladd_8s_8s_21s_22_4_1_U858  |mac_muladd_8s_8s_21s_22_4_1  |  i0 * i1 + i2|
    |mac_muladd_8s_8s_21s_22_4_1_U859  |mac_muladd_8s_8s_21s_22_4_1  |  i0 * i1 + i2|
    |mac_muladd_8s_8s_21s_22_4_1_U860  |mac_muladd_8s_8s_21s_22_4_1  |  i0 * i1 + i2|
    |mac_muladd_8s_8s_21s_22_4_1_U861  |mac_muladd_8s_8s_21s_22_4_1  |  i0 * i1 + i2|
    |mac_muladd_8s_8s_21s_22_4_1_U862  |mac_muladd_8s_8s_21s_22_4_1  |  i0 * i1 + i2|
    |mac_muladd_8s_8s_21s_22_4_1_U863  |mac_muladd_8s_8s_21s_22_4_1  |  i0 * i1 + i2|
    |mac_muladd_8s_8s_21s_22_4_1_U864  |mac_muladd_8s_8s_21s_22_4_1  |  i0 * i1 + i2|
    |mac_muladd_8s_8s_21s_22_4_1_U865  |mac_muladd_8s_8s_21s_22_4_1  |  i0 * i1 + i2|
    |mac_muladd_8s_8s_21s_22_4_1_U866  |mac_muladd_8s_8s_21s_22_4_1  |  i0 * i1 + i2|
    |mac_muladd_8s_8s_21s_22_4_1_U867  |mac_muladd_8s_8s_21s_22_4_1  |  i0 * i1 + i2|
    |mac_muladd_8s_8s_21s_22_4_1_U868  |mac_muladd_8s_8s_21s_22_4_1  |  i0 * i1 + i2|
    |mac_muladd_8s_8s_21s_22_4_1_U869  |mac_muladd_8s_8s_21s_22_4_1  |  i0 * i1 + i2|
    |mac_muladd_8s_8s_21s_22_4_1_U870  |mac_muladd_8s_8s_21s_22_4_1  |  i0 * i1 + i2|
    |mac_muladd_8s_8s_21s_22_4_1_U871  |mac_muladd_8s_8s_21s_22_4_1  |  i0 * i1 + i2|
    |mac_muladd_8s_8s_21s_22_4_1_U872  |mac_muladd_8s_8s_21s_22_4_1  |  i0 * i1 + i2|
    |mac_muladd_8s_8s_21s_22_4_1_U873  |mac_muladd_8s_8s_21s_22_4_1  |  i0 * i1 + i2|
    |mac_muladd_8s_8s_21s_22_4_1_U874  |mac_muladd_8s_8s_21s_22_4_1  |  i0 * i1 + i2|
    |mac_muladd_8s_8s_21s_22_4_1_U875  |mac_muladd_8s_8s_21s_22_4_1  |  i0 * i1 + i2|
    |mac_muladd_8s_8s_21s_22_4_1_U876  |mac_muladd_8s_8s_21s_22_4_1  |  i0 * i1 + i2|
    |mac_muladd_8s_8s_21s_22_4_1_U878  |mac_muladd_8s_8s_21s_22_4_1  |  i0 * i1 + i2|
    |mac_muladd_8s_8s_21s_22_4_1_U879  |mac_muladd_8s_8s_21s_22_4_1  |  i0 * i1 + i2|
    |mac_muladd_8s_8s_21s_22_4_1_U880  |mac_muladd_8s_8s_21s_22_4_1  |  i0 * i1 + i2|
    |mac_muladd_8s_8s_21s_22_4_1_U881  |mac_muladd_8s_8s_21s_22_4_1  |  i0 * i1 + i2|
    |mac_muladd_8s_8s_21s_22_4_1_U882  |mac_muladd_8s_8s_21s_22_4_1  |  i0 * i1 + i2|
    |mac_muladd_8s_8s_21s_22_4_1_U883  |mac_muladd_8s_8s_21s_22_4_1  |  i0 * i1 + i2|
    |mac_muladd_8s_8s_21s_22_4_1_U884  |mac_muladd_8s_8s_21s_22_4_1  |  i0 * i1 + i2|
    |mac_muladd_8s_8s_21s_22_4_1_U885  |mac_muladd_8s_8s_21s_22_4_1  |  i0 * i1 + i2|
    |mac_muladd_8s_8s_21s_22_4_1_U886  |mac_muladd_8s_8s_21s_22_4_1  |  i0 * i1 + i2|
    |mac_muladd_8s_8s_21s_22_4_1_U887  |mac_muladd_8s_8s_21s_22_4_1  |  i0 * i1 + i2|
    |mac_muladd_8s_8s_21s_22_4_1_U888  |mac_muladd_8s_8s_21s_22_4_1  |  i0 * i1 + i2|
    |mac_muladd_8s_8s_21s_22_4_1_U889  |mac_muladd_8s_8s_21s_22_4_1  |  i0 * i1 + i2|
    |mac_muladd_8s_8s_21s_22_4_1_U890  |mac_muladd_8s_8s_21s_22_4_1  |  i0 * i1 + i2|
    |mac_muladd_8s_8s_21s_22_4_1_U891  |mac_muladd_8s_8s_21s_22_4_1  |  i0 * i1 + i2|
    |mac_muladd_8s_8s_21s_22_4_1_U892  |mac_muladd_8s_8s_21s_22_4_1  |  i0 * i1 + i2|
    |mac_muladd_8s_8s_21s_22_4_1_U893  |mac_muladd_8s_8s_21s_22_4_1  |  i0 * i1 + i2|
    |mac_muladd_8s_8s_21s_22_4_1_U894  |mac_muladd_8s_8s_21s_22_4_1  |  i0 * i1 + i2|
    |mac_muladd_8s_8s_21s_22_4_1_U895  |mac_muladd_8s_8s_21s_22_4_1  |  i0 * i1 + i2|
    |mac_muladd_8s_8s_21s_22_4_1_U896  |mac_muladd_8s_8s_21s_22_4_1  |  i0 * i1 + i2|
    |mac_muladd_8s_8s_21s_22_4_1_U897  |mac_muladd_8s_8s_21s_22_4_1  |  i0 * i1 + i2|
    |mac_muladd_8s_8s_21s_22_4_1_U898  |mac_muladd_8s_8s_21s_22_4_1  |  i0 * i1 + i2|
    |mac_muladd_8s_8s_21s_22_4_1_U899  |mac_muladd_8s_8s_21s_22_4_1  |  i0 * i1 + i2|
    |mac_muladd_8s_8s_21s_22_4_1_U900  |mac_muladd_8s_8s_21s_22_4_1  |  i0 * i1 + i2|
    |mac_muladd_8s_8s_21s_22_4_1_U901  |mac_muladd_8s_8s_21s_22_4_1  |  i0 * i1 + i2|
    |mac_muladd_8s_8s_21s_22_4_1_U902  |mac_muladd_8s_8s_21s_22_4_1  |  i0 * i1 + i2|
    |mac_muladd_8s_8s_21s_22_4_1_U903  |mac_muladd_8s_8s_21s_22_4_1  |  i0 * i1 + i2|
    |mac_muladd_8s_8s_21s_22_4_1_U904  |mac_muladd_8s_8s_21s_22_4_1  |  i0 * i1 + i2|
    |mac_muladd_8s_8s_21s_22_4_1_U905  |mac_muladd_8s_8s_21s_22_4_1  |  i0 * i1 + i2|
    |mac_muladd_8s_8s_21s_22_4_1_U906  |mac_muladd_8s_8s_21s_22_4_1  |  i0 * i1 + i2|
    |mac_muladd_8s_8s_21s_22_4_1_U907  |mac_muladd_8s_8s_21s_22_4_1  |  i0 * i1 + i2|
    |mac_muladd_8s_8s_21s_22_4_1_U908  |mac_muladd_8s_8s_21s_22_4_1  |  i0 * i1 + i2|
    |mac_muladd_8s_8s_21s_22_4_1_U909  |mac_muladd_8s_8s_21s_22_4_1  |  i0 * i1 + i2|
    |mac_muladd_8s_8s_21s_22_4_1_U910  |mac_muladd_8s_8s_21s_22_4_1  |  i0 * i1 + i2|
    |mac_muladd_8s_8s_21s_22_4_1_U911  |mac_muladd_8s_8s_21s_22_4_1  |  i0 * i1 + i2|
    |mac_muladd_8s_8s_21s_22_4_1_U912  |mac_muladd_8s_8s_21s_22_4_1  |  i0 * i1 + i2|
    |mac_muladd_8s_8s_21s_22_4_1_U913  |mac_muladd_8s_8s_21s_22_4_1  |  i0 * i1 + i2|
    |mac_muladd_8s_8s_21s_22_4_1_U914  |mac_muladd_8s_8s_21s_22_4_1  |  i0 * i1 + i2|
    |mac_muladd_8s_8s_21s_22_4_1_U915  |mac_muladd_8s_8s_21s_22_4_1  |  i0 * i1 + i2|
    |mac_muladd_8s_8s_21s_22_4_1_U916  |mac_muladd_8s_8s_21s_22_4_1  |  i0 * i1 + i2|
    |mac_muladd_8s_8s_21s_22_4_1_U917  |mac_muladd_8s_8s_21s_22_4_1  |  i0 * i1 + i2|
    |mac_muladd_8s_8s_21s_22_4_1_U918  |mac_muladd_8s_8s_21s_22_4_1  |  i0 * i1 + i2|
    |mac_muladd_8s_8s_21s_22_4_1_U919  |mac_muladd_8s_8s_21s_22_4_1  |  i0 * i1 + i2|
    |mac_muladd_8s_8s_21s_22_4_1_U920  |mac_muladd_8s_8s_21s_22_4_1  |  i0 * i1 + i2|
    |mac_muladd_8s_8s_21s_22_4_1_U921  |mac_muladd_8s_8s_21s_22_4_1  |  i0 * i1 + i2|
    |mac_muladd_8s_8s_21s_22_4_1_U922  |mac_muladd_8s_8s_21s_22_4_1  |  i0 * i1 + i2|
    |mac_muladd_8s_8s_21s_22_4_1_U923  |mac_muladd_8s_8s_21s_22_4_1  |  i0 * i1 + i2|
    |mac_muladd_8s_8s_21s_22_4_1_U924  |mac_muladd_8s_8s_21s_22_4_1  |  i0 * i1 + i2|
    |mac_muladd_8s_8s_21s_22_4_1_U925  |mac_muladd_8s_8s_21s_22_4_1  |  i0 * i1 + i2|
    |mac_muladd_8s_8s_21s_22_4_1_U926  |mac_muladd_8s_8s_21s_22_4_1  |  i0 * i1 + i2|
    |mac_muladd_8s_8s_21s_22_4_1_U927  |mac_muladd_8s_8s_21s_22_4_1  |  i0 * i1 + i2|
    |mac_muladd_8s_8s_21s_22_4_1_U928  |mac_muladd_8s_8s_21s_22_4_1  |  i0 * i1 + i2|
    |mac_muladd_8s_8s_21s_22_4_1_U929  |mac_muladd_8s_8s_21s_22_4_1  |  i0 * i1 + i2|
    |mac_muladd_8s_8s_21s_22_4_1_U930  |mac_muladd_8s_8s_21s_22_4_1  |  i0 * i1 + i2|
    |mac_muladd_8s_8s_21s_22_4_1_U931  |mac_muladd_8s_8s_21s_22_4_1  |  i0 * i1 + i2|
    |mac_muladd_8s_8s_21s_22_4_1_U932  |mac_muladd_8s_8s_21s_22_4_1  |  i0 * i1 + i2|
    |mac_muladd_8s_8s_21s_22_4_1_U933  |mac_muladd_8s_8s_21s_22_4_1  |  i0 * i1 + i2|
    |mac_muladd_8s_8s_21s_22_4_1_U934  |mac_muladd_8s_8s_21s_22_4_1  |  i0 * i1 + i2|
    |mac_muladd_8s_8s_21s_22_4_1_U935  |mac_muladd_8s_8s_21s_22_4_1  |  i0 * i1 + i2|
    |mac_muladd_8s_8s_21s_22_4_1_U936  |mac_muladd_8s_8s_21s_22_4_1  |  i0 * i1 + i2|
    |mac_muladd_8s_8s_21s_22_4_1_U937  |mac_muladd_8s_8s_21s_22_4_1  |  i0 * i1 + i2|
    |mac_muladd_8s_8s_21s_22_4_1_U938  |mac_muladd_8s_8s_21s_22_4_1  |  i0 * i1 + i2|
    |mac_muladd_8s_8s_21s_22_4_1_U939  |mac_muladd_8s_8s_21s_22_4_1  |  i0 * i1 + i2|
    |mac_muladd_8s_8s_21s_22_4_1_U940  |mac_muladd_8s_8s_21s_22_4_1  |  i0 * i1 + i2|
    +----------------------------------+-----------------------------+--------------+

    * Memory: 
    N/A

    * FIFO: 
    N/A

    * Expression: 
    +----------------------------+----------+----+---+----+------------+------------+
    |        Variable Name       | Operation| DSP| FF| LUT| Bitwidth P0| Bitwidth P1|
    +----------------------------+----------+----+---+----+------------+------------+
    |w_index_fu_6993_p2          |         +|   0|  0|  13|           6|           1|
    |icmp_ln43_fu_6999_p2        |      icmp|   0|  0|  10|           6|           2|
    |select_ln838_1_fu_11186_p3  |    select|   0|  0|   9|           1|           9|
    |select_ln838_fu_10849_p3    |    select|   0|  0|   7|           1|           7|
    |ap_enable_pp0               |       xor|   0|  0|   2|           1|           2|
    +----------------------------+----------+----+---+----+------------+------------+
    |Total                       |          |   0|  0|  41|          15|          21|
    +----------------------------+----------+----+---+----+------------+------------+

    * Multiplexer: 
    +------------------------------------------+----+-----------+-----+-----------+
    |                   Name                   | LUT| Input Size| Bits| Total Bits|
    +------------------------------------------+----+-----------+-----+-----------+
    |ap_done_int                               |   9|          2|    1|          2|
    |ap_loop_exit_ready_pp0_iter4_reg          |   9|          2|    1|          2|
    |ap_phi_mux_w_index280_phi_fu_2398_p6      |  14|          3|    6|         18|
    |ap_phi_mux_x_V472_phi_fu_5100_p4          |   9|          2|   21|         42|
    |ap_phi_mux_x_V_100435_phi_fu_5470_p4      |   9|          2|   21|         42|
    |ap_phi_mux_x_V_101434_phi_fu_5480_p4      |   9|          2|   21|         42|
    |ap_phi_mux_x_V_102433_phi_fu_5490_p4      |   9|          2|   21|         42|
    |ap_phi_mux_x_V_103432_phi_fu_5500_p4      |   9|          2|   21|         42|
    |ap_phi_mux_x_V_104431_phi_fu_5510_p4      |   9|          2|   21|         42|
    |ap_phi_mux_x_V_105430_phi_fu_5520_p4      |   9|          2|   21|         42|
    |ap_phi_mux_x_V_106429_phi_fu_5530_p4      |   9|          2|   21|         42|
    |ap_phi_mux_x_V_107428_phi_fu_5540_p4      |   9|          2|   21|         42|
    |ap_phi_mux_x_V_108427_phi_fu_5550_p4      |   9|          2|   21|         42|
    |ap_phi_mux_x_V_109426_phi_fu_5560_p4      |   9|          2|   21|         42|
    |ap_phi_mux_x_V_110425_phi_fu_5570_p4      |   9|          2|   21|         42|
    |ap_phi_mux_x_V_111424_phi_fu_5580_p4      |   9|          2|   21|         42|
    |ap_phi_mux_x_V_112423_phi_fu_5590_p4      |   9|          2|   21|         42|
    |ap_phi_mux_x_V_113422_phi_fu_5600_p4      |   9|          2|   21|         42|
    |ap_phi_mux_x_V_114421_phi_fu_5610_p4      |   9|          2|   21|         42|
    |ap_phi_mux_x_V_115420_phi_fu_5620_p4      |   9|          2|   21|         42|
    |ap_phi_mux_x_V_116419_phi_fu_5630_p4      |   9|          2|   21|         42|
    |ap_phi_mux_x_V_117418_phi_fu_5640_p4      |   9|          2|   21|         42|
    |ap_phi_mux_x_V_118417_phi_fu_5650_p4      |   9|          2|   21|         42|
    |ap_phi_mux_x_V_119416_phi_fu_5660_p4      |   9|          2|   21|         42|
    |ap_phi_mux_x_V_120415_phi_fu_5670_p4      |   9|          2|   21|         42|
    |ap_phi_mux_x_V_121414_phi_fu_5680_p4      |   9|          2|   21|         42|
    |ap_phi_mux_x_V_122413_phi_fu_5690_p4      |   9|          2|   21|         42|
    |ap_phi_mux_x_V_123412_phi_fu_5700_p4      |   9|          2|   21|         42|
    |ap_phi_mux_x_V_124411_phi_fu_5710_p4      |   9|          2|   21|         42|
    |ap_phi_mux_x_V_125410_phi_fu_5720_p4      |   9|          2|   21|         42|
    |ap_phi_mux_x_V_126409_phi_fu_5730_p4      |   9|          2|   21|         42|
    |ap_phi_mux_x_V_127408_phi_fu_5740_p4      |   9|          2|   21|         42|
    |ap_phi_mux_x_V_128407_phi_fu_5750_p4      |   9|          2|   21|         42|
    |ap_phi_mux_x_V_129406_phi_fu_5760_p4      |   9|          2|   21|         42|
    |ap_phi_mux_x_V_130405_phi_fu_5770_p4      |   9|          2|   21|         42|
    |ap_phi_mux_x_V_131404_phi_fu_5780_p4      |   9|          2|   21|         42|
    |ap_phi_mux_x_V_132403_phi_fu_5790_p4      |   9|          2|   21|         42|
    |ap_phi_mux_x_V_133402_phi_fu_5800_p4      |   9|          2|   21|         42|
    |ap_phi_mux_x_V_134401_phi_fu_5810_p4      |   9|          2|   21|         42|
    |ap_phi_mux_x_V_135400_phi_fu_5820_p4      |   9|          2|   21|         42|
    |ap_phi_mux_x_V_136399_phi_fu_5830_p4      |   9|          2|   21|         42|
    |ap_phi_mux_x_V_137398_phi_fu_5840_p4      |   9|          2|   21|         42|
    |ap_phi_mux_x_V_138397_phi_fu_5850_p4      |   9|          2|   21|         42|
    |ap_phi_mux_x_V_139396_phi_fu_5860_p4      |   9|          2|   21|         42|
    |ap_phi_mux_x_V_140395_phi_fu_5870_p4      |   9|          2|   21|         42|
    |ap_phi_mux_x_V_141394_phi_fu_5880_p4      |   9|          2|   21|         42|
    |ap_phi_mux_x_V_142393_phi_fu_5890_p4      |   9|          2|   21|         42|
    |ap_phi_mux_x_V_143392_phi_fu_5900_p4      |   9|          2|   21|         42|
    |ap_phi_mux_x_V_144391_phi_fu_5910_p4      |   9|          2|   21|         42|
    |ap_phi_mux_x_V_145390_phi_fu_5920_p4      |   9|          2|   21|         42|
    |ap_phi_mux_x_V_146389_phi_fu_5930_p4      |   9|          2|   21|         42|
    |ap_phi_mux_x_V_147388_phi_fu_5940_p4      |   9|          2|   21|         42|
    |ap_phi_mux_x_V_148387_phi_fu_5950_p4      |   9|          2|   21|         42|
    |ap_phi_mux_x_V_149386_phi_fu_5960_p4      |   9|          2|   21|         42|
    |ap_phi_mux_x_V_150385_phi_fu_5970_p4      |   9|          2|   21|         42|
    |ap_phi_mux_x_V_151384_phi_fu_5980_p4      |   9|          2|   21|         42|
    |ap_phi_mux_x_V_152383_phi_fu_5990_p4      |   9|          2|   21|         42|
    |ap_phi_mux_x_V_153382_phi_fu_6000_p4      |   9|          2|   21|         42|
    |ap_phi_mux_x_V_154381_phi_fu_6010_p4      |   9|          2|   21|         42|
    |ap_phi_mux_x_V_155380_phi_fu_6020_p4      |   9|          2|   21|         42|
    |ap_phi_mux_x_V_156379_phi_fu_6030_p4      |   9|          2|   21|         42|
    |ap_phi_mux_x_V_157378_phi_fu_6040_p4      |   9|          2|   21|         42|
    |ap_phi_mux_x_V_158377_phi_fu_6050_p4      |   9|          2|   21|         42|
    |ap_phi_mux_x_V_159376_phi_fu_6060_p4      |   9|          2|   21|         42|
    |ap_phi_mux_x_V_160375_phi_fu_6070_p4      |   9|          2|   21|         42|
    |ap_phi_mux_x_V_161374_phi_fu_6080_p4      |   9|          2|   21|         42|
    |ap_phi_mux_x_V_162373_phi_fu_6090_p4      |   9|          2|   21|         42|
    |ap_phi_mux_x_V_163372_phi_fu_6100_p4      |   9|          2|   21|         42|
    |ap_phi_mux_x_V_164371_phi_fu_6110_p4      |   9|          2|   21|         42|
    |ap_phi_mux_x_V_165370_phi_fu_6120_p4      |   9|          2|   21|         42|
    |ap_phi_mux_x_V_166369_phi_fu_6130_p4      |   9|          2|   21|         42|
    |ap_phi_mux_x_V_167368_phi_fu_6140_p4      |   9|          2|   21|         42|
    |ap_phi_mux_x_V_168367_phi_fu_6150_p4      |   9|          2|   21|         42|
    |ap_phi_mux_x_V_169366_phi_fu_6160_p4      |   9|          2|   21|         42|
    |ap_phi_mux_x_V_170365_phi_fu_6170_p4      |   9|          2|   21|         42|
    |ap_phi_mux_x_V_171364_phi_fu_6180_p4      |   9|          2|   21|         42|
    |ap_phi_mux_x_V_172363_phi_fu_6190_p4      |   9|          2|   21|         42|
    |ap_phi_mux_x_V_173362_phi_fu_6200_p4      |   9|          2|   21|         42|
    |ap_phi_mux_x_V_174361_phi_fu_6210_p4      |   9|          2|   21|         42|
    |ap_phi_mux_x_V_175360_phi_fu_6220_p4      |   9|          2|   21|         42|
    |ap_phi_mux_x_V_176359_phi_fu_6230_p4      |   9|          2|   21|         42|
    |ap_phi_mux_x_V_177358_phi_fu_5058_p6      |  14|          3|   21|         63|
    |ap_phi_mux_x_V_178357_phi_fu_6240_p4      |   9|          2|   21|         42|
    |ap_phi_mux_x_V_179356_phi_fu_6250_p4      |   9|          2|   21|         42|
    |ap_phi_mux_x_V_180355_phi_fu_6260_p4      |   9|          2|   21|         42|
    |ap_phi_mux_x_V_181354_phi_fu_6270_p4      |   9|          2|   21|         42|
    |ap_phi_mux_x_V_182353_phi_fu_6280_p4      |   9|          2|   21|         42|
    |ap_phi_mux_x_V_183352_phi_fu_6290_p4      |   9|          2|   21|         42|
    |ap_phi_mux_x_V_184351_phi_fu_6300_p4      |   9|          2|   21|         42|
    |ap_phi_mux_x_V_185350_phi_fu_6310_p4      |   9|          2|   21|         42|
    |ap_phi_mux_x_V_186349_phi_fu_6320_p4      |   9|          2|   21|         42|
    |ap_phi_mux_x_V_187348_phi_fu_6330_p4      |   9|          2|   21|         42|
    |ap_phi_mux_x_V_188347_phi_fu_6340_p4      |   9|          2|   21|         42|
    |ap_phi_mux_x_V_189346_phi_fu_6350_p4      |   9|          2|   21|         42|
    |ap_phi_mux_x_V_190345_phi_fu_6360_p4      |   9|          2|   21|         42|
    |ap_phi_mux_x_V_191344_phi_fu_5072_p6      |  14|          3|   21|         63|
    |ap_phi_mux_x_V_192343_phi_fu_6370_p4      |   9|          2|   21|         42|
    |ap_phi_mux_x_V_193342_phi_fu_6380_p4      |   9|          2|   21|         42|
    |ap_phi_mux_x_V_194341_phi_fu_6390_p4      |   9|          2|   21|         42|
    |ap_phi_mux_x_V_195340_phi_fu_6400_p4      |   9|          2|   21|         42|
    |ap_phi_mux_x_V_196339_phi_fu_6410_p4      |   9|          2|   21|         42|
    |ap_phi_mux_x_V_197338_phi_fu_6420_p4      |   9|          2|   21|         42|
    |ap_phi_mux_x_V_198337_phi_fu_6430_p4      |   9|          2|   21|         42|
    |ap_phi_mux_x_V_199336_phi_fu_6440_p4      |   9|          2|   21|         42|
    |ap_phi_mux_x_V_200335_phi_fu_6450_p4      |   9|          2|   21|         42|
    |ap_phi_mux_x_V_201334_phi_fu_6460_p4      |   9|          2|   21|         42|
    |ap_phi_mux_x_V_202333_phi_fu_6470_p4      |   9|          2|   21|         42|
    |ap_phi_mux_x_V_203332_phi_fu_6480_p4      |   9|          2|   21|         42|
    |ap_phi_mux_x_V_204331_phi_fu_6490_p4      |   9|          2|   21|         42|
    |ap_phi_mux_x_V_205330_phi_fu_6500_p4      |   9|          2|   21|         42|
    |ap_phi_mux_x_V_206329_phi_fu_6510_p4      |   9|          2|   21|         42|
    |ap_phi_mux_x_V_207328_phi_fu_6520_p4      |   9|          2|   21|         42|
    |ap_phi_mux_x_V_208327_phi_fu_6530_p4      |   9|          2|   21|         42|
    |ap_phi_mux_x_V_209326_phi_fu_6540_p4      |   9|          2|   21|         42|
    |ap_phi_mux_x_V_210325_phi_fu_6550_p4      |   9|          2|   21|         42|
    |ap_phi_mux_x_V_211324_phi_fu_6560_p4      |   9|          2|   21|         42|
    |ap_phi_mux_x_V_212323_phi_fu_6570_p4      |   9|          2|   21|         42|
    |ap_phi_mux_x_V_213322_phi_fu_5087_p6      |  14|          3|   21|         63|
    |ap_phi_mux_x_V_214321_phi_fu_6580_p4      |   9|          2|   21|         42|
    |ap_phi_mux_x_V_215320_phi_fu_6590_p4      |   9|          2|   21|         42|
    |ap_phi_mux_x_V_216319_phi_fu_6600_p4      |   9|          2|   21|         42|
    |ap_phi_mux_x_V_217318_phi_fu_6610_p4      |   9|          2|   21|         42|
    |ap_phi_mux_x_V_218317_phi_fu_6620_p4      |   9|          2|   21|         42|
    |ap_phi_mux_x_V_219316_phi_fu_6630_p4      |   9|          2|   21|         42|
    |ap_phi_mux_x_V_220315_phi_fu_6640_p4      |   9|          2|   21|         42|
    |ap_phi_mux_x_V_221314_phi_fu_6650_p4      |   9|          2|   21|         42|
    |ap_phi_mux_x_V_222313_phi_fu_6660_p4      |   9|          2|   21|         42|
    |ap_phi_mux_x_V_223312_phi_fu_6670_p4      |   9|          2|   21|         42|
    |ap_phi_mux_x_V_224311_phi_fu_6680_p4      |   9|          2|   21|         42|
    |ap_phi_mux_x_V_225310_phi_fu_6690_p4      |   9|          2|   21|         42|
    |ap_phi_mux_x_V_226309_phi_fu_6700_p4      |   9|          2|   21|         42|
    |ap_phi_mux_x_V_227308_phi_fu_6710_p4      |   9|          2|   21|         42|
    |ap_phi_mux_x_V_228307_phi_fu_6720_p4      |   9|          2|   21|         42|
    |ap_phi_mux_x_V_229306_phi_fu_6730_p4      |   9|          2|   21|         42|
    |ap_phi_mux_x_V_230305_phi_fu_6740_p4      |   9|          2|   21|         42|
    |ap_phi_mux_x_V_231304_phi_fu_6750_p4      |   9|          2|   21|         42|
    |ap_phi_mux_x_V_232303_phi_fu_6760_p4      |   9|          2|   21|         42|
    |ap_phi_mux_x_V_233302_phi_fu_6770_p4      |   9|          2|   21|         42|
    |ap_phi_mux_x_V_234301_phi_fu_6780_p4      |   9|          2|   21|         42|
    |ap_phi_mux_x_V_235300_phi_fu_6790_p4      |   9|          2|   21|         42|
    |ap_phi_mux_x_V_236299_phi_fu_6800_p4      |   9|          2|   21|         42|
    |ap_phi_mux_x_V_237298_phi_fu_6810_p4      |   9|          2|   21|         42|
    |ap_phi_mux_x_V_238297_phi_fu_6820_p4      |   9|          2|   21|         42|
    |ap_phi_mux_x_V_239296_phi_fu_6830_p4      |   9|          2|   21|         42|
    |ap_phi_mux_x_V_240295_phi_fu_6840_p4      |   9|          2|   21|         42|
    |ap_phi_mux_x_V_241294_phi_fu_6850_p4      |   9|          2|   21|         42|
    |ap_phi_mux_x_V_242293_phi_fu_6860_p4      |   9|          2|   21|         42|
    |ap_phi_mux_x_V_243292_phi_fu_6870_p4      |   9|          2|   21|         42|
    |ap_phi_mux_x_V_244291_phi_fu_6880_p4      |   9|          2|   21|         42|
    |ap_phi_mux_x_V_245290_phi_fu_6890_p4      |   9|          2|   21|         42|
    |ap_phi_mux_x_V_246289_phi_fu_6900_p4      |   9|          2|   21|         42|
    |ap_phi_mux_x_V_247288_phi_fu_6910_p4      |   9|          2|   21|         42|
    |ap_phi_mux_x_V_248287_phi_fu_6920_p4      |   9|          2|   21|         42|
    |ap_phi_mux_x_V_249286_phi_fu_6930_p4      |   9|          2|   21|         42|
    |ap_phi_mux_x_V_250285_phi_fu_6940_p4      |   9|          2|   21|         42|
    |ap_phi_mux_x_V_251284_phi_fu_6950_p4      |   9|          2|   21|         42|
    |ap_phi_mux_x_V_252283_phi_fu_6960_p4      |   9|          2|   21|         42|
    |ap_phi_mux_x_V_253282_phi_fu_6970_p4      |   9|          2|   21|         42|
    |ap_phi_mux_x_V_254281_phi_fu_6980_p4      |   9|          2|   21|         42|
    |ap_phi_mux_x_V_64471_phi_fu_5110_p4       |   9|          2|   21|         42|
    |ap_phi_mux_x_V_65470_phi_fu_5120_p4       |   9|          2|   21|         42|
    |ap_phi_mux_x_V_66469_phi_fu_5130_p4       |   9|          2|   21|         42|
    |ap_phi_mux_x_V_67468_phi_fu_5140_p4       |   9|          2|   21|         42|
    |ap_phi_mux_x_V_68467_phi_fu_5150_p4       |   9|          2|   21|         42|
    |ap_phi_mux_x_V_69466_phi_fu_5160_p4       |   9|          2|   21|         42|
    |ap_phi_mux_x_V_70465_phi_fu_5170_p4       |   9|          2|   21|         42|
    |ap_phi_mux_x_V_71464_phi_fu_5180_p4       |   9|          2|   21|         42|
    |ap_phi_mux_x_V_72463_phi_fu_5190_p4       |   9|          2|   21|         42|
    |ap_phi_mux_x_V_73462_phi_fu_5200_p4       |   9|          2|   21|         42|
    |ap_phi_mux_x_V_74461_phi_fu_5210_p4       |   9|          2|   21|         42|
    |ap_phi_mux_x_V_75460_phi_fu_5220_p4       |   9|          2|   21|         42|
    |ap_phi_mux_x_V_76459_phi_fu_5230_p4       |   9|          2|   21|         42|
    |ap_phi_mux_x_V_77458_phi_fu_5240_p4       |   9|          2|   21|         42|
    |ap_phi_mux_x_V_78457_phi_fu_5250_p4       |   9|          2|   21|         42|
    |ap_phi_mux_x_V_79456_phi_fu_5260_p4       |   9|          2|   21|         42|
    |ap_phi_mux_x_V_80455_phi_fu_5270_p4       |   9|          2|   21|         42|
    |ap_phi_mux_x_V_81454_phi_fu_5280_p4       |   9|          2|   21|         42|
    |ap_phi_mux_x_V_82453_phi_fu_5290_p4       |   9|          2|   21|         42|
    |ap_phi_mux_x_V_83452_phi_fu_5300_p4       |   9|          2|   21|         42|
    |ap_phi_mux_x_V_84451_phi_fu_5310_p4       |   9|          2|   21|         42|
    |ap_phi_mux_x_V_85450_phi_fu_5320_p4       |   9|          2|   21|         42|
    |ap_phi_mux_x_V_86449_phi_fu_5330_p4       |   9|          2|   21|         42|
    |ap_phi_mux_x_V_87448_phi_fu_5340_p4       |   9|          2|   21|         42|
    |ap_phi_mux_x_V_88447_phi_fu_5350_p4       |   9|          2|   21|         42|
    |ap_phi_mux_x_V_89446_phi_fu_5360_p4       |   9|          2|   21|         42|
    |ap_phi_mux_x_V_90445_phi_fu_5370_p4       |   9|          2|   21|         42|
    |ap_phi_mux_x_V_91444_phi_fu_5380_p4       |   9|          2|   21|         42|
    |ap_phi_mux_x_V_92443_phi_fu_5390_p4       |   9|          2|   21|         42|
    |ap_phi_mux_x_V_93442_phi_fu_5400_p4       |   9|          2|   21|         42|
    |ap_phi_mux_x_V_94441_phi_fu_5410_p4       |   9|          2|   21|         42|
    |ap_phi_mux_x_V_95440_phi_fu_5420_p4       |   9|          2|   21|         42|
    |ap_phi_mux_x_V_96439_phi_fu_5430_p4       |   9|          2|   21|         42|
    |ap_phi_mux_x_V_97438_phi_fu_5440_p4       |   9|          2|   21|         42|
    |ap_phi_mux_x_V_98437_phi_fu_5450_p4       |   9|          2|   21|         42|
    |ap_phi_mux_x_V_99436_phi_fu_5460_p4       |   9|          2|   21|         42|
    |ap_phi_reg_pp0_iter3_x_V472_reg_5097      |   9|          2|   21|         42|
    |ap_phi_reg_pp0_iter3_x_V_100435_reg_5467  |   9|          2|   21|         42|
    |ap_phi_reg_pp0_iter3_x_V_101434_reg_5477  |   9|          2|   21|         42|
    |ap_phi_reg_pp0_iter3_x_V_102433_reg_5487  |   9|          2|   21|         42|
    |ap_phi_reg_pp0_iter3_x_V_103432_reg_5497  |   9|          2|   21|         42|
    |ap_phi_reg_pp0_iter3_x_V_104431_reg_5507  |   9|          2|   21|         42|
    |ap_phi_reg_pp0_iter3_x_V_105430_reg_5517  |   9|          2|   21|         42|
    |ap_phi_reg_pp0_iter3_x_V_106429_reg_5527  |   9|          2|   21|         42|
    |ap_phi_reg_pp0_iter3_x_V_107428_reg_5537  |   9|          2|   21|         42|
    |ap_phi_reg_pp0_iter3_x_V_108427_reg_5547  |   9|          2|   21|         42|
    |ap_phi_reg_pp0_iter3_x_V_109426_reg_5557  |   9|          2|   21|         42|
    |ap_phi_reg_pp0_iter3_x_V_110425_reg_5567  |   9|          2|   21|         42|
    |ap_phi_reg_pp0_iter3_x_V_111424_reg_5577  |   9|          2|   21|         42|
    |ap_phi_reg_pp0_iter3_x_V_112423_reg_5587  |   9|          2|   21|         42|
    |ap_phi_reg_pp0_iter3_x_V_113422_reg_5597  |   9|          2|   21|         42|
    |ap_phi_reg_pp0_iter3_x_V_114421_reg_5607  |   9|          2|   21|         42|
    |ap_phi_reg_pp0_iter3_x_V_115420_reg_5617  |   9|          2|   21|         42|
    |ap_phi_reg_pp0_iter3_x_V_116419_reg_5627  |   9|          2|   21|         42|
    |ap_phi_reg_pp0_iter3_x_V_117418_reg_5637  |   9|          2|   21|         42|
    |ap_phi_reg_pp0_iter3_x_V_118417_reg_5647  |   9|          2|   21|         42|
    |ap_phi_reg_pp0_iter3_x_V_119416_reg_5657  |   9|          2|   21|         42|
    |ap_phi_reg_pp0_iter3_x_V_120415_reg_5667  |   9|          2|   21|         42|
    |ap_phi_reg_pp0_iter3_x_V_121414_reg_5677  |   9|          2|   21|         42|
    |ap_phi_reg_pp0_iter3_x_V_122413_reg_5687  |   9|          2|   21|         42|
    |ap_phi_reg_pp0_iter3_x_V_123412_reg_5697  |   9|          2|   21|         42|
    |ap_phi_reg_pp0_iter3_x_V_124411_reg_5707  |   9|          2|   21|         42|
    |ap_phi_reg_pp0_iter3_x_V_125410_reg_5717  |   9|          2|   21|         42|
    |ap_phi_reg_pp0_iter3_x_V_126409_reg_5727  |   9|          2|   21|         42|
    |ap_phi_reg_pp0_iter3_x_V_127408_reg_5737  |   9|          2|   21|         42|
    |ap_phi_reg_pp0_iter3_x_V_128407_reg_5747  |   9|          2|   21|         42|
    |ap_phi_reg_pp0_iter3_x_V_129406_reg_5757  |   9|          2|   21|         42|
    |ap_phi_reg_pp0_iter3_x_V_130405_reg_5767  |   9|          2|   21|         42|
    |ap_phi_reg_pp0_iter3_x_V_131404_reg_5777  |   9|          2|   21|         42|
    |ap_phi_reg_pp0_iter3_x_V_132403_reg_5787  |   9|          2|   21|         42|
    |ap_phi_reg_pp0_iter3_x_V_133402_reg_5797  |   9|          2|   21|         42|
    |ap_phi_reg_pp0_iter3_x_V_134401_reg_5807  |   9|          2|   21|         42|
    |ap_phi_reg_pp0_iter3_x_V_135400_reg_5817  |   9|          2|   21|         42|
    |ap_phi_reg_pp0_iter3_x_V_136399_reg_5827  |   9|          2|   21|         42|
    |ap_phi_reg_pp0_iter3_x_V_137398_reg_5837  |   9|          2|   21|         42|
    |ap_phi_reg_pp0_iter3_x_V_138397_reg_5847  |   9|          2|   21|         42|
    |ap_phi_reg_pp0_iter3_x_V_139396_reg_5857  |   9|          2|   21|         42|
    |ap_phi_reg_pp0_iter3_x_V_140395_reg_5867  |   9|          2|   21|         42|
    |ap_phi_reg_pp0_iter3_x_V_141394_reg_5877  |   9|          2|   21|         42|
    |ap_phi_reg_pp0_iter3_x_V_142393_reg_5887  |   9|          2|   21|         42|
    |ap_phi_reg_pp0_iter3_x_V_143392_reg_5897  |   9|          2|   21|         42|
    |ap_phi_reg_pp0_iter3_x_V_144391_reg_5907  |   9|          2|   21|         42|
    |ap_phi_reg_pp0_iter3_x_V_145390_reg_5917  |   9|          2|   21|         42|
    |ap_phi_reg_pp0_iter3_x_V_146389_reg_5927  |   9|          2|   21|         42|
    |ap_phi_reg_pp0_iter3_x_V_147388_reg_5937  |   9|          2|   21|         42|
    |ap_phi_reg_pp0_iter3_x_V_148387_reg_5947  |   9|          2|   21|         42|
    |ap_phi_reg_pp0_iter3_x_V_149386_reg_5957  |   9|          2|   21|         42|
    |ap_phi_reg_pp0_iter3_x_V_150385_reg_5967  |   9|          2|   21|         42|
    |ap_phi_reg_pp0_iter3_x_V_151384_reg_5977  |   9|          2|   21|         42|
    |ap_phi_reg_pp0_iter3_x_V_152383_reg_5987  |   9|          2|   21|         42|
    |ap_phi_reg_pp0_iter3_x_V_153382_reg_5997  |   9|          2|   21|         42|
    |ap_phi_reg_pp0_iter3_x_V_154381_reg_6007  |   9|          2|   21|         42|
    |ap_phi_reg_pp0_iter3_x_V_155380_reg_6017  |   9|          2|   21|         42|
    |ap_phi_reg_pp0_iter3_x_V_156379_reg_6027  |   9|          2|   21|         42|
    |ap_phi_reg_pp0_iter3_x_V_157378_reg_6037  |   9|          2|   21|         42|
    |ap_phi_reg_pp0_iter3_x_V_158377_reg_6047  |   9|          2|   21|         42|
    |ap_phi_reg_pp0_iter3_x_V_159376_reg_6057  |   9|          2|   21|         42|
    |ap_phi_reg_pp0_iter3_x_V_160375_reg_6067  |   9|          2|   21|         42|
    |ap_phi_reg_pp0_iter3_x_V_161374_reg_6077  |   9|          2|   21|         42|
    |ap_phi_reg_pp0_iter3_x_V_162373_reg_6087  |   9|          2|   21|         42|
    |ap_phi_reg_pp0_iter3_x_V_163372_reg_6097  |   9|          2|   21|         42|
    |ap_phi_reg_pp0_iter3_x_V_164371_reg_6107  |   9|          2|   21|         42|
    |ap_phi_reg_pp0_iter3_x_V_165370_reg_6117  |   9|          2|   21|         42|
    |ap_phi_reg_pp0_iter3_x_V_166369_reg_6127  |   9|          2|   21|         42|
    |ap_phi_reg_pp0_iter3_x_V_167368_reg_6137  |   9|          2|   21|         42|
    |ap_phi_reg_pp0_iter3_x_V_168367_reg_6147  |   9|          2|   21|         42|
    |ap_phi_reg_pp0_iter3_x_V_169366_reg_6157  |   9|          2|   21|         42|
    |ap_phi_reg_pp0_iter3_x_V_170365_reg_6167  |   9|          2|   21|         42|
    |ap_phi_reg_pp0_iter3_x_V_171364_reg_6177  |   9|          2|   21|         42|
    |ap_phi_reg_pp0_iter3_x_V_172363_reg_6187  |   9|          2|   21|         42|
    |ap_phi_reg_pp0_iter3_x_V_173362_reg_6197  |   9|          2|   21|         42|
    |ap_phi_reg_pp0_iter3_x_V_174361_reg_6207  |   9|          2|   21|         42|
    |ap_phi_reg_pp0_iter3_x_V_175360_reg_6217  |   9|          2|   21|         42|
    |ap_phi_reg_pp0_iter3_x_V_176359_reg_6227  |   9|          2|   21|         42|
    |ap_phi_reg_pp0_iter3_x_V_178357_reg_6237  |   9|          2|   21|         42|
    |ap_phi_reg_pp0_iter3_x_V_179356_reg_6247  |   9|          2|   21|         42|
    |ap_phi_reg_pp0_iter3_x_V_180355_reg_6257  |   9|          2|   21|         42|
    |ap_phi_reg_pp0_iter3_x_V_181354_reg_6267  |   9|          2|   21|         42|
    |ap_phi_reg_pp0_iter3_x_V_182353_reg_6277  |   9|          2|   21|         42|
    |ap_phi_reg_pp0_iter3_x_V_183352_reg_6287  |   9|          2|   21|         42|
    |ap_phi_reg_pp0_iter3_x_V_184351_reg_6297  |   9|          2|   21|         42|
    |ap_phi_reg_pp0_iter3_x_V_185350_reg_6307  |   9|          2|   21|         42|
    |ap_phi_reg_pp0_iter3_x_V_186349_reg_6317  |   9|          2|   21|         42|
    |ap_phi_reg_pp0_iter3_x_V_187348_reg_6327  |   9|          2|   21|         42|
    |ap_phi_reg_pp0_iter3_x_V_188347_reg_6337  |   9|          2|   21|         42|
    |ap_phi_reg_pp0_iter3_x_V_189346_reg_6347  |   9|          2|   21|         42|
    |ap_phi_reg_pp0_iter3_x_V_190345_reg_6357  |   9|          2|   21|         42|
    |ap_phi_reg_pp0_iter3_x_V_192343_reg_6367  |   9|          2|   21|         42|
    |ap_phi_reg_pp0_iter3_x_V_193342_reg_6377  |   9|          2|   21|         42|
    |ap_phi_reg_pp0_iter3_x_V_194341_reg_6387  |   9|          2|   21|         42|
    |ap_phi_reg_pp0_iter3_x_V_195340_reg_6397  |   9|          2|   21|         42|
    |ap_phi_reg_pp0_iter3_x_V_196339_reg_6407  |   9|          2|   21|         42|
    |ap_phi_reg_pp0_iter3_x_V_197338_reg_6417  |   9|          2|   21|         42|
    |ap_phi_reg_pp0_iter3_x_V_198337_reg_6427  |   9|          2|   21|         42|
    |ap_phi_reg_pp0_iter3_x_V_199336_reg_6437  |   9|          2|   21|         42|
    |ap_phi_reg_pp0_iter3_x_V_200335_reg_6447  |   9|          2|   21|         42|
    |ap_phi_reg_pp0_iter3_x_V_201334_reg_6457  |   9|          2|   21|         42|
    |ap_phi_reg_pp0_iter3_x_V_202333_reg_6467  |   9|          2|   21|         42|
    |ap_phi_reg_pp0_iter3_x_V_203332_reg_6477  |   9|          2|   21|         42|
    |ap_phi_reg_pp0_iter3_x_V_204331_reg_6487  |   9|          2|   21|         42|
    |ap_phi_reg_pp0_iter3_x_V_205330_reg_6497  |   9|          2|   21|         42|
    |ap_phi_reg_pp0_iter3_x_V_206329_reg_6507  |   9|          2|   21|         42|
    |ap_phi_reg_pp0_iter3_x_V_207328_reg_6517  |   9|          2|   21|         42|
    |ap_phi_reg_pp0_iter3_x_V_208327_reg_6527  |   9|          2|   21|         42|
    |ap_phi_reg_pp0_iter3_x_V_209326_reg_6537  |   9|          2|   21|         42|
    |ap_phi_reg_pp0_iter3_x_V_210325_reg_6547  |   9|          2|   21|         42|
    |ap_phi_reg_pp0_iter3_x_V_211324_reg_6557  |   9|          2|   21|         42|
    |ap_phi_reg_pp0_iter3_x_V_212323_reg_6567  |   9|          2|   21|         42|
    |ap_phi_reg_pp0_iter3_x_V_214321_reg_6577  |   9|          2|   21|         42|
    |ap_phi_reg_pp0_iter3_x_V_215320_reg_6587  |   9|          2|   21|         42|
    |ap_phi_reg_pp0_iter3_x_V_216319_reg_6597  |   9|          2|   21|         42|
    |ap_phi_reg_pp0_iter3_x_V_217318_reg_6607  |   9|          2|   21|         42|
    |ap_phi_reg_pp0_iter3_x_V_218317_reg_6617  |   9|          2|   21|         42|
    |ap_phi_reg_pp0_iter3_x_V_219316_reg_6627  |   9|          2|   21|         42|
    |ap_phi_reg_pp0_iter3_x_V_220315_reg_6637  |   9|          2|   21|         42|
    |ap_phi_reg_pp0_iter3_x_V_221314_reg_6647  |   9|          2|   21|         42|
    |ap_phi_reg_pp0_iter3_x_V_222313_reg_6657  |   9|          2|   21|         42|
    |ap_phi_reg_pp0_iter3_x_V_223312_reg_6667  |   9|          2|   21|         42|
    |ap_phi_reg_pp0_iter3_x_V_224311_reg_6677  |   9|          2|   21|         42|
    |ap_phi_reg_pp0_iter3_x_V_225310_reg_6687  |   9|          2|   21|         42|
    |ap_phi_reg_pp0_iter3_x_V_226309_reg_6697  |   9|          2|   21|         42|
    |ap_phi_reg_pp0_iter3_x_V_227308_reg_6707  |   9|          2|   21|         42|
    |ap_phi_reg_pp0_iter3_x_V_228307_reg_6717  |   9|          2|   21|         42|
    |ap_phi_reg_pp0_iter3_x_V_229306_reg_6727  |   9|          2|   21|         42|
    |ap_phi_reg_pp0_iter3_x_V_230305_reg_6737  |   9|          2|   21|         42|
    |ap_phi_reg_pp0_iter3_x_V_231304_reg_6747  |   9|          2|   21|         42|
    |ap_phi_reg_pp0_iter3_x_V_232303_reg_6757  |   9|          2|   21|         42|
    |ap_phi_reg_pp0_iter3_x_V_233302_reg_6767  |   9|          2|   21|         42|
    |ap_phi_reg_pp0_iter3_x_V_234301_reg_6777  |   9|          2|   21|         42|
    |ap_phi_reg_pp0_iter3_x_V_235300_reg_6787  |   9|          2|   21|         42|
    |ap_phi_reg_pp0_iter3_x_V_236299_reg_6797  |   9|          2|   21|         42|
    |ap_phi_reg_pp0_iter3_x_V_237298_reg_6807  |   9|          2|   21|         42|
    |ap_phi_reg_pp0_iter3_x_V_238297_reg_6817  |   9|          2|   21|         42|
    |ap_phi_reg_pp0_iter3_x_V_239296_reg_6827  |   9|          2|   21|         42|
    |ap_phi_reg_pp0_iter3_x_V_240295_reg_6837  |   9|          2|   21|         42|
    |ap_phi_reg_pp0_iter3_x_V_241294_reg_6847  |   9|          2|   21|         42|
    |ap_phi_reg_pp0_iter3_x_V_242293_reg_6857  |   9|          2|   21|         42|
    |ap_phi_reg_pp0_iter3_x_V_243292_reg_6867  |   9|          2|   21|         42|
    |ap_phi_reg_pp0_iter3_x_V_244291_reg_6877  |   9|          2|   21|         42|
    |ap_phi_reg_pp0_iter3_x_V_245290_reg_6887  |   9|          2|   21|         42|
    |ap_phi_reg_pp0_iter3_x_V_246289_reg_6897  |   9|          2|   21|         42|
    |ap_phi_reg_pp0_iter3_x_V_247288_reg_6907  |   9|          2|   21|         42|
    |ap_phi_reg_pp0_iter3_x_V_248287_reg_6917  |   9|          2|   21|         42|
    |ap_phi_reg_pp0_iter3_x_V_249286_reg_6927  |   9|          2|   21|         42|
    |ap_phi_reg_pp0_iter3_x_V_250285_reg_6937  |   9|          2|   21|         42|
    |ap_phi_reg_pp0_iter3_x_V_251284_reg_6947  |   9|          2|   21|         42|
    |ap_phi_reg_pp0_iter3_x_V_252283_reg_6957  |   9|          2|   21|         42|
    |ap_phi_reg_pp0_iter3_x_V_253282_reg_6967  |   9|          2|   21|         42|
    |ap_phi_reg_pp0_iter3_x_V_254281_reg_6977  |   9|          2|   21|         42|
    |ap_phi_reg_pp0_iter3_x_V_64471_reg_5107   |   9|          2|   21|         42|
    |ap_phi_reg_pp0_iter3_x_V_65470_reg_5117   |   9|          2|   21|         42|
    |ap_phi_reg_pp0_iter3_x_V_66469_reg_5127   |   9|          2|   21|         42|
    |ap_phi_reg_pp0_iter3_x_V_67468_reg_5137   |   9|          2|   21|         42|
    |ap_phi_reg_pp0_iter3_x_V_68467_reg_5147   |   9|          2|   21|         42|
    |ap_phi_reg_pp0_iter3_x_V_69466_reg_5157   |   9|          2|   21|         42|
    |ap_phi_reg_pp0_iter3_x_V_70465_reg_5167   |   9|          2|   21|         42|
    |ap_phi_reg_pp0_iter3_x_V_71464_reg_5177   |   9|          2|   21|         42|
    |ap_phi_reg_pp0_iter3_x_V_72463_reg_5187   |   9|          2|   21|         42|
    |ap_phi_reg_pp0_iter3_x_V_73462_reg_5197   |   9|          2|   21|         42|
    |ap_phi_reg_pp0_iter3_x_V_74461_reg_5207   |   9|          2|   21|         42|
    |ap_phi_reg_pp0_iter3_x_V_75460_reg_5217   |   9|          2|   21|         42|
    |ap_phi_reg_pp0_iter3_x_V_76459_reg_5227   |   9|          2|   21|         42|
    |ap_phi_reg_pp0_iter3_x_V_77458_reg_5237   |   9|          2|   21|         42|
    |ap_phi_reg_pp0_iter3_x_V_78457_reg_5247   |   9|          2|   21|         42|
    |ap_phi_reg_pp0_iter3_x_V_79456_reg_5257   |   9|          2|   21|         42|
    |ap_phi_reg_pp0_iter3_x_V_80455_reg_5267   |   9|          2|   21|         42|
    |ap_phi_reg_pp0_iter3_x_V_81454_reg_5277   |   9|          2|   21|         42|
    |ap_phi_reg_pp0_iter3_x_V_82453_reg_5287   |   9|          2|   21|         42|
    |ap_phi_reg_pp0_iter3_x_V_83452_reg_5297   |   9|          2|   21|         42|
    |ap_phi_reg_pp0_iter3_x_V_84451_reg_5307   |   9|          2|   21|         42|
    |ap_phi_reg_pp0_iter3_x_V_85450_reg_5317   |   9|          2|   21|         42|
    |ap_phi_reg_pp0_iter3_x_V_86449_reg_5327   |   9|          2|   21|         42|
    |ap_phi_reg_pp0_iter3_x_V_87448_reg_5337   |   9|          2|   21|         42|
    |ap_phi_reg_pp0_iter3_x_V_88447_reg_5347   |   9|          2|   21|         42|
    |ap_phi_reg_pp0_iter3_x_V_89446_reg_5357   |   9|          2|   21|         42|
    |ap_phi_reg_pp0_iter3_x_V_90445_reg_5367   |   9|          2|   21|         42|
    |ap_phi_reg_pp0_iter3_x_V_91444_reg_5377   |   9|          2|   21|         42|
    |ap_phi_reg_pp0_iter3_x_V_92443_reg_5387   |   9|          2|   21|         42|
    |ap_phi_reg_pp0_iter3_x_V_93442_reg_5397   |   9|          2|   21|         42|
    |ap_phi_reg_pp0_iter3_x_V_94441_reg_5407   |   9|          2|   21|         42|
    |ap_phi_reg_pp0_iter3_x_V_95440_reg_5417   |   9|          2|   21|         42|
    |ap_phi_reg_pp0_iter3_x_V_96439_reg_5427   |   9|          2|   21|         42|
    |ap_phi_reg_pp0_iter3_x_V_97438_reg_5437   |   9|          2|   21|         42|
    |ap_phi_reg_pp0_iter3_x_V_98437_reg_5447   |   9|          2|   21|         42|
    |ap_phi_reg_pp0_iter3_x_V_99436_reg_5457   |   9|          2|   21|         42|
    |ap_return_0                               |   9|          2|   23|         46|
    |ap_return_1                               |   9|          2|   23|         46|
    |ap_return_10                              |   9|          2|   23|         46|
    |ap_return_100                             |   9|          2|   23|         46|
    |ap_return_101                             |   9|          2|   23|         46|
    |ap_return_102                             |   9|          2|   23|         46|
    |ap_return_103                             |   9|          2|   23|         46|
    |ap_return_104                             |   9|          2|   23|         46|
    |ap_return_105                             |   9|          2|   23|         46|
    |ap_return_106                             |   9|          2|   23|         46|
    |ap_return_107                             |   9|          2|   23|         46|
    |ap_return_108                             |   9|          2|   23|         46|
    |ap_return_109                             |   9|          2|   23|         46|
    |ap_return_11                              |   9|          2|   23|         46|
    |ap_return_110                             |   9|          2|   23|         46|
    |ap_return_111                             |   9|          2|   23|         46|
    |ap_return_112                             |   9|          2|   23|         46|
    |ap_return_113                             |   9|          2|   23|         46|
    |ap_return_114                             |   9|          2|   23|         46|
    |ap_return_115                             |   9|          2|   23|         46|
    |ap_return_116                             |   9|          2|   23|         46|
    |ap_return_117                             |   9|          2|   23|         46|
    |ap_return_118                             |   9|          2|   23|         46|
    |ap_return_119                             |   9|          2|   23|         46|
    |ap_return_12                              |   9|          2|   23|         46|
    |ap_return_120                             |   9|          2|   23|         46|
    |ap_return_121                             |   9|          2|   23|         46|
    |ap_return_122                             |   9|          2|   23|         46|
    |ap_return_123                             |   9|          2|   23|         46|
    |ap_return_124                             |   9|          2|   23|         46|
    |ap_return_125                             |   9|          2|   23|         46|
    |ap_return_126                             |   9|          2|   23|         46|
    |ap_return_127                             |   9|          2|   23|         46|
    |ap_return_128                             |   9|          2|   23|         46|
    |ap_return_129                             |   9|          2|   23|         46|
    |ap_return_13                              |   9|          2|   23|         46|
    |ap_return_130                             |   9|          2|   23|         46|
    |ap_return_131                             |   9|          2|   23|         46|
    |ap_return_132                             |   9|          2|   23|         46|
    |ap_return_133                             |   9|          2|   23|         46|
    |ap_return_134                             |   9|          2|   23|         46|
    |ap_return_135                             |   9|          2|   23|         46|
    |ap_return_136                             |   9|          2|   23|         46|
    |ap_return_137                             |   9|          2|   23|         46|
    |ap_return_138                             |   9|          2|   23|         46|
    |ap_return_139                             |   9|          2|   23|         46|
    |ap_return_14                              |   9|          2|   23|         46|
    |ap_return_140                             |   9|          2|   23|         46|
    |ap_return_141                             |   9|          2|   23|         46|
    |ap_return_142                             |   9|          2|   23|         46|
    |ap_return_143                             |   9|          2|   23|         46|
    |ap_return_144                             |   9|          2|   23|         46|
    |ap_return_145                             |   9|          2|   23|         46|
    |ap_return_146                             |   9|          2|   23|         46|
    |ap_return_147                             |   9|          2|   23|         46|
    |ap_return_148                             |   9|          2|   23|         46|
    |ap_return_149                             |   9|          2|   23|         46|
    |ap_return_15                              |   9|          2|   23|         46|
    |ap_return_150                             |   9|          2|   23|         46|
    |ap_return_151                             |   9|          2|   23|         46|
    |ap_return_152                             |   9|          2|   23|         46|
    |ap_return_153                             |   9|          2|   23|         46|
    |ap_return_154                             |   9|          2|   23|         46|
    |ap_return_155                             |   9|          2|   23|         46|
    |ap_return_156                             |   9|          2|   23|         46|
    |ap_return_157                             |   9|          2|   23|         46|
    |ap_return_158                             |   9|          2|   23|         46|
    |ap_return_159                             |   9|          2|   23|         46|
    |ap_return_16                              |   9|          2|   23|         46|
    |ap_return_160                             |   9|          2|   23|         46|
    |ap_return_161                             |   9|          2|   23|         46|
    |ap_return_162                             |   9|          2|   23|         46|
    |ap_return_163                             |   9|          2|   23|         46|
    |ap_return_164                             |   9|          2|   23|         46|
    |ap_return_165                             |   9|          2|   23|         46|
    |ap_return_166                             |   9|          2|   23|         46|
    |ap_return_167                             |   9|          2|   23|         46|
    |ap_return_168                             |   9|          2|   23|         46|
    |ap_return_169                             |   9|          2|   23|         46|
    |ap_return_17                              |   9|          2|   23|         46|
    |ap_return_170                             |   9|          2|   23|         46|
    |ap_return_171                             |   9|          2|   23|         46|
    |ap_return_172                             |   9|          2|   23|         46|
    |ap_return_173                             |   9|          2|   23|         46|
    |ap_return_174                             |   9|          2|   23|         46|
    |ap_return_175                             |   9|          2|   23|         46|
    |ap_return_176                             |   9|          2|   23|         46|
    |ap_return_177                             |   9|          2|   23|         46|
    |ap_return_178                             |   9|          2|   23|         46|
    |ap_return_179                             |   9|          2|   23|         46|
    |ap_return_18                              |   9|          2|   23|         46|
    |ap_return_180                             |   9|          2|   23|         46|
    |ap_return_181                             |   9|          2|   23|         46|
    |ap_return_182                             |   9|          2|   23|         46|
    |ap_return_183                             |   9|          2|   23|         46|
    |ap_return_184                             |   9|          2|   23|         46|
    |ap_return_185                             |   9|          2|   23|         46|
    |ap_return_186                             |   9|          2|   23|         46|
    |ap_return_187                             |   9|          2|   23|         46|
    |ap_return_188                             |   9|          2|   23|         46|
    |ap_return_189                             |   9|          2|   23|         46|
    |ap_return_19                              |   9|          2|   23|         46|
    |ap_return_190                             |   9|          2|   23|         46|
    |ap_return_191                             |   9|          2|   23|         46|
    |ap_return_2                               |   9|          2|   23|         46|
    |ap_return_20                              |   9|          2|   23|         46|
    |ap_return_21                              |   9|          2|   23|         46|
    |ap_return_22                              |   9|          2|   23|         46|
    |ap_return_23                              |   9|          2|   23|         46|
    |ap_return_24                              |   9|          2|   23|         46|
    |ap_return_25                              |   9|          2|   23|         46|
    |ap_return_26                              |   9|          2|   23|         46|
    |ap_return_27                              |   9|          2|   23|         46|
    |ap_return_28                              |   9|          2|   23|         46|
    |ap_return_29                              |   9|          2|   23|         46|
    |ap_return_3                               |   9|          2|   23|         46|
    |ap_return_30                              |   9|          2|   23|         46|
    |ap_return_31                              |   9|          2|   23|         46|
    |ap_return_32                              |   9|          2|   23|         46|
    |ap_return_33                              |   9|          2|   23|         46|
    |ap_return_34                              |   9|          2|   23|         46|
    |ap_return_35                              |   9|          2|   23|         46|
    |ap_return_36                              |   9|          2|   23|         46|
    |ap_return_37                              |   9|          2|   23|         46|
    |ap_return_38                              |   9|          2|   23|         46|
    |ap_return_39                              |   9|          2|   23|         46|
    |ap_return_4                               |   9|          2|   23|         46|
    |ap_return_40                              |   9|          2|   23|         46|
    |ap_return_41                              |   9|          2|   23|         46|
    |ap_return_42                              |   9|          2|   23|         46|
    |ap_return_43                              |   9|          2|   23|         46|
    |ap_return_44                              |   9|          2|   23|         46|
    |ap_return_45                              |   9|          2|   23|         46|
    |ap_return_46                              |   9|          2|   23|         46|
    |ap_return_47                              |   9|          2|   23|         46|
    |ap_return_48                              |   9|          2|   23|         46|
    |ap_return_49                              |   9|          2|   23|         46|
    |ap_return_5                               |   9|          2|   23|         46|
    |ap_return_50                              |   9|          2|   23|         46|
    |ap_return_51                              |   9|          2|   23|         46|
    |ap_return_52                              |   9|          2|   23|         46|
    |ap_return_53                              |   9|          2|   23|         46|
    |ap_return_54                              |   9|          2|   23|         46|
    |ap_return_55                              |   9|          2|   23|         46|
    |ap_return_56                              |   9|          2|   23|         46|
    |ap_return_57                              |   9|          2|   23|         46|
    |ap_return_58                              |   9|          2|   23|         46|
    |ap_return_59                              |   9|          2|   23|         46|
    |ap_return_6                               |   9|          2|   23|         46|
    |ap_return_60                              |   9|          2|   23|         46|
    |ap_return_61                              |   9|          2|   23|         46|
    |ap_return_62                              |   9|          2|   23|         46|
    |ap_return_63                              |   9|          2|   23|         46|
    |ap_return_64                              |   9|          2|   23|         46|
    |ap_return_65                              |   9|          2|   23|         46|
    |ap_return_66                              |   9|          2|   23|         46|
    |ap_return_67                              |   9|          2|   23|         46|
    |ap_return_68                              |   9|          2|   23|         46|
    |ap_return_69                              |   9|          2|   23|         46|
    |ap_return_7                               |   9|          2|   23|         46|
    |ap_return_70                              |   9|          2|   23|         46|
    |ap_return_71                              |   9|          2|   23|         46|
    |ap_return_72                              |   9|          2|   23|         46|
    |ap_return_73                              |   9|          2|   23|         46|
    |ap_return_74                              |   9|          2|   23|         46|
    |ap_return_75                              |   9|          2|   23|         46|
    |ap_return_76                              |   9|          2|   23|         46|
    |ap_return_77                              |   9|          2|   23|         46|
    |ap_return_78                              |   9|          2|   23|         46|
    |ap_return_79                              |   9|          2|   23|         46|
    |ap_return_8                               |   9|          2|   23|         46|
    |ap_return_80                              |   9|          2|   23|         46|
    |ap_return_81                              |   9|          2|   23|         46|
    |ap_return_82                              |   9|          2|   23|         46|
    |ap_return_83                              |   9|          2|   23|         46|
    |ap_return_84                              |   9|          2|   23|         46|
    |ap_return_85                              |   9|          2|   23|         46|
    |ap_return_86                              |   9|          2|   23|         46|
    |ap_return_87                              |   9|          2|   23|         46|
    |ap_return_88                              |   9|          2|   23|         46|
    |ap_return_89                              |   9|          2|   23|         46|
    |ap_return_9                               |   9|          2|   23|         46|
    |ap_return_90                              |   9|          2|   23|         46|
    |ap_return_91                              |   9|          2|   23|         46|
    |ap_return_92                              |   9|          2|   23|         46|
    |ap_return_93                              |   9|          2|   23|         46|
    |ap_return_94                              |   9|          2|   23|         46|
    |ap_return_95                              |   9|          2|   23|         46|
    |ap_return_96                              |   9|          2|   23|         46|
    |ap_return_97                              |   9|          2|   23|         46|
    |ap_return_98                              |   9|          2|   23|         46|
    |ap_return_99                              |   9|          2|   23|         46|
    |w_index280_reg_2395                       |   9|          2|    6|         12|
    |x_V_177358_reg_5054                       |   9|          2|   21|         42|
    |x_V_191344_reg_5068                       |   9|          2|   21|         42|
    |x_V_213322_reg_5083                       |   9|          2|   21|         42|
    +------------------------------------------+----+-----------+-----+-----------+
    |Total                                     |5240|       1164|12494|      25057|
    +------------------------------------------+----+-----------+-----+-----------+

    * Register: 
    +------------------------------------------+-----+----+-----+-----------+
    |                   Name                   |  FF | LUT| Bits| Const Bits|
    +------------------------------------------+-----+----+-----+-----------+
    |ap_CS_fsm                                 |    1|   0|    1|          0|
    |ap_done_reg                               |    1|   0|    1|          0|
    |ap_enable_reg_pp0_iter1                   |    1|   0|    1|          0|
    |ap_enable_reg_pp0_iter2                   |    1|   0|    1|          0|
    |ap_enable_reg_pp0_iter3                   |    1|   0|    1|          0|
    |ap_enable_reg_pp0_iter4                   |    1|   0|    1|          0|
    |ap_loop_exit_ready_pp0_iter1_reg          |    1|   0|    1|          0|
    |ap_loop_exit_ready_pp0_iter2_reg          |    1|   0|    1|          0|
    |ap_loop_exit_ready_pp0_iter3_reg          |    1|   0|    1|          0|
    |ap_loop_exit_ready_pp0_iter4_reg          |    1|   0|    1|          0|
    |ap_loop_init_pp0_iter1_reg                |    1|   0|    1|          0|
    |ap_loop_init_pp0_iter2_reg                |    1|   0|    1|          0|
    |ap_loop_init_pp0_iter3_reg                |    1|   0|    1|          0|
    |ap_phi_reg_pp0_iter1_x_V472_reg_5097      |   21|   0|   21|          0|
    |ap_phi_reg_pp0_iter1_x_V_100435_reg_5467  |   21|   0|   21|          0|
    |ap_phi_reg_pp0_iter1_x_V_101434_reg_5477  |   21|   0|   21|          0|
    |ap_phi_reg_pp0_iter1_x_V_102433_reg_5487  |   21|   0|   21|          0|
    |ap_phi_reg_pp0_iter1_x_V_103432_reg_5497  |   21|   0|   21|          0|
    |ap_phi_reg_pp0_iter1_x_V_104431_reg_5507  |   21|   0|   21|          0|
    |ap_phi_reg_pp0_iter1_x_V_105430_reg_5517  |   21|   0|   21|          0|
    |ap_phi_reg_pp0_iter1_x_V_106429_reg_5527  |   21|   0|   21|          0|
    |ap_phi_reg_pp0_iter1_x_V_107428_reg_5537  |   21|   0|   21|          0|
    |ap_phi_reg_pp0_iter1_x_V_108427_reg_5547  |   21|   0|   21|          0|
    |ap_phi_reg_pp0_iter1_x_V_109426_reg_5557  |   21|   0|   21|          0|
    |ap_phi_reg_pp0_iter1_x_V_110425_reg_5567  |   21|   0|   21|          0|
    |ap_phi_reg_pp0_iter1_x_V_111424_reg_5577  |   21|   0|   21|          0|
    |ap_phi_reg_pp0_iter1_x_V_112423_reg_5587  |   21|   0|   21|          0|
    |ap_phi_reg_pp0_iter1_x_V_113422_reg_5597  |   21|   0|   21|          0|
    |ap_phi_reg_pp0_iter1_x_V_114421_reg_5607  |   21|   0|   21|          0|
    |ap_phi_reg_pp0_iter1_x_V_115420_reg_5617  |   21|   0|   21|          0|
    |ap_phi_reg_pp0_iter1_x_V_116419_reg_5627  |   21|   0|   21|          0|
    |ap_phi_reg_pp0_iter1_x_V_117418_reg_5637  |   21|   0|   21|          0|
    |ap_phi_reg_pp0_iter1_x_V_118417_reg_5647  |   21|   0|   21|          0|
    |ap_phi_reg_pp0_iter1_x_V_119416_reg_5657  |   21|   0|   21|          0|
    |ap_phi_reg_pp0_iter1_x_V_120415_reg_5667  |   21|   0|   21|          0|
    |ap_phi_reg_pp0_iter1_x_V_121414_reg_5677  |   21|   0|   21|          0|
    |ap_phi_reg_pp0_iter1_x_V_122413_reg_5687  |   21|   0|   21|          0|
    |ap_phi_reg_pp0_iter1_x_V_123412_reg_5697  |   21|   0|   21|          0|
    |ap_phi_reg_pp0_iter1_x_V_124411_reg_5707  |   21|   0|   21|          0|
    |ap_phi_reg_pp0_iter1_x_V_125410_reg_5717  |   21|   0|   21|          0|
    |ap_phi_reg_pp0_iter1_x_V_126409_reg_5727  |   21|   0|   21|          0|
    |ap_phi_reg_pp0_iter1_x_V_127408_reg_5737  |   21|   0|   21|          0|
    |ap_phi_reg_pp0_iter1_x_V_128407_reg_5747  |   21|   0|   21|          0|
    |ap_phi_reg_pp0_iter1_x_V_129406_reg_5757  |   21|   0|   21|          0|
    |ap_phi_reg_pp0_iter1_x_V_130405_reg_5767  |   21|   0|   21|          0|
    |ap_phi_reg_pp0_iter1_x_V_131404_reg_5777  |   21|   0|   21|          0|
    |ap_phi_reg_pp0_iter1_x_V_132403_reg_5787  |   21|   0|   21|          0|
    |ap_phi_reg_pp0_iter1_x_V_133402_reg_5797  |   21|   0|   21|          0|
    |ap_phi_reg_pp0_iter1_x_V_134401_reg_5807  |   21|   0|   21|          0|
    |ap_phi_reg_pp0_iter1_x_V_135400_reg_5817  |   21|   0|   21|          0|
    |ap_phi_reg_pp0_iter1_x_V_136399_reg_5827  |   21|   0|   21|          0|
    |ap_phi_reg_pp0_iter1_x_V_137398_reg_5837  |   21|   0|   21|          0|
    |ap_phi_reg_pp0_iter1_x_V_138397_reg_5847  |   21|   0|   21|          0|
    |ap_phi_reg_pp0_iter1_x_V_139396_reg_5857  |   21|   0|   21|          0|
    |ap_phi_reg_pp0_iter1_x_V_140395_reg_5867  |   21|   0|   21|          0|
    |ap_phi_reg_pp0_iter1_x_V_141394_reg_5877  |   21|   0|   21|          0|
    |ap_phi_reg_pp0_iter1_x_V_142393_reg_5887  |   21|   0|   21|          0|
    |ap_phi_reg_pp0_iter1_x_V_143392_reg_5897  |   21|   0|   21|          0|
    |ap_phi_reg_pp0_iter1_x_V_144391_reg_5907  |   21|   0|   21|          0|
    |ap_phi_reg_pp0_iter1_x_V_145390_reg_5917  |   21|   0|   21|          0|
    |ap_phi_reg_pp0_iter1_x_V_146389_reg_5927  |   21|   0|   21|          0|
    |ap_phi_reg_pp0_iter1_x_V_147388_reg_5937  |   21|   0|   21|          0|
    |ap_phi_reg_pp0_iter1_x_V_148387_reg_5947  |   21|   0|   21|          0|
    |ap_phi_reg_pp0_iter1_x_V_149386_reg_5957  |   21|   0|   21|          0|
    |ap_phi_reg_pp0_iter1_x_V_150385_reg_5967  |   21|   0|   21|          0|
    |ap_phi_reg_pp0_iter1_x_V_151384_reg_5977  |   21|   0|   21|          0|
    |ap_phi_reg_pp0_iter1_x_V_152383_reg_5987  |   21|   0|   21|          0|
    |ap_phi_reg_pp0_iter1_x_V_153382_reg_5997  |   21|   0|   21|          0|
    |ap_phi_reg_pp0_iter1_x_V_154381_reg_6007  |   21|   0|   21|          0|
    |ap_phi_reg_pp0_iter1_x_V_155380_reg_6017  |   21|   0|   21|          0|
    |ap_phi_reg_pp0_iter1_x_V_156379_reg_6027  |   21|   0|   21|          0|
    |ap_phi_reg_pp0_iter1_x_V_157378_reg_6037  |   21|   0|   21|          0|
    |ap_phi_reg_pp0_iter1_x_V_158377_reg_6047  |   21|   0|   21|          0|
    |ap_phi_reg_pp0_iter1_x_V_159376_reg_6057  |   21|   0|   21|          0|
    |ap_phi_reg_pp0_iter1_x_V_160375_reg_6067  |   21|   0|   21|          0|
    |ap_phi_reg_pp0_iter1_x_V_161374_reg_6077  |   21|   0|   21|          0|
    |ap_phi_reg_pp0_iter1_x_V_162373_reg_6087  |   21|   0|   21|          0|
    |ap_phi_reg_pp0_iter1_x_V_163372_reg_6097  |   21|   0|   21|          0|
    |ap_phi_reg_pp0_iter1_x_V_164371_reg_6107  |   21|   0|   21|          0|
    |ap_phi_reg_pp0_iter1_x_V_165370_reg_6117  |   21|   0|   21|          0|
    |ap_phi_reg_pp0_iter1_x_V_166369_reg_6127  |   21|   0|   21|          0|
    |ap_phi_reg_pp0_iter1_x_V_167368_reg_6137  |   21|   0|   21|          0|
    |ap_phi_reg_pp0_iter1_x_V_168367_reg_6147  |   21|   0|   21|          0|
    |ap_phi_reg_pp0_iter1_x_V_169366_reg_6157  |   21|   0|   21|          0|
    |ap_phi_reg_pp0_iter1_x_V_170365_reg_6167  |   21|   0|   21|          0|
    |ap_phi_reg_pp0_iter1_x_V_171364_reg_6177  |   21|   0|   21|          0|
    |ap_phi_reg_pp0_iter1_x_V_172363_reg_6187  |   21|   0|   21|          0|
    |ap_phi_reg_pp0_iter1_x_V_173362_reg_6197  |   21|   0|   21|          0|
    |ap_phi_reg_pp0_iter1_x_V_174361_reg_6207  |   21|   0|   21|          0|
    |ap_phi_reg_pp0_iter1_x_V_175360_reg_6217  |   21|   0|   21|          0|
    |ap_phi_reg_pp0_iter1_x_V_176359_reg_6227  |   21|   0|   21|          0|
    |ap_phi_reg_pp0_iter1_x_V_178357_reg_6237  |   21|   0|   21|          0|
    |ap_phi_reg_pp0_iter1_x_V_179356_reg_6247  |   21|   0|   21|          0|
    |ap_phi_reg_pp0_iter1_x_V_180355_reg_6257  |   21|   0|   21|          0|
    |ap_phi_reg_pp0_iter1_x_V_181354_reg_6267  |   21|   0|   21|          0|
    |ap_phi_reg_pp0_iter1_x_V_182353_reg_6277  |   21|   0|   21|          0|
    |ap_phi_reg_pp0_iter1_x_V_183352_reg_6287  |   21|   0|   21|          0|
    |ap_phi_reg_pp0_iter1_x_V_184351_reg_6297  |   21|   0|   21|          0|
    |ap_phi_reg_pp0_iter1_x_V_185350_reg_6307  |   21|   0|   21|          0|
    |ap_phi_reg_pp0_iter1_x_V_186349_reg_6317  |   21|   0|   21|          0|
    |ap_phi_reg_pp0_iter1_x_V_187348_reg_6327  |   21|   0|   21|          0|
    |ap_phi_reg_pp0_iter1_x_V_188347_reg_6337  |   21|   0|   21|          0|
    |ap_phi_reg_pp0_iter1_x_V_189346_reg_6347  |   21|   0|   21|          0|
    |ap_phi_reg_pp0_iter1_x_V_190345_reg_6357  |   21|   0|   21|          0|
    |ap_phi_reg_pp0_iter1_x_V_192343_reg_6367  |   21|   0|   21|          0|
    |ap_phi_reg_pp0_iter1_x_V_193342_reg_6377  |   21|   0|   21|          0|
    |ap_phi_reg_pp0_iter1_x_V_194341_reg_6387  |   21|   0|   21|          0|
    |ap_phi_reg_pp0_iter1_x_V_195340_reg_6397  |   21|   0|   21|          0|
    |ap_phi_reg_pp0_iter1_x_V_196339_reg_6407  |   21|   0|   21|          0|
    |ap_phi_reg_pp0_iter1_x_V_197338_reg_6417  |   21|   0|   21|          0|
    |ap_phi_reg_pp0_iter1_x_V_198337_reg_6427  |   21|   0|   21|          0|
    |ap_phi_reg_pp0_iter1_x_V_199336_reg_6437  |   21|   0|   21|          0|
    |ap_phi_reg_pp0_iter1_x_V_200335_reg_6447  |   21|   0|   21|          0|
    |ap_phi_reg_pp0_iter1_x_V_201334_reg_6457  |   21|   0|   21|          0|
    |ap_phi_reg_pp0_iter1_x_V_202333_reg_6467  |   21|   0|   21|          0|
    |ap_phi_reg_pp0_iter1_x_V_203332_reg_6477  |   21|   0|   21|          0|
    |ap_phi_reg_pp0_iter1_x_V_204331_reg_6487  |   21|   0|   21|          0|
    |ap_phi_reg_pp0_iter1_x_V_205330_reg_6497  |   21|   0|   21|          0|
    |ap_phi_reg_pp0_iter1_x_V_206329_reg_6507  |   21|   0|   21|          0|
    |ap_phi_reg_pp0_iter1_x_V_207328_reg_6517  |   21|   0|   21|          0|
    |ap_phi_reg_pp0_iter1_x_V_208327_reg_6527  |   21|   0|   21|          0|
    |ap_phi_reg_pp0_iter1_x_V_209326_reg_6537  |   21|   0|   21|          0|
    |ap_phi_reg_pp0_iter1_x_V_210325_reg_6547  |   21|   0|   21|          0|
    |ap_phi_reg_pp0_iter1_x_V_211324_reg_6557  |   21|   0|   21|          0|
    |ap_phi_reg_pp0_iter1_x_V_212323_reg_6567  |   21|   0|   21|          0|
    |ap_phi_reg_pp0_iter1_x_V_214321_reg_6577  |   21|   0|   21|          0|
    |ap_phi_reg_pp0_iter1_x_V_215320_reg_6587  |   21|   0|   21|          0|
    |ap_phi_reg_pp0_iter1_x_V_216319_reg_6597  |   21|   0|   21|          0|
    |ap_phi_reg_pp0_iter1_x_V_217318_reg_6607  |   21|   0|   21|          0|
    |ap_phi_reg_pp0_iter1_x_V_218317_reg_6617  |   21|   0|   21|          0|
    |ap_phi_reg_pp0_iter1_x_V_219316_reg_6627  |   21|   0|   21|          0|
    |ap_phi_reg_pp0_iter1_x_V_220315_reg_6637  |   21|   0|   21|          0|
    |ap_phi_reg_pp0_iter1_x_V_221314_reg_6647  |   21|   0|   21|          0|
    |ap_phi_reg_pp0_iter1_x_V_222313_reg_6657  |   21|   0|   21|          0|
    |ap_phi_reg_pp0_iter1_x_V_223312_reg_6667  |   21|   0|   21|          0|
    |ap_phi_reg_pp0_iter1_x_V_224311_reg_6677  |   21|   0|   21|          0|
    |ap_phi_reg_pp0_iter1_x_V_225310_reg_6687  |   21|   0|   21|          0|
    |ap_phi_reg_pp0_iter1_x_V_226309_reg_6697  |   21|   0|   21|          0|
    |ap_phi_reg_pp0_iter1_x_V_227308_reg_6707  |   21|   0|   21|          0|
    |ap_phi_reg_pp0_iter1_x_V_228307_reg_6717  |   21|   0|   21|          0|
    |ap_phi_reg_pp0_iter1_x_V_229306_reg_6727  |   21|   0|   21|          0|
    |ap_phi_reg_pp0_iter1_x_V_230305_reg_6737  |   21|   0|   21|          0|
    |ap_phi_reg_pp0_iter1_x_V_231304_reg_6747  |   21|   0|   21|          0|
    |ap_phi_reg_pp0_iter1_x_V_232303_reg_6757  |   21|   0|   21|          0|
    |ap_phi_reg_pp0_iter1_x_V_233302_reg_6767  |   21|   0|   21|          0|
    |ap_phi_reg_pp0_iter1_x_V_234301_reg_6777  |   21|   0|   21|          0|
    |ap_phi_reg_pp0_iter1_x_V_235300_reg_6787  |   21|   0|   21|          0|
    |ap_phi_reg_pp0_iter1_x_V_236299_reg_6797  |   21|   0|   21|          0|
    |ap_phi_reg_pp0_iter1_x_V_237298_reg_6807  |   21|   0|   21|          0|
    |ap_phi_reg_pp0_iter1_x_V_238297_reg_6817  |   21|   0|   21|          0|
    |ap_phi_reg_pp0_iter1_x_V_239296_reg_6827  |   21|   0|   21|          0|
    |ap_phi_reg_pp0_iter1_x_V_240295_reg_6837  |   21|   0|   21|          0|
    |ap_phi_reg_pp0_iter1_x_V_241294_reg_6847  |   21|   0|   21|          0|
    |ap_phi_reg_pp0_iter1_x_V_242293_reg_6857  |   21|   0|   21|          0|
    |ap_phi_reg_pp0_iter1_x_V_243292_reg_6867  |   21|   0|   21|          0|
    |ap_phi_reg_pp0_iter1_x_V_244291_reg_6877  |   21|   0|   21|          0|
    |ap_phi_reg_pp0_iter1_x_V_245290_reg_6887  |   21|   0|   21|          0|
    |ap_phi_reg_pp0_iter1_x_V_246289_reg_6897  |   21|   0|   21|          0|
    |ap_phi_reg_pp0_iter1_x_V_247288_reg_6907  |   21|   0|   21|          0|
    |ap_phi_reg_pp0_iter1_x_V_248287_reg_6917  |   21|   0|   21|          0|
    |ap_phi_reg_pp0_iter1_x_V_249286_reg_6927  |   21|   0|   21|          0|
    |ap_phi_reg_pp0_iter1_x_V_250285_reg_6937  |   21|   0|   21|          0|
    |ap_phi_reg_pp0_iter1_x_V_251284_reg_6947  |   21|   0|   21|          0|
    |ap_phi_reg_pp0_iter1_x_V_252283_reg_6957  |   21|   0|   21|          0|
    |ap_phi_reg_pp0_iter1_x_V_253282_reg_6967  |   21|   0|   21|          0|
    |ap_phi_reg_pp0_iter1_x_V_254281_reg_6977  |   21|   0|   21|          0|
    |ap_phi_reg_pp0_iter1_x_V_64471_reg_5107   |   21|   0|   21|          0|
    |ap_phi_reg_pp0_iter1_x_V_65470_reg_5117   |   21|   0|   21|          0|
    |ap_phi_reg_pp0_iter1_x_V_66469_reg_5127   |   21|   0|   21|          0|
    |ap_phi_reg_pp0_iter1_x_V_67468_reg_5137   |   21|   0|   21|          0|
    |ap_phi_reg_pp0_iter1_x_V_68467_reg_5147   |   21|   0|   21|          0|
    |ap_phi_reg_pp0_iter1_x_V_69466_reg_5157   |   21|   0|   21|          0|
    |ap_phi_reg_pp0_iter1_x_V_70465_reg_5167   |   21|   0|   21|          0|
    |ap_phi_reg_pp0_iter1_x_V_71464_reg_5177   |   21|   0|   21|          0|
    |ap_phi_reg_pp0_iter1_x_V_72463_reg_5187   |   21|   0|   21|          0|
    |ap_phi_reg_pp0_iter1_x_V_73462_reg_5197   |   21|   0|   21|          0|
    |ap_phi_reg_pp0_iter1_x_V_74461_reg_5207   |   21|   0|   21|          0|
    |ap_phi_reg_pp0_iter1_x_V_75460_reg_5217   |   21|   0|   21|          0|
    |ap_phi_reg_pp0_iter1_x_V_76459_reg_5227   |   21|   0|   21|          0|
    |ap_phi_reg_pp0_iter1_x_V_77458_reg_5237   |   21|   0|   21|          0|
    |ap_phi_reg_pp0_iter1_x_V_78457_reg_5247   |   21|   0|   21|          0|
    |ap_phi_reg_pp0_iter1_x_V_79456_reg_5257   |   21|   0|   21|          0|
    |ap_phi_reg_pp0_iter1_x_V_80455_reg_5267   |   21|   0|   21|          0|
    |ap_phi_reg_pp0_iter1_x_V_81454_reg_5277   |   21|   0|   21|          0|
    |ap_phi_reg_pp0_iter1_x_V_82453_reg_5287   |   21|   0|   21|          0|
    |ap_phi_reg_pp0_iter1_x_V_83452_reg_5297   |   21|   0|   21|          0|
    |ap_phi_reg_pp0_iter1_x_V_84451_reg_5307   |   21|   0|   21|          0|
    |ap_phi_reg_pp0_iter1_x_V_85450_reg_5317   |   21|   0|   21|          0|
    |ap_phi_reg_pp0_iter1_x_V_86449_reg_5327   |   21|   0|   21|          0|
    |ap_phi_reg_pp0_iter1_x_V_87448_reg_5337   |   21|   0|   21|          0|
    |ap_phi_reg_pp0_iter1_x_V_88447_reg_5347   |   21|   0|   21|          0|
    |ap_phi_reg_pp0_iter1_x_V_89446_reg_5357   |   21|   0|   21|          0|
    |ap_phi_reg_pp0_iter1_x_V_90445_reg_5367   |   21|   0|   21|          0|
    |ap_phi_reg_pp0_iter1_x_V_91444_reg_5377   |   21|   0|   21|          0|
    |ap_phi_reg_pp0_iter1_x_V_92443_reg_5387   |   21|   0|   21|          0|
    |ap_phi_reg_pp0_iter1_x_V_93442_reg_5397   |   21|   0|   21|          0|
    |ap_phi_reg_pp0_iter1_x_V_94441_reg_5407   |   21|   0|   21|          0|
    |ap_phi_reg_pp0_iter1_x_V_95440_reg_5417   |   21|   0|   21|          0|
    |ap_phi_reg_pp0_iter1_x_V_96439_reg_5427   |   21|   0|   21|          0|
    |ap_phi_reg_pp0_iter1_x_V_97438_reg_5437   |   21|   0|   21|          0|
    |ap_phi_reg_pp0_iter1_x_V_98437_reg_5447   |   21|   0|   21|          0|
    |ap_phi_reg_pp0_iter1_x_V_99436_reg_5457   |   21|   0|   21|          0|
    |ap_phi_reg_pp0_iter2_x_V472_reg_5097      |   21|   0|   21|          0|
    |ap_phi_reg_pp0_iter2_x_V_100435_reg_5467  |   21|   0|   21|          0|
    |ap_phi_reg_pp0_iter2_x_V_101434_reg_5477  |   21|   0|   21|          0|
    |ap_phi_reg_pp0_iter2_x_V_102433_reg_5487  |   21|   0|   21|          0|
    |ap_phi_reg_pp0_iter2_x_V_103432_reg_5497  |   21|   0|   21|          0|
    |ap_phi_reg_pp0_iter2_x_V_104431_reg_5507  |   21|   0|   21|          0|
    |ap_phi_reg_pp0_iter2_x_V_105430_reg_5517  |   21|   0|   21|          0|
    |ap_phi_reg_pp0_iter2_x_V_106429_reg_5527  |   21|   0|   21|          0|
    |ap_phi_reg_pp0_iter2_x_V_107428_reg_5537  |   21|   0|   21|          0|
    |ap_phi_reg_pp0_iter2_x_V_108427_reg_5547  |   21|   0|   21|          0|
    |ap_phi_reg_pp0_iter2_x_V_109426_reg_5557  |   21|   0|   21|          0|
    |ap_phi_reg_pp0_iter2_x_V_110425_reg_5567  |   21|   0|   21|          0|
    |ap_phi_reg_pp0_iter2_x_V_111424_reg_5577  |   21|   0|   21|          0|
    |ap_phi_reg_pp0_iter2_x_V_112423_reg_5587  |   21|   0|   21|          0|
    |ap_phi_reg_pp0_iter2_x_V_113422_reg_5597  |   21|   0|   21|          0|
    |ap_phi_reg_pp0_iter2_x_V_114421_reg_5607  |   21|   0|   21|          0|
    |ap_phi_reg_pp0_iter2_x_V_115420_reg_5617  |   21|   0|   21|          0|
    |ap_phi_reg_pp0_iter2_x_V_116419_reg_5627  |   21|   0|   21|          0|
    |ap_phi_reg_pp0_iter2_x_V_117418_reg_5637  |   21|   0|   21|          0|
    |ap_phi_reg_pp0_iter2_x_V_118417_reg_5647  |   21|   0|   21|          0|
    |ap_phi_reg_pp0_iter2_x_V_119416_reg_5657  |   21|   0|   21|          0|
    |ap_phi_reg_pp0_iter2_x_V_120415_reg_5667  |   21|   0|   21|          0|
    |ap_phi_reg_pp0_iter2_x_V_121414_reg_5677  |   21|   0|   21|          0|
    |ap_phi_reg_pp0_iter2_x_V_122413_reg_5687  |   21|   0|   21|          0|
    |ap_phi_reg_pp0_iter2_x_V_123412_reg_5697  |   21|   0|   21|          0|
    |ap_phi_reg_pp0_iter2_x_V_124411_reg_5707  |   21|   0|   21|          0|
    |ap_phi_reg_pp0_iter2_x_V_125410_reg_5717  |   21|   0|   21|          0|
    |ap_phi_reg_pp0_iter2_x_V_126409_reg_5727  |   21|   0|   21|          0|
    |ap_phi_reg_pp0_iter2_x_V_127408_reg_5737  |   21|   0|   21|          0|
    |ap_phi_reg_pp0_iter2_x_V_128407_reg_5747  |   21|   0|   21|          0|
    |ap_phi_reg_pp0_iter2_x_V_129406_reg_5757  |   21|   0|   21|          0|
    |ap_phi_reg_pp0_iter2_x_V_130405_reg_5767  |   21|   0|   21|          0|
    |ap_phi_reg_pp0_iter2_x_V_131404_reg_5777  |   21|   0|   21|          0|
    |ap_phi_reg_pp0_iter2_x_V_132403_reg_5787  |   21|   0|   21|          0|
    |ap_phi_reg_pp0_iter2_x_V_133402_reg_5797  |   21|   0|   21|          0|
    |ap_phi_reg_pp0_iter2_x_V_134401_reg_5807  |   21|   0|   21|          0|
    |ap_phi_reg_pp0_iter2_x_V_135400_reg_5817  |   21|   0|   21|          0|
    |ap_phi_reg_pp0_iter2_x_V_136399_reg_5827  |   21|   0|   21|          0|
    |ap_phi_reg_pp0_iter2_x_V_137398_reg_5837  |   21|   0|   21|          0|
    |ap_phi_reg_pp0_iter2_x_V_138397_reg_5847  |   21|   0|   21|          0|
    |ap_phi_reg_pp0_iter2_x_V_139396_reg_5857  |   21|   0|   21|          0|
    |ap_phi_reg_pp0_iter2_x_V_140395_reg_5867  |   21|   0|   21|          0|
    |ap_phi_reg_pp0_iter2_x_V_141394_reg_5877  |   21|   0|   21|          0|
    |ap_phi_reg_pp0_iter2_x_V_142393_reg_5887  |   21|   0|   21|          0|
    |ap_phi_reg_pp0_iter2_x_V_143392_reg_5897  |   21|   0|   21|          0|
    |ap_phi_reg_pp0_iter2_x_V_144391_reg_5907  |   21|   0|   21|          0|
    |ap_phi_reg_pp0_iter2_x_V_145390_reg_5917  |   21|   0|   21|          0|
    |ap_phi_reg_pp0_iter2_x_V_146389_reg_5927  |   21|   0|   21|          0|
    |ap_phi_reg_pp0_iter2_x_V_147388_reg_5937  |   21|   0|   21|          0|
    |ap_phi_reg_pp0_iter2_x_V_148387_reg_5947  |   21|   0|   21|          0|
    |ap_phi_reg_pp0_iter2_x_V_149386_reg_5957  |   21|   0|   21|          0|
    |ap_phi_reg_pp0_iter2_x_V_150385_reg_5967  |   21|   0|   21|          0|
    |ap_phi_reg_pp0_iter2_x_V_151384_reg_5977  |   21|   0|   21|          0|
    |ap_phi_reg_pp0_iter2_x_V_152383_reg_5987  |   21|   0|   21|          0|
    |ap_phi_reg_pp0_iter2_x_V_153382_reg_5997  |   21|   0|   21|          0|
    |ap_phi_reg_pp0_iter2_x_V_154381_reg_6007  |   21|   0|   21|          0|
    |ap_phi_reg_pp0_iter2_x_V_155380_reg_6017  |   21|   0|   21|          0|
    |ap_phi_reg_pp0_iter2_x_V_156379_reg_6027  |   21|   0|   21|          0|
    |ap_phi_reg_pp0_iter2_x_V_157378_reg_6037  |   21|   0|   21|          0|
    |ap_phi_reg_pp0_iter2_x_V_158377_reg_6047  |   21|   0|   21|          0|
    |ap_phi_reg_pp0_iter2_x_V_159376_reg_6057  |   21|   0|   21|          0|
    |ap_phi_reg_pp0_iter2_x_V_160375_reg_6067  |   21|   0|   21|          0|
    |ap_phi_reg_pp0_iter2_x_V_161374_reg_6077  |   21|   0|   21|          0|
    |ap_phi_reg_pp0_iter2_x_V_162373_reg_6087  |   21|   0|   21|          0|
    |ap_phi_reg_pp0_iter2_x_V_163372_reg_6097  |   21|   0|   21|          0|
    |ap_phi_reg_pp0_iter2_x_V_164371_reg_6107  |   21|   0|   21|          0|
    |ap_phi_reg_pp0_iter2_x_V_165370_reg_6117  |   21|   0|   21|          0|
    |ap_phi_reg_pp0_iter2_x_V_166369_reg_6127  |   21|   0|   21|          0|
    |ap_phi_reg_pp0_iter2_x_V_167368_reg_6137  |   21|   0|   21|          0|
    |ap_phi_reg_pp0_iter2_x_V_168367_reg_6147  |   21|   0|   21|          0|
    |ap_phi_reg_pp0_iter2_x_V_169366_reg_6157  |   21|   0|   21|          0|
    |ap_phi_reg_pp0_iter2_x_V_170365_reg_6167  |   21|   0|   21|          0|
    |ap_phi_reg_pp0_iter2_x_V_171364_reg_6177  |   21|   0|   21|          0|
    |ap_phi_reg_pp0_iter2_x_V_172363_reg_6187  |   21|   0|   21|          0|
    |ap_phi_reg_pp0_iter2_x_V_173362_reg_6197  |   21|   0|   21|          0|
    |ap_phi_reg_pp0_iter2_x_V_174361_reg_6207  |   21|   0|   21|          0|
    |ap_phi_reg_pp0_iter2_x_V_175360_reg_6217  |   21|   0|   21|          0|
    |ap_phi_reg_pp0_iter2_x_V_176359_reg_6227  |   21|   0|   21|          0|
    |ap_phi_reg_pp0_iter2_x_V_178357_reg_6237  |   21|   0|   21|          0|
    |ap_phi_reg_pp0_iter2_x_V_179356_reg_6247  |   21|   0|   21|          0|
    |ap_phi_reg_pp0_iter2_x_V_180355_reg_6257  |   21|   0|   21|          0|
    |ap_phi_reg_pp0_iter2_x_V_181354_reg_6267  |   21|   0|   21|          0|
    |ap_phi_reg_pp0_iter2_x_V_182353_reg_6277  |   21|   0|   21|          0|
    |ap_phi_reg_pp0_iter2_x_V_183352_reg_6287  |   21|   0|   21|          0|
    |ap_phi_reg_pp0_iter2_x_V_184351_reg_6297  |   21|   0|   21|          0|
    |ap_phi_reg_pp0_iter2_x_V_185350_reg_6307  |   21|   0|   21|          0|
    |ap_phi_reg_pp0_iter2_x_V_186349_reg_6317  |   21|   0|   21|          0|
    |ap_phi_reg_pp0_iter2_x_V_187348_reg_6327  |   21|   0|   21|          0|
    |ap_phi_reg_pp0_iter2_x_V_188347_reg_6337  |   21|   0|   21|          0|
    |ap_phi_reg_pp0_iter2_x_V_189346_reg_6347  |   21|   0|   21|          0|
    |ap_phi_reg_pp0_iter2_x_V_190345_reg_6357  |   21|   0|   21|          0|
    |ap_phi_reg_pp0_iter2_x_V_192343_reg_6367  |   21|   0|   21|          0|
    |ap_phi_reg_pp0_iter2_x_V_193342_reg_6377  |   21|   0|   21|          0|
    |ap_phi_reg_pp0_iter2_x_V_194341_reg_6387  |   21|   0|   21|          0|
    |ap_phi_reg_pp0_iter2_x_V_195340_reg_6397  |   21|   0|   21|          0|
    |ap_phi_reg_pp0_iter2_x_V_196339_reg_6407  |   21|   0|   21|          0|
    |ap_phi_reg_pp0_iter2_x_V_197338_reg_6417  |   21|   0|   21|          0|
    |ap_phi_reg_pp0_iter2_x_V_198337_reg_6427  |   21|   0|   21|          0|
    |ap_phi_reg_pp0_iter2_x_V_199336_reg_6437  |   21|   0|   21|          0|
    |ap_phi_reg_pp0_iter2_x_V_200335_reg_6447  |   21|   0|   21|          0|
    |ap_phi_reg_pp0_iter2_x_V_201334_reg_6457  |   21|   0|   21|          0|
    |ap_phi_reg_pp0_iter2_x_V_202333_reg_6467  |   21|   0|   21|          0|
    |ap_phi_reg_pp0_iter2_x_V_203332_reg_6477  |   21|   0|   21|          0|
    |ap_phi_reg_pp0_iter2_x_V_204331_reg_6487  |   21|   0|   21|          0|
    |ap_phi_reg_pp0_iter2_x_V_205330_reg_6497  |   21|   0|   21|          0|
    |ap_phi_reg_pp0_iter2_x_V_206329_reg_6507  |   21|   0|   21|          0|
    |ap_phi_reg_pp0_iter2_x_V_207328_reg_6517  |   21|   0|   21|          0|
    |ap_phi_reg_pp0_iter2_x_V_208327_reg_6527  |   21|   0|   21|          0|
    |ap_phi_reg_pp0_iter2_x_V_209326_reg_6537  |   21|   0|   21|          0|
    |ap_phi_reg_pp0_iter2_x_V_210325_reg_6547  |   21|   0|   21|          0|
    |ap_phi_reg_pp0_iter2_x_V_211324_reg_6557  |   21|   0|   21|          0|
    |ap_phi_reg_pp0_iter2_x_V_212323_reg_6567  |   21|   0|   21|          0|
    |ap_phi_reg_pp0_iter2_x_V_214321_reg_6577  |   21|   0|   21|          0|
    |ap_phi_reg_pp0_iter2_x_V_215320_reg_6587  |   21|   0|   21|          0|
    |ap_phi_reg_pp0_iter2_x_V_216319_reg_6597  |   21|   0|   21|          0|
    |ap_phi_reg_pp0_iter2_x_V_217318_reg_6607  |   21|   0|   21|          0|
    |ap_phi_reg_pp0_iter2_x_V_218317_reg_6617  |   21|   0|   21|          0|
    |ap_phi_reg_pp0_iter2_x_V_219316_reg_6627  |   21|   0|   21|          0|
    |ap_phi_reg_pp0_iter2_x_V_220315_reg_6637  |   21|   0|   21|          0|
    |ap_phi_reg_pp0_iter2_x_V_221314_reg_6647  |   21|   0|   21|          0|
    |ap_phi_reg_pp0_iter2_x_V_222313_reg_6657  |   21|   0|   21|          0|
    |ap_phi_reg_pp0_iter2_x_V_223312_reg_6667  |   21|   0|   21|          0|
    |ap_phi_reg_pp0_iter2_x_V_224311_reg_6677  |   21|   0|   21|          0|
    |ap_phi_reg_pp0_iter2_x_V_225310_reg_6687  |   21|   0|   21|          0|
    |ap_phi_reg_pp0_iter2_x_V_226309_reg_6697  |   21|   0|   21|          0|
    |ap_phi_reg_pp0_iter2_x_V_227308_reg_6707  |   21|   0|   21|          0|
    |ap_phi_reg_pp0_iter2_x_V_228307_reg_6717  |   21|   0|   21|          0|
    |ap_phi_reg_pp0_iter2_x_V_229306_reg_6727  |   21|   0|   21|          0|
    |ap_phi_reg_pp0_iter2_x_V_230305_reg_6737  |   21|   0|   21|          0|
    |ap_phi_reg_pp0_iter2_x_V_231304_reg_6747  |   21|   0|   21|          0|
    |ap_phi_reg_pp0_iter2_x_V_232303_reg_6757  |   21|   0|   21|          0|
    |ap_phi_reg_pp0_iter2_x_V_233302_reg_6767  |   21|   0|   21|          0|
    |ap_phi_reg_pp0_iter2_x_V_234301_reg_6777  |   21|   0|   21|          0|
    |ap_phi_reg_pp0_iter2_x_V_235300_reg_6787  |   21|   0|   21|          0|
    |ap_phi_reg_pp0_iter2_x_V_236299_reg_6797  |   21|   0|   21|          0|
    |ap_phi_reg_pp0_iter2_x_V_237298_reg_6807  |   21|   0|   21|          0|
    |ap_phi_reg_pp0_iter2_x_V_238297_reg_6817  |   21|   0|   21|          0|
    |ap_phi_reg_pp0_iter2_x_V_239296_reg_6827  |   21|   0|   21|          0|
    |ap_phi_reg_pp0_iter2_x_V_240295_reg_6837  |   21|   0|   21|          0|
    |ap_phi_reg_pp0_iter2_x_V_241294_reg_6847  |   21|   0|   21|          0|
    |ap_phi_reg_pp0_iter2_x_V_242293_reg_6857  |   21|   0|   21|          0|
    |ap_phi_reg_pp0_iter2_x_V_243292_reg_6867  |   21|   0|   21|          0|
    |ap_phi_reg_pp0_iter2_x_V_244291_reg_6877  |   21|   0|   21|          0|
    |ap_phi_reg_pp0_iter2_x_V_245290_reg_6887  |   21|   0|   21|          0|
    |ap_phi_reg_pp0_iter2_x_V_246289_reg_6897  |   21|   0|   21|          0|
    |ap_phi_reg_pp0_iter2_x_V_247288_reg_6907  |   21|   0|   21|          0|
    |ap_phi_reg_pp0_iter2_x_V_248287_reg_6917  |   21|   0|   21|          0|
    |ap_phi_reg_pp0_iter2_x_V_249286_reg_6927  |   21|   0|   21|          0|
    |ap_phi_reg_pp0_iter2_x_V_250285_reg_6937  |   21|   0|   21|          0|
    |ap_phi_reg_pp0_iter2_x_V_251284_reg_6947  |   21|   0|   21|          0|
    |ap_phi_reg_pp0_iter2_x_V_252283_reg_6957  |   21|   0|   21|          0|
    |ap_phi_reg_pp0_iter2_x_V_253282_reg_6967  |   21|   0|   21|          0|
    |ap_phi_reg_pp0_iter2_x_V_254281_reg_6977  |   21|   0|   21|          0|
    |ap_phi_reg_pp0_iter2_x_V_64471_reg_5107   |   21|   0|   21|          0|
    |ap_phi_reg_pp0_iter2_x_V_65470_reg_5117   |   21|   0|   21|          0|
    |ap_phi_reg_pp0_iter2_x_V_66469_reg_5127   |   21|   0|   21|          0|
    |ap_phi_reg_pp0_iter2_x_V_67468_reg_5137   |   21|   0|   21|          0|
    |ap_phi_reg_pp0_iter2_x_V_68467_reg_5147   |   21|   0|   21|          0|
    |ap_phi_reg_pp0_iter2_x_V_69466_reg_5157   |   21|   0|   21|          0|
    |ap_phi_reg_pp0_iter2_x_V_70465_reg_5167   |   21|   0|   21|          0|
    |ap_phi_reg_pp0_iter2_x_V_71464_reg_5177   |   21|   0|   21|          0|
    |ap_phi_reg_pp0_iter2_x_V_72463_reg_5187   |   21|   0|   21|          0|
    |ap_phi_reg_pp0_iter2_x_V_73462_reg_5197   |   21|   0|   21|          0|
    |ap_phi_reg_pp0_iter2_x_V_74461_reg_5207   |   21|   0|   21|          0|
    |ap_phi_reg_pp0_iter2_x_V_75460_reg_5217   |   21|   0|   21|          0|
    |ap_phi_reg_pp0_iter2_x_V_76459_reg_5227   |   21|   0|   21|          0|
    |ap_phi_reg_pp0_iter2_x_V_77458_reg_5237   |   21|   0|   21|          0|
    |ap_phi_reg_pp0_iter2_x_V_78457_reg_5247   |   21|   0|   21|          0|
    |ap_phi_reg_pp0_iter2_x_V_79456_reg_5257   |   21|   0|   21|          0|
    |ap_phi_reg_pp0_iter2_x_V_80455_reg_5267   |   21|   0|   21|          0|
    |ap_phi_reg_pp0_iter2_x_V_81454_reg_5277   |   21|   0|   21|          0|
    |ap_phi_reg_pp0_iter2_x_V_82453_reg_5287   |   21|   0|   21|          0|
    |ap_phi_reg_pp0_iter2_x_V_83452_reg_5297   |   21|   0|   21|          0|
    |ap_phi_reg_pp0_iter2_x_V_84451_reg_5307   |   21|   0|   21|          0|
    |ap_phi_reg_pp0_iter2_x_V_85450_reg_5317   |   21|   0|   21|          0|
    |ap_phi_reg_pp0_iter2_x_V_86449_reg_5327   |   21|   0|   21|          0|
    |ap_phi_reg_pp0_iter2_x_V_87448_reg_5337   |   21|   0|   21|          0|
    |ap_phi_reg_pp0_iter2_x_V_88447_reg_5347   |   21|   0|   21|          0|
    |ap_phi_reg_pp0_iter2_x_V_89446_reg_5357   |   21|   0|   21|          0|
    |ap_phi_reg_pp0_iter2_x_V_90445_reg_5367   |   21|   0|   21|          0|
    |ap_phi_reg_pp0_iter2_x_V_91444_reg_5377   |   21|   0|   21|          0|
    |ap_phi_reg_pp0_iter2_x_V_92443_reg_5387   |   21|   0|   21|          0|
    |ap_phi_reg_pp0_iter2_x_V_93442_reg_5397   |   21|   0|   21|          0|
    |ap_phi_reg_pp0_iter2_x_V_94441_reg_5407   |   21|   0|   21|          0|
    |ap_phi_reg_pp0_iter2_x_V_95440_reg_5417   |   21|   0|   21|          0|
    |ap_phi_reg_pp0_iter2_x_V_96439_reg_5427   |   21|   0|   21|          0|
    |ap_phi_reg_pp0_iter2_x_V_97438_reg_5437   |   21|   0|   21|          0|
    |ap_phi_reg_pp0_iter2_x_V_98437_reg_5447   |   21|   0|   21|          0|
    |ap_phi_reg_pp0_iter2_x_V_99436_reg_5457   |   21|   0|   21|          0|
    |ap_phi_reg_pp0_iter3_x_V472_reg_5097      |   21|   0|   21|          0|
    |ap_phi_reg_pp0_iter3_x_V_100435_reg_5467  |   21|   0|   21|          0|
    |ap_phi_reg_pp0_iter3_x_V_101434_reg_5477  |   21|   0|   21|          0|
    |ap_phi_reg_pp0_iter3_x_V_102433_reg_5487  |   21|   0|   21|          0|
    |ap_phi_reg_pp0_iter3_x_V_103432_reg_5497  |   21|   0|   21|          0|
    |ap_phi_reg_pp0_iter3_x_V_104431_reg_5507  |   21|   0|   21|          0|
    |ap_phi_reg_pp0_iter3_x_V_105430_reg_5517  |   21|   0|   21|          0|
    |ap_phi_reg_pp0_iter3_x_V_106429_reg_5527  |   21|   0|   21|          0|
    |ap_phi_reg_pp0_iter3_x_V_107428_reg_5537  |   21|   0|   21|          0|
    |ap_phi_reg_pp0_iter3_x_V_108427_reg_5547  |   21|   0|   21|          0|
    |ap_phi_reg_pp0_iter3_x_V_109426_reg_5557  |   21|   0|   21|          0|
    |ap_phi_reg_pp0_iter3_x_V_110425_reg_5567  |   21|   0|   21|          0|
    |ap_phi_reg_pp0_iter3_x_V_111424_reg_5577  |   21|   0|   21|          0|
    |ap_phi_reg_pp0_iter3_x_V_112423_reg_5587  |   21|   0|   21|          0|
    |ap_phi_reg_pp0_iter3_x_V_113422_reg_5597  |   21|   0|   21|          0|
    |ap_phi_reg_pp0_iter3_x_V_114421_reg_5607  |   21|   0|   21|          0|
    |ap_phi_reg_pp0_iter3_x_V_115420_reg_5617  |   21|   0|   21|          0|
    |ap_phi_reg_pp0_iter3_x_V_116419_reg_5627  |   21|   0|   21|          0|
    |ap_phi_reg_pp0_iter3_x_V_117418_reg_5637  |   21|   0|   21|          0|
    |ap_phi_reg_pp0_iter3_x_V_118417_reg_5647  |   21|   0|   21|          0|
    |ap_phi_reg_pp0_iter3_x_V_119416_reg_5657  |   21|   0|   21|          0|
    |ap_phi_reg_pp0_iter3_x_V_120415_reg_5667  |   21|   0|   21|          0|
    |ap_phi_reg_pp0_iter3_x_V_121414_reg_5677  |   21|   0|   21|          0|
    |ap_phi_reg_pp0_iter3_x_V_122413_reg_5687  |   21|   0|   21|          0|
    |ap_phi_reg_pp0_iter3_x_V_123412_reg_5697  |   21|   0|   21|          0|
    |ap_phi_reg_pp0_iter3_x_V_124411_reg_5707  |   21|   0|   21|          0|
    |ap_phi_reg_pp0_iter3_x_V_125410_reg_5717  |   21|   0|   21|          0|
    |ap_phi_reg_pp0_iter3_x_V_126409_reg_5727  |   21|   0|   21|          0|
    |ap_phi_reg_pp0_iter3_x_V_127408_reg_5737  |   21|   0|   21|          0|
    |ap_phi_reg_pp0_iter3_x_V_128407_reg_5747  |   21|   0|   21|          0|
    |ap_phi_reg_pp0_iter3_x_V_129406_reg_5757  |   21|   0|   21|          0|
    |ap_phi_reg_pp0_iter3_x_V_130405_reg_5767  |   21|   0|   21|          0|
    |ap_phi_reg_pp0_iter3_x_V_131404_reg_5777  |   21|   0|   21|          0|
    |ap_phi_reg_pp0_iter3_x_V_132403_reg_5787  |   21|   0|   21|          0|
    |ap_phi_reg_pp0_iter3_x_V_133402_reg_5797  |   21|   0|   21|          0|
    |ap_phi_reg_pp0_iter3_x_V_134401_reg_5807  |   21|   0|   21|          0|
    |ap_phi_reg_pp0_iter3_x_V_135400_reg_5817  |   21|   0|   21|          0|
    |ap_phi_reg_pp0_iter3_x_V_136399_reg_5827  |   21|   0|   21|          0|
    |ap_phi_reg_pp0_iter3_x_V_137398_reg_5837  |   21|   0|   21|          0|
    |ap_phi_reg_pp0_iter3_x_V_138397_reg_5847  |   21|   0|   21|          0|
    |ap_phi_reg_pp0_iter3_x_V_139396_reg_5857  |   21|   0|   21|          0|
    |ap_phi_reg_pp0_iter3_x_V_140395_reg_5867  |   21|   0|   21|          0|
    |ap_phi_reg_pp0_iter3_x_V_141394_reg_5877  |   21|   0|   21|          0|
    |ap_phi_reg_pp0_iter3_x_V_142393_reg_5887  |   21|   0|   21|          0|
    |ap_phi_reg_pp0_iter3_x_V_143392_reg_5897  |   21|   0|   21|          0|
    |ap_phi_reg_pp0_iter3_x_V_144391_reg_5907  |   21|   0|   21|          0|
    |ap_phi_reg_pp0_iter3_x_V_145390_reg_5917  |   21|   0|   21|          0|
    |ap_phi_reg_pp0_iter3_x_V_146389_reg_5927  |   21|   0|   21|          0|
    |ap_phi_reg_pp0_iter3_x_V_147388_reg_5937  |   21|   0|   21|          0|
    |ap_phi_reg_pp0_iter3_x_V_148387_reg_5947  |   21|   0|   21|          0|
    |ap_phi_reg_pp0_iter3_x_V_149386_reg_5957  |   21|   0|   21|          0|
    |ap_phi_reg_pp0_iter3_x_V_150385_reg_5967  |   21|   0|   21|          0|
    |ap_phi_reg_pp0_iter3_x_V_151384_reg_5977  |   21|   0|   21|          0|
    |ap_phi_reg_pp0_iter3_x_V_152383_reg_5987  |   21|   0|   21|          0|
    |ap_phi_reg_pp0_iter3_x_V_153382_reg_5997  |   21|   0|   21|          0|
    |ap_phi_reg_pp0_iter3_x_V_154381_reg_6007  |   21|   0|   21|          0|
    |ap_phi_reg_pp0_iter3_x_V_155380_reg_6017  |   21|   0|   21|          0|
    |ap_phi_reg_pp0_iter3_x_V_156379_reg_6027  |   21|   0|   21|          0|
    |ap_phi_reg_pp0_iter3_x_V_157378_reg_6037  |   21|   0|   21|          0|
    |ap_phi_reg_pp0_iter3_x_V_158377_reg_6047  |   21|   0|   21|          0|
    |ap_phi_reg_pp0_iter3_x_V_159376_reg_6057  |   21|   0|   21|          0|
    |ap_phi_reg_pp0_iter3_x_V_160375_reg_6067  |   21|   0|   21|          0|
    |ap_phi_reg_pp0_iter3_x_V_161374_reg_6077  |   21|   0|   21|          0|
    |ap_phi_reg_pp0_iter3_x_V_162373_reg_6087  |   21|   0|   21|          0|
    |ap_phi_reg_pp0_iter3_x_V_163372_reg_6097  |   21|   0|   21|          0|
    |ap_phi_reg_pp0_iter3_x_V_164371_reg_6107  |   21|   0|   21|          0|
    |ap_phi_reg_pp0_iter3_x_V_165370_reg_6117  |   21|   0|   21|          0|
    |ap_phi_reg_pp0_iter3_x_V_166369_reg_6127  |   21|   0|   21|          0|
    |ap_phi_reg_pp0_iter3_x_V_167368_reg_6137  |   21|   0|   21|          0|
    |ap_phi_reg_pp0_iter3_x_V_168367_reg_6147  |   21|   0|   21|          0|
    |ap_phi_reg_pp0_iter3_x_V_169366_reg_6157  |   21|   0|   21|          0|
    |ap_phi_reg_pp0_iter3_x_V_170365_reg_6167  |   21|   0|   21|          0|
    |ap_phi_reg_pp0_iter3_x_V_171364_reg_6177  |   21|   0|   21|          0|
    |ap_phi_reg_pp0_iter3_x_V_172363_reg_6187  |   21|   0|   21|          0|
    |ap_phi_reg_pp0_iter3_x_V_173362_reg_6197  |   21|   0|   21|          0|
    |ap_phi_reg_pp0_iter3_x_V_174361_reg_6207  |   21|   0|   21|          0|
    |ap_phi_reg_pp0_iter3_x_V_175360_reg_6217  |   21|   0|   21|          0|
    |ap_phi_reg_pp0_iter3_x_V_176359_reg_6227  |   21|   0|   21|          0|
    |ap_phi_reg_pp0_iter3_x_V_178357_reg_6237  |   21|   0|   21|          0|
    |ap_phi_reg_pp0_iter3_x_V_179356_reg_6247  |   21|   0|   21|          0|
    |ap_phi_reg_pp0_iter3_x_V_180355_reg_6257  |   21|   0|   21|          0|
    |ap_phi_reg_pp0_iter3_x_V_181354_reg_6267  |   21|   0|   21|          0|
    |ap_phi_reg_pp0_iter3_x_V_182353_reg_6277  |   21|   0|   21|          0|
    |ap_phi_reg_pp0_iter3_x_V_183352_reg_6287  |   21|   0|   21|          0|
    |ap_phi_reg_pp0_iter3_x_V_184351_reg_6297  |   21|   0|   21|          0|
    |ap_phi_reg_pp0_iter3_x_V_185350_reg_6307  |   21|   0|   21|          0|
    |ap_phi_reg_pp0_iter3_x_V_186349_reg_6317  |   21|   0|   21|          0|
    |ap_phi_reg_pp0_iter3_x_V_187348_reg_6327  |   21|   0|   21|          0|
    |ap_phi_reg_pp0_iter3_x_V_188347_reg_6337  |   21|   0|   21|          0|
    |ap_phi_reg_pp0_iter3_x_V_189346_reg_6347  |   21|   0|   21|          0|
    |ap_phi_reg_pp0_iter3_x_V_190345_reg_6357  |   21|   0|   21|          0|
    |ap_phi_reg_pp0_iter3_x_V_192343_reg_6367  |   21|   0|   21|          0|
    |ap_phi_reg_pp0_iter3_x_V_193342_reg_6377  |   21|   0|   21|          0|
    |ap_phi_reg_pp0_iter3_x_V_194341_reg_6387  |   21|   0|   21|          0|
    |ap_phi_reg_pp0_iter3_x_V_195340_reg_6397  |   21|   0|   21|          0|
    |ap_phi_reg_pp0_iter3_x_V_196339_reg_6407  |   21|   0|   21|          0|
    |ap_phi_reg_pp0_iter3_x_V_197338_reg_6417  |   21|   0|   21|          0|
    |ap_phi_reg_pp0_iter3_x_V_198337_reg_6427  |   21|   0|   21|          0|
    |ap_phi_reg_pp0_iter3_x_V_199336_reg_6437  |   21|   0|   21|          0|
    |ap_phi_reg_pp0_iter3_x_V_200335_reg_6447  |   21|   0|   21|          0|
    |ap_phi_reg_pp0_iter3_x_V_201334_reg_6457  |   21|   0|   21|          0|
    |ap_phi_reg_pp0_iter3_x_V_202333_reg_6467  |   21|   0|   21|          0|
    |ap_phi_reg_pp0_iter3_x_V_203332_reg_6477  |   21|   0|   21|          0|
    |ap_phi_reg_pp0_iter3_x_V_204331_reg_6487  |   21|   0|   21|          0|
    |ap_phi_reg_pp0_iter3_x_V_205330_reg_6497  |   21|   0|   21|          0|
    |ap_phi_reg_pp0_iter3_x_V_206329_reg_6507  |   21|   0|   21|          0|
    |ap_phi_reg_pp0_iter3_x_V_207328_reg_6517  |   21|   0|   21|          0|
    |ap_phi_reg_pp0_iter3_x_V_208327_reg_6527  |   21|   0|   21|          0|
    |ap_phi_reg_pp0_iter3_x_V_209326_reg_6537  |   21|   0|   21|          0|
    |ap_phi_reg_pp0_iter3_x_V_210325_reg_6547  |   21|   0|   21|          0|
    |ap_phi_reg_pp0_iter3_x_V_211324_reg_6557  |   21|   0|   21|          0|
    |ap_phi_reg_pp0_iter3_x_V_212323_reg_6567  |   21|   0|   21|          0|
    |ap_phi_reg_pp0_iter3_x_V_214321_reg_6577  |   21|   0|   21|          0|
    |ap_phi_reg_pp0_iter3_x_V_215320_reg_6587  |   21|   0|   21|          0|
    |ap_phi_reg_pp0_iter3_x_V_216319_reg_6597  |   21|   0|   21|          0|
    |ap_phi_reg_pp0_iter3_x_V_217318_reg_6607  |   21|   0|   21|          0|
    |ap_phi_reg_pp0_iter3_x_V_218317_reg_6617  |   21|   0|   21|          0|
    |ap_phi_reg_pp0_iter3_x_V_219316_reg_6627  |   21|   0|   21|          0|
    |ap_phi_reg_pp0_iter3_x_V_220315_reg_6637  |   21|   0|   21|          0|
    |ap_phi_reg_pp0_iter3_x_V_221314_reg_6647  |   21|   0|   21|          0|
    |ap_phi_reg_pp0_iter3_x_V_222313_reg_6657  |   21|   0|   21|          0|
    |ap_phi_reg_pp0_iter3_x_V_223312_reg_6667  |   21|   0|   21|          0|
    |ap_phi_reg_pp0_iter3_x_V_224311_reg_6677  |   21|   0|   21|          0|
    |ap_phi_reg_pp0_iter3_x_V_225310_reg_6687  |   21|   0|   21|          0|
    |ap_phi_reg_pp0_iter3_x_V_226309_reg_6697  |   21|   0|   21|          0|
    |ap_phi_reg_pp0_iter3_x_V_227308_reg_6707  |   21|   0|   21|          0|
    |ap_phi_reg_pp0_iter3_x_V_228307_reg_6717  |   21|   0|   21|          0|
    |ap_phi_reg_pp0_iter3_x_V_229306_reg_6727  |   21|   0|   21|          0|
    |ap_phi_reg_pp0_iter3_x_V_230305_reg_6737  |   21|   0|   21|          0|
    |ap_phi_reg_pp0_iter3_x_V_231304_reg_6747  |   21|   0|   21|          0|
    |ap_phi_reg_pp0_iter3_x_V_232303_reg_6757  |   21|   0|   21|          0|
    |ap_phi_reg_pp0_iter3_x_V_233302_reg_6767  |   21|   0|   21|          0|
    |ap_phi_reg_pp0_iter3_x_V_234301_reg_6777  |   21|   0|   21|          0|
    |ap_phi_reg_pp0_iter3_x_V_235300_reg_6787  |   21|   0|   21|          0|
    |ap_phi_reg_pp0_iter3_x_V_236299_reg_6797  |   21|   0|   21|          0|
    |ap_phi_reg_pp0_iter3_x_V_237298_reg_6807  |   21|   0|   21|          0|
    |ap_phi_reg_pp0_iter3_x_V_238297_reg_6817  |   21|   0|   21|          0|
    |ap_phi_reg_pp0_iter3_x_V_239296_reg_6827  |   21|   0|   21|          0|
    |ap_phi_reg_pp0_iter3_x_V_240295_reg_6837  |   21|   0|   21|          0|
    |ap_phi_reg_pp0_iter3_x_V_241294_reg_6847  |   21|   0|   21|          0|
    |ap_phi_reg_pp0_iter3_x_V_242293_reg_6857  |   21|   0|   21|          0|
    |ap_phi_reg_pp0_iter3_x_V_243292_reg_6867  |   21|   0|   21|          0|
    |ap_phi_reg_pp0_iter3_x_V_244291_reg_6877  |   21|   0|   21|          0|
    |ap_phi_reg_pp0_iter3_x_V_245290_reg_6887  |   21|   0|   21|          0|
    |ap_phi_reg_pp0_iter3_x_V_246289_reg_6897  |   21|   0|   21|          0|
    |ap_phi_reg_pp0_iter3_x_V_247288_reg_6907  |   21|   0|   21|          0|
    |ap_phi_reg_pp0_iter3_x_V_248287_reg_6917  |   21|   0|   21|          0|
    |ap_phi_reg_pp0_iter3_x_V_249286_reg_6927  |   21|   0|   21|          0|
    |ap_phi_reg_pp0_iter3_x_V_250285_reg_6937  |   21|   0|   21|          0|
    |ap_phi_reg_pp0_iter3_x_V_251284_reg_6947  |   21|   0|   21|          0|
    |ap_phi_reg_pp0_iter3_x_V_252283_reg_6957  |   21|   0|   21|          0|
    |ap_phi_reg_pp0_iter3_x_V_253282_reg_6967  |   21|   0|   21|          0|
    |ap_phi_reg_pp0_iter3_x_V_254281_reg_6977  |   21|   0|   21|          0|
    |ap_phi_reg_pp0_iter3_x_V_64471_reg_5107   |   21|   0|   21|          0|
    |ap_phi_reg_pp0_iter3_x_V_65470_reg_5117   |   21|   0|   21|          0|
    |ap_phi_reg_pp0_iter3_x_V_66469_reg_5127   |   21|   0|   21|          0|
    |ap_phi_reg_pp0_iter3_x_V_67468_reg_5137   |   21|   0|   21|          0|
    |ap_phi_reg_pp0_iter3_x_V_68467_reg_5147   |   21|   0|   21|          0|
    |ap_phi_reg_pp0_iter3_x_V_69466_reg_5157   |   21|   0|   21|          0|
    |ap_phi_reg_pp0_iter3_x_V_70465_reg_5167   |   21|   0|   21|          0|
    |ap_phi_reg_pp0_iter3_x_V_71464_reg_5177   |   21|   0|   21|          0|
    |ap_phi_reg_pp0_iter3_x_V_72463_reg_5187   |   21|   0|   21|          0|
    |ap_phi_reg_pp0_iter3_x_V_73462_reg_5197   |   21|   0|   21|          0|
    |ap_phi_reg_pp0_iter3_x_V_74461_reg_5207   |   21|   0|   21|          0|
    |ap_phi_reg_pp0_iter3_x_V_75460_reg_5217   |   21|   0|   21|          0|
    |ap_phi_reg_pp0_iter3_x_V_76459_reg_5227   |   21|   0|   21|          0|
    |ap_phi_reg_pp0_iter3_x_V_77458_reg_5237   |   21|   0|   21|          0|
    |ap_phi_reg_pp0_iter3_x_V_78457_reg_5247   |   21|   0|   21|          0|
    |ap_phi_reg_pp0_iter3_x_V_79456_reg_5257   |   21|   0|   21|          0|
    |ap_phi_reg_pp0_iter3_x_V_80455_reg_5267   |   21|   0|   21|          0|
    |ap_phi_reg_pp0_iter3_x_V_81454_reg_5277   |   21|   0|   21|          0|
    |ap_phi_reg_pp0_iter3_x_V_82453_reg_5287   |   21|   0|   21|          0|
    |ap_phi_reg_pp0_iter3_x_V_83452_reg_5297   |   21|   0|   21|          0|
    |ap_phi_reg_pp0_iter3_x_V_84451_reg_5307   |   21|   0|   21|          0|
    |ap_phi_reg_pp0_iter3_x_V_85450_reg_5317   |   21|   0|   21|          0|
    |ap_phi_reg_pp0_iter3_x_V_86449_reg_5327   |   21|   0|   21|          0|
    |ap_phi_reg_pp0_iter3_x_V_87448_reg_5337   |   21|   0|   21|          0|
    |ap_phi_reg_pp0_iter3_x_V_88447_reg_5347   |   21|   0|   21|          0|
    |ap_phi_reg_pp0_iter3_x_V_89446_reg_5357   |   21|   0|   21|          0|
    |ap_phi_reg_pp0_iter3_x_V_90445_reg_5367   |   21|   0|   21|          0|
    |ap_phi_reg_pp0_iter3_x_V_91444_reg_5377   |   21|   0|   21|          0|
    |ap_phi_reg_pp0_iter3_x_V_92443_reg_5387   |   21|   0|   21|          0|
    |ap_phi_reg_pp0_iter3_x_V_93442_reg_5397   |   21|   0|   21|          0|
    |ap_phi_reg_pp0_iter3_x_V_94441_reg_5407   |   21|   0|   21|          0|
    |ap_phi_reg_pp0_iter3_x_V_95440_reg_5417   |   21|   0|   21|          0|
    |ap_phi_reg_pp0_iter3_x_V_96439_reg_5427   |   21|   0|   21|          0|
    |ap_phi_reg_pp0_iter3_x_V_97438_reg_5437   |   21|   0|   21|          0|
    |ap_phi_reg_pp0_iter3_x_V_98437_reg_5447   |   21|   0|   21|          0|
    |ap_phi_reg_pp0_iter3_x_V_99436_reg_5457   |   21|   0|   21|          0|
    |ap_return_0_preg                          |   23|   0|   23|          0|
    |ap_return_100_preg                        |   23|   0|   23|          0|
    |ap_return_101_preg                        |   23|   0|   23|          0|
    |ap_return_102_preg                        |   23|   0|   23|          0|
    |ap_return_103_preg                        |   23|   0|   23|          0|
    |ap_return_104_preg                        |   23|   0|   23|          0|
    |ap_return_105_preg                        |   23|   0|   23|          0|
    |ap_return_106_preg                        |   23|   0|   23|          0|
    |ap_return_107_preg                        |   23|   0|   23|          0|
    |ap_return_108_preg                        |   23|   0|   23|          0|
    |ap_return_109_preg                        |   23|   0|   23|          0|
    |ap_return_10_preg                         |   23|   0|   23|          0|
    |ap_return_110_preg                        |   23|   0|   23|          0|
    |ap_return_111_preg                        |   23|   0|   23|          0|
    |ap_return_112_preg                        |   23|   0|   23|          0|
    |ap_return_113_preg                        |   23|   0|   23|          0|
    |ap_return_114_preg                        |   23|   0|   23|          0|
    |ap_return_115_preg                        |   23|   0|   23|          0|
    |ap_return_116_preg                        |   23|   0|   23|          0|
    |ap_return_117_preg                        |   23|   0|   23|          0|
    |ap_return_118_preg                        |   23|   0|   23|          0|
    |ap_return_119_preg                        |   23|   0|   23|          0|
    |ap_return_11_preg                         |   23|   0|   23|          0|
    |ap_return_120_preg                        |   23|   0|   23|          0|
    |ap_return_121_preg                        |   23|   0|   23|          0|
    |ap_return_122_preg                        |   23|   0|   23|          0|
    |ap_return_123_preg                        |   23|   0|   23|          0|
    |ap_return_124_preg                        |   23|   0|   23|          0|
    |ap_return_125_preg                        |   23|   0|   23|          0|
    |ap_return_126_preg                        |   23|   0|   23|          0|
    |ap_return_127_preg                        |   23|   0|   23|          0|
    |ap_return_128_preg                        |   23|   0|   23|          0|
    |ap_return_129_preg                        |   23|   0|   23|          0|
    |ap_return_12_preg                         |   23|   0|   23|          0|
    |ap_return_130_preg                        |   23|   0|   23|          0|
    |ap_return_131_preg                        |   23|   0|   23|          0|
    |ap_return_132_preg                        |   23|   0|   23|          0|
    |ap_return_133_preg                        |   23|   0|   23|          0|
    |ap_return_134_preg                        |   23|   0|   23|          0|
    |ap_return_135_preg                        |   23|   0|   23|          0|
    |ap_return_136_preg                        |   23|   0|   23|          0|
    |ap_return_137_preg                        |   23|   0|   23|          0|
    |ap_return_138_preg                        |   23|   0|   23|          0|
    |ap_return_139_preg                        |   23|   0|   23|          0|
    |ap_return_13_preg                         |   23|   0|   23|          0|
    |ap_return_140_preg                        |   23|   0|   23|          0|
    |ap_return_141_preg                        |   23|   0|   23|          0|
    |ap_return_142_preg                        |   23|   0|   23|          0|
    |ap_return_143_preg                        |   23|   0|   23|          0|
    |ap_return_144_preg                        |   23|   0|   23|          0|
    |ap_return_145_preg                        |   23|   0|   23|          0|
    |ap_return_146_preg                        |   23|   0|   23|          0|
    |ap_return_147_preg                        |   23|   0|   23|          0|
    |ap_return_148_preg                        |   23|   0|   23|          0|
    |ap_return_149_preg                        |   23|   0|   23|          0|
    |ap_return_14_preg                         |   23|   0|   23|          0|
    |ap_return_150_preg                        |   23|   0|   23|          0|
    |ap_return_151_preg                        |   23|   0|   23|          0|
    |ap_return_152_preg                        |   23|   0|   23|          0|
    |ap_return_153_preg                        |   23|   0|   23|          0|
    |ap_return_154_preg                        |   23|   0|   23|          0|
    |ap_return_155_preg                        |   23|   0|   23|          0|
    |ap_return_156_preg                        |   23|   0|   23|          0|
    |ap_return_157_preg                        |   23|   0|   23|          0|
    |ap_return_158_preg                        |   23|   0|   23|          0|
    |ap_return_159_preg                        |   23|   0|   23|          0|
    |ap_return_15_preg                         |   23|   0|   23|          0|
    |ap_return_160_preg                        |   23|   0|   23|          0|
    |ap_return_161_preg                        |   23|   0|   23|          0|
    |ap_return_162_preg                        |   23|   0|   23|          0|
    |ap_return_163_preg                        |   23|   0|   23|          0|
    |ap_return_164_preg                        |   23|   0|   23|          0|
    |ap_return_165_preg                        |   23|   0|   23|          0|
    |ap_return_166_preg                        |   23|   0|   23|          0|
    |ap_return_167_preg                        |   23|   0|   23|          0|
    |ap_return_168_preg                        |   23|   0|   23|          0|
    |ap_return_169_preg                        |   23|   0|   23|          0|
    |ap_return_16_preg                         |   23|   0|   23|          0|
    |ap_return_170_preg                        |   23|   0|   23|          0|
    |ap_return_171_preg                        |   23|   0|   23|          0|
    |ap_return_172_preg                        |   23|   0|   23|          0|
    |ap_return_173_preg                        |   23|   0|   23|          0|
    |ap_return_174_preg                        |   23|   0|   23|          0|
    |ap_return_175_preg                        |   23|   0|   23|          0|
    |ap_return_176_preg                        |   23|   0|   23|          0|
    |ap_return_177_preg                        |   23|   0|   23|          0|
    |ap_return_178_preg                        |   23|   0|   23|          0|
    |ap_return_179_preg                        |   23|   0|   23|          0|
    |ap_return_17_preg                         |   23|   0|   23|          0|
    |ap_return_180_preg                        |   23|   0|   23|          0|
    |ap_return_181_preg                        |   23|   0|   23|          0|
    |ap_return_182_preg                        |   23|   0|   23|          0|
    |ap_return_183_preg                        |   23|   0|   23|          0|
    |ap_return_184_preg                        |   23|   0|   23|          0|
    |ap_return_185_preg                        |   23|   0|   23|          0|
    |ap_return_186_preg                        |   23|   0|   23|          0|
    |ap_return_187_preg                        |   23|   0|   23|          0|
    |ap_return_188_preg                        |   23|   0|   23|          0|
    |ap_return_189_preg                        |   23|   0|   23|          0|
    |ap_return_18_preg                         |   23|   0|   23|          0|
    |ap_return_190_preg                        |   23|   0|   23|          0|
    |ap_return_191_preg                        |   23|   0|   23|          0|
    |ap_return_19_preg                         |   23|   0|   23|          0|
    |ap_return_1_preg                          |   23|   0|   23|          0|
    |ap_return_20_preg                         |   23|   0|   23|          0|
    |ap_return_21_preg                         |   23|   0|   23|          0|
    |ap_return_22_preg                         |   23|   0|   23|          0|
    |ap_return_23_preg                         |   23|   0|   23|          0|
    |ap_return_24_preg                         |   23|   0|   23|          0|
    |ap_return_25_preg                         |   23|   0|   23|          0|
    |ap_return_26_preg                         |   23|   0|   23|          0|
    |ap_return_27_preg                         |   23|   0|   23|          0|
    |ap_return_28_preg                         |   23|   0|   23|          0|
    |ap_return_29_preg                         |   23|   0|   23|          0|
    |ap_return_2_preg                          |   23|   0|   23|          0|
    |ap_return_30_preg                         |   23|   0|   23|          0|
    |ap_return_31_preg                         |   23|   0|   23|          0|
    |ap_return_32_preg                         |   23|   0|   23|          0|
    |ap_return_33_preg                         |   23|   0|   23|          0|
    |ap_return_34_preg                         |   23|   0|   23|          0|
    |ap_return_35_preg                         |   23|   0|   23|          0|
    |ap_return_36_preg                         |   23|   0|   23|          0|
    |ap_return_37_preg                         |   23|   0|   23|          0|
    |ap_return_38_preg                         |   23|   0|   23|          0|
    |ap_return_39_preg                         |   23|   0|   23|          0|
    |ap_return_3_preg                          |   23|   0|   23|          0|
    |ap_return_40_preg                         |   23|   0|   23|          0|
    |ap_return_41_preg                         |   23|   0|   23|          0|
    |ap_return_42_preg                         |   23|   0|   23|          0|
    |ap_return_43_preg                         |   23|   0|   23|          0|
    |ap_return_44_preg                         |   23|   0|   23|          0|
    |ap_return_45_preg                         |   23|   0|   23|          0|
    |ap_return_46_preg                         |   23|   0|   23|          0|
    |ap_return_47_preg                         |   23|   0|   23|          0|
    |ap_return_48_preg                         |   23|   0|   23|          0|
    |ap_return_49_preg                         |   23|   0|   23|          0|
    |ap_return_4_preg                          |   23|   0|   23|          0|
    |ap_return_50_preg                         |   23|   0|   23|          0|
    |ap_return_51_preg                         |   23|   0|   23|          0|
    |ap_return_52_preg                         |   23|   0|   23|          0|
    |ap_return_53_preg                         |   23|   0|   23|          0|
    |ap_return_54_preg                         |   23|   0|   23|          0|
    |ap_return_55_preg                         |   23|   0|   23|          0|
    |ap_return_56_preg                         |   23|   0|   23|          0|
    |ap_return_57_preg                         |   23|   0|   23|          0|
    |ap_return_58_preg                         |   23|   0|   23|          0|
    |ap_return_59_preg                         |   23|   0|   23|          0|
    |ap_return_5_preg                          |   23|   0|   23|          0|
    |ap_return_60_preg                         |   23|   0|   23|          0|
    |ap_return_61_preg                         |   23|   0|   23|          0|
    |ap_return_62_preg                         |   23|   0|   23|          0|
    |ap_return_63_preg                         |   23|   0|   23|          0|
    |ap_return_64_preg                         |   23|   0|   23|          0|
    |ap_return_65_preg                         |   23|   0|   23|          0|
    |ap_return_66_preg                         |   23|   0|   23|          0|
    |ap_return_67_preg                         |   23|   0|   23|          0|
    |ap_return_68_preg                         |   23|   0|   23|          0|
    |ap_return_69_preg                         |   23|   0|   23|          0|
    |ap_return_6_preg                          |   23|   0|   23|          0|
    |ap_return_70_preg                         |   23|   0|   23|          0|
    |ap_return_71_preg                         |   23|   0|   23|          0|
    |ap_return_72_preg                         |   23|   0|   23|          0|
    |ap_return_73_preg                         |   23|   0|   23|          0|
    |ap_return_74_preg                         |   23|   0|   23|          0|
    |ap_return_75_preg                         |   23|   0|   23|          0|
    |ap_return_76_preg                         |   23|   0|   23|          0|
    |ap_return_77_preg                         |   23|   0|   23|          0|
    |ap_return_78_preg                         |   23|   0|   23|          0|
    |ap_return_79_preg                         |   23|   0|   23|          0|
    |ap_return_7_preg                          |   23|   0|   23|          0|
    |ap_return_80_preg                         |   23|   0|   23|          0|
    |ap_return_81_preg                         |   23|   0|   23|          0|
    |ap_return_82_preg                         |   23|   0|   23|          0|
    |ap_return_83_preg                         |   23|   0|   23|          0|
    |ap_return_84_preg                         |   23|   0|   23|          0|
    |ap_return_85_preg                         |   23|   0|   23|          0|
    |ap_return_86_preg                         |   23|   0|   23|          0|
    |ap_return_87_preg                         |   23|   0|   23|          0|
    |ap_return_88_preg                         |   23|   0|   23|          0|
    |ap_return_89_preg                         |   23|   0|   23|          0|
    |ap_return_8_preg                          |   23|   0|   23|          0|
    |ap_return_90_preg                         |   23|   0|   23|          0|
    |ap_return_91_preg                         |   23|   0|   23|          0|
    |ap_return_92_preg                         |   23|   0|   23|          0|
    |ap_return_93_preg                         |   23|   0|   23|          0|
    |ap_return_94_preg                         |   23|   0|   23|          0|
    |ap_return_95_preg                         |   23|   0|   23|          0|
    |ap_return_96_preg                         |   23|   0|   23|          0|
    |ap_return_97_preg                         |   23|   0|   23|          0|
    |ap_return_98_preg                         |   23|   0|   23|          0|
    |ap_return_99_preg                         |   23|   0|   23|          0|
    |ap_return_9_preg                          |   23|   0|   23|          0|
    |do_init_reg_2380                          |    1|   0|    1|          0|
    |icmp_ln43_reg_17746                       |    1|   0|    1|          0|
    |p_read_348_reg_16791_pp0_iter1_reg        |    5|   0|    5|          0|
    |p_read_349_reg_16796_pp0_iter1_reg        |    4|   0|    4|          0|
    |p_read_350_reg_16801_pp0_iter1_reg        |    4|   0|    4|          0|
    |p_read_351_reg_16806_pp0_iter1_reg        |    5|   0|    5|          0|
    |p_read_352_reg_16811_pp0_iter1_reg        |    4|   0|    4|          0|
    |p_read_353_reg_16816_pp0_iter1_reg        |    6|   0|    6|          0|
    |p_read_354_reg_16821_pp0_iter1_reg        |    6|   0|    6|          0|
    |p_read_355_reg_16826_pp0_iter1_reg        |    5|   0|    5|          0|
    |p_read_356_reg_16831_pp0_iter1_reg        |    4|   0|    4|          0|
    |p_read_357_reg_16836_pp0_iter1_reg        |    5|   0|    5|          0|
    |p_read_358_reg_16841_pp0_iter1_reg        |    5|   0|    5|          0|
    |p_read_359_reg_16846_pp0_iter1_reg        |    4|   0|    4|          0|
    |p_read_360_reg_16851_pp0_iter1_reg        |    3|   0|    3|          0|
    |p_read_361_reg_16856_pp0_iter1_reg        |    5|   0|    5|          0|
    |p_read_362_reg_16861_pp0_iter1_reg        |    5|   0|    5|          0|
    |p_read_363_reg_16866_pp0_iter1_reg        |    2|   0|    2|          0|
    |p_read_364_reg_16871_pp0_iter1_reg        |    5|   0|    5|          0|
    |p_read_365_reg_16876_pp0_iter1_reg        |    4|   0|    4|          0|
    |p_read_366_reg_16881_pp0_iter1_reg        |    3|   0|    3|          0|
    |p_read_367_reg_16886_pp0_iter1_reg        |    5|   0|    5|          0|
    |p_read_368_reg_16891_pp0_iter1_reg        |    4|   0|    4|          0|
    |p_read_369_reg_16896_pp0_iter1_reg        |    3|   0|    3|          0|
    |p_read_370_reg_16901_pp0_iter1_reg        |    5|   0|    5|          0|
    |p_read_371_reg_16906_pp0_iter1_reg        |    5|   0|    5|          0|
    |p_read_372_reg_16911_pp0_iter1_reg        |    6|   0|    6|          0|
    |p_read_373_reg_16916_pp0_iter1_reg        |    5|   0|    5|          0|
    |p_read_374_reg_16921_pp0_iter1_reg        |    5|   0|    5|          0|
    |p_read_375_reg_16926_pp0_iter1_reg        |    5|   0|    5|          0|
    |p_read_376_reg_16931_pp0_iter1_reg        |    5|   0|    5|          0|
    |p_read_377_reg_16936_pp0_iter1_reg        |    5|   0|    5|          0|
    |p_read_378_reg_16941_pp0_iter1_reg        |    6|   0|    6|          0|
    |p_read_379_reg_16946_pp0_iter1_reg        |    4|   0|    4|          0|
    |p_read_380_reg_16951_pp0_iter1_reg        |    4|   0|    4|          0|
    |p_read_381_reg_16956_pp0_iter1_reg        |    4|   0|    4|          0|
    |p_read_382_reg_16961_pp0_iter1_reg        |    4|   0|    4|          0|
    |p_read_383_reg_16966_pp0_iter1_reg        |    6|   0|    6|          0|
    |p_read_384_reg_16971_pp0_iter1_reg        |    5|   0|    5|          0|
    |p_read_385_reg_16976_pp0_iter1_reg        |    6|   0|    6|          0|
    |p_read_386_reg_16981_pp0_iter1_reg        |    5|   0|    5|          0|
    |p_read_387_reg_16986_pp0_iter1_reg        |    5|   0|    5|          0|
    |p_read_388_reg_16991_pp0_iter1_reg        |    4|   0|    4|          0|
    |p_read_389_reg_16996_pp0_iter1_reg        |    3|   0|    3|          0|
    |p_read_390_reg_17001_pp0_iter1_reg        |    5|   0|    5|          0|
    |p_read_391_reg_17006_pp0_iter1_reg        |    5|   0|    5|          0|
    |p_read_392_reg_17011_pp0_iter1_reg        |    5|   0|    5|          0|
    |p_read_393_reg_17016_pp0_iter1_reg        |    6|   0|    6|          0|
    |p_read_394_reg_17021_pp0_iter1_reg        |    6|   0|    6|          0|
    |p_read_395_reg_17026_pp0_iter1_reg        |    5|   0|    5|          0|
    |p_read_396_reg_17031_pp0_iter1_reg        |    4|   0|    4|          0|
    |p_read_397_reg_17036_pp0_iter1_reg        |    6|   0|    6|          0|
    |p_read_398_reg_17041_pp0_iter1_reg        |    2|   0|    2|          0|
    |p_read_399_reg_17046_pp0_iter1_reg        |    5|   0|    5|          0|
    |p_read_400_reg_17051_pp0_iter1_reg        |    3|   0|    3|          0|
    |p_read_401_reg_17056_pp0_iter1_reg        |    5|   0|    5|          0|
    |p_read_402_reg_17061_pp0_iter1_reg        |    1|   0|    1|          0|
    |p_read_403_reg_17066_pp0_iter1_reg        |    4|   0|    4|          0|
    |p_read_404_reg_17071_pp0_iter1_reg        |    3|   0|    3|          0|
    |p_read_405_reg_17076_pp0_iter1_reg        |    5|   0|    5|          0|
    |p_read_406_reg_17081_pp0_iter1_reg        |    4|   0|    4|          0|
    |p_read_407_reg_17086_pp0_iter1_reg        |    5|   0|    5|          0|
    |p_read_408_reg_17091_pp0_iter1_reg        |    5|   0|    5|          0|
    |p_read_409_reg_17096_pp0_iter1_reg        |    6|   0|    6|          0|
    |p_read_410_reg_17101_pp0_iter1_reg        |    6|   0|    6|          0|
    |p_read_411_reg_17106_pp0_iter1_reg        |    5|   0|    5|          0|
    |p_read_412_reg_17111_pp0_iter1_reg        |    4|   0|    4|          0|
    |p_read_413_reg_17116_pp0_iter1_reg        |    3|   0|    3|          0|
    |p_read_414_reg_17121_pp0_iter1_reg        |    6|   0|    6|          0|
    |p_read_415_reg_17126_pp0_iter1_reg        |    5|   0|    5|          0|
    |p_read_416_reg_17131_pp0_iter1_reg        |    6|   0|    6|          0|
    |p_read_417_reg_17136_pp0_iter1_reg        |    6|   0|    6|          0|
    |p_read_418_reg_17141_pp0_iter1_reg        |    4|   0|    4|          0|
    |p_read_419_reg_17146_pp0_iter1_reg        |    5|   0|    5|          0|
    |p_read_420_reg_17151_pp0_iter1_reg        |    5|   0|    5|          0|
    |p_read_421_reg_17156_pp0_iter1_reg        |    6|   0|    6|          0|
    |p_read_422_reg_17161_pp0_iter1_reg        |    5|   0|    5|          0|
    |p_read_423_reg_17166_pp0_iter1_reg        |    6|   0|    6|          0|
    |p_read_424_reg_17171_pp0_iter1_reg        |    6|   0|    6|          0|
    |p_read_425_reg_17176_pp0_iter1_reg        |    6|   0|    6|          0|
    |p_read_426_reg_17181_pp0_iter1_reg        |    5|   0|    5|          0|
    |p_read_427_reg_17186_pp0_iter1_reg        |    7|   0|    7|          0|
    |p_read_428_reg_17191_pp0_iter1_reg        |    6|   0|    6|          0|
    |p_read_429_reg_17196_pp0_iter1_reg        |    6|   0|    6|          0|
    |p_read_430_reg_17201_pp0_iter1_reg        |    6|   0|    6|          0|
    |p_read_431_reg_17206_pp0_iter1_reg        |    7|   0|    7|          0|
    |p_read_432_reg_17211_pp0_iter1_reg        |    7|   0|    7|          0|
    |p_read_433_reg_17216_pp0_iter1_reg        |    1|   0|    1|          0|
    |p_read_434_reg_17221_pp0_iter1_reg        |    6|   0|    6|          0|
    |p_read_435_reg_17226_pp0_iter1_reg        |    5|   0|    5|          0|
    |p_read_436_reg_17231_pp0_iter1_reg        |    4|   0|    4|          0|
    |p_read_437_reg_17236_pp0_iter1_reg        |    4|   0|    4|          0|
    |p_read_438_reg_17241_pp0_iter1_reg        |    3|   0|    3|          0|
    |p_read_439_reg_17246_pp0_iter1_reg        |    6|   0|    6|          0|
    |p_read_440_reg_17251_pp0_iter1_reg        |    6|   0|    6|          0|
    |p_read_441_reg_17256_pp0_iter1_reg        |    6|   0|    6|          0|
    |p_read_442_reg_17261_pp0_iter1_reg        |    3|   0|    3|          0|
    |p_read_443_reg_17266_pp0_iter1_reg        |    6|   0|    6|          0|
    |p_read_444_reg_17271_pp0_iter1_reg        |    3|   0|    3|          0|
    |p_read_445_reg_17276_pp0_iter1_reg        |    5|   0|    5|          0|
    |p_read_446_reg_17281_pp0_iter1_reg        |    5|   0|    5|          0|
    |p_read_447_reg_17286_pp0_iter1_reg        |    6|   0|    6|          0|
    |p_read_448_reg_17291_pp0_iter1_reg        |    6|   0|    6|          0|
    |p_read_449_reg_17296_pp0_iter1_reg        |    7|   0|    7|          0|
    |p_read_450_reg_17301_pp0_iter1_reg        |    6|   0|    6|          0|
    |p_read_451_reg_17306_pp0_iter1_reg        |    2|   0|    2|          0|
    |p_read_452_reg_17311_pp0_iter1_reg        |    6|   0|    6|          0|
    |p_read_453_reg_17316_pp0_iter1_reg        |    6|   0|    6|          0|
    |p_read_454_reg_17321_pp0_iter1_reg        |    6|   0|    6|          0|
    |p_read_455_reg_17326_pp0_iter1_reg        |    3|   0|    3|          0|
    |p_read_456_reg_17331_pp0_iter1_reg        |    4|   0|    4|          0|
    |p_read_457_reg_17336_pp0_iter1_reg        |    6|   0|    6|          0|
    |p_read_458_reg_17341_pp0_iter1_reg        |    6|   0|    6|          0|
    |p_read_459_reg_17346_pp0_iter1_reg        |    5|   0|    5|          0|
    |p_read_460_reg_17351_pp0_iter1_reg        |    6|   0|    6|          0|
    |p_read_461_reg_17356_pp0_iter1_reg        |    7|   0|    7|          0|
    |p_read_462_reg_17361_pp0_iter1_reg        |    5|   0|    5|          0|
    |p_read_463_reg_17366_pp0_iter1_reg        |    6|   0|    6|          0|
    |p_read_464_reg_17371_pp0_iter1_reg        |    7|   0|    7|          0|
    |p_read_465_reg_17376_pp0_iter1_reg        |    6|   0|    6|          0|
    |p_read_466_reg_17381_pp0_iter1_reg        |    5|   0|    5|          0|
    |p_read_467_reg_17386_pp0_iter1_reg        |    5|   0|    5|          0|
    |p_read_468_reg_17391_pp0_iter1_reg        |    3|   0|    3|          0|
    |p_read_469_reg_17396_pp0_iter1_reg        |    3|   0|    3|          0|
    |p_read_470_reg_17401_pp0_iter1_reg        |    5|   0|    5|          0|
    |p_read_471_reg_17406_pp0_iter1_reg        |    6|   0|    6|          0|
    |p_read_472_reg_17411_pp0_iter1_reg        |    7|   0|    7|          0|
    |p_read_473_reg_17416_pp0_iter1_reg        |    7|   0|    7|          0|
    |p_read_474_reg_17421_pp0_iter1_reg        |    7|   0|    7|          0|
    |p_read_475_reg_17426_pp0_iter1_reg        |    7|   0|    7|          0|
    |p_read_476_reg_17431_pp0_iter1_reg        |    7|   0|    7|          0|
    |p_read_477_reg_17436_pp0_iter1_reg        |    7|   0|    7|          0|
    |p_read_478_reg_17441_pp0_iter1_reg        |    6|   0|    6|          0|
    |p_read_479_reg_17446_pp0_iter1_reg        |    7|   0|    7|          0|
    |p_read_480_reg_17451_pp0_iter1_reg        |    7|   0|    7|          0|
    |p_read_481_reg_17456_pp0_iter1_reg        |    7|   0|    7|          0|
    |p_read_482_reg_17461_pp0_iter1_reg        |    7|   0|    7|          0|
    |p_read_483_reg_17466_pp0_iter1_reg        |    7|   0|    7|          0|
    |p_read_484_reg_17471_pp0_iter1_reg        |    7|   0|    7|          0|
    |p_read_485_reg_17476_pp0_iter1_reg        |    7|   0|    7|          0|
    |p_read_486_reg_17481_pp0_iter1_reg        |    5|   0|    5|          0|
    |p_read_487_reg_17486_pp0_iter1_reg        |    6|   0|    6|          0|
    |p_read_488_reg_17491_pp0_iter1_reg        |    7|   0|    7|          0|
    |p_read_489_reg_17496_pp0_iter1_reg        |    7|   0|    7|          0|
    |p_read_490_reg_17501_pp0_iter1_reg        |    7|   0|    7|          0|
    |p_read_491_reg_17506_pp0_iter1_reg        |    7|   0|    7|          0|
    |p_read_492_reg_17511_pp0_iter1_reg        |    7|   0|    7|          0|
    |p_read_493_reg_17516_pp0_iter1_reg        |    7|   0|    7|          0|
    |p_read_494_reg_17521_pp0_iter1_reg        |    7|   0|    7|          0|
    |p_read_495_reg_17526_pp0_iter1_reg        |    7|   0|    7|          0|
    |p_read_496_reg_17531_pp0_iter1_reg        |    7|   0|    7|          0|
    |p_read_497_reg_17536_pp0_iter1_reg        |    7|   0|    7|          0|
    |p_read_498_reg_17541_pp0_iter1_reg        |    7|   0|    7|          0|
    |p_read_499_reg_17546_pp0_iter1_reg        |    7|   0|    7|          0|
    |p_read_500_reg_17551_pp0_iter1_reg        |    7|   0|    7|          0|
    |p_read_501_reg_17556_pp0_iter1_reg        |    7|   0|    7|          0|
    |p_read_502_reg_17561_pp0_iter1_reg        |    7|   0|    7|          0|
    |p_read_503_reg_17566_pp0_iter1_reg        |    6|   0|    6|          0|
    |p_read_504_reg_17571_pp0_iter1_reg        |    7|   0|    7|          0|
    |p_read_505_reg_17576_pp0_iter1_reg        |    7|   0|    7|          0|
    |p_read_506_reg_17581_pp0_iter1_reg        |    7|   0|    7|          0|
    |p_read_507_reg_17586_pp0_iter1_reg        |    7|   0|    7|          0|
    |p_read_508_reg_17591_pp0_iter1_reg        |    7|   0|    7|          0|
    |p_read_509_reg_17596_pp0_iter1_reg        |    7|   0|    7|          0|
    |p_read_510_reg_17601_pp0_iter1_reg        |    7|   0|    7|          0|
    |p_read_511_reg_17606_pp0_iter1_reg        |    7|   0|    7|          0|
    |p_read_512_reg_17611_pp0_iter1_reg        |    7|   0|    7|          0|
    |p_read_513_reg_17616_pp0_iter1_reg        |    7|   0|    7|          0|
    |p_read_514_reg_17621_pp0_iter1_reg        |    7|   0|    7|          0|
    |p_read_515_reg_17626_pp0_iter1_reg        |    7|   0|    7|          0|
    |p_read_516_reg_17631_pp0_iter1_reg        |    7|   0|    7|          0|
    |p_read_517_reg_17636_pp0_iter1_reg        |    7|   0|    7|          0|
    |p_read_518_reg_17641_pp0_iter1_reg        |    7|   0|    7|          0|
    |p_read_519_reg_17646_pp0_iter1_reg        |    6|   0|    6|          0|
    |p_read_520_reg_17651_pp0_iter1_reg        |    7|   0|    7|          0|
    |p_read_521_reg_17656_pp0_iter1_reg        |    7|   0|    7|          0|
    |p_read_522_reg_17661_pp0_iter1_reg        |    7|   0|    7|          0|
    |p_read_523_reg_17666_pp0_iter1_reg        |    7|   0|    7|          0|
    |p_read_524_reg_17671_pp0_iter1_reg        |    7|   0|    7|          0|
    |p_read_525_reg_17676_pp0_iter1_reg        |    7|   0|    7|          0|
    |p_read_526_reg_17681_pp0_iter1_reg        |    7|   0|    7|          0|
    |p_read_527_reg_17686_pp0_iter1_reg        |    7|   0|    7|          0|
    |p_read_528_reg_17691_pp0_iter1_reg        |    7|   0|    7|          0|
    |p_read_529_reg_17696_pp0_iter1_reg        |    7|   0|    7|          0|
    |p_read_530_reg_17701_pp0_iter1_reg        |    7|   0|    7|          0|
    |p_read_531_reg_17706_pp0_iter1_reg        |    7|   0|    7|          0|
    |p_read_532_reg_17711_pp0_iter1_reg        |    7|   0|    7|          0|
    |p_read_533_reg_17716_pp0_iter1_reg        |    7|   0|    7|          0|
    |p_read_534_reg_17721_pp0_iter1_reg        |    7|   0|    7|          0|
    |p_read_535_reg_17726_pp0_iter1_reg        |    6|   0|    6|          0|
    |p_read_reg_16786_pp0_iter1_reg            |    6|   0|    6|          0|
    |w_index280_reg_2395                       |    6|   0|    6|          0|
    |w_index_reg_17741                         |    6|   0|    6|          0|
    |x_V_177358_reg_5054                       |   21|   0|   21|          0|
    |x_V_191344_reg_5068                       |   21|   0|   21|          0|
    |x_V_213322_reg_5083                       |   21|   0|   21|          0|
    |do_init_reg_2380                          |   64|  32|    1|          0|
    |icmp_ln43_reg_17746                       |   64|  32|    1|          0|
    +------------------------------------------+-----+----+-----+-----------+
    |Total                                     |17595|  64|17469|          0|
    +------------------------------------------+-----+----+-----+-----------+



================================================================
== Interface
================================================================
* Summary: 
+------------------+-----+------+------------+-------------------------------------------------------------------------------+--------------+
|     RTL Ports    | Dir | Bits |  Protocol  |                                 Source Object                                 |    C Type    |
+------------------+-----+------+------------+-------------------------------------------------------------------------------+--------------+
|ap_clk            |   in|     1|  ap_ctrl_hs|  dense_resource<ap_fixed<8, 3, 4, 0, 0>, ap_fixed<23, 12, 5, 3, 0>, config2_2>|  return value|
|ap_rst            |   in|     1|  ap_ctrl_hs|  dense_resource<ap_fixed<8, 3, 4, 0, 0>, ap_fixed<23, 12, 5, 3, 0>, config2_2>|  return value|
|ap_start          |   in|     1|  ap_ctrl_hs|  dense_resource<ap_fixed<8, 3, 4, 0, 0>, ap_fixed<23, 12, 5, 3, 0>, config2_2>|  return value|
|ap_done           |  out|     1|  ap_ctrl_hs|  dense_resource<ap_fixed<8, 3, 4, 0, 0>, ap_fixed<23, 12, 5, 3, 0>, config2_2>|  return value|
|ap_idle           |  out|     1|  ap_ctrl_hs|  dense_resource<ap_fixed<8, 3, 4, 0, 0>, ap_fixed<23, 12, 5, 3, 0>, config2_2>|  return value|
|ap_ready          |  out|     1|  ap_ctrl_hs|  dense_resource<ap_fixed<8, 3, 4, 0, 0>, ap_fixed<23, 12, 5, 3, 0>, config2_2>|  return value|
|ap_return_0       |  out|    23|  ap_ctrl_hs|  dense_resource<ap_fixed<8, 3, 4, 0, 0>, ap_fixed<23, 12, 5, 3, 0>, config2_2>|  return value|
|ap_return_1       |  out|    23|  ap_ctrl_hs|  dense_resource<ap_fixed<8, 3, 4, 0, 0>, ap_fixed<23, 12, 5, 3, 0>, config2_2>|  return value|
|ap_return_2       |  out|    23|  ap_ctrl_hs|  dense_resource<ap_fixed<8, 3, 4, 0, 0>, ap_fixed<23, 12, 5, 3, 0>, config2_2>|  return value|
|ap_return_3       |  out|    23|  ap_ctrl_hs|  dense_resource<ap_fixed<8, 3, 4, 0, 0>, ap_fixed<23, 12, 5, 3, 0>, config2_2>|  return value|
|ap_return_4       |  out|    23|  ap_ctrl_hs|  dense_resource<ap_fixed<8, 3, 4, 0, 0>, ap_fixed<23, 12, 5, 3, 0>, config2_2>|  return value|
|ap_return_5       |  out|    23|  ap_ctrl_hs|  dense_resource<ap_fixed<8, 3, 4, 0, 0>, ap_fixed<23, 12, 5, 3, 0>, config2_2>|  return value|
|ap_return_6       |  out|    23|  ap_ctrl_hs|  dense_resource<ap_fixed<8, 3, 4, 0, 0>, ap_fixed<23, 12, 5, 3, 0>, config2_2>|  return value|
|ap_return_7       |  out|    23|  ap_ctrl_hs|  dense_resource<ap_fixed<8, 3, 4, 0, 0>, ap_fixed<23, 12, 5, 3, 0>, config2_2>|  return value|
|ap_return_8       |  out|    23|  ap_ctrl_hs|  dense_resource<ap_fixed<8, 3, 4, 0, 0>, ap_fixed<23, 12, 5, 3, 0>, config2_2>|  return value|
|ap_return_9       |  out|    23|  ap_ctrl_hs|  dense_resource<ap_fixed<8, 3, 4, 0, 0>, ap_fixed<23, 12, 5, 3, 0>, config2_2>|  return value|
|ap_return_10      |  out|    23|  ap_ctrl_hs|  dense_resource<ap_fixed<8, 3, 4, 0, 0>, ap_fixed<23, 12, 5, 3, 0>, config2_2>|  return value|
|ap_return_11      |  out|    23|  ap_ctrl_hs|  dense_resource<ap_fixed<8, 3, 4, 0, 0>, ap_fixed<23, 12, 5, 3, 0>, config2_2>|  return value|
|ap_return_12      |  out|    23|  ap_ctrl_hs|  dense_resource<ap_fixed<8, 3, 4, 0, 0>, ap_fixed<23, 12, 5, 3, 0>, config2_2>|  return value|
|ap_return_13      |  out|    23|  ap_ctrl_hs|  dense_resource<ap_fixed<8, 3, 4, 0, 0>, ap_fixed<23, 12, 5, 3, 0>, config2_2>|  return value|
|ap_return_14      |  out|    23|  ap_ctrl_hs|  dense_resource<ap_fixed<8, 3, 4, 0, 0>, ap_fixed<23, 12, 5, 3, 0>, config2_2>|  return value|
|ap_return_15      |  out|    23|  ap_ctrl_hs|  dense_resource<ap_fixed<8, 3, 4, 0, 0>, ap_fixed<23, 12, 5, 3, 0>, config2_2>|  return value|
|ap_return_16      |  out|    23|  ap_ctrl_hs|  dense_resource<ap_fixed<8, 3, 4, 0, 0>, ap_fixed<23, 12, 5, 3, 0>, config2_2>|  return value|
|ap_return_17      |  out|    23|  ap_ctrl_hs|  dense_resource<ap_fixed<8, 3, 4, 0, 0>, ap_fixed<23, 12, 5, 3, 0>, config2_2>|  return value|
|ap_return_18      |  out|    23|  ap_ctrl_hs|  dense_resource<ap_fixed<8, 3, 4, 0, 0>, ap_fixed<23, 12, 5, 3, 0>, config2_2>|  return value|
|ap_return_19      |  out|    23|  ap_ctrl_hs|  dense_resource<ap_fixed<8, 3, 4, 0, 0>, ap_fixed<23, 12, 5, 3, 0>, config2_2>|  return value|
|ap_return_20      |  out|    23|  ap_ctrl_hs|  dense_resource<ap_fixed<8, 3, 4, 0, 0>, ap_fixed<23, 12, 5, 3, 0>, config2_2>|  return value|
|ap_return_21      |  out|    23|  ap_ctrl_hs|  dense_resource<ap_fixed<8, 3, 4, 0, 0>, ap_fixed<23, 12, 5, 3, 0>, config2_2>|  return value|
|ap_return_22      |  out|    23|  ap_ctrl_hs|  dense_resource<ap_fixed<8, 3, 4, 0, 0>, ap_fixed<23, 12, 5, 3, 0>, config2_2>|  return value|
|ap_return_23      |  out|    23|  ap_ctrl_hs|  dense_resource<ap_fixed<8, 3, 4, 0, 0>, ap_fixed<23, 12, 5, 3, 0>, config2_2>|  return value|
|ap_return_24      |  out|    23|  ap_ctrl_hs|  dense_resource<ap_fixed<8, 3, 4, 0, 0>, ap_fixed<23, 12, 5, 3, 0>, config2_2>|  return value|
|ap_return_25      |  out|    23|  ap_ctrl_hs|  dense_resource<ap_fixed<8, 3, 4, 0, 0>, ap_fixed<23, 12, 5, 3, 0>, config2_2>|  return value|
|ap_return_26      |  out|    23|  ap_ctrl_hs|  dense_resource<ap_fixed<8, 3, 4, 0, 0>, ap_fixed<23, 12, 5, 3, 0>, config2_2>|  return value|
|ap_return_27      |  out|    23|  ap_ctrl_hs|  dense_resource<ap_fixed<8, 3, 4, 0, 0>, ap_fixed<23, 12, 5, 3, 0>, config2_2>|  return value|
|ap_return_28      |  out|    23|  ap_ctrl_hs|  dense_resource<ap_fixed<8, 3, 4, 0, 0>, ap_fixed<23, 12, 5, 3, 0>, config2_2>|  return value|
|ap_return_29      |  out|    23|  ap_ctrl_hs|  dense_resource<ap_fixed<8, 3, 4, 0, 0>, ap_fixed<23, 12, 5, 3, 0>, config2_2>|  return value|
|ap_return_30      |  out|    23|  ap_ctrl_hs|  dense_resource<ap_fixed<8, 3, 4, 0, 0>, ap_fixed<23, 12, 5, 3, 0>, config2_2>|  return value|
|ap_return_31      |  out|    23|  ap_ctrl_hs|  dense_resource<ap_fixed<8, 3, 4, 0, 0>, ap_fixed<23, 12, 5, 3, 0>, config2_2>|  return value|
|ap_return_32      |  out|    23|  ap_ctrl_hs|  dense_resource<ap_fixed<8, 3, 4, 0, 0>, ap_fixed<23, 12, 5, 3, 0>, config2_2>|  return value|
|ap_return_33      |  out|    23|  ap_ctrl_hs|  dense_resource<ap_fixed<8, 3, 4, 0, 0>, ap_fixed<23, 12, 5, 3, 0>, config2_2>|  return value|
|ap_return_34      |  out|    23|  ap_ctrl_hs|  dense_resource<ap_fixed<8, 3, 4, 0, 0>, ap_fixed<23, 12, 5, 3, 0>, config2_2>|  return value|
|ap_return_35      |  out|    23|  ap_ctrl_hs|  dense_resource<ap_fixed<8, 3, 4, 0, 0>, ap_fixed<23, 12, 5, 3, 0>, config2_2>|  return value|
|ap_return_36      |  out|    23|  ap_ctrl_hs|  dense_resource<ap_fixed<8, 3, 4, 0, 0>, ap_fixed<23, 12, 5, 3, 0>, config2_2>|  return value|
|ap_return_37      |  out|    23|  ap_ctrl_hs|  dense_resource<ap_fixed<8, 3, 4, 0, 0>, ap_fixed<23, 12, 5, 3, 0>, config2_2>|  return value|
|ap_return_38      |  out|    23|  ap_ctrl_hs|  dense_resource<ap_fixed<8, 3, 4, 0, 0>, ap_fixed<23, 12, 5, 3, 0>, config2_2>|  return value|
|ap_return_39      |  out|    23|  ap_ctrl_hs|  dense_resource<ap_fixed<8, 3, 4, 0, 0>, ap_fixed<23, 12, 5, 3, 0>, config2_2>|  return value|
|ap_return_40      |  out|    23|  ap_ctrl_hs|  dense_resource<ap_fixed<8, 3, 4, 0, 0>, ap_fixed<23, 12, 5, 3, 0>, config2_2>|  return value|
|ap_return_41      |  out|    23|  ap_ctrl_hs|  dense_resource<ap_fixed<8, 3, 4, 0, 0>, ap_fixed<23, 12, 5, 3, 0>, config2_2>|  return value|
|ap_return_42      |  out|    23|  ap_ctrl_hs|  dense_resource<ap_fixed<8, 3, 4, 0, 0>, ap_fixed<23, 12, 5, 3, 0>, config2_2>|  return value|
|ap_return_43      |  out|    23|  ap_ctrl_hs|  dense_resource<ap_fixed<8, 3, 4, 0, 0>, ap_fixed<23, 12, 5, 3, 0>, config2_2>|  return value|
|ap_return_44      |  out|    23|  ap_ctrl_hs|  dense_resource<ap_fixed<8, 3, 4, 0, 0>, ap_fixed<23, 12, 5, 3, 0>, config2_2>|  return value|
|ap_return_45      |  out|    23|  ap_ctrl_hs|  dense_resource<ap_fixed<8, 3, 4, 0, 0>, ap_fixed<23, 12, 5, 3, 0>, config2_2>|  return value|
|ap_return_46      |  out|    23|  ap_ctrl_hs|  dense_resource<ap_fixed<8, 3, 4, 0, 0>, ap_fixed<23, 12, 5, 3, 0>, config2_2>|  return value|
|ap_return_47      |  out|    23|  ap_ctrl_hs|  dense_resource<ap_fixed<8, 3, 4, 0, 0>, ap_fixed<23, 12, 5, 3, 0>, config2_2>|  return value|
|ap_return_48      |  out|    23|  ap_ctrl_hs|  dense_resource<ap_fixed<8, 3, 4, 0, 0>, ap_fixed<23, 12, 5, 3, 0>, config2_2>|  return value|
|ap_return_49      |  out|    23|  ap_ctrl_hs|  dense_resource<ap_fixed<8, 3, 4, 0, 0>, ap_fixed<23, 12, 5, 3, 0>, config2_2>|  return value|
|ap_return_50      |  out|    23|  ap_ctrl_hs|  dense_resource<ap_fixed<8, 3, 4, 0, 0>, ap_fixed<23, 12, 5, 3, 0>, config2_2>|  return value|
|ap_return_51      |  out|    23|  ap_ctrl_hs|  dense_resource<ap_fixed<8, 3, 4, 0, 0>, ap_fixed<23, 12, 5, 3, 0>, config2_2>|  return value|
|ap_return_52      |  out|    23|  ap_ctrl_hs|  dense_resource<ap_fixed<8, 3, 4, 0, 0>, ap_fixed<23, 12, 5, 3, 0>, config2_2>|  return value|
|ap_return_53      |  out|    23|  ap_ctrl_hs|  dense_resource<ap_fixed<8, 3, 4, 0, 0>, ap_fixed<23, 12, 5, 3, 0>, config2_2>|  return value|
|ap_return_54      |  out|    23|  ap_ctrl_hs|  dense_resource<ap_fixed<8, 3, 4, 0, 0>, ap_fixed<23, 12, 5, 3, 0>, config2_2>|  return value|
|ap_return_55      |  out|    23|  ap_ctrl_hs|  dense_resource<ap_fixed<8, 3, 4, 0, 0>, ap_fixed<23, 12, 5, 3, 0>, config2_2>|  return value|
|ap_return_56      |  out|    23|  ap_ctrl_hs|  dense_resource<ap_fixed<8, 3, 4, 0, 0>, ap_fixed<23, 12, 5, 3, 0>, config2_2>|  return value|
|ap_return_57      |  out|    23|  ap_ctrl_hs|  dense_resource<ap_fixed<8, 3, 4, 0, 0>, ap_fixed<23, 12, 5, 3, 0>, config2_2>|  return value|
|ap_return_58      |  out|    23|  ap_ctrl_hs|  dense_resource<ap_fixed<8, 3, 4, 0, 0>, ap_fixed<23, 12, 5, 3, 0>, config2_2>|  return value|
|ap_return_59      |  out|    23|  ap_ctrl_hs|  dense_resource<ap_fixed<8, 3, 4, 0, 0>, ap_fixed<23, 12, 5, 3, 0>, config2_2>|  return value|
|ap_return_60      |  out|    23|  ap_ctrl_hs|  dense_resource<ap_fixed<8, 3, 4, 0, 0>, ap_fixed<23, 12, 5, 3, 0>, config2_2>|  return value|
|ap_return_61      |  out|    23|  ap_ctrl_hs|  dense_resource<ap_fixed<8, 3, 4, 0, 0>, ap_fixed<23, 12, 5, 3, 0>, config2_2>|  return value|
|ap_return_62      |  out|    23|  ap_ctrl_hs|  dense_resource<ap_fixed<8, 3, 4, 0, 0>, ap_fixed<23, 12, 5, 3, 0>, config2_2>|  return value|
|ap_return_63      |  out|    23|  ap_ctrl_hs|  dense_resource<ap_fixed<8, 3, 4, 0, 0>, ap_fixed<23, 12, 5, 3, 0>, config2_2>|  return value|
|ap_return_64      |  out|    23|  ap_ctrl_hs|  dense_resource<ap_fixed<8, 3, 4, 0, 0>, ap_fixed<23, 12, 5, 3, 0>, config2_2>|  return value|
|ap_return_65      |  out|    23|  ap_ctrl_hs|  dense_resource<ap_fixed<8, 3, 4, 0, 0>, ap_fixed<23, 12, 5, 3, 0>, config2_2>|  return value|
|ap_return_66      |  out|    23|  ap_ctrl_hs|  dense_resource<ap_fixed<8, 3, 4, 0, 0>, ap_fixed<23, 12, 5, 3, 0>, config2_2>|  return value|
|ap_return_67      |  out|    23|  ap_ctrl_hs|  dense_resource<ap_fixed<8, 3, 4, 0, 0>, ap_fixed<23, 12, 5, 3, 0>, config2_2>|  return value|
|ap_return_68      |  out|    23|  ap_ctrl_hs|  dense_resource<ap_fixed<8, 3, 4, 0, 0>, ap_fixed<23, 12, 5, 3, 0>, config2_2>|  return value|
|ap_return_69      |  out|    23|  ap_ctrl_hs|  dense_resource<ap_fixed<8, 3, 4, 0, 0>, ap_fixed<23, 12, 5, 3, 0>, config2_2>|  return value|
|ap_return_70      |  out|    23|  ap_ctrl_hs|  dense_resource<ap_fixed<8, 3, 4, 0, 0>, ap_fixed<23, 12, 5, 3, 0>, config2_2>|  return value|
|ap_return_71      |  out|    23|  ap_ctrl_hs|  dense_resource<ap_fixed<8, 3, 4, 0, 0>, ap_fixed<23, 12, 5, 3, 0>, config2_2>|  return value|
|ap_return_72      |  out|    23|  ap_ctrl_hs|  dense_resource<ap_fixed<8, 3, 4, 0, 0>, ap_fixed<23, 12, 5, 3, 0>, config2_2>|  return value|
|ap_return_73      |  out|    23|  ap_ctrl_hs|  dense_resource<ap_fixed<8, 3, 4, 0, 0>, ap_fixed<23, 12, 5, 3, 0>, config2_2>|  return value|
|ap_return_74      |  out|    23|  ap_ctrl_hs|  dense_resource<ap_fixed<8, 3, 4, 0, 0>, ap_fixed<23, 12, 5, 3, 0>, config2_2>|  return value|
|ap_return_75      |  out|    23|  ap_ctrl_hs|  dense_resource<ap_fixed<8, 3, 4, 0, 0>, ap_fixed<23, 12, 5, 3, 0>, config2_2>|  return value|
|ap_return_76      |  out|    23|  ap_ctrl_hs|  dense_resource<ap_fixed<8, 3, 4, 0, 0>, ap_fixed<23, 12, 5, 3, 0>, config2_2>|  return value|
|ap_return_77      |  out|    23|  ap_ctrl_hs|  dense_resource<ap_fixed<8, 3, 4, 0, 0>, ap_fixed<23, 12, 5, 3, 0>, config2_2>|  return value|
|ap_return_78      |  out|    23|  ap_ctrl_hs|  dense_resource<ap_fixed<8, 3, 4, 0, 0>, ap_fixed<23, 12, 5, 3, 0>, config2_2>|  return value|
|ap_return_79      |  out|    23|  ap_ctrl_hs|  dense_resource<ap_fixed<8, 3, 4, 0, 0>, ap_fixed<23, 12, 5, 3, 0>, config2_2>|  return value|
|ap_return_80      |  out|    23|  ap_ctrl_hs|  dense_resource<ap_fixed<8, 3, 4, 0, 0>, ap_fixed<23, 12, 5, 3, 0>, config2_2>|  return value|
|ap_return_81      |  out|    23|  ap_ctrl_hs|  dense_resource<ap_fixed<8, 3, 4, 0, 0>, ap_fixed<23, 12, 5, 3, 0>, config2_2>|  return value|
|ap_return_82      |  out|    23|  ap_ctrl_hs|  dense_resource<ap_fixed<8, 3, 4, 0, 0>, ap_fixed<23, 12, 5, 3, 0>, config2_2>|  return value|
|ap_return_83      |  out|    23|  ap_ctrl_hs|  dense_resource<ap_fixed<8, 3, 4, 0, 0>, ap_fixed<23, 12, 5, 3, 0>, config2_2>|  return value|
|ap_return_84      |  out|    23|  ap_ctrl_hs|  dense_resource<ap_fixed<8, 3, 4, 0, 0>, ap_fixed<23, 12, 5, 3, 0>, config2_2>|  return value|
|ap_return_85      |  out|    23|  ap_ctrl_hs|  dense_resource<ap_fixed<8, 3, 4, 0, 0>, ap_fixed<23, 12, 5, 3, 0>, config2_2>|  return value|
|ap_return_86      |  out|    23|  ap_ctrl_hs|  dense_resource<ap_fixed<8, 3, 4, 0, 0>, ap_fixed<23, 12, 5, 3, 0>, config2_2>|  return value|
|ap_return_87      |  out|    23|  ap_ctrl_hs|  dense_resource<ap_fixed<8, 3, 4, 0, 0>, ap_fixed<23, 12, 5, 3, 0>, config2_2>|  return value|
|ap_return_88      |  out|    23|  ap_ctrl_hs|  dense_resource<ap_fixed<8, 3, 4, 0, 0>, ap_fixed<23, 12, 5, 3, 0>, config2_2>|  return value|
|ap_return_89      |  out|    23|  ap_ctrl_hs|  dense_resource<ap_fixed<8, 3, 4, 0, 0>, ap_fixed<23, 12, 5, 3, 0>, config2_2>|  return value|
|ap_return_90      |  out|    23|  ap_ctrl_hs|  dense_resource<ap_fixed<8, 3, 4, 0, 0>, ap_fixed<23, 12, 5, 3, 0>, config2_2>|  return value|
|ap_return_91      |  out|    23|  ap_ctrl_hs|  dense_resource<ap_fixed<8, 3, 4, 0, 0>, ap_fixed<23, 12, 5, 3, 0>, config2_2>|  return value|
|ap_return_92      |  out|    23|  ap_ctrl_hs|  dense_resource<ap_fixed<8, 3, 4, 0, 0>, ap_fixed<23, 12, 5, 3, 0>, config2_2>|  return value|
|ap_return_93      |  out|    23|  ap_ctrl_hs|  dense_resource<ap_fixed<8, 3, 4, 0, 0>, ap_fixed<23, 12, 5, 3, 0>, config2_2>|  return value|
|ap_return_94      |  out|    23|  ap_ctrl_hs|  dense_resource<ap_fixed<8, 3, 4, 0, 0>, ap_fixed<23, 12, 5, 3, 0>, config2_2>|  return value|
|ap_return_95      |  out|    23|  ap_ctrl_hs|  dense_resource<ap_fixed<8, 3, 4, 0, 0>, ap_fixed<23, 12, 5, 3, 0>, config2_2>|  return value|
|ap_return_96      |  out|    23|  ap_ctrl_hs|  dense_resource<ap_fixed<8, 3, 4, 0, 0>, ap_fixed<23, 12, 5, 3, 0>, config2_2>|  return value|
|ap_return_97      |  out|    23|  ap_ctrl_hs|  dense_resource<ap_fixed<8, 3, 4, 0, 0>, ap_fixed<23, 12, 5, 3, 0>, config2_2>|  return value|
|ap_return_98      |  out|    23|  ap_ctrl_hs|  dense_resource<ap_fixed<8, 3, 4, 0, 0>, ap_fixed<23, 12, 5, 3, 0>, config2_2>|  return value|
|ap_return_99      |  out|    23|  ap_ctrl_hs|  dense_resource<ap_fixed<8, 3, 4, 0, 0>, ap_fixed<23, 12, 5, 3, 0>, config2_2>|  return value|
|ap_return_100     |  out|    23|  ap_ctrl_hs|  dense_resource<ap_fixed<8, 3, 4, 0, 0>, ap_fixed<23, 12, 5, 3, 0>, config2_2>|  return value|
|ap_return_101     |  out|    23|  ap_ctrl_hs|  dense_resource<ap_fixed<8, 3, 4, 0, 0>, ap_fixed<23, 12, 5, 3, 0>, config2_2>|  return value|
|ap_return_102     |  out|    23|  ap_ctrl_hs|  dense_resource<ap_fixed<8, 3, 4, 0, 0>, ap_fixed<23, 12, 5, 3, 0>, config2_2>|  return value|
|ap_return_103     |  out|    23|  ap_ctrl_hs|  dense_resource<ap_fixed<8, 3, 4, 0, 0>, ap_fixed<23, 12, 5, 3, 0>, config2_2>|  return value|
|ap_return_104     |  out|    23|  ap_ctrl_hs|  dense_resource<ap_fixed<8, 3, 4, 0, 0>, ap_fixed<23, 12, 5, 3, 0>, config2_2>|  return value|
|ap_return_105     |  out|    23|  ap_ctrl_hs|  dense_resource<ap_fixed<8, 3, 4, 0, 0>, ap_fixed<23, 12, 5, 3, 0>, config2_2>|  return value|
|ap_return_106     |  out|    23|  ap_ctrl_hs|  dense_resource<ap_fixed<8, 3, 4, 0, 0>, ap_fixed<23, 12, 5, 3, 0>, config2_2>|  return value|
|ap_return_107     |  out|    23|  ap_ctrl_hs|  dense_resource<ap_fixed<8, 3, 4, 0, 0>, ap_fixed<23, 12, 5, 3, 0>, config2_2>|  return value|
|ap_return_108     |  out|    23|  ap_ctrl_hs|  dense_resource<ap_fixed<8, 3, 4, 0, 0>, ap_fixed<23, 12, 5, 3, 0>, config2_2>|  return value|
|ap_return_109     |  out|    23|  ap_ctrl_hs|  dense_resource<ap_fixed<8, 3, 4, 0, 0>, ap_fixed<23, 12, 5, 3, 0>, config2_2>|  return value|
|ap_return_110     |  out|    23|  ap_ctrl_hs|  dense_resource<ap_fixed<8, 3, 4, 0, 0>, ap_fixed<23, 12, 5, 3, 0>, config2_2>|  return value|
|ap_return_111     |  out|    23|  ap_ctrl_hs|  dense_resource<ap_fixed<8, 3, 4, 0, 0>, ap_fixed<23, 12, 5, 3, 0>, config2_2>|  return value|
|ap_return_112     |  out|    23|  ap_ctrl_hs|  dense_resource<ap_fixed<8, 3, 4, 0, 0>, ap_fixed<23, 12, 5, 3, 0>, config2_2>|  return value|
|ap_return_113     |  out|    23|  ap_ctrl_hs|  dense_resource<ap_fixed<8, 3, 4, 0, 0>, ap_fixed<23, 12, 5, 3, 0>, config2_2>|  return value|
|ap_return_114     |  out|    23|  ap_ctrl_hs|  dense_resource<ap_fixed<8, 3, 4, 0, 0>, ap_fixed<23, 12, 5, 3, 0>, config2_2>|  return value|
|ap_return_115     |  out|    23|  ap_ctrl_hs|  dense_resource<ap_fixed<8, 3, 4, 0, 0>, ap_fixed<23, 12, 5, 3, 0>, config2_2>|  return value|
|ap_return_116     |  out|    23|  ap_ctrl_hs|  dense_resource<ap_fixed<8, 3, 4, 0, 0>, ap_fixed<23, 12, 5, 3, 0>, config2_2>|  return value|
|ap_return_117     |  out|    23|  ap_ctrl_hs|  dense_resource<ap_fixed<8, 3, 4, 0, 0>, ap_fixed<23, 12, 5, 3, 0>, config2_2>|  return value|
|ap_return_118     |  out|    23|  ap_ctrl_hs|  dense_resource<ap_fixed<8, 3, 4, 0, 0>, ap_fixed<23, 12, 5, 3, 0>, config2_2>|  return value|
|ap_return_119     |  out|    23|  ap_ctrl_hs|  dense_resource<ap_fixed<8, 3, 4, 0, 0>, ap_fixed<23, 12, 5, 3, 0>, config2_2>|  return value|
|ap_return_120     |  out|    23|  ap_ctrl_hs|  dense_resource<ap_fixed<8, 3, 4, 0, 0>, ap_fixed<23, 12, 5, 3, 0>, config2_2>|  return value|
|ap_return_121     |  out|    23|  ap_ctrl_hs|  dense_resource<ap_fixed<8, 3, 4, 0, 0>, ap_fixed<23, 12, 5, 3, 0>, config2_2>|  return value|
|ap_return_122     |  out|    23|  ap_ctrl_hs|  dense_resource<ap_fixed<8, 3, 4, 0, 0>, ap_fixed<23, 12, 5, 3, 0>, config2_2>|  return value|
|ap_return_123     |  out|    23|  ap_ctrl_hs|  dense_resource<ap_fixed<8, 3, 4, 0, 0>, ap_fixed<23, 12, 5, 3, 0>, config2_2>|  return value|
|ap_return_124     |  out|    23|  ap_ctrl_hs|  dense_resource<ap_fixed<8, 3, 4, 0, 0>, ap_fixed<23, 12, 5, 3, 0>, config2_2>|  return value|
|ap_return_125     |  out|    23|  ap_ctrl_hs|  dense_resource<ap_fixed<8, 3, 4, 0, 0>, ap_fixed<23, 12, 5, 3, 0>, config2_2>|  return value|
|ap_return_126     |  out|    23|  ap_ctrl_hs|  dense_resource<ap_fixed<8, 3, 4, 0, 0>, ap_fixed<23, 12, 5, 3, 0>, config2_2>|  return value|
|ap_return_127     |  out|    23|  ap_ctrl_hs|  dense_resource<ap_fixed<8, 3, 4, 0, 0>, ap_fixed<23, 12, 5, 3, 0>, config2_2>|  return value|
|ap_return_128     |  out|    23|  ap_ctrl_hs|  dense_resource<ap_fixed<8, 3, 4, 0, 0>, ap_fixed<23, 12, 5, 3, 0>, config2_2>|  return value|
|ap_return_129     |  out|    23|  ap_ctrl_hs|  dense_resource<ap_fixed<8, 3, 4, 0, 0>, ap_fixed<23, 12, 5, 3, 0>, config2_2>|  return value|
|ap_return_130     |  out|    23|  ap_ctrl_hs|  dense_resource<ap_fixed<8, 3, 4, 0, 0>, ap_fixed<23, 12, 5, 3, 0>, config2_2>|  return value|
|ap_return_131     |  out|    23|  ap_ctrl_hs|  dense_resource<ap_fixed<8, 3, 4, 0, 0>, ap_fixed<23, 12, 5, 3, 0>, config2_2>|  return value|
|ap_return_132     |  out|    23|  ap_ctrl_hs|  dense_resource<ap_fixed<8, 3, 4, 0, 0>, ap_fixed<23, 12, 5, 3, 0>, config2_2>|  return value|
|ap_return_133     |  out|    23|  ap_ctrl_hs|  dense_resource<ap_fixed<8, 3, 4, 0, 0>, ap_fixed<23, 12, 5, 3, 0>, config2_2>|  return value|
|ap_return_134     |  out|    23|  ap_ctrl_hs|  dense_resource<ap_fixed<8, 3, 4, 0, 0>, ap_fixed<23, 12, 5, 3, 0>, config2_2>|  return value|
|ap_return_135     |  out|    23|  ap_ctrl_hs|  dense_resource<ap_fixed<8, 3, 4, 0, 0>, ap_fixed<23, 12, 5, 3, 0>, config2_2>|  return value|
|ap_return_136     |  out|    23|  ap_ctrl_hs|  dense_resource<ap_fixed<8, 3, 4, 0, 0>, ap_fixed<23, 12, 5, 3, 0>, config2_2>|  return value|
|ap_return_137     |  out|    23|  ap_ctrl_hs|  dense_resource<ap_fixed<8, 3, 4, 0, 0>, ap_fixed<23, 12, 5, 3, 0>, config2_2>|  return value|
|ap_return_138     |  out|    23|  ap_ctrl_hs|  dense_resource<ap_fixed<8, 3, 4, 0, 0>, ap_fixed<23, 12, 5, 3, 0>, config2_2>|  return value|
|ap_return_139     |  out|    23|  ap_ctrl_hs|  dense_resource<ap_fixed<8, 3, 4, 0, 0>, ap_fixed<23, 12, 5, 3, 0>, config2_2>|  return value|
|ap_return_140     |  out|    23|  ap_ctrl_hs|  dense_resource<ap_fixed<8, 3, 4, 0, 0>, ap_fixed<23, 12, 5, 3, 0>, config2_2>|  return value|
|ap_return_141     |  out|    23|  ap_ctrl_hs|  dense_resource<ap_fixed<8, 3, 4, 0, 0>, ap_fixed<23, 12, 5, 3, 0>, config2_2>|  return value|
|ap_return_142     |  out|    23|  ap_ctrl_hs|  dense_resource<ap_fixed<8, 3, 4, 0, 0>, ap_fixed<23, 12, 5, 3, 0>, config2_2>|  return value|
|ap_return_143     |  out|    23|  ap_ctrl_hs|  dense_resource<ap_fixed<8, 3, 4, 0, 0>, ap_fixed<23, 12, 5, 3, 0>, config2_2>|  return value|
|ap_return_144     |  out|    23|  ap_ctrl_hs|  dense_resource<ap_fixed<8, 3, 4, 0, 0>, ap_fixed<23, 12, 5, 3, 0>, config2_2>|  return value|
|ap_return_145     |  out|    23|  ap_ctrl_hs|  dense_resource<ap_fixed<8, 3, 4, 0, 0>, ap_fixed<23, 12, 5, 3, 0>, config2_2>|  return value|
|ap_return_146     |  out|    23|  ap_ctrl_hs|  dense_resource<ap_fixed<8, 3, 4, 0, 0>, ap_fixed<23, 12, 5, 3, 0>, config2_2>|  return value|
|ap_return_147     |  out|    23|  ap_ctrl_hs|  dense_resource<ap_fixed<8, 3, 4, 0, 0>, ap_fixed<23, 12, 5, 3, 0>, config2_2>|  return value|
|ap_return_148     |  out|    23|  ap_ctrl_hs|  dense_resource<ap_fixed<8, 3, 4, 0, 0>, ap_fixed<23, 12, 5, 3, 0>, config2_2>|  return value|
|ap_return_149     |  out|    23|  ap_ctrl_hs|  dense_resource<ap_fixed<8, 3, 4, 0, 0>, ap_fixed<23, 12, 5, 3, 0>, config2_2>|  return value|
|ap_return_150     |  out|    23|  ap_ctrl_hs|  dense_resource<ap_fixed<8, 3, 4, 0, 0>, ap_fixed<23, 12, 5, 3, 0>, config2_2>|  return value|
|ap_return_151     |  out|    23|  ap_ctrl_hs|  dense_resource<ap_fixed<8, 3, 4, 0, 0>, ap_fixed<23, 12, 5, 3, 0>, config2_2>|  return value|
|ap_return_152     |  out|    23|  ap_ctrl_hs|  dense_resource<ap_fixed<8, 3, 4, 0, 0>, ap_fixed<23, 12, 5, 3, 0>, config2_2>|  return value|
|ap_return_153     |  out|    23|  ap_ctrl_hs|  dense_resource<ap_fixed<8, 3, 4, 0, 0>, ap_fixed<23, 12, 5, 3, 0>, config2_2>|  return value|
|ap_return_154     |  out|    23|  ap_ctrl_hs|  dense_resource<ap_fixed<8, 3, 4, 0, 0>, ap_fixed<23, 12, 5, 3, 0>, config2_2>|  return value|
|ap_return_155     |  out|    23|  ap_ctrl_hs|  dense_resource<ap_fixed<8, 3, 4, 0, 0>, ap_fixed<23, 12, 5, 3, 0>, config2_2>|  return value|
|ap_return_156     |  out|    23|  ap_ctrl_hs|  dense_resource<ap_fixed<8, 3, 4, 0, 0>, ap_fixed<23, 12, 5, 3, 0>, config2_2>|  return value|
|ap_return_157     |  out|    23|  ap_ctrl_hs|  dense_resource<ap_fixed<8, 3, 4, 0, 0>, ap_fixed<23, 12, 5, 3, 0>, config2_2>|  return value|
|ap_return_158     |  out|    23|  ap_ctrl_hs|  dense_resource<ap_fixed<8, 3, 4, 0, 0>, ap_fixed<23, 12, 5, 3, 0>, config2_2>|  return value|
|ap_return_159     |  out|    23|  ap_ctrl_hs|  dense_resource<ap_fixed<8, 3, 4, 0, 0>, ap_fixed<23, 12, 5, 3, 0>, config2_2>|  return value|
|ap_return_160     |  out|    23|  ap_ctrl_hs|  dense_resource<ap_fixed<8, 3, 4, 0, 0>, ap_fixed<23, 12, 5, 3, 0>, config2_2>|  return value|
|ap_return_161     |  out|    23|  ap_ctrl_hs|  dense_resource<ap_fixed<8, 3, 4, 0, 0>, ap_fixed<23, 12, 5, 3, 0>, config2_2>|  return value|
|ap_return_162     |  out|    23|  ap_ctrl_hs|  dense_resource<ap_fixed<8, 3, 4, 0, 0>, ap_fixed<23, 12, 5, 3, 0>, config2_2>|  return value|
|ap_return_163     |  out|    23|  ap_ctrl_hs|  dense_resource<ap_fixed<8, 3, 4, 0, 0>, ap_fixed<23, 12, 5, 3, 0>, config2_2>|  return value|
|ap_return_164     |  out|    23|  ap_ctrl_hs|  dense_resource<ap_fixed<8, 3, 4, 0, 0>, ap_fixed<23, 12, 5, 3, 0>, config2_2>|  return value|
|ap_return_165     |  out|    23|  ap_ctrl_hs|  dense_resource<ap_fixed<8, 3, 4, 0, 0>, ap_fixed<23, 12, 5, 3, 0>, config2_2>|  return value|
|ap_return_166     |  out|    23|  ap_ctrl_hs|  dense_resource<ap_fixed<8, 3, 4, 0, 0>, ap_fixed<23, 12, 5, 3, 0>, config2_2>|  return value|
|ap_return_167     |  out|    23|  ap_ctrl_hs|  dense_resource<ap_fixed<8, 3, 4, 0, 0>, ap_fixed<23, 12, 5, 3, 0>, config2_2>|  return value|
|ap_return_168     |  out|    23|  ap_ctrl_hs|  dense_resource<ap_fixed<8, 3, 4, 0, 0>, ap_fixed<23, 12, 5, 3, 0>, config2_2>|  return value|
|ap_return_169     |  out|    23|  ap_ctrl_hs|  dense_resource<ap_fixed<8, 3, 4, 0, 0>, ap_fixed<23, 12, 5, 3, 0>, config2_2>|  return value|
|ap_return_170     |  out|    23|  ap_ctrl_hs|  dense_resource<ap_fixed<8, 3, 4, 0, 0>, ap_fixed<23, 12, 5, 3, 0>, config2_2>|  return value|
|ap_return_171     |  out|    23|  ap_ctrl_hs|  dense_resource<ap_fixed<8, 3, 4, 0, 0>, ap_fixed<23, 12, 5, 3, 0>, config2_2>|  return value|
|ap_return_172     |  out|    23|  ap_ctrl_hs|  dense_resource<ap_fixed<8, 3, 4, 0, 0>, ap_fixed<23, 12, 5, 3, 0>, config2_2>|  return value|
|ap_return_173     |  out|    23|  ap_ctrl_hs|  dense_resource<ap_fixed<8, 3, 4, 0, 0>, ap_fixed<23, 12, 5, 3, 0>, config2_2>|  return value|
|ap_return_174     |  out|    23|  ap_ctrl_hs|  dense_resource<ap_fixed<8, 3, 4, 0, 0>, ap_fixed<23, 12, 5, 3, 0>, config2_2>|  return value|
|ap_return_175     |  out|    23|  ap_ctrl_hs|  dense_resource<ap_fixed<8, 3, 4, 0, 0>, ap_fixed<23, 12, 5, 3, 0>, config2_2>|  return value|
|ap_return_176     |  out|    23|  ap_ctrl_hs|  dense_resource<ap_fixed<8, 3, 4, 0, 0>, ap_fixed<23, 12, 5, 3, 0>, config2_2>|  return value|
|ap_return_177     |  out|    23|  ap_ctrl_hs|  dense_resource<ap_fixed<8, 3, 4, 0, 0>, ap_fixed<23, 12, 5, 3, 0>, config2_2>|  return value|
|ap_return_178     |  out|    23|  ap_ctrl_hs|  dense_resource<ap_fixed<8, 3, 4, 0, 0>, ap_fixed<23, 12, 5, 3, 0>, config2_2>|  return value|
|ap_return_179     |  out|    23|  ap_ctrl_hs|  dense_resource<ap_fixed<8, 3, 4, 0, 0>, ap_fixed<23, 12, 5, 3, 0>, config2_2>|  return value|
|ap_return_180     |  out|    23|  ap_ctrl_hs|  dense_resource<ap_fixed<8, 3, 4, 0, 0>, ap_fixed<23, 12, 5, 3, 0>, config2_2>|  return value|
|ap_return_181     |  out|    23|  ap_ctrl_hs|  dense_resource<ap_fixed<8, 3, 4, 0, 0>, ap_fixed<23, 12, 5, 3, 0>, config2_2>|  return value|
|ap_return_182     |  out|    23|  ap_ctrl_hs|  dense_resource<ap_fixed<8, 3, 4, 0, 0>, ap_fixed<23, 12, 5, 3, 0>, config2_2>|  return value|
|ap_return_183     |  out|    23|  ap_ctrl_hs|  dense_resource<ap_fixed<8, 3, 4, 0, 0>, ap_fixed<23, 12, 5, 3, 0>, config2_2>|  return value|
|ap_return_184     |  out|    23|  ap_ctrl_hs|  dense_resource<ap_fixed<8, 3, 4, 0, 0>, ap_fixed<23, 12, 5, 3, 0>, config2_2>|  return value|
|ap_return_185     |  out|    23|  ap_ctrl_hs|  dense_resource<ap_fixed<8, 3, 4, 0, 0>, ap_fixed<23, 12, 5, 3, 0>, config2_2>|  return value|
|ap_return_186     |  out|    23|  ap_ctrl_hs|  dense_resource<ap_fixed<8, 3, 4, 0, 0>, ap_fixed<23, 12, 5, 3, 0>, config2_2>|  return value|
|ap_return_187     |  out|    23|  ap_ctrl_hs|  dense_resource<ap_fixed<8, 3, 4, 0, 0>, ap_fixed<23, 12, 5, 3, 0>, config2_2>|  return value|
|ap_return_188     |  out|    23|  ap_ctrl_hs|  dense_resource<ap_fixed<8, 3, 4, 0, 0>, ap_fixed<23, 12, 5, 3, 0>, config2_2>|  return value|
|ap_return_189     |  out|    23|  ap_ctrl_hs|  dense_resource<ap_fixed<8, 3, 4, 0, 0>, ap_fixed<23, 12, 5, 3, 0>, config2_2>|  return value|
|ap_return_190     |  out|    23|  ap_ctrl_hs|  dense_resource<ap_fixed<8, 3, 4, 0, 0>, ap_fixed<23, 12, 5, 3, 0>, config2_2>|  return value|
|ap_return_191     |  out|    23|  ap_ctrl_hs|  dense_resource<ap_fixed<8, 3, 4, 0, 0>, ap_fixed<23, 12, 5, 3, 0>, config2_2>|  return value|
|data_address0     |  out|     6|   ap_memory|                                                                           data|         array|
|data_ce0          |  out|     1|   ap_memory|                                                                           data|         array|
|data_q0           |   in|     8|   ap_memory|                                                                           data|         array|
|weights_address0  |  out|     6|   ap_memory|                                                                        weights|         array|
|weights_ce0       |  out|     1|   ap_memory|                                                                        weights|         array|
|weights_q0        |   in|  1536|   ap_memory|                                                                        weights|         array|
|p_read192         |   in|     6|     ap_none|                                                                      p_read192|        scalar|
|p_read579         |   in|     7|     ap_none|                                                                      p_read579|        scalar|
|p_read580         |   in|     7|     ap_none|                                                                      p_read580|        scalar|
|p_read581         |   in|     7|     ap_none|                                                                      p_read581|        scalar|
|p_read582         |   in|     7|     ap_none|                                                                      p_read582|        scalar|
|p_read583         |   in|     7|     ap_none|                                                                      p_read583|        scalar|
|p_read584         |   in|     7|     ap_none|                                                                      p_read584|        scalar|
|p_read585         |   in|     7|     ap_none|                                                                      p_read585|        scalar|
|p_read586         |   in|     7|     ap_none|                                                                      p_read586|        scalar|
|p_read587         |   in|     7|     ap_none|                                                                      p_read587|        scalar|
|p_read588         |   in|     7|     ap_none|                                                                      p_read588|        scalar|
|p_read589         |   in|     7|     ap_none|                                                                      p_read589|        scalar|
|p_read590         |   in|     7|     ap_none|                                                                      p_read590|        scalar|
|p_read591         |   in|     7|     ap_none|                                                                      p_read591|        scalar|
|p_read592         |   in|     7|     ap_none|                                                                      p_read592|        scalar|
|p_read593         |   in|     7|     ap_none|                                                                      p_read593|        scalar|
|p_read594         |   in|     6|     ap_none|                                                                      p_read594|        scalar|
|p_read595         |   in|     7|     ap_none|                                                                      p_read595|        scalar|
|p_read596         |   in|     7|     ap_none|                                                                      p_read596|        scalar|
|p_read597         |   in|     7|     ap_none|                                                                      p_read597|        scalar|
|p_read598         |   in|     7|     ap_none|                                                                      p_read598|        scalar|
|p_read599         |   in|     7|     ap_none|                                                                      p_read599|        scalar|
|p_read600         |   in|     7|     ap_none|                                                                      p_read600|        scalar|
|p_read601         |   in|     7|     ap_none|                                                                      p_read601|        scalar|
|p_read602         |   in|     7|     ap_none|                                                                      p_read602|        scalar|
|p_read603         |   in|     7|     ap_none|                                                                      p_read603|        scalar|
|p_read604         |   in|     7|     ap_none|                                                                      p_read604|        scalar|
|p_read605         |   in|     7|     ap_none|                                                                      p_read605|        scalar|
|p_read606         |   in|     7|     ap_none|                                                                      p_read606|        scalar|
|p_read607         |   in|     7|     ap_none|                                                                      p_read607|        scalar|
|p_read608         |   in|     7|     ap_none|                                                                      p_read608|        scalar|
|p_read609         |   in|     7|     ap_none|                                                                      p_read609|        scalar|
|p_read610         |   in|     6|     ap_none|                                                                      p_read610|        scalar|
|p_read611         |   in|     7|     ap_none|                                                                      p_read611|        scalar|
|p_read612         |   in|     7|     ap_none|                                                                      p_read612|        scalar|
|p_read613         |   in|     7|     ap_none|                                                                      p_read613|        scalar|
|p_read614         |   in|     7|     ap_none|                                                                      p_read614|        scalar|
|p_read615         |   in|     7|     ap_none|                                                                      p_read615|        scalar|
|p_read616         |   in|     7|     ap_none|                                                                      p_read616|        scalar|
|p_read617         |   in|     7|     ap_none|                                                                      p_read617|        scalar|
|p_read618         |   in|     7|     ap_none|                                                                      p_read618|        scalar|
|p_read619         |   in|     7|     ap_none|                                                                      p_read619|        scalar|
|p_read620         |   in|     7|     ap_none|                                                                      p_read620|        scalar|
|p_read621         |   in|     7|     ap_none|                                                                      p_read621|        scalar|
|p_read622         |   in|     7|     ap_none|                                                                      p_read622|        scalar|
|p_read623         |   in|     7|     ap_none|                                                                      p_read623|        scalar|
|p_read624         |   in|     7|     ap_none|                                                                      p_read624|        scalar|
|p_read625         |   in|     7|     ap_none|                                                                      p_read625|        scalar|
|p_read626         |   in|     6|     ap_none|                                                                      p_read626|        scalar|
|p_read627         |   in|     5|     ap_none|                                                                      p_read627|        scalar|
|p_read628         |   in|     7|     ap_none|                                                                      p_read628|        scalar|
|p_read629         |   in|     7|     ap_none|                                                                      p_read629|        scalar|
|p_read630         |   in|     7|     ap_none|                                                                      p_read630|        scalar|
|p_read631         |   in|     7|     ap_none|                                                                      p_read631|        scalar|
|p_read632         |   in|     7|     ap_none|                                                                      p_read632|        scalar|
|p_read633         |   in|     7|     ap_none|                                                                      p_read633|        scalar|
|p_read634         |   in|     7|     ap_none|                                                                      p_read634|        scalar|
|p_read635         |   in|     6|     ap_none|                                                                      p_read635|        scalar|
|p_read636         |   in|     7|     ap_none|                                                                      p_read636|        scalar|
|p_read637         |   in|     7|     ap_none|                                                                      p_read637|        scalar|
|p_read638         |   in|     7|     ap_none|                                                                      p_read638|        scalar|
|p_read639         |   in|     7|     ap_none|                                                                      p_read639|        scalar|
|p_read640         |   in|     7|     ap_none|                                                                      p_read640|        scalar|
|p_read641         |   in|     7|     ap_none|                                                                      p_read641|        scalar|
|p_read642         |   in|     6|     ap_none|                                                                      p_read642|        scalar|
|p_read643         |   in|     5|     ap_none|                                                                      p_read643|        scalar|
|p_read644         |   in|     3|     ap_none|                                                                      p_read644|        scalar|
|p_read645         |   in|     3|     ap_none|                                                                      p_read645|        scalar|
|p_read646         |   in|     5|     ap_none|                                                                      p_read646|        scalar|
|p_read647         |   in|     5|     ap_none|                                                                      p_read647|        scalar|
|p_read648         |   in|     6|     ap_none|                                                                      p_read648|        scalar|
|p_read649         |   in|     7|     ap_none|                                                                      p_read649|        scalar|
|p_read650         |   in|     6|     ap_none|                                                                      p_read650|        scalar|
|p_read651         |   in|     5|     ap_none|                                                                      p_read651|        scalar|
|p_read652         |   in|     7|     ap_none|                                                                      p_read652|        scalar|
|p_read653         |   in|     6|     ap_none|                                                                      p_read653|        scalar|
|p_read654         |   in|     5|     ap_none|                                                                      p_read654|        scalar|
|p_read655         |   in|     6|     ap_none|                                                                      p_read655|        scalar|
|p_read656         |   in|     6|     ap_none|                                                                      p_read656|        scalar|
|p_read657         |   in|     4|     ap_none|                                                                      p_read657|        scalar|
|p_read658         |   in|     3|     ap_none|                                                                      p_read658|        scalar|
|p_read659         |   in|     6|     ap_none|                                                                      p_read659|        scalar|
|p_read660         |   in|     6|     ap_none|                                                                      p_read660|        scalar|
|p_read661         |   in|     6|     ap_none|                                                                      p_read661|        scalar|
|p_read662         |   in|     2|     ap_none|                                                                      p_read662|        scalar|
|p_read663         |   in|     6|     ap_none|                                                                      p_read663|        scalar|
|p_read664         |   in|     7|     ap_none|                                                                      p_read664|        scalar|
|p_read665         |   in|     6|     ap_none|                                                                      p_read665|        scalar|
|p_read666         |   in|     6|     ap_none|                                                                      p_read666|        scalar|
|p_read667         |   in|     5|     ap_none|                                                                      p_read667|        scalar|
|p_read668         |   in|     5|     ap_none|                                                                      p_read668|        scalar|
|p_read669         |   in|     3|     ap_none|                                                                      p_read669|        scalar|
|p_read670         |   in|     6|     ap_none|                                                                      p_read670|        scalar|
|p_read671         |   in|     3|     ap_none|                                                                      p_read671|        scalar|
|p_read672         |   in|     6|     ap_none|                                                                      p_read672|        scalar|
|p_read673         |   in|     6|     ap_none|                                                                      p_read673|        scalar|
|p_read674         |   in|     6|     ap_none|                                                                      p_read674|        scalar|
|p_read675         |   in|     3|     ap_none|                                                                      p_read675|        scalar|
|p_read676         |   in|     4|     ap_none|                                                                      p_read676|        scalar|
|p_read677         |   in|     4|     ap_none|                                                                      p_read677|        scalar|
|p_read678         |   in|     5|     ap_none|                                                                      p_read678|        scalar|
|p_read679         |   in|     6|     ap_none|                                                                      p_read679|        scalar|
|p_read680         |   in|     1|     ap_none|                                                                      p_read680|        scalar|
|p_read681         |   in|     7|     ap_none|                                                                      p_read681|        scalar|
|p_read682         |   in|     7|     ap_none|                                                                      p_read682|        scalar|
|p_read683         |   in|     6|     ap_none|                                                                      p_read683|        scalar|
|p_read684         |   in|     6|     ap_none|                                                                      p_read684|        scalar|
|p_read685         |   in|     6|     ap_none|                                                                      p_read685|        scalar|
|p_read686         |   in|     7|     ap_none|                                                                      p_read686|        scalar|
|p_read687         |   in|     5|     ap_none|                                                                      p_read687|        scalar|
|p_read688         |   in|     6|     ap_none|                                                                      p_read688|        scalar|
|p_read689         |   in|     6|     ap_none|                                                                      p_read689|        scalar|
|p_read690         |   in|     6|     ap_none|                                                                      p_read690|        scalar|
|p_read691         |   in|     5|     ap_none|                                                                      p_read691|        scalar|
|p_read693         |   in|     6|     ap_none|                                                                      p_read693|        scalar|
|p_read694         |   in|     5|     ap_none|                                                                      p_read694|        scalar|
|p_read695         |   in|     5|     ap_none|                                                                      p_read695|        scalar|
|p_read696         |   in|     4|     ap_none|                                                                      p_read696|        scalar|
|p_read697         |   in|     6|     ap_none|                                                                      p_read697|        scalar|
|p_read698         |   in|     6|     ap_none|                                                                      p_read698|        scalar|
|p_read699         |   in|     5|     ap_none|                                                                      p_read699|        scalar|
|p_read700         |   in|     6|     ap_none|                                                                      p_read700|        scalar|
|p_read701         |   in|     3|     ap_none|                                                                      p_read701|        scalar|
|p_read702         |   in|     4|     ap_none|                                                                      p_read702|        scalar|
|p_read703         |   in|     5|     ap_none|                                                                      p_read703|        scalar|
|p_read704         |   in|     6|     ap_none|                                                                      p_read704|        scalar|
|p_read705         |   in|     6|     ap_none|                                                                      p_read705|        scalar|
|p_read707         |   in|     5|     ap_none|                                                                      p_read707|        scalar|
|p_read708         |   in|     5|     ap_none|                                                                      p_read708|        scalar|
|p_read709         |   in|     4|     ap_none|                                                                      p_read709|        scalar|
|p_read710         |   in|     5|     ap_none|                                                                      p_read710|        scalar|
|p_read711         |   in|     3|     ap_none|                                                                      p_read711|        scalar|
|p_read712         |   in|     4|     ap_none|                                                                      p_read712|        scalar|
|p_read713         |   in|     1|     ap_none|                                                                      p_read713|        scalar|
|p_read714         |   in|     5|     ap_none|                                                                      p_read714|        scalar|
|p_read715         |   in|     3|     ap_none|                                                                      p_read715|        scalar|
|p_read716         |   in|     5|     ap_none|                                                                      p_read716|        scalar|
|p_read717         |   in|     2|     ap_none|                                                                      p_read717|        scalar|
|p_read718         |   in|     6|     ap_none|                                                                      p_read718|        scalar|
|p_read719         |   in|     4|     ap_none|                                                                      p_read719|        scalar|
|p_read720         |   in|     5|     ap_none|                                                                      p_read720|        scalar|
|p_read721         |   in|     6|     ap_none|                                                                      p_read721|        scalar|
|p_read722         |   in|     6|     ap_none|                                                                      p_read722|        scalar|
|p_read723         |   in|     5|     ap_none|                                                                      p_read723|        scalar|
|p_read724         |   in|     5|     ap_none|                                                                      p_read724|        scalar|
|p_read725         |   in|     5|     ap_none|                                                                      p_read725|        scalar|
|p_read726         |   in|     3|     ap_none|                                                                      p_read726|        scalar|
|p_read727         |   in|     4|     ap_none|                                                                      p_read727|        scalar|
|p_read729         |   in|     5|     ap_none|                                                                      p_read729|        scalar|
|p_read730         |   in|     5|     ap_none|                                                                      p_read730|        scalar|
|p_read731         |   in|     6|     ap_none|                                                                      p_read731|        scalar|
|p_read732         |   in|     5|     ap_none|                                                                      p_read732|        scalar|
|p_read733         |   in|     6|     ap_none|                                                                      p_read733|        scalar|
|p_read734         |   in|     4|     ap_none|                                                                      p_read734|        scalar|
|p_read735         |   in|     4|     ap_none|                                                                      p_read735|        scalar|
|p_read736         |   in|     4|     ap_none|                                                                      p_read736|        scalar|
|p_read737         |   in|     4|     ap_none|                                                                      p_read737|        scalar|
|p_read738         |   in|     6|     ap_none|                                                                      p_read738|        scalar|
|p_read739         |   in|     5|     ap_none|                                                                      p_read739|        scalar|
|p_read740         |   in|     5|     ap_none|                                                                      p_read740|        scalar|
|p_read741         |   in|     5|     ap_none|                                                                      p_read741|        scalar|
|p_read742         |   in|     5|     ap_none|                                                                      p_read742|        scalar|
|p_read743         |   in|     5|     ap_none|                                                                      p_read743|        scalar|
|p_read744         |   in|     6|     ap_none|                                                                      p_read744|        scalar|
|p_read745         |   in|     5|     ap_none|                                                                      p_read745|        scalar|
|p_read746         |   in|     5|     ap_none|                                                                      p_read746|        scalar|
|p_read747         |   in|     3|     ap_none|                                                                      p_read747|        scalar|
|p_read748         |   in|     4|     ap_none|                                                                      p_read748|        scalar|
|p_read749         |   in|     5|     ap_none|                                                                      p_read749|        scalar|
|p_read750         |   in|     3|     ap_none|                                                                      p_read750|        scalar|
|p_read751         |   in|     4|     ap_none|                                                                      p_read751|        scalar|
|p_read752         |   in|     5|     ap_none|                                                                      p_read752|        scalar|
|p_read753         |   in|     2|     ap_none|                                                                      p_read753|        scalar|
|p_read754         |   in|     5|     ap_none|                                                                      p_read754|        scalar|
|p_read755         |   in|     5|     ap_none|                                                                      p_read755|        scalar|
|p_read756         |   in|     3|     ap_none|                                                                      p_read756|        scalar|
|p_read757         |   in|     4|     ap_none|                                                                      p_read757|        scalar|
|p_read758         |   in|     5|     ap_none|                                                                      p_read758|        scalar|
|p_read759         |   in|     5|     ap_none|                                                                      p_read759|        scalar|
|p_read760         |   in|     4|     ap_none|                                                                      p_read760|        scalar|
|p_read761         |   in|     5|     ap_none|                                                                      p_read761|        scalar|
|p_read762         |   in|     6|     ap_none|                                                                      p_read762|        scalar|
|p_read763         |   in|     6|     ap_none|                                                                      p_read763|        scalar|
|p_read764         |   in|     4|     ap_none|                                                                      p_read764|        scalar|
|p_read765         |   in|     5|     ap_none|                                                                      p_read765|        scalar|
|p_read766         |   in|     4|     ap_none|                                                                      p_read766|        scalar|
|p_read767         |   in|     4|     ap_none|                                                                      p_read767|        scalar|
|p_read768         |   in|     5|     ap_none|                                                                      p_read768|        scalar|
|p_read769         |   in|     6|     ap_none|                                                                      p_read769|        scalar|
+------------------+-----+------+------------+-------------------------------------------------------------------------------+--------------+

