

================================================================
== Vitis HLS Report for 'dense_resource_ap_fixed_8_3_4_0_0_ap_fixed_22_11_5_3_0_config10_2_s'
================================================================
* Date:           Thu Feb 15 14:52:28 2024

* Version:        2022.2 (Build 3670227 on Oct 13 2022)
* Project:        alveo_hls4ml
* Solution:       solution (Vitis Kernel Flow Target)
* Product family: virtexuplus
* Target device:  xcu55c-fsvh2892-2L-e


================================================================
== Performance Estimates
================================================================
+ Timing: 
    * Summary: 
    +--------+---------+----------+------------+
    |  Clock |  Target | Estimated| Uncertainty|
    +--------+---------+----------+------------+
    |ap_clk  |  4.00 ns|  2.196 ns|     1.08 ns|
    +--------+---------+----------+------------+

+ Latency: 
    * Summary: 
    +---------+---------+----------+----------+-----+-----+------------------------------------------+
    |  Latency (cycles) |  Latency (absolute) |  Interval |                 Pipeline                 |
    |   min   |   max   |    min   |    max   | min | max |                   Type                   |
    +---------+---------+----------+----------+-----+-----+------------------------------------------+
    |       67|       68|  0.268 us|  0.272 us|   64|   64|  loop rewind stp(delay=0 clock cycles(s))|
    +---------+---------+----------+----------+-----+-----+------------------------------------------+

    + Detail: 
        * Instance: 
        N/A

        * Loop: 
        +-------------+---------+---------+----------+-----------+-----------+------+----------+
        |             |  Latency (cycles) | Iteration|  Initiation Interval  | Trip |          |
        |  Loop Name  |   min   |   max   |  Latency |  achieved |   target  | Count| Pipelined|
        +-------------+---------+---------+----------+-----------+-----------+------+----------+
        |- ReuseLoop  |       67|       67|         5|          1|          1|    64|       yes|
        +-------------+---------+---------+----------+-----------+-----------+------+----------+



================================================================
== Utilization Estimates
================================================================
* Summary: 
+---------------------+---------+------+---------+---------+-----+
|         Name        | BRAM_18K|  DSP |    FF   |   LUT   | URAM|
+---------------------+---------+------+---------+---------+-----+
|DSP                  |        -|   192|        -|        -|    -|
|Expression           |        -|     -|        0|       25|    -|
|FIFO                 |        -|     -|        -|        -|    -|
|Instance             |        -|     -|        -|        -|    -|
|Memory               |        8|     -|        0|        0|    -|
|Multiplexer          |        -|     -|        -|     6185|    -|
|Register             |        -|     -|     8345|       32|    -|
+---------------------+---------+------+---------+---------+-----+
|Total                |        8|   192|     8345|     6242|    0|
+---------------------+---------+------+---------+---------+-----+
|Available SLR        |     1344|  3008|   869120|   434560|  320|
+---------------------+---------+------+---------+---------+-----+
|Utilization SLR (%)  |       ~0|     6|       ~0|        1|    0|
+---------------------+---------+------+---------+---------+-----+
|Available            |     4032|  9024|  2607360|  1303680|  960|
+---------------------+---------+------+---------+---------+-----+
|Utilization (%)      |       ~0|     2|       ~0|       ~0|    0|
+---------------------+---------+------+---------+---------+-----+

+ Detail: 
    * Instance: 
    N/A

    * DSP: 
    +-----------------------------------+-----------------------------+--------------+
    |              Instance             |            Module           |  Expression  |
    +-----------------------------------+-----------------------------+--------------+
    |mac_muladd_8s_7s_20s_20_4_1_U3298  |mac_muladd_8s_7s_20s_20_4_1  |  i0 * i1 + i2|
    |mac_muladd_8s_8s_21s_21_4_1_U3107  |mac_muladd_8s_8s_21s_21_4_1  |  i0 * i1 + i2|
    |mac_muladd_8s_8s_21s_21_4_1_U3108  |mac_muladd_8s_8s_21s_21_4_1  |  i0 * i1 + i2|
    |mac_muladd_8s_8s_21s_21_4_1_U3109  |mac_muladd_8s_8s_21s_21_4_1  |  i0 * i1 + i2|
    |mac_muladd_8s_8s_21s_21_4_1_U3110  |mac_muladd_8s_8s_21s_21_4_1  |  i0 * i1 + i2|
    |mac_muladd_8s_8s_21s_21_4_1_U3111  |mac_muladd_8s_8s_21s_21_4_1  |  i0 * i1 + i2|
    |mac_muladd_8s_8s_21s_21_4_1_U3112  |mac_muladd_8s_8s_21s_21_4_1  |  i0 * i1 + i2|
    |mac_muladd_8s_8s_21s_21_4_1_U3113  |mac_muladd_8s_8s_21s_21_4_1  |  i0 * i1 + i2|
    |mac_muladd_8s_8s_21s_21_4_1_U3114  |mac_muladd_8s_8s_21s_21_4_1  |  i0 * i1 + i2|
    |mac_muladd_8s_8s_21s_21_4_1_U3116  |mac_muladd_8s_8s_21s_21_4_1  |  i0 * i1 + i2|
    |mac_muladd_8s_8s_21s_21_4_1_U3117  |mac_muladd_8s_8s_21s_21_4_1  |  i0 * i1 + i2|
    |mac_muladd_8s_8s_21s_21_4_1_U3118  |mac_muladd_8s_8s_21s_21_4_1  |  i0 * i1 + i2|
    |mac_muladd_8s_8s_21s_21_4_1_U3119  |mac_muladd_8s_8s_21s_21_4_1  |  i0 * i1 + i2|
    |mac_muladd_8s_8s_21s_21_4_1_U3121  |mac_muladd_8s_8s_21s_21_4_1  |  i0 * i1 + i2|
    |mac_muladd_8s_8s_21s_21_4_1_U3122  |mac_muladd_8s_8s_21s_21_4_1  |  i0 * i1 + i2|
    |mac_muladd_8s_8s_21s_21_4_1_U3123  |mac_muladd_8s_8s_21s_21_4_1  |  i0 * i1 + i2|
    |mac_muladd_8s_8s_21s_21_4_1_U3124  |mac_muladd_8s_8s_21s_21_4_1  |  i0 * i1 + i2|
    |mac_muladd_8s_8s_21s_21_4_1_U3126  |mac_muladd_8s_8s_21s_21_4_1  |  i0 * i1 + i2|
    |mac_muladd_8s_8s_21s_21_4_1_U3127  |mac_muladd_8s_8s_21s_21_4_1  |  i0 * i1 + i2|
    |mac_muladd_8s_8s_21s_21_4_1_U3128  |mac_muladd_8s_8s_21s_21_4_1  |  i0 * i1 + i2|
    |mac_muladd_8s_8s_21s_21_4_1_U3130  |mac_muladd_8s_8s_21s_21_4_1  |  i0 * i1 + i2|
    |mac_muladd_8s_8s_21s_21_4_1_U3131  |mac_muladd_8s_8s_21s_21_4_1  |  i0 * i1 + i2|
    |mac_muladd_8s_8s_21s_21_4_1_U3132  |mac_muladd_8s_8s_21s_21_4_1  |  i0 * i1 + i2|
    |mac_muladd_8s_8s_21s_21_4_1_U3133  |mac_muladd_8s_8s_21s_21_4_1  |  i0 * i1 + i2|
    |mac_muladd_8s_8s_21s_21_4_1_U3134  |mac_muladd_8s_8s_21s_21_4_1  |  i0 * i1 + i2|
    |mac_muladd_8s_8s_21s_21_4_1_U3135  |mac_muladd_8s_8s_21s_21_4_1  |  i0 * i1 + i2|
    |mac_muladd_8s_8s_21s_21_4_1_U3136  |mac_muladd_8s_8s_21s_21_4_1  |  i0 * i1 + i2|
    |mac_muladd_8s_8s_21s_21_4_1_U3137  |mac_muladd_8s_8s_21s_21_4_1  |  i0 * i1 + i2|
    |mac_muladd_8s_8s_21s_21_4_1_U3138  |mac_muladd_8s_8s_21s_21_4_1  |  i0 * i1 + i2|
    |mac_muladd_8s_8s_21s_21_4_1_U3139  |mac_muladd_8s_8s_21s_21_4_1  |  i0 * i1 + i2|
    |mac_muladd_8s_8s_21s_21_4_1_U3140  |mac_muladd_8s_8s_21s_21_4_1  |  i0 * i1 + i2|
    |mac_muladd_8s_8s_21s_21_4_1_U3141  |mac_muladd_8s_8s_21s_21_4_1  |  i0 * i1 + i2|
    |mac_muladd_8s_8s_21s_21_4_1_U3143  |mac_muladd_8s_8s_21s_21_4_1  |  i0 * i1 + i2|
    |mac_muladd_8s_8s_21s_21_4_1_U3144  |mac_muladd_8s_8s_21s_21_4_1  |  i0 * i1 + i2|
    |mac_muladd_8s_8s_21s_21_4_1_U3145  |mac_muladd_8s_8s_21s_21_4_1  |  i0 * i1 + i2|
    |mac_muladd_8s_8s_21s_21_4_1_U3147  |mac_muladd_8s_8s_21s_21_4_1  |  i0 * i1 + i2|
    |mac_muladd_8s_8s_21s_21_4_1_U3148  |mac_muladd_8s_8s_21s_21_4_1  |  i0 * i1 + i2|
    |mac_muladd_8s_8s_21s_21_4_1_U3149  |mac_muladd_8s_8s_21s_21_4_1  |  i0 * i1 + i2|
    |mac_muladd_8s_8s_21s_21_4_1_U3150  |mac_muladd_8s_8s_21s_21_4_1  |  i0 * i1 + i2|
    |mac_muladd_8s_8s_21s_21_4_1_U3151  |mac_muladd_8s_8s_21s_21_4_1  |  i0 * i1 + i2|
    |mac_muladd_8s_8s_21s_21_4_1_U3152  |mac_muladd_8s_8s_21s_21_4_1  |  i0 * i1 + i2|
    |mac_muladd_8s_8s_21s_21_4_1_U3153  |mac_muladd_8s_8s_21s_21_4_1  |  i0 * i1 + i2|
    |mac_muladd_8s_8s_21s_21_4_1_U3155  |mac_muladd_8s_8s_21s_21_4_1  |  i0 * i1 + i2|
    |mac_muladd_8s_8s_21s_21_4_1_U3156  |mac_muladd_8s_8s_21s_21_4_1  |  i0 * i1 + i2|
    |mac_muladd_8s_8s_21s_21_4_1_U3157  |mac_muladd_8s_8s_21s_21_4_1  |  i0 * i1 + i2|
    |mac_muladd_8s_8s_21s_21_4_1_U3158  |mac_muladd_8s_8s_21s_21_4_1  |  i0 * i1 + i2|
    |mac_muladd_8s_8s_21s_21_4_1_U3160  |mac_muladd_8s_8s_21s_21_4_1  |  i0 * i1 + i2|
    |mac_muladd_8s_8s_21s_21_4_1_U3161  |mac_muladd_8s_8s_21s_21_4_1  |  i0 * i1 + i2|
    |mac_muladd_8s_8s_21s_21_4_1_U3162  |mac_muladd_8s_8s_21s_21_4_1  |  i0 * i1 + i2|
    |mac_muladd_8s_8s_21s_21_4_1_U3163  |mac_muladd_8s_8s_21s_21_4_1  |  i0 * i1 + i2|
    |mac_muladd_8s_8s_21s_21_4_1_U3164  |mac_muladd_8s_8s_21s_21_4_1  |  i0 * i1 + i2|
    |mac_muladd_8s_8s_21s_21_4_1_U3166  |mac_muladd_8s_8s_21s_21_4_1  |  i0 * i1 + i2|
    |mac_muladd_8s_8s_21s_21_4_1_U3167  |mac_muladd_8s_8s_21s_21_4_1  |  i0 * i1 + i2|
    |mac_muladd_8s_8s_21s_21_4_1_U3168  |mac_muladd_8s_8s_21s_21_4_1  |  i0 * i1 + i2|
    |mac_muladd_8s_8s_21s_21_4_1_U3169  |mac_muladd_8s_8s_21s_21_4_1  |  i0 * i1 + i2|
    |mac_muladd_8s_8s_21s_21_4_1_U3170  |mac_muladd_8s_8s_21s_21_4_1  |  i0 * i1 + i2|
    |mac_muladd_8s_8s_21s_21_4_1_U3171  |mac_muladd_8s_8s_21s_21_4_1  |  i0 * i1 + i2|
    |mac_muladd_8s_8s_21s_21_4_1_U3172  |mac_muladd_8s_8s_21s_21_4_1  |  i0 * i1 + i2|
    |mac_muladd_8s_8s_21s_21_4_1_U3173  |mac_muladd_8s_8s_21s_21_4_1  |  i0 * i1 + i2|
    |mac_muladd_8s_8s_21s_21_4_1_U3174  |mac_muladd_8s_8s_21s_21_4_1  |  i0 * i1 + i2|
    |mac_muladd_8s_8s_21s_21_4_1_U3175  |mac_muladd_8s_8s_21s_21_4_1  |  i0 * i1 + i2|
    |mac_muladd_8s_8s_21s_21_4_1_U3176  |mac_muladd_8s_8s_21s_21_4_1  |  i0 * i1 + i2|
    |mac_muladd_8s_8s_21s_21_4_1_U3177  |mac_muladd_8s_8s_21s_21_4_1  |  i0 * i1 + i2|
    |mac_muladd_8s_8s_21s_21_4_1_U3180  |mac_muladd_8s_8s_21s_21_4_1  |  i0 * i1 + i2|
    |mac_muladd_8s_8s_21s_21_4_1_U3181  |mac_muladd_8s_8s_21s_21_4_1  |  i0 * i1 + i2|
    |mac_muladd_8s_8s_21s_21_4_1_U3182  |mac_muladd_8s_8s_21s_21_4_1  |  i0 * i1 + i2|
    |mac_muladd_8s_8s_21s_21_4_1_U3183  |mac_muladd_8s_8s_21s_21_4_1  |  i0 * i1 + i2|
    |mac_muladd_8s_8s_21s_21_4_1_U3185  |mac_muladd_8s_8s_21s_21_4_1  |  i0 * i1 + i2|
    |mac_muladd_8s_8s_21s_21_4_1_U3186  |mac_muladd_8s_8s_21s_21_4_1  |  i0 * i1 + i2|
    |mac_muladd_8s_8s_21s_21_4_1_U3187  |mac_muladd_8s_8s_21s_21_4_1  |  i0 * i1 + i2|
    |mac_muladd_8s_8s_21s_21_4_1_U3188  |mac_muladd_8s_8s_21s_21_4_1  |  i0 * i1 + i2|
    |mac_muladd_8s_8s_21s_21_4_1_U3190  |mac_muladd_8s_8s_21s_21_4_1  |  i0 * i1 + i2|
    |mac_muladd_8s_8s_21s_21_4_1_U3191  |mac_muladd_8s_8s_21s_21_4_1  |  i0 * i1 + i2|
    |mac_muladd_8s_8s_21s_21_4_1_U3192  |mac_muladd_8s_8s_21s_21_4_1  |  i0 * i1 + i2|
    |mac_muladd_8s_8s_21s_21_4_1_U3194  |mac_muladd_8s_8s_21s_21_4_1  |  i0 * i1 + i2|
    |mac_muladd_8s_8s_21s_21_4_1_U3195  |mac_muladd_8s_8s_21s_21_4_1  |  i0 * i1 + i2|
    |mac_muladd_8s_8s_21s_21_4_1_U3196  |mac_muladd_8s_8s_21s_21_4_1  |  i0 * i1 + i2|
    |mac_muladd_8s_8s_21s_21_4_1_U3197  |mac_muladd_8s_8s_21s_21_4_1  |  i0 * i1 + i2|
    |mac_muladd_8s_8s_21s_21_4_1_U3198  |mac_muladd_8s_8s_21s_21_4_1  |  i0 * i1 + i2|
    |mac_muladd_8s_8s_21s_21_4_1_U3199  |mac_muladd_8s_8s_21s_21_4_1  |  i0 * i1 + i2|
    |mac_muladd_8s_8s_21s_21_4_1_U3200  |mac_muladd_8s_8s_21s_21_4_1  |  i0 * i1 + i2|
    |mac_muladd_8s_8s_21s_21_4_1_U3201  |mac_muladd_8s_8s_21s_21_4_1  |  i0 * i1 + i2|
    |mac_muladd_8s_8s_21s_21_4_1_U3202  |mac_muladd_8s_8s_21s_21_4_1  |  i0 * i1 + i2|
    |mac_muladd_8s_8s_21s_21_4_1_U3203  |mac_muladd_8s_8s_21s_21_4_1  |  i0 * i1 + i2|
    |mac_muladd_8s_8s_21s_21_4_1_U3205  |mac_muladd_8s_8s_21s_21_4_1  |  i0 * i1 + i2|
    |mac_muladd_8s_8s_21s_21_4_1_U3207  |mac_muladd_8s_8s_21s_21_4_1  |  i0 * i1 + i2|
    |mac_muladd_8s_8s_21s_21_4_1_U3208  |mac_muladd_8s_8s_21s_21_4_1  |  i0 * i1 + i2|
    |mac_muladd_8s_8s_21s_21_4_1_U3209  |mac_muladd_8s_8s_21s_21_4_1  |  i0 * i1 + i2|
    |mac_muladd_8s_8s_21s_21_4_1_U3212  |mac_muladd_8s_8s_21s_21_4_1  |  i0 * i1 + i2|
    |mac_muladd_8s_8s_21s_21_4_1_U3213  |mac_muladd_8s_8s_21s_21_4_1  |  i0 * i1 + i2|
    |mac_muladd_8s_8s_21s_21_4_1_U3214  |mac_muladd_8s_8s_21s_21_4_1  |  i0 * i1 + i2|
    |mac_muladd_8s_8s_21s_21_4_1_U3215  |mac_muladd_8s_8s_21s_21_4_1  |  i0 * i1 + i2|
    |mac_muladd_8s_8s_21s_21_4_1_U3216  |mac_muladd_8s_8s_21s_21_4_1  |  i0 * i1 + i2|
    |mac_muladd_8s_8s_21s_21_4_1_U3217  |mac_muladd_8s_8s_21s_21_4_1  |  i0 * i1 + i2|
    |mac_muladd_8s_8s_21s_21_4_1_U3219  |mac_muladd_8s_8s_21s_21_4_1  |  i0 * i1 + i2|
    |mac_muladd_8s_8s_21s_21_4_1_U3220  |mac_muladd_8s_8s_21s_21_4_1  |  i0 * i1 + i2|
    |mac_muladd_8s_8s_21s_21_4_1_U3221  |mac_muladd_8s_8s_21s_21_4_1  |  i0 * i1 + i2|
    |mac_muladd_8s_8s_21s_21_4_1_U3222  |mac_muladd_8s_8s_21s_21_4_1  |  i0 * i1 + i2|
    |mac_muladd_8s_8s_21s_21_4_1_U3224  |mac_muladd_8s_8s_21s_21_4_1  |  i0 * i1 + i2|
    |mac_muladd_8s_8s_21s_21_4_1_U3225  |mac_muladd_8s_8s_21s_21_4_1  |  i0 * i1 + i2|
    |mac_muladd_8s_8s_21s_21_4_1_U3227  |mac_muladd_8s_8s_21s_21_4_1  |  i0 * i1 + i2|
    |mac_muladd_8s_8s_21s_21_4_1_U3228  |mac_muladd_8s_8s_21s_21_4_1  |  i0 * i1 + i2|
    |mac_muladd_8s_8s_21s_21_4_1_U3230  |mac_muladd_8s_8s_21s_21_4_1  |  i0 * i1 + i2|
    |mac_muladd_8s_8s_21s_21_4_1_U3231  |mac_muladd_8s_8s_21s_21_4_1  |  i0 * i1 + i2|
    |mac_muladd_8s_8s_21s_21_4_1_U3233  |mac_muladd_8s_8s_21s_21_4_1  |  i0 * i1 + i2|
    |mac_muladd_8s_8s_21s_21_4_1_U3235  |mac_muladd_8s_8s_21s_21_4_1  |  i0 * i1 + i2|
    |mac_muladd_8s_8s_21s_21_4_1_U3237  |mac_muladd_8s_8s_21s_21_4_1  |  i0 * i1 + i2|
    |mac_muladd_8s_8s_21s_21_4_1_U3239  |mac_muladd_8s_8s_21s_21_4_1  |  i0 * i1 + i2|
    |mac_muladd_8s_8s_21s_21_4_1_U3240  |mac_muladd_8s_8s_21s_21_4_1  |  i0 * i1 + i2|
    |mac_muladd_8s_8s_21s_21_4_1_U3241  |mac_muladd_8s_8s_21s_21_4_1  |  i0 * i1 + i2|
    |mac_muladd_8s_8s_21s_21_4_1_U3248  |mac_muladd_8s_8s_21s_21_4_1  |  i0 * i1 + i2|
    |mac_muladd_8s_8s_21s_21_4_1_U3250  |mac_muladd_8s_8s_21s_21_4_1  |  i0 * i1 + i2|
    |mac_muladd_8s_8s_21s_21_4_1_U3255  |mac_muladd_8s_8s_21s_21_4_1  |  i0 * i1 + i2|
    |mac_muladd_8s_8s_21s_21_4_1_U3261  |mac_muladd_8s_8s_21s_21_4_1  |  i0 * i1 + i2|
    |mac_muladd_8s_8s_21s_21_4_1_U3265  |mac_muladd_8s_8s_21s_21_4_1  |  i0 * i1 + i2|
    |mac_muladd_8s_8s_21s_21_4_1_U3266  |mac_muladd_8s_8s_21s_21_4_1  |  i0 * i1 + i2|
    |mac_muladd_8s_8s_21s_21_4_1_U3273  |mac_muladd_8s_8s_21s_21_4_1  |  i0 * i1 + i2|
    |mac_muladd_8s_8s_21s_21_4_1_U3277  |mac_muladd_8s_8s_21s_21_4_1  |  i0 * i1 + i2|
    |mac_muladd_8s_8s_21s_21_4_1_U3283  |mac_muladd_8s_8s_21s_21_4_1  |  i0 * i1 + i2|
    |mac_muladd_8s_8s_21s_21_4_1_U3284  |mac_muladd_8s_8s_21s_21_4_1  |  i0 * i1 + i2|
    |mac_muladd_8s_8s_21s_21_4_1_U3286  |mac_muladd_8s_8s_21s_21_4_1  |  i0 * i1 + i2|
    |mac_muladd_8s_8s_21s_21_4_1_U3290  |mac_muladd_8s_8s_21s_21_4_1  |  i0 * i1 + i2|
    |mac_muladd_8s_8s_21s_21_4_1_U3291  |mac_muladd_8s_8s_21s_21_4_1  |  i0 * i1 + i2|
    |mac_muladd_8s_8s_21s_21_4_1_U3294  |mac_muladd_8s_8s_21s_21_4_1  |  i0 * i1 + i2|
    |mac_muladd_8s_8s_21s_21_4_1_U3295  |mac_muladd_8s_8s_21s_21_4_1  |  i0 * i1 + i2|
    |mac_muladd_8s_8s_21s_21_4_1_U3297  |mac_muladd_8s_8s_21s_21_4_1  |  i0 * i1 + i2|
    |mac_muladd_8s_8s_21s_22_4_1_U3115  |mac_muladd_8s_8s_21s_22_4_1  |  i0 * i1 + i2|
    |mac_muladd_8s_8s_21s_22_4_1_U3120  |mac_muladd_8s_8s_21s_22_4_1  |  i0 * i1 + i2|
    |mac_muladd_8s_8s_21s_22_4_1_U3125  |mac_muladd_8s_8s_21s_22_4_1  |  i0 * i1 + i2|
    |mac_muladd_8s_8s_21s_22_4_1_U3129  |mac_muladd_8s_8s_21s_22_4_1  |  i0 * i1 + i2|
    |mac_muladd_8s_8s_21s_22_4_1_U3142  |mac_muladd_8s_8s_21s_22_4_1  |  i0 * i1 + i2|
    |mac_muladd_8s_8s_21s_22_4_1_U3146  |mac_muladd_8s_8s_21s_22_4_1  |  i0 * i1 + i2|
    |mac_muladd_8s_8s_21s_22_4_1_U3154  |mac_muladd_8s_8s_21s_22_4_1  |  i0 * i1 + i2|
    |mac_muladd_8s_8s_21s_22_4_1_U3159  |mac_muladd_8s_8s_21s_22_4_1  |  i0 * i1 + i2|
    |mac_muladd_8s_8s_21s_22_4_1_U3165  |mac_muladd_8s_8s_21s_22_4_1  |  i0 * i1 + i2|
    |mac_muladd_8s_8s_21s_22_4_1_U3178  |mac_muladd_8s_8s_21s_22_4_1  |  i0 * i1 + i2|
    |mac_muladd_8s_8s_21s_22_4_1_U3179  |mac_muladd_8s_8s_21s_22_4_1  |  i0 * i1 + i2|
    |mac_muladd_8s_8s_21s_22_4_1_U3184  |mac_muladd_8s_8s_21s_22_4_1  |  i0 * i1 + i2|
    |mac_muladd_8s_8s_21s_22_4_1_U3189  |mac_muladd_8s_8s_21s_22_4_1  |  i0 * i1 + i2|
    |mac_muladd_8s_8s_21s_22_4_1_U3193  |mac_muladd_8s_8s_21s_22_4_1  |  i0 * i1 + i2|
    |mac_muladd_8s_8s_21s_22_4_1_U3204  |mac_muladd_8s_8s_21s_22_4_1  |  i0 * i1 + i2|
    |mac_muladd_8s_8s_21s_22_4_1_U3206  |mac_muladd_8s_8s_21s_22_4_1  |  i0 * i1 + i2|
    |mac_muladd_8s_8s_21s_22_4_1_U3210  |mac_muladd_8s_8s_21s_22_4_1  |  i0 * i1 + i2|
    |mac_muladd_8s_8s_21s_22_4_1_U3211  |mac_muladd_8s_8s_21s_22_4_1  |  i0 * i1 + i2|
    |mac_muladd_8s_8s_21s_22_4_1_U3218  |mac_muladd_8s_8s_21s_22_4_1  |  i0 * i1 + i2|
    |mac_muladd_8s_8s_21s_22_4_1_U3223  |mac_muladd_8s_8s_21s_22_4_1  |  i0 * i1 + i2|
    |mac_muladd_8s_8s_21s_22_4_1_U3226  |mac_muladd_8s_8s_21s_22_4_1  |  i0 * i1 + i2|
    |mac_muladd_8s_8s_21s_22_4_1_U3229  |mac_muladd_8s_8s_21s_22_4_1  |  i0 * i1 + i2|
    |mac_muladd_8s_8s_21s_22_4_1_U3232  |mac_muladd_8s_8s_21s_22_4_1  |  i0 * i1 + i2|
    |mac_muladd_8s_8s_21s_22_4_1_U3234  |mac_muladd_8s_8s_21s_22_4_1  |  i0 * i1 + i2|
    |mac_muladd_8s_8s_21s_22_4_1_U3236  |mac_muladd_8s_8s_21s_22_4_1  |  i0 * i1 + i2|
    |mac_muladd_8s_8s_21s_22_4_1_U3238  |mac_muladd_8s_8s_21s_22_4_1  |  i0 * i1 + i2|
    |mac_muladd_8s_8s_21s_22_4_1_U3242  |mac_muladd_8s_8s_21s_22_4_1  |  i0 * i1 + i2|
    |mac_muladd_8s_8s_21s_22_4_1_U3243  |mac_muladd_8s_8s_21s_22_4_1  |  i0 * i1 + i2|
    |mac_muladd_8s_8s_21s_22_4_1_U3244  |mac_muladd_8s_8s_21s_22_4_1  |  i0 * i1 + i2|
    |mac_muladd_8s_8s_21s_22_4_1_U3245  |mac_muladd_8s_8s_21s_22_4_1  |  i0 * i1 + i2|
    |mac_muladd_8s_8s_21s_22_4_1_U3246  |mac_muladd_8s_8s_21s_22_4_1  |  i0 * i1 + i2|
    |mac_muladd_8s_8s_21s_22_4_1_U3247  |mac_muladd_8s_8s_21s_22_4_1  |  i0 * i1 + i2|
    |mac_muladd_8s_8s_21s_22_4_1_U3249  |mac_muladd_8s_8s_21s_22_4_1  |  i0 * i1 + i2|
    |mac_muladd_8s_8s_21s_22_4_1_U3251  |mac_muladd_8s_8s_21s_22_4_1  |  i0 * i1 + i2|
    |mac_muladd_8s_8s_21s_22_4_1_U3252  |mac_muladd_8s_8s_21s_22_4_1  |  i0 * i1 + i2|
    |mac_muladd_8s_8s_21s_22_4_1_U3253  |mac_muladd_8s_8s_21s_22_4_1  |  i0 * i1 + i2|
    |mac_muladd_8s_8s_21s_22_4_1_U3254  |mac_muladd_8s_8s_21s_22_4_1  |  i0 * i1 + i2|
    |mac_muladd_8s_8s_21s_22_4_1_U3256  |mac_muladd_8s_8s_21s_22_4_1  |  i0 * i1 + i2|
    |mac_muladd_8s_8s_21s_22_4_1_U3257  |mac_muladd_8s_8s_21s_22_4_1  |  i0 * i1 + i2|
    |mac_muladd_8s_8s_21s_22_4_1_U3258  |mac_muladd_8s_8s_21s_22_4_1  |  i0 * i1 + i2|
    |mac_muladd_8s_8s_21s_22_4_1_U3259  |mac_muladd_8s_8s_21s_22_4_1  |  i0 * i1 + i2|
    |mac_muladd_8s_8s_21s_22_4_1_U3260  |mac_muladd_8s_8s_21s_22_4_1  |  i0 * i1 + i2|
    |mac_muladd_8s_8s_21s_22_4_1_U3262  |mac_muladd_8s_8s_21s_22_4_1  |  i0 * i1 + i2|
    |mac_muladd_8s_8s_21s_22_4_1_U3263  |mac_muladd_8s_8s_21s_22_4_1  |  i0 * i1 + i2|
    |mac_muladd_8s_8s_21s_22_4_1_U3264  |mac_muladd_8s_8s_21s_22_4_1  |  i0 * i1 + i2|
    |mac_muladd_8s_8s_21s_22_4_1_U3267  |mac_muladd_8s_8s_21s_22_4_1  |  i0 * i1 + i2|
    |mac_muladd_8s_8s_21s_22_4_1_U3268  |mac_muladd_8s_8s_21s_22_4_1  |  i0 * i1 + i2|
    |mac_muladd_8s_8s_21s_22_4_1_U3269  |mac_muladd_8s_8s_21s_22_4_1  |  i0 * i1 + i2|
    |mac_muladd_8s_8s_21s_22_4_1_U3270  |mac_muladd_8s_8s_21s_22_4_1  |  i0 * i1 + i2|
    |mac_muladd_8s_8s_21s_22_4_1_U3271  |mac_muladd_8s_8s_21s_22_4_1  |  i0 * i1 + i2|
    |mac_muladd_8s_8s_21s_22_4_1_U3272  |mac_muladd_8s_8s_21s_22_4_1  |  i0 * i1 + i2|
    |mac_muladd_8s_8s_21s_22_4_1_U3274  |mac_muladd_8s_8s_21s_22_4_1  |  i0 * i1 + i2|
    |mac_muladd_8s_8s_21s_22_4_1_U3275  |mac_muladd_8s_8s_21s_22_4_1  |  i0 * i1 + i2|
    |mac_muladd_8s_8s_21s_22_4_1_U3276  |mac_muladd_8s_8s_21s_22_4_1  |  i0 * i1 + i2|
    |mac_muladd_8s_8s_21s_22_4_1_U3278  |mac_muladd_8s_8s_21s_22_4_1  |  i0 * i1 + i2|
    |mac_muladd_8s_8s_21s_22_4_1_U3279  |mac_muladd_8s_8s_21s_22_4_1  |  i0 * i1 + i2|
    |mac_muladd_8s_8s_21s_22_4_1_U3280  |mac_muladd_8s_8s_21s_22_4_1  |  i0 * i1 + i2|
    |mac_muladd_8s_8s_21s_22_4_1_U3281  |mac_muladd_8s_8s_21s_22_4_1  |  i0 * i1 + i2|
    |mac_muladd_8s_8s_21s_22_4_1_U3282  |mac_muladd_8s_8s_21s_22_4_1  |  i0 * i1 + i2|
    |mac_muladd_8s_8s_21s_22_4_1_U3285  |mac_muladd_8s_8s_21s_22_4_1  |  i0 * i1 + i2|
    |mac_muladd_8s_8s_21s_22_4_1_U3287  |mac_muladd_8s_8s_21s_22_4_1  |  i0 * i1 + i2|
    |mac_muladd_8s_8s_21s_22_4_1_U3288  |mac_muladd_8s_8s_21s_22_4_1  |  i0 * i1 + i2|
    |mac_muladd_8s_8s_21s_22_4_1_U3289  |mac_muladd_8s_8s_21s_22_4_1  |  i0 * i1 + i2|
    |mac_muladd_8s_8s_21s_22_4_1_U3292  |mac_muladd_8s_8s_21s_22_4_1  |  i0 * i1 + i2|
    |mac_muladd_8s_8s_21s_22_4_1_U3293  |mac_muladd_8s_8s_21s_22_4_1  |  i0 * i1 + i2|
    |mac_muladd_8s_8s_21s_22_4_1_U3296  |mac_muladd_8s_8s_21s_22_4_1  |  i0 * i1 + i2|
    +-----------------------------------+-----------------------------+--------------+

    * Memory: 
    +--------+----------------------------------------------------------------------------------+---------+---+----+-----+------+------+------+-------------+
    | Memory |                                      Module                                      | BRAM_18K| FF| LUT| URAM| Words| Bits | Banks| W*Bits*Banks|
    +--------+----------------------------------------------------------------------------------+---------+---+----+-----+------+------+------+-------------+
    |wr10_U  |dense_resource_ap_fixed_8_3_4_0_0_ap_fixed_22_11_5_3_0_config10_2_s_wr10_ROM_cux  |        8|  0|   0|    0|    64|  1535|     1|        98240|
    +--------+----------------------------------------------------------------------------------+---------+---+----+-----+------+------+------+-------------+
    |Total   |                                                                                  |        8|  0|   0|    0|    64|  1535|     1|        98240|
    +--------+----------------------------------------------------------------------------------+---------+---+----+-----+------+------+------+-------------+

    * FIFO: 
    N/A

    * Expression: 
    +----------------------+----------+----+---+----+------------+------------+
    |     Variable Name    | Operation| DSP| FF| LUT| Bitwidth P0| Bitwidth P1|
    +----------------------+----------+----+---+----+------------+------------+
    |w_index_fu_3885_p2    |         +|   0|  0|  13|           6|           1|
    |icmp_ln43_fu_3891_p2  |      icmp|   0|  0|  10|           6|           2|
    |ap_enable_pp0         |       xor|   0|  0|   2|           1|           2|
    +----------------------+----------+----+---+----+------------+------------+
    |Total                 |          |   0|  0|  25|          13|           5|
    +----------------------+----------+----+---+----+------------+------------+

    * Multiplexer: 
    +--------------------------------------+----+-----------+-----+-----------+
    |                 Name                 | LUT| Input Size| Bits| Total Bits|
    +--------------------------------------+----+-----------+-----+-----------+
    |ap_done_int                           |   9|          2|    1|          2|
    |ap_loop_exit_ready_pp0_iter4_reg      |   9|          2|    1|          2|
    |ap_phi_mux_w_index9_phi_fu_1055_p6    |  14|          3|    6|         18|
    |ap_phi_mux_x_V267_phi_fu_1069_p6      |  14|          3|   21|         63|
    |ap_phi_mux_x_V_255266_phi_fu_1084_p6  |  14|          3|   21|         63|
    |ap_phi_mux_x_V_256265_phi_fu_1099_p6  |  14|          3|   21|         63|
    |ap_phi_mux_x_V_257264_phi_fu_1114_p6  |  14|          3|   21|         63|
    |ap_phi_mux_x_V_258263_phi_fu_1129_p6  |  14|          3|   21|         63|
    |ap_phi_mux_x_V_259262_phi_fu_1144_p6  |  14|          3|   21|         63|
    |ap_phi_mux_x_V_260261_phi_fu_1159_p6  |  14|          3|   21|         63|
    |ap_phi_mux_x_V_261260_phi_fu_1174_p6  |  14|          3|   21|         63|
    |ap_phi_mux_x_V_262258_phi_fu_1189_p6  |  14|          3|   21|         63|
    |ap_phi_mux_x_V_263257_phi_fu_1203_p6  |  14|          3|   21|         63|
    |ap_phi_mux_x_V_264256_phi_fu_1218_p6  |  14|          3|   21|         63|
    |ap_phi_mux_x_V_265255_phi_fu_1233_p6  |  14|          3|   21|         63|
    |ap_phi_mux_x_V_266254_phi_fu_1248_p6  |  14|          3|   21|         63|
    |ap_phi_mux_x_V_267252_phi_fu_1263_p6  |  14|          3|   21|         63|
    |ap_phi_mux_x_V_268251_phi_fu_1277_p6  |  14|          3|   21|         63|
    |ap_phi_mux_x_V_269250_phi_fu_1292_p6  |  14|          3|   21|         63|
    |ap_phi_mux_x_V_270249_phi_fu_1307_p6  |  14|          3|   21|         63|
    |ap_phi_mux_x_V_271248_phi_fu_1322_p6  |  14|          3|   21|         63|
    |ap_phi_mux_x_V_272246_phi_fu_1337_p6  |  14|          3|   21|         63|
    |ap_phi_mux_x_V_273245_phi_fu_1351_p6  |  14|          3|   21|         63|
    |ap_phi_mux_x_V_274244_phi_fu_1366_p6  |  14|          3|   21|         63|
    |ap_phi_mux_x_V_275243_phi_fu_1381_p6  |  14|          3|   21|         63|
    |ap_phi_mux_x_V_276241_phi_fu_1396_p6  |  14|          3|   21|         63|
    |ap_phi_mux_x_V_277240_phi_fu_1410_p6  |  14|          3|   21|         63|
    |ap_phi_mux_x_V_278239_phi_fu_1425_p6  |  14|          3|   21|         63|
    |ap_phi_mux_x_V_279238_phi_fu_1440_p6  |  14|          3|   21|         63|
    |ap_phi_mux_x_V_280237_phi_fu_1455_p6  |  14|          3|   21|         63|
    |ap_phi_mux_x_V_281236_phi_fu_1470_p6  |  14|          3|   21|         63|
    |ap_phi_mux_x_V_282235_phi_fu_1485_p6  |  14|          3|   21|         63|
    |ap_phi_mux_x_V_283234_phi_fu_1500_p6  |  14|          3|   21|         63|
    |ap_phi_mux_x_V_284233_phi_fu_1515_p6  |  14|          3|   21|         63|
    |ap_phi_mux_x_V_285232_phi_fu_1530_p6  |  14|          3|   21|         63|
    |ap_phi_mux_x_V_286231_phi_fu_1545_p6  |  14|          3|   21|         63|
    |ap_phi_mux_x_V_287230_phi_fu_1560_p6  |  14|          3|   21|         63|
    |ap_phi_mux_x_V_288229_phi_fu_1575_p6  |  14|          3|   21|         63|
    |ap_phi_mux_x_V_289227_phi_fu_1590_p6  |  14|          3|   21|         63|
    |ap_phi_mux_x_V_290226_phi_fu_1604_p6  |  14|          3|   21|         63|
    |ap_phi_mux_x_V_291225_phi_fu_1619_p6  |  14|          3|   21|         63|
    |ap_phi_mux_x_V_292224_phi_fu_1634_p6  |  14|          3|   21|         63|
    |ap_phi_mux_x_V_293222_phi_fu_1649_p6  |  14|          3|   21|         63|
    |ap_phi_mux_x_V_294221_phi_fu_1663_p6  |  14|          3|   21|         63|
    |ap_phi_mux_x_V_295220_phi_fu_1678_p6  |  14|          3|   21|         63|
    |ap_phi_mux_x_V_296219_phi_fu_1693_p6  |  14|          3|   21|         63|
    |ap_phi_mux_x_V_297218_phi_fu_1708_p6  |  14|          3|   21|         63|
    |ap_phi_mux_x_V_298217_phi_fu_1723_p6  |  14|          3|   21|         63|
    |ap_phi_mux_x_V_299216_phi_fu_1738_p6  |  14|          3|   21|         63|
    |ap_phi_mux_x_V_300215_phi_fu_1753_p6  |  14|          3|   21|         63|
    |ap_phi_mux_x_V_301213_phi_fu_1768_p6  |  14|          3|   21|         63|
    |ap_phi_mux_x_V_302212_phi_fu_1782_p6  |  14|          3|   21|         63|
    |ap_phi_mux_x_V_303211_phi_fu_1797_p6  |  14|          3|   21|         63|
    |ap_phi_mux_x_V_304210_phi_fu_1812_p6  |  14|          3|   21|         63|
    |ap_phi_mux_x_V_305209_phi_fu_1827_p6  |  14|          3|   21|         63|
    |ap_phi_mux_x_V_306207_phi_fu_1842_p6  |  14|          3|   21|         63|
    |ap_phi_mux_x_V_307206_phi_fu_1856_p6  |  14|          3|   21|         63|
    |ap_phi_mux_x_V_308205_phi_fu_1871_p6  |  14|          3|   21|         63|
    |ap_phi_mux_x_V_309204_phi_fu_1886_p6  |  14|          3|   21|         63|
    |ap_phi_mux_x_V_310203_phi_fu_1901_p6  |  14|          3|   21|         63|
    |ap_phi_mux_x_V_311202_phi_fu_1916_p6  |  14|          3|   21|         63|
    |ap_phi_mux_x_V_312200_phi_fu_1931_p6  |  14|          3|   21|         63|
    |ap_phi_mux_x_V_313199_phi_fu_1945_p6  |  14|          3|   21|         63|
    |ap_phi_mux_x_V_314198_phi_fu_1960_p6  |  14|          3|   21|         63|
    |ap_phi_mux_x_V_315197_phi_fu_1975_p6  |  14|          3|   21|         63|
    |ap_phi_mux_x_V_316196_phi_fu_1990_p6  |  14|          3|   21|         63|
    |ap_phi_mux_x_V_317195_phi_fu_2005_p6  |  14|          3|   21|         63|
    |ap_phi_mux_x_V_318194_phi_fu_2020_p6  |  14|          3|   21|         63|
    |ap_phi_mux_x_V_319193_phi_fu_2035_p6  |  14|          3|   21|         63|
    |ap_phi_mux_x_V_320192_phi_fu_2050_p6  |  14|          3|   21|         63|
    |ap_phi_mux_x_V_321191_phi_fu_2065_p6  |  14|          3|   21|         63|
    |ap_phi_mux_x_V_322190_phi_fu_2080_p6  |  14|          3|   21|         63|
    |ap_phi_mux_x_V_323189_phi_fu_2095_p6  |  14|          3|   21|         63|
    |ap_phi_mux_x_V_324188_phi_fu_2110_p6  |  14|          3|   21|         63|
    |ap_phi_mux_x_V_325186_phi_fu_2125_p6  |  14|          3|   21|         63|
    |ap_phi_mux_x_V_326184_phi_fu_2139_p6  |  14|          3|   21|         63|
    |ap_phi_mux_x_V_327183_phi_fu_2153_p6  |  14|          3|   21|         63|
    |ap_phi_mux_x_V_328182_phi_fu_2168_p6  |  14|          3|   21|         63|
    |ap_phi_mux_x_V_329181_phi_fu_2183_p6  |  14|          3|   21|         63|
    |ap_phi_mux_x_V_330180_phi_fu_2198_p6  |  14|          3|   21|         63|
    |ap_phi_mux_x_V_331178_phi_fu_2213_p6  |  14|          3|   21|         63|
    |ap_phi_mux_x_V_332177_phi_fu_2227_p6  |  14|          3|   21|         63|
    |ap_phi_mux_x_V_333176_phi_fu_2242_p6  |  14|          3|   21|         63|
    |ap_phi_mux_x_V_334175_phi_fu_2257_p6  |  14|          3|   21|         63|
    |ap_phi_mux_x_V_335174_phi_fu_2272_p6  |  14|          3|   21|         63|
    |ap_phi_mux_x_V_336172_phi_fu_2287_p6  |  14|          3|   21|         63|
    |ap_phi_mux_x_V_337171_phi_fu_2301_p6  |  14|          3|   21|         63|
    |ap_phi_mux_x_V_338170_phi_fu_2316_p6  |  14|          3|   21|         63|
    |ap_phi_mux_x_V_339169_phi_fu_2331_p6  |  14|          3|   21|         63|
    |ap_phi_mux_x_V_340167_phi_fu_2346_p6  |  14|          3|   21|         63|
    |ap_phi_mux_x_V_341166_phi_fu_2360_p6  |  14|          3|   21|         63|
    |ap_phi_mux_x_V_342165_phi_fu_2375_p6  |  14|          3|   21|         63|
    |ap_phi_mux_x_V_343164_phi_fu_2390_p6  |  14|          3|   21|         63|
    |ap_phi_mux_x_V_344163_phi_fu_2405_p6  |  14|          3|   21|         63|
    |ap_phi_mux_x_V_345162_phi_fu_2420_p6  |  14|          3|   21|         63|
    |ap_phi_mux_x_V_346161_phi_fu_2435_p6  |  14|          3|   21|         63|
    |ap_phi_mux_x_V_347160_phi_fu_2450_p6  |  14|          3|   21|         63|
    |ap_phi_mux_x_V_348159_phi_fu_2465_p6  |  14|          3|   21|         63|
    |ap_phi_mux_x_V_349158_phi_fu_2480_p6  |  14|          3|   21|         63|
    |ap_phi_mux_x_V_350157_phi_fu_2495_p6  |  14|          3|   21|         63|
    |ap_phi_mux_x_V_351155_phi_fu_2510_p6  |  14|          3|   21|         63|
    |ap_phi_mux_x_V_352154_phi_fu_2524_p6  |  14|          3|   21|         63|
    |ap_phi_mux_x_V_353152_phi_fu_2539_p6  |  14|          3|   21|         63|
    |ap_phi_mux_x_V_354151_phi_fu_2553_p6  |  14|          3|   21|         63|
    |ap_phi_mux_x_V_355150_phi_fu_2568_p6  |  14|          3|   21|         63|
    |ap_phi_mux_x_V_356149_phi_fu_2583_p6  |  14|          3|   21|         63|
    |ap_phi_mux_x_V_357147_phi_fu_2598_p6  |  14|          3|   21|         63|
    |ap_phi_mux_x_V_358145_phi_fu_2612_p6  |  14|          3|   21|         63|
    |ap_phi_mux_x_V_359144_phi_fu_2626_p6  |  14|          3|   21|         63|
    |ap_phi_mux_x_V_360143_phi_fu_2641_p6  |  14|          3|   21|         63|
    |ap_phi_mux_x_V_361142_phi_fu_2656_p6  |  14|          3|   21|         63|
    |ap_phi_mux_x_V_362141_phi_fu_2671_p6  |  14|          3|   21|         63|
    |ap_phi_mux_x_V_363140_phi_fu_2686_p6  |  14|          3|   21|         63|
    |ap_phi_mux_x_V_364139_phi_fu_2701_p6  |  14|          3|   21|         63|
    |ap_phi_mux_x_V_365137_phi_fu_2716_p6  |  14|          3|   21|         63|
    |ap_phi_mux_x_V_366136_phi_fu_2730_p6  |  14|          3|   21|         63|
    |ap_phi_mux_x_V_367135_phi_fu_2745_p6  |  14|          3|   21|         63|
    |ap_phi_mux_x_V_368134_phi_fu_2760_p6  |  14|          3|   21|         63|
    |ap_phi_mux_x_V_369133_phi_fu_2775_p6  |  14|          3|   21|         63|
    |ap_phi_mux_x_V_370131_phi_fu_2790_p6  |  14|          3|   21|         63|
    |ap_phi_mux_x_V_371130_phi_fu_2804_p6  |  14|          3|   21|         63|
    |ap_phi_mux_x_V_372129_phi_fu_2819_p6  |  14|          3|   21|         63|
    |ap_phi_mux_x_V_373127_phi_fu_2834_p6  |  14|          3|   21|         63|
    |ap_phi_mux_x_V_374126_phi_fu_2848_p6  |  14|          3|   21|         63|
    |ap_phi_mux_x_V_375125_phi_fu_2863_p6  |  14|          3|   21|         63|
    |ap_phi_mux_x_V_376123_phi_fu_2878_p6  |  14|          3|   21|         63|
    |ap_phi_mux_x_V_377122_phi_fu_2892_p6  |  14|          3|   21|         63|
    |ap_phi_mux_x_V_378121_phi_fu_2907_p6  |  14|          3|   21|         63|
    |ap_phi_mux_x_V_379119_phi_fu_2922_p6  |  14|          3|   21|         63|
    |ap_phi_mux_x_V_380118_phi_fu_2936_p6  |  14|          3|   21|         63|
    |ap_phi_mux_x_V_381116_phi_fu_2951_p6  |  14|          3|   21|         63|
    |ap_phi_mux_x_V_382115_phi_fu_2965_p6  |  14|          3|   21|         63|
    |ap_phi_mux_x_V_383113_phi_fu_2980_p6  |  14|          3|   21|         63|
    |ap_phi_mux_x_V_384112_phi_fu_2994_p6  |  14|          3|   21|         63|
    |ap_phi_mux_x_V_385110_phi_fu_3009_p6  |  14|          3|   21|         63|
    |ap_phi_mux_x_V_386109_phi_fu_3023_p6  |  14|          3|   21|         63|
    |ap_phi_mux_x_V_387108_phi_fu_3038_p6  |  14|          3|   21|         63|
    |ap_phi_mux_x_V_388107_phi_fu_3053_p6  |  14|          3|   21|         63|
    |ap_phi_mux_x_V_389105_phi_fu_3068_p6  |  14|          3|   21|         63|
    |ap_phi_mux_x_V_390103_phi_fu_3082_p6  |  14|          3|   21|         63|
    |ap_phi_mux_x_V_391101_phi_fu_3096_p6  |  14|          3|   21|         63|
    |ap_phi_mux_x_V_39299_phi_fu_3110_p6   |  14|          3|   21|         63|
    |ap_phi_mux_x_V_39397_phi_fu_3124_p6   |  14|          3|   21|         63|
    |ap_phi_mux_x_V_39495_phi_fu_3138_p6   |  14|          3|   21|         63|
    |ap_phi_mux_x_V_39594_phi_fu_3152_p6   |  14|          3|   21|         63|
    |ap_phi_mux_x_V_39692_phi_fu_3167_p6   |  14|          3|   21|         63|
    |ap_phi_mux_x_V_39791_phi_fu_3181_p6   |  14|          3|   21|         63|
    |ap_phi_mux_x_V_39889_phi_fu_3196_p6   |  14|          3|   21|         63|
    |ap_phi_mux_x_V_39987_phi_fu_3210_p6   |  14|          3|   21|         63|
    |ap_phi_mux_x_V_40085_phi_fu_3224_p6   |  14|          3|   21|         63|
    |ap_phi_mux_x_V_40183_phi_fu_3238_p6   |  14|          3|   21|         63|
    |ap_phi_mux_x_V_40282_phi_fu_3252_p6   |  14|          3|   21|         63|
    |ap_phi_mux_x_V_40380_phi_fu_3267_p6   |  14|          3|   21|         63|
    |ap_phi_mux_x_V_40478_phi_fu_3281_p6   |  14|          3|   21|         63|
    |ap_phi_mux_x_V_40576_phi_fu_3295_p6   |  14|          3|   21|         63|
    |ap_phi_mux_x_V_40674_phi_fu_3309_p6   |  14|          3|   21|         63|
    |ap_phi_mux_x_V_40772_phi_fu_3323_p6   |  14|          3|   21|         63|
    |ap_phi_mux_x_V_40871_phi_fu_3337_p6   |  14|          3|   21|         63|
    |ap_phi_mux_x_V_40969_phi_fu_3352_p6   |  14|          3|   21|         63|
    |ap_phi_mux_x_V_41067_phi_fu_3366_p6   |  14|          3|   21|         63|
    |ap_phi_mux_x_V_41165_phi_fu_3380_p6   |  14|          3|   21|         63|
    |ap_phi_mux_x_V_41264_phi_fu_3394_p6   |  14|          3|   21|         63|
    |ap_phi_mux_x_V_41363_phi_fu_3409_p6   |  14|          3|   21|         63|
    |ap_phi_mux_x_V_41461_phi_fu_3424_p6   |  14|          3|   21|         63|
    |ap_phi_mux_x_V_41559_phi_fu_3438_p6   |  14|          3|   21|         63|
    |ap_phi_mux_x_V_41657_phi_fu_3452_p6   |  14|          3|   21|         63|
    |ap_phi_mux_x_V_41755_phi_fu_3466_p6   |  14|          3|   21|         63|
    |ap_phi_mux_x_V_41853_phi_fu_3480_p6   |  14|          3|   21|         63|
    |ap_phi_mux_x_V_41951_phi_fu_3494_p6   |  14|          3|   21|         63|
    |ap_phi_mux_x_V_42050_phi_fu_3508_p6   |  14|          3|   21|         63|
    |ap_phi_mux_x_V_42148_phi_fu_3523_p6   |  14|          3|   21|         63|
    |ap_phi_mux_x_V_42246_phi_fu_3537_p6   |  14|          3|   21|         63|
    |ap_phi_mux_x_V_42344_phi_fu_3551_p6   |  14|          3|   21|         63|
    |ap_phi_mux_x_V_42443_phi_fu_3565_p6   |  14|          3|   21|         63|
    |ap_phi_mux_x_V_42541_phi_fu_3580_p6   |  14|          3|   21|         63|
    |ap_phi_mux_x_V_42639_phi_fu_3594_p6   |  14|          3|   21|         63|
    |ap_phi_mux_x_V_42737_phi_fu_3608_p6   |  14|          3|   21|         63|
    |ap_phi_mux_x_V_42835_phi_fu_3622_p6   |  14|          3|   21|         63|
    |ap_phi_mux_x_V_42933_phi_fu_3636_p6   |  14|          3|   21|         63|
    |ap_phi_mux_x_V_43032_phi_fu_3650_p6   |  14|          3|   21|         63|
    |ap_phi_mux_x_V_43131_phi_fu_3665_p6   |  14|          3|   21|         63|
    |ap_phi_mux_x_V_43229_phi_fu_3680_p6   |  14|          3|   21|         63|
    |ap_phi_mux_x_V_43328_phi_fu_3694_p6   |  14|          3|   21|         63|
    |ap_phi_mux_x_V_43426_phi_fu_3709_p6   |  14|          3|   21|         63|
    |ap_phi_mux_x_V_43524_phi_fu_3723_p6   |  14|          3|   21|         63|
    |ap_phi_mux_x_V_43622_phi_fu_3737_p6   |  14|          3|   21|         63|
    |ap_phi_mux_x_V_43721_phi_fu_3751_p6   |  14|          3|   21|         63|
    |ap_phi_mux_x_V_43820_phi_fu_3766_p6   |  14|          3|   21|         63|
    |ap_phi_mux_x_V_43918_phi_fu_3781_p6   |  14|          3|   21|         63|
    |ap_phi_mux_x_V_44016_phi_fu_3795_p6   |  14|          3|   21|         63|
    |ap_phi_mux_x_V_44115_phi_fu_3809_p6   |  14|          3|   21|         63|
    |ap_phi_mux_x_V_44214_phi_fu_3824_p6   |  14|          3|   21|         63|
    |ap_phi_mux_x_V_44312_phi_fu_3839_p6   |  14|          3|   21|         63|
    |ap_phi_mux_x_V_44411_phi_fu_3853_p6   |  14|          3|   21|         63|
    |ap_phi_mux_x_V_44510_phi_fu_3868_p6   |  14|          3|   20|         60|
    |ap_return_0                           |   9|          2|   22|         44|
    |ap_return_1                           |   9|          2|   22|         44|
    |ap_return_10                          |   9|          2|   22|         44|
    |ap_return_100                         |   9|          2|   22|         44|
    |ap_return_101                         |   9|          2|   22|         44|
    |ap_return_102                         |   9|          2|   22|         44|
    |ap_return_103                         |   9|          2|   22|         44|
    |ap_return_104                         |   9|          2|   22|         44|
    |ap_return_105                         |   9|          2|   22|         44|
    |ap_return_106                         |   9|          2|   22|         44|
    |ap_return_107                         |   9|          2|   22|         44|
    |ap_return_108                         |   9|          2|   22|         44|
    |ap_return_109                         |   9|          2|   22|         44|
    |ap_return_11                          |   9|          2|   22|         44|
    |ap_return_110                         |   9|          2|   22|         44|
    |ap_return_111                         |   9|          2|   22|         44|
    |ap_return_112                         |   9|          2|   22|         44|
    |ap_return_113                         |   9|          2|   22|         44|
    |ap_return_114                         |   9|          2|   22|         44|
    |ap_return_115                         |   9|          2|   22|         44|
    |ap_return_116                         |   9|          2|   22|         44|
    |ap_return_117                         |   9|          2|   22|         44|
    |ap_return_118                         |   9|          2|   22|         44|
    |ap_return_119                         |   9|          2|   22|         44|
    |ap_return_12                          |   9|          2|   22|         44|
    |ap_return_120                         |   9|          2|   22|         44|
    |ap_return_121                         |   9|          2|   22|         44|
    |ap_return_122                         |   9|          2|   22|         44|
    |ap_return_123                         |   9|          2|   22|         44|
    |ap_return_124                         |   9|          2|   22|         44|
    |ap_return_125                         |   9|          2|   22|         44|
    |ap_return_126                         |   9|          2|   22|         44|
    |ap_return_127                         |   9|          2|   22|         44|
    |ap_return_128                         |   9|          2|   22|         44|
    |ap_return_129                         |   9|          2|   22|         44|
    |ap_return_13                          |   9|          2|   22|         44|
    |ap_return_130                         |   9|          2|   22|         44|
    |ap_return_131                         |   9|          2|   22|         44|
    |ap_return_132                         |   9|          2|   22|         44|
    |ap_return_133                         |   9|          2|   22|         44|
    |ap_return_134                         |   9|          2|   22|         44|
    |ap_return_135                         |   9|          2|   22|         44|
    |ap_return_136                         |   9|          2|   22|         44|
    |ap_return_137                         |   9|          2|   22|         44|
    |ap_return_138                         |   9|          2|   22|         44|
    |ap_return_139                         |   9|          2|   22|         44|
    |ap_return_14                          |   9|          2|   22|         44|
    |ap_return_140                         |   9|          2|   22|         44|
    |ap_return_141                         |   9|          2|   22|         44|
    |ap_return_142                         |   9|          2|   22|         44|
    |ap_return_143                         |   9|          2|   22|         44|
    |ap_return_144                         |   9|          2|   22|         44|
    |ap_return_145                         |   9|          2|   22|         44|
    |ap_return_146                         |   9|          2|   22|         44|
    |ap_return_147                         |   9|          2|   22|         44|
    |ap_return_148                         |   9|          2|   22|         44|
    |ap_return_149                         |   9|          2|   22|         44|
    |ap_return_15                          |   9|          2|   22|         44|
    |ap_return_150                         |   9|          2|   22|         44|
    |ap_return_151                         |   9|          2|   22|         44|
    |ap_return_152                         |   9|          2|   22|         44|
    |ap_return_153                         |   9|          2|   22|         44|
    |ap_return_154                         |   9|          2|   22|         44|
    |ap_return_155                         |   9|          2|   22|         44|
    |ap_return_156                         |   9|          2|   22|         44|
    |ap_return_157                         |   9|          2|   22|         44|
    |ap_return_158                         |   9|          2|   22|         44|
    |ap_return_159                         |   9|          2|   22|         44|
    |ap_return_16                          |   9|          2|   22|         44|
    |ap_return_160                         |   9|          2|   22|         44|
    |ap_return_161                         |   9|          2|   22|         44|
    |ap_return_162                         |   9|          2|   22|         44|
    |ap_return_163                         |   9|          2|   22|         44|
    |ap_return_164                         |   9|          2|   22|         44|
    |ap_return_165                         |   9|          2|   22|         44|
    |ap_return_166                         |   9|          2|   22|         44|
    |ap_return_167                         |   9|          2|   22|         44|
    |ap_return_168                         |   9|          2|   22|         44|
    |ap_return_169                         |   9|          2|   22|         44|
    |ap_return_17                          |   9|          2|   22|         44|
    |ap_return_170                         |   9|          2|   22|         44|
    |ap_return_171                         |   9|          2|   22|         44|
    |ap_return_172                         |   9|          2|   22|         44|
    |ap_return_173                         |   9|          2|   22|         44|
    |ap_return_174                         |   9|          2|   22|         44|
    |ap_return_175                         |   9|          2|   22|         44|
    |ap_return_176                         |   9|          2|   22|         44|
    |ap_return_177                         |   9|          2|   22|         44|
    |ap_return_178                         |   9|          2|   22|         44|
    |ap_return_179                         |   9|          2|   22|         44|
    |ap_return_18                          |   9|          2|   22|         44|
    |ap_return_180                         |   9|          2|   22|         44|
    |ap_return_181                         |   9|          2|   22|         44|
    |ap_return_182                         |   9|          2|   22|         44|
    |ap_return_183                         |   9|          2|   22|         44|
    |ap_return_184                         |   9|          2|   22|         44|
    |ap_return_185                         |   9|          2|   22|         44|
    |ap_return_186                         |   9|          2|   22|         44|
    |ap_return_187                         |   9|          2|   22|         44|
    |ap_return_188                         |   9|          2|   22|         44|
    |ap_return_189                         |   9|          2|   22|         44|
    |ap_return_19                          |   9|          2|   22|         44|
    |ap_return_190                         |   9|          2|   22|         44|
    |ap_return_191                         |   9|          2|   22|         44|
    |ap_return_2                           |   9|          2|   22|         44|
    |ap_return_20                          |   9|          2|   22|         44|
    |ap_return_21                          |   9|          2|   22|         44|
    |ap_return_22                          |   9|          2|   22|         44|
    |ap_return_23                          |   9|          2|   22|         44|
    |ap_return_24                          |   9|          2|   22|         44|
    |ap_return_25                          |   9|          2|   22|         44|
    |ap_return_26                          |   9|          2|   22|         44|
    |ap_return_27                          |   9|          2|   22|         44|
    |ap_return_28                          |   9|          2|   22|         44|
    |ap_return_29                          |   9|          2|   22|         44|
    |ap_return_3                           |   9|          2|   22|         44|
    |ap_return_30                          |   9|          2|   22|         44|
    |ap_return_31                          |   9|          2|   22|         44|
    |ap_return_32                          |   9|          2|   22|         44|
    |ap_return_33                          |   9|          2|   22|         44|
    |ap_return_34                          |   9|          2|   22|         44|
    |ap_return_35                          |   9|          2|   22|         44|
    |ap_return_36                          |   9|          2|   22|         44|
    |ap_return_37                          |   9|          2|   22|         44|
    |ap_return_38                          |   9|          2|   22|         44|
    |ap_return_39                          |   9|          2|   22|         44|
    |ap_return_4                           |   9|          2|   22|         44|
    |ap_return_40                          |   9|          2|   22|         44|
    |ap_return_41                          |   9|          2|   22|         44|
    |ap_return_42                          |   9|          2|   22|         44|
    |ap_return_43                          |   9|          2|   22|         44|
    |ap_return_44                          |   9|          2|   22|         44|
    |ap_return_45                          |   9|          2|   22|         44|
    |ap_return_46                          |   9|          2|   22|         44|
    |ap_return_47                          |   9|          2|   22|         44|
    |ap_return_48                          |   9|          2|   22|         44|
    |ap_return_49                          |   9|          2|   22|         44|
    |ap_return_5                           |   9|          2|   22|         44|
    |ap_return_50                          |   9|          2|   22|         44|
    |ap_return_51                          |   9|          2|   22|         44|
    |ap_return_52                          |   9|          2|   22|         44|
    |ap_return_53                          |   9|          2|   22|         44|
    |ap_return_54                          |   9|          2|   22|         44|
    |ap_return_55                          |   9|          2|   22|         44|
    |ap_return_56                          |   9|          2|   22|         44|
    |ap_return_57                          |   9|          2|   22|         44|
    |ap_return_58                          |   9|          2|   22|         44|
    |ap_return_59                          |   9|          2|   22|         44|
    |ap_return_6                           |   9|          2|   22|         44|
    |ap_return_60                          |   9|          2|   22|         44|
    |ap_return_61                          |   9|          2|   22|         44|
    |ap_return_62                          |   9|          2|   22|         44|
    |ap_return_63                          |   9|          2|   22|         44|
    |ap_return_64                          |   9|          2|   22|         44|
    |ap_return_65                          |   9|          2|   22|         44|
    |ap_return_66                          |   9|          2|   22|         44|
    |ap_return_67                          |   9|          2|   22|         44|
    |ap_return_68                          |   9|          2|   22|         44|
    |ap_return_69                          |   9|          2|   22|         44|
    |ap_return_7                           |   9|          2|   22|         44|
    |ap_return_70                          |   9|          2|   22|         44|
    |ap_return_71                          |   9|          2|   22|         44|
    |ap_return_72                          |   9|          2|   22|         44|
    |ap_return_73                          |   9|          2|   22|         44|
    |ap_return_74                          |   9|          2|   22|         44|
    |ap_return_75                          |   9|          2|   22|         44|
    |ap_return_76                          |   9|          2|   22|         44|
    |ap_return_77                          |   9|          2|   22|         44|
    |ap_return_78                          |   9|          2|   22|         44|
    |ap_return_79                          |   9|          2|   22|         44|
    |ap_return_8                           |   9|          2|   22|         44|
    |ap_return_80                          |   9|          2|   22|         44|
    |ap_return_81                          |   9|          2|   22|         44|
    |ap_return_82                          |   9|          2|   22|         44|
    |ap_return_83                          |   9|          2|   22|         44|
    |ap_return_84                          |   9|          2|   22|         44|
    |ap_return_85                          |   9|          2|   22|         44|
    |ap_return_86                          |   9|          2|   22|         44|
    |ap_return_87                          |   9|          2|   22|         44|
    |ap_return_88                          |   9|          2|   22|         44|
    |ap_return_89                          |   9|          2|   22|         44|
    |ap_return_9                           |   9|          2|   22|         44|
    |ap_return_90                          |   9|          2|   22|         44|
    |ap_return_91                          |   9|          2|   22|         44|
    |ap_return_92                          |   9|          2|   22|         44|
    |ap_return_93                          |   9|          2|   22|         44|
    |ap_return_94                          |   9|          2|   22|         44|
    |ap_return_95                          |   9|          2|   22|         44|
    |ap_return_96                          |   9|          2|   22|         44|
    |ap_return_97                          |   9|          2|   22|         44|
    |ap_return_98                          |   9|          2|   22|         44|
    |ap_return_99                          |   9|          2|   22|         44|
    |w_index9_reg_1052                     |   9|          2|    6|         12|
    |x_V267_reg_1065                       |   9|          2|   21|         42|
    |x_V_255266_reg_1080                   |   9|          2|   21|         42|
    |x_V_256265_reg_1095                   |   9|          2|   21|         42|
    |x_V_257264_reg_1110                   |   9|          2|   21|         42|
    |x_V_258263_reg_1125                   |   9|          2|   21|         42|
    |x_V_259262_reg_1140                   |   9|          2|   21|         42|
    |x_V_260261_reg_1155                   |   9|          2|   21|         42|
    |x_V_261260_reg_1170                   |   9|          2|   21|         42|
    |x_V_262258_reg_1185                   |   9|          2|   21|         42|
    |x_V_263257_reg_1199                   |   9|          2|   21|         42|
    |x_V_264256_reg_1214                   |   9|          2|   21|         42|
    |x_V_265255_reg_1229                   |   9|          2|   21|         42|
    |x_V_266254_reg_1244                   |   9|          2|   21|         42|
    |x_V_267252_reg_1259                   |   9|          2|   21|         42|
    |x_V_268251_reg_1273                   |   9|          2|   21|         42|
    |x_V_269250_reg_1288                   |   9|          2|   21|         42|
    |x_V_270249_reg_1303                   |   9|          2|   21|         42|
    |x_V_271248_reg_1318                   |   9|          2|   21|         42|
    |x_V_272246_reg_1333                   |   9|          2|   21|         42|
    |x_V_273245_reg_1347                   |   9|          2|   21|         42|
    |x_V_274244_reg_1362                   |   9|          2|   21|         42|
    |x_V_275243_reg_1377                   |   9|          2|   21|         42|
    |x_V_276241_reg_1392                   |   9|          2|   21|         42|
    |x_V_277240_reg_1406                   |   9|          2|   21|         42|
    |x_V_278239_reg_1421                   |   9|          2|   21|         42|
    |x_V_279238_reg_1436                   |   9|          2|   21|         42|
    |x_V_280237_reg_1451                   |   9|          2|   21|         42|
    |x_V_281236_reg_1466                   |   9|          2|   21|         42|
    |x_V_282235_reg_1481                   |   9|          2|   21|         42|
    |x_V_283234_reg_1496                   |   9|          2|   21|         42|
    |x_V_284233_reg_1511                   |   9|          2|   21|         42|
    |x_V_285232_reg_1526                   |   9|          2|   21|         42|
    |x_V_286231_reg_1541                   |   9|          2|   21|         42|
    |x_V_287230_reg_1556                   |   9|          2|   21|         42|
    |x_V_288229_reg_1571                   |   9|          2|   21|         42|
    |x_V_289227_reg_1586                   |   9|          2|   21|         42|
    |x_V_290226_reg_1600                   |   9|          2|   21|         42|
    |x_V_291225_reg_1615                   |   9|          2|   21|         42|
    |x_V_292224_reg_1630                   |   9|          2|   21|         42|
    |x_V_293222_reg_1645                   |   9|          2|   21|         42|
    |x_V_294221_reg_1659                   |   9|          2|   21|         42|
    |x_V_295220_reg_1674                   |   9|          2|   21|         42|
    |x_V_296219_reg_1689                   |   9|          2|   21|         42|
    |x_V_297218_reg_1704                   |   9|          2|   21|         42|
    |x_V_298217_reg_1719                   |   9|          2|   21|         42|
    |x_V_299216_reg_1734                   |   9|          2|   21|         42|
    |x_V_300215_reg_1749                   |   9|          2|   21|         42|
    |x_V_301213_reg_1764                   |   9|          2|   21|         42|
    |x_V_302212_reg_1778                   |   9|          2|   21|         42|
    |x_V_303211_reg_1793                   |   9|          2|   21|         42|
    |x_V_304210_reg_1808                   |   9|          2|   21|         42|
    |x_V_305209_reg_1823                   |   9|          2|   21|         42|
    |x_V_306207_reg_1838                   |   9|          2|   21|         42|
    |x_V_307206_reg_1852                   |   9|          2|   21|         42|
    |x_V_308205_reg_1867                   |   9|          2|   21|         42|
    |x_V_309204_reg_1882                   |   9|          2|   21|         42|
    |x_V_310203_reg_1897                   |   9|          2|   21|         42|
    |x_V_311202_reg_1912                   |   9|          2|   21|         42|
    |x_V_312200_reg_1927                   |   9|          2|   21|         42|
    |x_V_313199_reg_1941                   |   9|          2|   21|         42|
    |x_V_314198_reg_1956                   |   9|          2|   21|         42|
    |x_V_315197_reg_1971                   |   9|          2|   21|         42|
    |x_V_316196_reg_1986                   |   9|          2|   21|         42|
    |x_V_317195_reg_2001                   |   9|          2|   21|         42|
    |x_V_318194_reg_2016                   |   9|          2|   21|         42|
    |x_V_319193_reg_2031                   |   9|          2|   21|         42|
    |x_V_320192_reg_2046                   |   9|          2|   21|         42|
    |x_V_321191_reg_2061                   |   9|          2|   21|         42|
    |x_V_322190_reg_2076                   |   9|          2|   21|         42|
    |x_V_323189_reg_2091                   |   9|          2|   21|         42|
    |x_V_324188_reg_2106                   |   9|          2|   21|         42|
    |x_V_325186_reg_2121                   |   9|          2|   21|         42|
    |x_V_326184_reg_2135                   |   9|          2|   21|         42|
    |x_V_327183_reg_2149                   |   9|          2|   21|         42|
    |x_V_328182_reg_2164                   |   9|          2|   21|         42|
    |x_V_329181_reg_2179                   |   9|          2|   21|         42|
    |x_V_330180_reg_2194                   |   9|          2|   21|         42|
    |x_V_331178_reg_2209                   |   9|          2|   21|         42|
    |x_V_332177_reg_2223                   |   9|          2|   21|         42|
    |x_V_333176_reg_2238                   |   9|          2|   21|         42|
    |x_V_334175_reg_2253                   |   9|          2|   21|         42|
    |x_V_335174_reg_2268                   |   9|          2|   21|         42|
    |x_V_336172_reg_2283                   |   9|          2|   21|         42|
    |x_V_337171_reg_2297                   |   9|          2|   21|         42|
    |x_V_338170_reg_2312                   |   9|          2|   21|         42|
    |x_V_339169_reg_2327                   |   9|          2|   21|         42|
    |x_V_340167_reg_2342                   |   9|          2|   21|         42|
    |x_V_341166_reg_2356                   |   9|          2|   21|         42|
    |x_V_342165_reg_2371                   |   9|          2|   21|         42|
    |x_V_343164_reg_2386                   |   9|          2|   21|         42|
    |x_V_344163_reg_2401                   |   9|          2|   21|         42|
    |x_V_345162_reg_2416                   |   9|          2|   21|         42|
    |x_V_346161_reg_2431                   |   9|          2|   21|         42|
    |x_V_347160_reg_2446                   |   9|          2|   21|         42|
    |x_V_348159_reg_2461                   |   9|          2|   21|         42|
    |x_V_349158_reg_2476                   |   9|          2|   21|         42|
    |x_V_350157_reg_2491                   |   9|          2|   21|         42|
    |x_V_351155_reg_2506                   |   9|          2|   21|         42|
    |x_V_352154_reg_2520                   |   9|          2|   21|         42|
    |x_V_353152_reg_2535                   |   9|          2|   21|         42|
    |x_V_354151_reg_2549                   |   9|          2|   21|         42|
    |x_V_355150_reg_2564                   |   9|          2|   21|         42|
    |x_V_356149_reg_2579                   |   9|          2|   21|         42|
    |x_V_357147_reg_2594                   |   9|          2|   21|         42|
    |x_V_358145_reg_2608                   |   9|          2|   21|         42|
    |x_V_359144_reg_2622                   |   9|          2|   21|         42|
    |x_V_360143_reg_2637                   |   9|          2|   21|         42|
    |x_V_361142_reg_2652                   |   9|          2|   21|         42|
    |x_V_362141_reg_2667                   |   9|          2|   21|         42|
    |x_V_363140_reg_2682                   |   9|          2|   21|         42|
    |x_V_364139_reg_2697                   |   9|          2|   21|         42|
    |x_V_365137_reg_2712                   |   9|          2|   21|         42|
    |x_V_366136_reg_2726                   |   9|          2|   21|         42|
    |x_V_367135_reg_2741                   |   9|          2|   21|         42|
    |x_V_368134_reg_2756                   |   9|          2|   21|         42|
    |x_V_369133_reg_2771                   |   9|          2|   21|         42|
    |x_V_370131_reg_2786                   |   9|          2|   21|         42|
    |x_V_371130_reg_2800                   |   9|          2|   21|         42|
    |x_V_372129_reg_2815                   |   9|          2|   21|         42|
    |x_V_373127_reg_2830                   |   9|          2|   21|         42|
    |x_V_374126_reg_2844                   |   9|          2|   21|         42|
    |x_V_375125_reg_2859                   |   9|          2|   21|         42|
    |x_V_376123_reg_2874                   |   9|          2|   21|         42|
    |x_V_377122_reg_2888                   |   9|          2|   21|         42|
    |x_V_378121_reg_2903                   |   9|          2|   21|         42|
    |x_V_379119_reg_2918                   |   9|          2|   21|         42|
    |x_V_380118_reg_2932                   |   9|          2|   21|         42|
    |x_V_381116_reg_2947                   |   9|          2|   21|         42|
    |x_V_382115_reg_2961                   |   9|          2|   21|         42|
    |x_V_383113_reg_2976                   |   9|          2|   21|         42|
    |x_V_384112_reg_2990                   |   9|          2|   21|         42|
    |x_V_385110_reg_3005                   |   9|          2|   21|         42|
    |x_V_386109_reg_3019                   |   9|          2|   21|         42|
    |x_V_387108_reg_3034                   |   9|          2|   21|         42|
    |x_V_388107_reg_3049                   |   9|          2|   21|         42|
    |x_V_389105_reg_3064                   |   9|          2|   21|         42|
    |x_V_390103_reg_3078                   |   9|          2|   21|         42|
    |x_V_391101_reg_3092                   |   9|          2|   21|         42|
    |x_V_39299_reg_3106                    |   9|          2|   21|         42|
    |x_V_39397_reg_3120                    |   9|          2|   21|         42|
    |x_V_39495_reg_3134                    |   9|          2|   21|         42|
    |x_V_39594_reg_3148                    |   9|          2|   21|         42|
    |x_V_39692_reg_3163                    |   9|          2|   21|         42|
    |x_V_39791_reg_3177                    |   9|          2|   21|         42|
    |x_V_39889_reg_3192                    |   9|          2|   21|         42|
    |x_V_39987_reg_3206                    |   9|          2|   21|         42|
    |x_V_40085_reg_3220                    |   9|          2|   21|         42|
    |x_V_40183_reg_3234                    |   9|          2|   21|         42|
    |x_V_40282_reg_3248                    |   9|          2|   21|         42|
    |x_V_40380_reg_3263                    |   9|          2|   21|         42|
    |x_V_40478_reg_3277                    |   9|          2|   21|         42|
    |x_V_40576_reg_3291                    |   9|          2|   21|         42|
    |x_V_40674_reg_3305                    |   9|          2|   21|         42|
    |x_V_40772_reg_3319                    |   9|          2|   21|         42|
    |x_V_40871_reg_3333                    |   9|          2|   21|         42|
    |x_V_40969_reg_3348                    |   9|          2|   21|         42|
    |x_V_41067_reg_3362                    |   9|          2|   21|         42|
    |x_V_41165_reg_3376                    |   9|          2|   21|         42|
    |x_V_41264_reg_3390                    |   9|          2|   21|         42|
    |x_V_41363_reg_3405                    |   9|          2|   21|         42|
    |x_V_41461_reg_3420                    |   9|          2|   21|         42|
    |x_V_41559_reg_3434                    |   9|          2|   21|         42|
    |x_V_41657_reg_3448                    |   9|          2|   21|         42|
    |x_V_41755_reg_3462                    |   9|          2|   21|         42|
    |x_V_41853_reg_3476                    |   9|          2|   21|         42|
    |x_V_41951_reg_3490                    |   9|          2|   21|         42|
    |x_V_42050_reg_3504                    |   9|          2|   21|         42|
    |x_V_42148_reg_3519                    |   9|          2|   21|         42|
    |x_V_42246_reg_3533                    |   9|          2|   21|         42|
    |x_V_42344_reg_3547                    |   9|          2|   21|         42|
    |x_V_42443_reg_3561                    |   9|          2|   21|         42|
    |x_V_42541_reg_3576                    |   9|          2|   21|         42|
    |x_V_42639_reg_3590                    |   9|          2|   21|         42|
    |x_V_42737_reg_3604                    |   9|          2|   21|         42|
    |x_V_42835_reg_3618                    |   9|          2|   21|         42|
    |x_V_42933_reg_3632                    |   9|          2|   21|         42|
    |x_V_43032_reg_3646                    |   9|          2|   21|         42|
    |x_V_43131_reg_3661                    |   9|          2|   21|         42|
    |x_V_43229_reg_3676                    |   9|          2|   21|         42|
    |x_V_43328_reg_3690                    |   9|          2|   21|         42|
    |x_V_43426_reg_3705                    |   9|          2|   21|         42|
    |x_V_43524_reg_3719                    |   9|          2|   21|         42|
    |x_V_43622_reg_3733                    |   9|          2|   21|         42|
    |x_V_43721_reg_3747                    |   9|          2|   21|         42|
    |x_V_43820_reg_3762                    |   9|          2|   21|         42|
    |x_V_43918_reg_3777                    |   9|          2|   21|         42|
    |x_V_44016_reg_3791                    |   9|          2|   21|         42|
    |x_V_44115_reg_3805                    |   9|          2|   21|         42|
    |x_V_44214_reg_3820                    |   9|          2|   21|         42|
    |x_V_44312_reg_3835                    |   9|          2|   21|         42|
    |x_V_44411_reg_3849                    |   9|          2|   21|         42|
    |x_V_44510_reg_3864                    |   9|          2|   20|         40|
    +--------------------------------------+----+-----------+-----+-----------+
    |Total                                 |6185|       1353|12300|      28637|
    +--------------------------------------+----+-----------+-----+-----------+

    * Register: 
    +----------------------------------+----+----+-----+-----------+
    |               Name               | FF | LUT| Bits| Const Bits|
    +----------------------------------+----+----+-----+-----------+
    |ap_CS_fsm                         |   1|   0|    1|          0|
    |ap_done_reg                       |   1|   0|    1|          0|
    |ap_enable_reg_pp0_iter1           |   1|   0|    1|          0|
    |ap_enable_reg_pp0_iter2           |   1|   0|    1|          0|
    |ap_enable_reg_pp0_iter3           |   1|   0|    1|          0|
    |ap_enable_reg_pp0_iter4           |   1|   0|    1|          0|
    |ap_loop_exit_ready_pp0_iter1_reg  |   1|   0|    1|          0|
    |ap_loop_exit_ready_pp0_iter2_reg  |   1|   0|    1|          0|
    |ap_loop_exit_ready_pp0_iter3_reg  |   1|   0|    1|          0|
    |ap_loop_exit_ready_pp0_iter4_reg  |   1|   0|    1|          0|
    |ap_loop_init_pp0_iter1_reg        |   1|   0|    1|          0|
    |ap_loop_init_pp0_iter2_reg        |   1|   0|    1|          0|
    |ap_loop_init_pp0_iter3_reg        |   1|   0|    1|          0|
    |ap_return_0_preg                  |  22|   0|   22|          0|
    |ap_return_100_preg                |  22|   0|   22|          0|
    |ap_return_101_preg                |  22|   0|   22|          0|
    |ap_return_102_preg                |  22|   0|   22|          0|
    |ap_return_103_preg                |  22|   0|   22|          0|
    |ap_return_104_preg                |  22|   0|   22|          0|
    |ap_return_105_preg                |  22|   0|   22|          0|
    |ap_return_106_preg                |  22|   0|   22|          0|
    |ap_return_107_preg                |  22|   0|   22|          0|
    |ap_return_108_preg                |  22|   0|   22|          0|
    |ap_return_109_preg                |  22|   0|   22|          0|
    |ap_return_10_preg                 |  22|   0|   22|          0|
    |ap_return_110_preg                |  22|   0|   22|          0|
    |ap_return_111_preg                |  22|   0|   22|          0|
    |ap_return_112_preg                |  22|   0|   22|          0|
    |ap_return_113_preg                |  22|   0|   22|          0|
    |ap_return_114_preg                |  22|   0|   22|          0|
    |ap_return_115_preg                |  22|   0|   22|          0|
    |ap_return_116_preg                |  22|   0|   22|          0|
    |ap_return_117_preg                |  22|   0|   22|          0|
    |ap_return_118_preg                |  22|   0|   22|          0|
    |ap_return_119_preg                |  22|   0|   22|          0|
    |ap_return_11_preg                 |  22|   0|   22|          0|
    |ap_return_120_preg                |  22|   0|   22|          0|
    |ap_return_121_preg                |  22|   0|   22|          0|
    |ap_return_122_preg                |  22|   0|   22|          0|
    |ap_return_123_preg                |  22|   0|   22|          0|
    |ap_return_124_preg                |  22|   0|   22|          0|
    |ap_return_125_preg                |  22|   0|   22|          0|
    |ap_return_126_preg                |  22|   0|   22|          0|
    |ap_return_127_preg                |  22|   0|   22|          0|
    |ap_return_128_preg                |  22|   0|   22|          0|
    |ap_return_129_preg                |  22|   0|   22|          0|
    |ap_return_12_preg                 |  22|   0|   22|          0|
    |ap_return_130_preg                |  22|   0|   22|          0|
    |ap_return_131_preg                |  22|   0|   22|          0|
    |ap_return_132_preg                |  22|   0|   22|          0|
    |ap_return_133_preg                |  22|   0|   22|          0|
    |ap_return_134_preg                |  22|   0|   22|          0|
    |ap_return_135_preg                |  22|   0|   22|          0|
    |ap_return_136_preg                |  22|   0|   22|          0|
    |ap_return_137_preg                |  22|   0|   22|          0|
    |ap_return_138_preg                |  22|   0|   22|          0|
    |ap_return_139_preg                |  22|   0|   22|          0|
    |ap_return_13_preg                 |  22|   0|   22|          0|
    |ap_return_140_preg                |  22|   0|   22|          0|
    |ap_return_141_preg                |  22|   0|   22|          0|
    |ap_return_142_preg                |  22|   0|   22|          0|
    |ap_return_143_preg                |  22|   0|   22|          0|
    |ap_return_144_preg                |  22|   0|   22|          0|
    |ap_return_145_preg                |  22|   0|   22|          0|
    |ap_return_146_preg                |  22|   0|   22|          0|
    |ap_return_147_preg                |  22|   0|   22|          0|
    |ap_return_148_preg                |  22|   0|   22|          0|
    |ap_return_149_preg                |  22|   0|   22|          0|
    |ap_return_14_preg                 |  22|   0|   22|          0|
    |ap_return_150_preg                |  22|   0|   22|          0|
    |ap_return_151_preg                |  22|   0|   22|          0|
    |ap_return_152_preg                |  22|   0|   22|          0|
    |ap_return_153_preg                |  22|   0|   22|          0|
    |ap_return_154_preg                |  22|   0|   22|          0|
    |ap_return_155_preg                |  22|   0|   22|          0|
    |ap_return_156_preg                |  22|   0|   22|          0|
    |ap_return_157_preg                |  22|   0|   22|          0|
    |ap_return_158_preg                |  22|   0|   22|          0|
    |ap_return_159_preg                |  22|   0|   22|          0|
    |ap_return_15_preg                 |  22|   0|   22|          0|
    |ap_return_160_preg                |  22|   0|   22|          0|
    |ap_return_161_preg                |  22|   0|   22|          0|
    |ap_return_162_preg                |  22|   0|   22|          0|
    |ap_return_163_preg                |  22|   0|   22|          0|
    |ap_return_164_preg                |  22|   0|   22|          0|
    |ap_return_165_preg                |  22|   0|   22|          0|
    |ap_return_166_preg                |  22|   0|   22|          0|
    |ap_return_167_preg                |  22|   0|   22|          0|
    |ap_return_168_preg                |  22|   0|   22|          0|
    |ap_return_169_preg                |  22|   0|   22|          0|
    |ap_return_16_preg                 |  22|   0|   22|          0|
    |ap_return_170_preg                |  22|   0|   22|          0|
    |ap_return_171_preg                |  22|   0|   22|          0|
    |ap_return_172_preg                |  22|   0|   22|          0|
    |ap_return_173_preg                |  22|   0|   22|          0|
    |ap_return_174_preg                |  22|   0|   22|          0|
    |ap_return_175_preg                |  22|   0|   22|          0|
    |ap_return_176_preg                |  22|   0|   22|          0|
    |ap_return_177_preg                |  22|   0|   22|          0|
    |ap_return_178_preg                |  22|   0|   22|          0|
    |ap_return_179_preg                |  22|   0|   22|          0|
    |ap_return_17_preg                 |  22|   0|   22|          0|
    |ap_return_180_preg                |  22|   0|   22|          0|
    |ap_return_181_preg                |  22|   0|   22|          0|
    |ap_return_182_preg                |  22|   0|   22|          0|
    |ap_return_183_preg                |  22|   0|   22|          0|
    |ap_return_184_preg                |  22|   0|   22|          0|
    |ap_return_185_preg                |  22|   0|   22|          0|
    |ap_return_186_preg                |  22|   0|   22|          0|
    |ap_return_187_preg                |  22|   0|   22|          0|
    |ap_return_188_preg                |  22|   0|   22|          0|
    |ap_return_189_preg                |  22|   0|   22|          0|
    |ap_return_18_preg                 |  22|   0|   22|          0|
    |ap_return_190_preg                |  22|   0|   22|          0|
    |ap_return_191_preg                |  22|   0|   22|          0|
    |ap_return_19_preg                 |  22|   0|   22|          0|
    |ap_return_1_preg                  |  22|   0|   22|          0|
    |ap_return_20_preg                 |  22|   0|   22|          0|
    |ap_return_21_preg                 |  22|   0|   22|          0|
    |ap_return_22_preg                 |  22|   0|   22|          0|
    |ap_return_23_preg                 |  22|   0|   22|          0|
    |ap_return_24_preg                 |  22|   0|   22|          0|
    |ap_return_25_preg                 |  22|   0|   22|          0|
    |ap_return_26_preg                 |  22|   0|   22|          0|
    |ap_return_27_preg                 |  22|   0|   22|          0|
    |ap_return_28_preg                 |  22|   0|   22|          0|
    |ap_return_29_preg                 |  22|   0|   22|          0|
    |ap_return_2_preg                  |  22|   0|   22|          0|
    |ap_return_30_preg                 |  22|   0|   22|          0|
    |ap_return_31_preg                 |  22|   0|   22|          0|
    |ap_return_32_preg                 |  22|   0|   22|          0|
    |ap_return_33_preg                 |  22|   0|   22|          0|
    |ap_return_34_preg                 |  22|   0|   22|          0|
    |ap_return_35_preg                 |  22|   0|   22|          0|
    |ap_return_36_preg                 |  22|   0|   22|          0|
    |ap_return_37_preg                 |  22|   0|   22|          0|
    |ap_return_38_preg                 |  22|   0|   22|          0|
    |ap_return_39_preg                 |  22|   0|   22|          0|
    |ap_return_3_preg                  |  22|   0|   22|          0|
    |ap_return_40_preg                 |  22|   0|   22|          0|
    |ap_return_41_preg                 |  22|   0|   22|          0|
    |ap_return_42_preg                 |  22|   0|   22|          0|
    |ap_return_43_preg                 |  22|   0|   22|          0|
    |ap_return_44_preg                 |  22|   0|   22|          0|
    |ap_return_45_preg                 |  22|   0|   22|          0|
    |ap_return_46_preg                 |  22|   0|   22|          0|
    |ap_return_47_preg                 |  22|   0|   22|          0|
    |ap_return_48_preg                 |  22|   0|   22|          0|
    |ap_return_49_preg                 |  22|   0|   22|          0|
    |ap_return_4_preg                  |  22|   0|   22|          0|
    |ap_return_50_preg                 |  22|   0|   22|          0|
    |ap_return_51_preg                 |  22|   0|   22|          0|
    |ap_return_52_preg                 |  22|   0|   22|          0|
    |ap_return_53_preg                 |  22|   0|   22|          0|
    |ap_return_54_preg                 |  22|   0|   22|          0|
    |ap_return_55_preg                 |  22|   0|   22|          0|
    |ap_return_56_preg                 |  22|   0|   22|          0|
    |ap_return_57_preg                 |  22|   0|   22|          0|
    |ap_return_58_preg                 |  22|   0|   22|          0|
    |ap_return_59_preg                 |  22|   0|   22|          0|
    |ap_return_5_preg                  |  22|   0|   22|          0|
    |ap_return_60_preg                 |  22|   0|   22|          0|
    |ap_return_61_preg                 |  22|   0|   22|          0|
    |ap_return_62_preg                 |  22|   0|   22|          0|
    |ap_return_63_preg                 |  22|   0|   22|          0|
    |ap_return_64_preg                 |  22|   0|   22|          0|
    |ap_return_65_preg                 |  22|   0|   22|          0|
    |ap_return_66_preg                 |  22|   0|   22|          0|
    |ap_return_67_preg                 |  22|   0|   22|          0|
    |ap_return_68_preg                 |  22|   0|   22|          0|
    |ap_return_69_preg                 |  22|   0|   22|          0|
    |ap_return_6_preg                  |  22|   0|   22|          0|
    |ap_return_70_preg                 |  22|   0|   22|          0|
    |ap_return_71_preg                 |  22|   0|   22|          0|
    |ap_return_72_preg                 |  22|   0|   22|          0|
    |ap_return_73_preg                 |  22|   0|   22|          0|
    |ap_return_74_preg                 |  22|   0|   22|          0|
    |ap_return_75_preg                 |  22|   0|   22|          0|
    |ap_return_76_preg                 |  22|   0|   22|          0|
    |ap_return_77_preg                 |  22|   0|   22|          0|
    |ap_return_78_preg                 |  22|   0|   22|          0|
    |ap_return_79_preg                 |  22|   0|   22|          0|
    |ap_return_7_preg                  |  22|   0|   22|          0|
    |ap_return_80_preg                 |  22|   0|   22|          0|
    |ap_return_81_preg                 |  22|   0|   22|          0|
    |ap_return_82_preg                 |  22|   0|   22|          0|
    |ap_return_83_preg                 |  22|   0|   22|          0|
    |ap_return_84_preg                 |  22|   0|   22|          0|
    |ap_return_85_preg                 |  22|   0|   22|          0|
    |ap_return_86_preg                 |  22|   0|   22|          0|
    |ap_return_87_preg                 |  22|   0|   22|          0|
    |ap_return_88_preg                 |  22|   0|   22|          0|
    |ap_return_89_preg                 |  22|   0|   22|          0|
    |ap_return_8_preg                  |  22|   0|   22|          0|
    |ap_return_90_preg                 |  22|   0|   22|          0|
    |ap_return_91_preg                 |  22|   0|   22|          0|
    |ap_return_92_preg                 |  22|   0|   22|          0|
    |ap_return_93_preg                 |  22|   0|   22|          0|
    |ap_return_94_preg                 |  22|   0|   22|          0|
    |ap_return_95_preg                 |  22|   0|   22|          0|
    |ap_return_96_preg                 |  22|   0|   22|          0|
    |ap_return_97_preg                 |  22|   0|   22|          0|
    |ap_return_98_preg                 |  22|   0|   22|          0|
    |ap_return_99_preg                 |  22|   0|   22|          0|
    |ap_return_9_preg                  |  22|   0|   22|          0|
    |icmp_ln43_reg_10326               |   1|   0|    1|          0|
    |w_index9_reg_1052                 |   6|   0|    6|          0|
    |w_index_reg_10321                 |   6|   0|    6|          0|
    |x_V267_reg_1065                   |  21|   0|   21|          0|
    |x_V_255266_reg_1080               |  21|   0|   21|          0|
    |x_V_256265_reg_1095               |  21|   0|   21|          0|
    |x_V_257264_reg_1110               |  21|   0|   21|          0|
    |x_V_258263_reg_1125               |  21|   0|   21|          0|
    |x_V_259262_reg_1140               |  21|   0|   21|          0|
    |x_V_260261_reg_1155               |  21|   0|   21|          0|
    |x_V_261260_reg_1170               |  21|   0|   21|          0|
    |x_V_262258_reg_1185               |  21|   0|   21|          0|
    |x_V_263257_reg_1199               |  21|   0|   21|          0|
    |x_V_264256_reg_1214               |  21|   0|   21|          0|
    |x_V_265255_reg_1229               |  21|   0|   21|          0|
    |x_V_266254_reg_1244               |  21|   0|   21|          0|
    |x_V_267252_reg_1259               |  21|   0|   21|          0|
    |x_V_268251_reg_1273               |  21|   0|   21|          0|
    |x_V_269250_reg_1288               |  21|   0|   21|          0|
    |x_V_270249_reg_1303               |  21|   0|   21|          0|
    |x_V_271248_reg_1318               |  21|   0|   21|          0|
    |x_V_272246_reg_1333               |  21|   0|   21|          0|
    |x_V_273245_reg_1347               |  21|   0|   21|          0|
    |x_V_274244_reg_1362               |  21|   0|   21|          0|
    |x_V_275243_reg_1377               |  21|   0|   21|          0|
    |x_V_276241_reg_1392               |  21|   0|   21|          0|
    |x_V_277240_reg_1406               |  21|   0|   21|          0|
    |x_V_278239_reg_1421               |  21|   0|   21|          0|
    |x_V_279238_reg_1436               |  21|   0|   21|          0|
    |x_V_280237_reg_1451               |  21|   0|   21|          0|
    |x_V_281236_reg_1466               |  21|   0|   21|          0|
    |x_V_282235_reg_1481               |  21|   0|   21|          0|
    |x_V_283234_reg_1496               |  21|   0|   21|          0|
    |x_V_284233_reg_1511               |  21|   0|   21|          0|
    |x_V_285232_reg_1526               |  21|   0|   21|          0|
    |x_V_286231_reg_1541               |  21|   0|   21|          0|
    |x_V_287230_reg_1556               |  21|   0|   21|          0|
    |x_V_288229_reg_1571               |  21|   0|   21|          0|
    |x_V_289227_reg_1586               |  21|   0|   21|          0|
    |x_V_290226_reg_1600               |  21|   0|   21|          0|
    |x_V_291225_reg_1615               |  21|   0|   21|          0|
    |x_V_292224_reg_1630               |  21|   0|   21|          0|
    |x_V_293222_reg_1645               |  21|   0|   21|          0|
    |x_V_294221_reg_1659               |  21|   0|   21|          0|
    |x_V_295220_reg_1674               |  21|   0|   21|          0|
    |x_V_296219_reg_1689               |  21|   0|   21|          0|
    |x_V_297218_reg_1704               |  21|   0|   21|          0|
    |x_V_298217_reg_1719               |  21|   0|   21|          0|
    |x_V_299216_reg_1734               |  21|   0|   21|          0|
    |x_V_300215_reg_1749               |  21|   0|   21|          0|
    |x_V_301213_reg_1764               |  21|   0|   21|          0|
    |x_V_302212_reg_1778               |  21|   0|   21|          0|
    |x_V_303211_reg_1793               |  21|   0|   21|          0|
    |x_V_304210_reg_1808               |  21|   0|   21|          0|
    |x_V_305209_reg_1823               |  21|   0|   21|          0|
    |x_V_306207_reg_1838               |  21|   0|   21|          0|
    |x_V_307206_reg_1852               |  21|   0|   21|          0|
    |x_V_308205_reg_1867               |  21|   0|   21|          0|
    |x_V_309204_reg_1882               |  21|   0|   21|          0|
    |x_V_310203_reg_1897               |  21|   0|   21|          0|
    |x_V_311202_reg_1912               |  21|   0|   21|          0|
    |x_V_312200_reg_1927               |  21|   0|   21|          0|
    |x_V_313199_reg_1941               |  21|   0|   21|          0|
    |x_V_314198_reg_1956               |  21|   0|   21|          0|
    |x_V_315197_reg_1971               |  21|   0|   21|          0|
    |x_V_316196_reg_1986               |  21|   0|   21|          0|
    |x_V_317195_reg_2001               |  21|   0|   21|          0|
    |x_V_318194_reg_2016               |  21|   0|   21|          0|
    |x_V_319193_reg_2031               |  21|   0|   21|          0|
    |x_V_320192_reg_2046               |  21|   0|   21|          0|
    |x_V_321191_reg_2061               |  21|   0|   21|          0|
    |x_V_322190_reg_2076               |  21|   0|   21|          0|
    |x_V_323189_reg_2091               |  21|   0|   21|          0|
    |x_V_324188_reg_2106               |  21|   0|   21|          0|
    |x_V_325186_reg_2121               |  21|   0|   21|          0|
    |x_V_326184_reg_2135               |  21|   0|   21|          0|
    |x_V_327183_reg_2149               |  21|   0|   21|          0|
    |x_V_328182_reg_2164               |  21|   0|   21|          0|
    |x_V_329181_reg_2179               |  21|   0|   21|          0|
    |x_V_330180_reg_2194               |  21|   0|   21|          0|
    |x_V_331178_reg_2209               |  21|   0|   21|          0|
    |x_V_332177_reg_2223               |  21|   0|   21|          0|
    |x_V_333176_reg_2238               |  21|   0|   21|          0|
    |x_V_334175_reg_2253               |  21|   0|   21|          0|
    |x_V_335174_reg_2268               |  21|   0|   21|          0|
    |x_V_336172_reg_2283               |  21|   0|   21|          0|
    |x_V_337171_reg_2297               |  21|   0|   21|          0|
    |x_V_338170_reg_2312               |  21|   0|   21|          0|
    |x_V_339169_reg_2327               |  21|   0|   21|          0|
    |x_V_340167_reg_2342               |  21|   0|   21|          0|
    |x_V_341166_reg_2356               |  21|   0|   21|          0|
    |x_V_342165_reg_2371               |  21|   0|   21|          0|
    |x_V_343164_reg_2386               |  21|   0|   21|          0|
    |x_V_344163_reg_2401               |  21|   0|   21|          0|
    |x_V_345162_reg_2416               |  21|   0|   21|          0|
    |x_V_346161_reg_2431               |  21|   0|   21|          0|
    |x_V_347160_reg_2446               |  21|   0|   21|          0|
    |x_V_348159_reg_2461               |  21|   0|   21|          0|
    |x_V_349158_reg_2476               |  21|   0|   21|          0|
    |x_V_350157_reg_2491               |  21|   0|   21|          0|
    |x_V_351155_reg_2506               |  21|   0|   21|          0|
    |x_V_352154_reg_2520               |  21|   0|   21|          0|
    |x_V_353152_reg_2535               |  21|   0|   21|          0|
    |x_V_354151_reg_2549               |  21|   0|   21|          0|
    |x_V_355150_reg_2564               |  21|   0|   21|          0|
    |x_V_356149_reg_2579               |  21|   0|   21|          0|
    |x_V_357147_reg_2594               |  21|   0|   21|          0|
    |x_V_358145_reg_2608               |  21|   0|   21|          0|
    |x_V_359144_reg_2622               |  21|   0|   21|          0|
    |x_V_360143_reg_2637               |  21|   0|   21|          0|
    |x_V_361142_reg_2652               |  21|   0|   21|          0|
    |x_V_362141_reg_2667               |  21|   0|   21|          0|
    |x_V_363140_reg_2682               |  21|   0|   21|          0|
    |x_V_364139_reg_2697               |  21|   0|   21|          0|
    |x_V_365137_reg_2712               |  21|   0|   21|          0|
    |x_V_366136_reg_2726               |  21|   0|   21|          0|
    |x_V_367135_reg_2741               |  21|   0|   21|          0|
    |x_V_368134_reg_2756               |  21|   0|   21|          0|
    |x_V_369133_reg_2771               |  21|   0|   21|          0|
    |x_V_370131_reg_2786               |  21|   0|   21|          0|
    |x_V_371130_reg_2800               |  21|   0|   21|          0|
    |x_V_372129_reg_2815               |  21|   0|   21|          0|
    |x_V_373127_reg_2830               |  21|   0|   21|          0|
    |x_V_374126_reg_2844               |  21|   0|   21|          0|
    |x_V_375125_reg_2859               |  21|   0|   21|          0|
    |x_V_376123_reg_2874               |  21|   0|   21|          0|
    |x_V_377122_reg_2888               |  21|   0|   21|          0|
    |x_V_378121_reg_2903               |  21|   0|   21|          0|
    |x_V_379119_reg_2918               |  21|   0|   21|          0|
    |x_V_380118_reg_2932               |  21|   0|   21|          0|
    |x_V_381116_reg_2947               |  21|   0|   21|          0|
    |x_V_382115_reg_2961               |  21|   0|   21|          0|
    |x_V_383113_reg_2976               |  21|   0|   21|          0|
    |x_V_384112_reg_2990               |  21|   0|   21|          0|
    |x_V_385110_reg_3005               |  21|   0|   21|          0|
    |x_V_386109_reg_3019               |  21|   0|   21|          0|
    |x_V_387108_reg_3034               |  21|   0|   21|          0|
    |x_V_388107_reg_3049               |  21|   0|   21|          0|
    |x_V_389105_reg_3064               |  21|   0|   21|          0|
    |x_V_390103_reg_3078               |  21|   0|   21|          0|
    |x_V_391101_reg_3092               |  21|   0|   21|          0|
    |x_V_39299_reg_3106                |  21|   0|   21|          0|
    |x_V_39397_reg_3120                |  21|   0|   21|          0|
    |x_V_39495_reg_3134                |  21|   0|   21|          0|
    |x_V_39594_reg_3148                |  21|   0|   21|          0|
    |x_V_39692_reg_3163                |  21|   0|   21|          0|
    |x_V_39791_reg_3177                |  21|   0|   21|          0|
    |x_V_39889_reg_3192                |  21|   0|   21|          0|
    |x_V_39987_reg_3206                |  21|   0|   21|          0|
    |x_V_40085_reg_3220                |  21|   0|   21|          0|
    |x_V_40183_reg_3234                |  21|   0|   21|          0|
    |x_V_40282_reg_3248                |  21|   0|   21|          0|
    |x_V_40380_reg_3263                |  21|   0|   21|          0|
    |x_V_40478_reg_3277                |  21|   0|   21|          0|
    |x_V_40576_reg_3291                |  21|   0|   21|          0|
    |x_V_40674_reg_3305                |  21|   0|   21|          0|
    |x_V_40772_reg_3319                |  21|   0|   21|          0|
    |x_V_40871_reg_3333                |  21|   0|   21|          0|
    |x_V_40969_reg_3348                |  21|   0|   21|          0|
    |x_V_41067_reg_3362                |  21|   0|   21|          0|
    |x_V_41165_reg_3376                |  21|   0|   21|          0|
    |x_V_41264_reg_3390                |  21|   0|   21|          0|
    |x_V_41363_reg_3405                |  21|   0|   21|          0|
    |x_V_41461_reg_3420                |  21|   0|   21|          0|
    |x_V_41559_reg_3434                |  21|   0|   21|          0|
    |x_V_41657_reg_3448                |  21|   0|   21|          0|
    |x_V_41755_reg_3462                |  21|   0|   21|          0|
    |x_V_41853_reg_3476                |  21|   0|   21|          0|
    |x_V_41951_reg_3490                |  21|   0|   21|          0|
    |x_V_42050_reg_3504                |  21|   0|   21|          0|
    |x_V_42148_reg_3519                |  21|   0|   21|          0|
    |x_V_42246_reg_3533                |  21|   0|   21|          0|
    |x_V_42344_reg_3547                |  21|   0|   21|          0|
    |x_V_42443_reg_3561                |  21|   0|   21|          0|
    |x_V_42541_reg_3576                |  21|   0|   21|          0|
    |x_V_42639_reg_3590                |  21|   0|   21|          0|
    |x_V_42737_reg_3604                |  21|   0|   21|          0|
    |x_V_42835_reg_3618                |  21|   0|   21|          0|
    |x_V_42933_reg_3632                |  21|   0|   21|          0|
    |x_V_43032_reg_3646                |  21|   0|   21|          0|
    |x_V_43131_reg_3661                |  21|   0|   21|          0|
    |x_V_43229_reg_3676                |  21|   0|   21|          0|
    |x_V_43328_reg_3690                |  21|   0|   21|          0|
    |x_V_43426_reg_3705                |  21|   0|   21|          0|
    |x_V_43524_reg_3719                |  21|   0|   21|          0|
    |x_V_43622_reg_3733                |  21|   0|   21|          0|
    |x_V_43721_reg_3747                |  21|   0|   21|          0|
    |x_V_43820_reg_3762                |  21|   0|   21|          0|
    |x_V_43918_reg_3777                |  21|   0|   21|          0|
    |x_V_44016_reg_3791                |  21|   0|   21|          0|
    |x_V_44115_reg_3805                |  21|   0|   21|          0|
    |x_V_44214_reg_3820                |  21|   0|   21|          0|
    |x_V_44312_reg_3835                |  21|   0|   21|          0|
    |x_V_44411_reg_3849                |  21|   0|   21|          0|
    |x_V_44510_reg_3864                |  20|   0|   20|          0|
    |icmp_ln43_reg_10326               |  64|  32|    1|          0|
    +----------------------------------+----+----+-----+-----------+
    |Total                             |8345|  32| 8282|          0|
    +----------------------------------+----+----+-----+-----------+



================================================================
== Interface
================================================================
* Summary: 
+---------------+-----+-----+------------+--------------------------------------------------------------------------------+--------------+
|   RTL Ports   | Dir | Bits|  Protocol  |                                  Source Object                                 |    C Type    |
+---------------+-----+-----+------------+--------------------------------------------------------------------------------+--------------+
|ap_clk         |   in|    1|  ap_ctrl_hs|  dense_resource<ap_fixed<8, 3, 4, 0, 0>, ap_fixed<22, 11, 5, 3, 0>, config10_2>|  return value|
|ap_rst         |   in|    1|  ap_ctrl_hs|  dense_resource<ap_fixed<8, 3, 4, 0, 0>, ap_fixed<22, 11, 5, 3, 0>, config10_2>|  return value|
|ap_start       |   in|    1|  ap_ctrl_hs|  dense_resource<ap_fixed<8, 3, 4, 0, 0>, ap_fixed<22, 11, 5, 3, 0>, config10_2>|  return value|
|ap_done        |  out|    1|  ap_ctrl_hs|  dense_resource<ap_fixed<8, 3, 4, 0, 0>, ap_fixed<22, 11, 5, 3, 0>, config10_2>|  return value|
|ap_idle        |  out|    1|  ap_ctrl_hs|  dense_resource<ap_fixed<8, 3, 4, 0, 0>, ap_fixed<22, 11, 5, 3, 0>, config10_2>|  return value|
|ap_ready       |  out|    1|  ap_ctrl_hs|  dense_resource<ap_fixed<8, 3, 4, 0, 0>, ap_fixed<22, 11, 5, 3, 0>, config10_2>|  return value|
|ap_return_0    |  out|   22|  ap_ctrl_hs|  dense_resource<ap_fixed<8, 3, 4, 0, 0>, ap_fixed<22, 11, 5, 3, 0>, config10_2>|  return value|
|ap_return_1    |  out|   22|  ap_ctrl_hs|  dense_resource<ap_fixed<8, 3, 4, 0, 0>, ap_fixed<22, 11, 5, 3, 0>, config10_2>|  return value|
|ap_return_2    |  out|   22|  ap_ctrl_hs|  dense_resource<ap_fixed<8, 3, 4, 0, 0>, ap_fixed<22, 11, 5, 3, 0>, config10_2>|  return value|
|ap_return_3    |  out|   22|  ap_ctrl_hs|  dense_resource<ap_fixed<8, 3, 4, 0, 0>, ap_fixed<22, 11, 5, 3, 0>, config10_2>|  return value|
|ap_return_4    |  out|   22|  ap_ctrl_hs|  dense_resource<ap_fixed<8, 3, 4, 0, 0>, ap_fixed<22, 11, 5, 3, 0>, config10_2>|  return value|
|ap_return_5    |  out|   22|  ap_ctrl_hs|  dense_resource<ap_fixed<8, 3, 4, 0, 0>, ap_fixed<22, 11, 5, 3, 0>, config10_2>|  return value|
|ap_return_6    |  out|   22|  ap_ctrl_hs|  dense_resource<ap_fixed<8, 3, 4, 0, 0>, ap_fixed<22, 11, 5, 3, 0>, config10_2>|  return value|
|ap_return_7    |  out|   22|  ap_ctrl_hs|  dense_resource<ap_fixed<8, 3, 4, 0, 0>, ap_fixed<22, 11, 5, 3, 0>, config10_2>|  return value|
|ap_return_8    |  out|   22|  ap_ctrl_hs|  dense_resource<ap_fixed<8, 3, 4, 0, 0>, ap_fixed<22, 11, 5, 3, 0>, config10_2>|  return value|
|ap_return_9    |  out|   22|  ap_ctrl_hs|  dense_resource<ap_fixed<8, 3, 4, 0, 0>, ap_fixed<22, 11, 5, 3, 0>, config10_2>|  return value|
|ap_return_10   |  out|   22|  ap_ctrl_hs|  dense_resource<ap_fixed<8, 3, 4, 0, 0>, ap_fixed<22, 11, 5, 3, 0>, config10_2>|  return value|
|ap_return_11   |  out|   22|  ap_ctrl_hs|  dense_resource<ap_fixed<8, 3, 4, 0, 0>, ap_fixed<22, 11, 5, 3, 0>, config10_2>|  return value|
|ap_return_12   |  out|   22|  ap_ctrl_hs|  dense_resource<ap_fixed<8, 3, 4, 0, 0>, ap_fixed<22, 11, 5, 3, 0>, config10_2>|  return value|
|ap_return_13   |  out|   22|  ap_ctrl_hs|  dense_resource<ap_fixed<8, 3, 4, 0, 0>, ap_fixed<22, 11, 5, 3, 0>, config10_2>|  return value|
|ap_return_14   |  out|   22|  ap_ctrl_hs|  dense_resource<ap_fixed<8, 3, 4, 0, 0>, ap_fixed<22, 11, 5, 3, 0>, config10_2>|  return value|
|ap_return_15   |  out|   22|  ap_ctrl_hs|  dense_resource<ap_fixed<8, 3, 4, 0, 0>, ap_fixed<22, 11, 5, 3, 0>, config10_2>|  return value|
|ap_return_16   |  out|   22|  ap_ctrl_hs|  dense_resource<ap_fixed<8, 3, 4, 0, 0>, ap_fixed<22, 11, 5, 3, 0>, config10_2>|  return value|
|ap_return_17   |  out|   22|  ap_ctrl_hs|  dense_resource<ap_fixed<8, 3, 4, 0, 0>, ap_fixed<22, 11, 5, 3, 0>, config10_2>|  return value|
|ap_return_18   |  out|   22|  ap_ctrl_hs|  dense_resource<ap_fixed<8, 3, 4, 0, 0>, ap_fixed<22, 11, 5, 3, 0>, config10_2>|  return value|
|ap_return_19   |  out|   22|  ap_ctrl_hs|  dense_resource<ap_fixed<8, 3, 4, 0, 0>, ap_fixed<22, 11, 5, 3, 0>, config10_2>|  return value|
|ap_return_20   |  out|   22|  ap_ctrl_hs|  dense_resource<ap_fixed<8, 3, 4, 0, 0>, ap_fixed<22, 11, 5, 3, 0>, config10_2>|  return value|
|ap_return_21   |  out|   22|  ap_ctrl_hs|  dense_resource<ap_fixed<8, 3, 4, 0, 0>, ap_fixed<22, 11, 5, 3, 0>, config10_2>|  return value|
|ap_return_22   |  out|   22|  ap_ctrl_hs|  dense_resource<ap_fixed<8, 3, 4, 0, 0>, ap_fixed<22, 11, 5, 3, 0>, config10_2>|  return value|
|ap_return_23   |  out|   22|  ap_ctrl_hs|  dense_resource<ap_fixed<8, 3, 4, 0, 0>, ap_fixed<22, 11, 5, 3, 0>, config10_2>|  return value|
|ap_return_24   |  out|   22|  ap_ctrl_hs|  dense_resource<ap_fixed<8, 3, 4, 0, 0>, ap_fixed<22, 11, 5, 3, 0>, config10_2>|  return value|
|ap_return_25   |  out|   22|  ap_ctrl_hs|  dense_resource<ap_fixed<8, 3, 4, 0, 0>, ap_fixed<22, 11, 5, 3, 0>, config10_2>|  return value|
|ap_return_26   |  out|   22|  ap_ctrl_hs|  dense_resource<ap_fixed<8, 3, 4, 0, 0>, ap_fixed<22, 11, 5, 3, 0>, config10_2>|  return value|
|ap_return_27   |  out|   22|  ap_ctrl_hs|  dense_resource<ap_fixed<8, 3, 4, 0, 0>, ap_fixed<22, 11, 5, 3, 0>, config10_2>|  return value|
|ap_return_28   |  out|   22|  ap_ctrl_hs|  dense_resource<ap_fixed<8, 3, 4, 0, 0>, ap_fixed<22, 11, 5, 3, 0>, config10_2>|  return value|
|ap_return_29   |  out|   22|  ap_ctrl_hs|  dense_resource<ap_fixed<8, 3, 4, 0, 0>, ap_fixed<22, 11, 5, 3, 0>, config10_2>|  return value|
|ap_return_30   |  out|   22|  ap_ctrl_hs|  dense_resource<ap_fixed<8, 3, 4, 0, 0>, ap_fixed<22, 11, 5, 3, 0>, config10_2>|  return value|
|ap_return_31   |  out|   22|  ap_ctrl_hs|  dense_resource<ap_fixed<8, 3, 4, 0, 0>, ap_fixed<22, 11, 5, 3, 0>, config10_2>|  return value|
|ap_return_32   |  out|   22|  ap_ctrl_hs|  dense_resource<ap_fixed<8, 3, 4, 0, 0>, ap_fixed<22, 11, 5, 3, 0>, config10_2>|  return value|
|ap_return_33   |  out|   22|  ap_ctrl_hs|  dense_resource<ap_fixed<8, 3, 4, 0, 0>, ap_fixed<22, 11, 5, 3, 0>, config10_2>|  return value|
|ap_return_34   |  out|   22|  ap_ctrl_hs|  dense_resource<ap_fixed<8, 3, 4, 0, 0>, ap_fixed<22, 11, 5, 3, 0>, config10_2>|  return value|
|ap_return_35   |  out|   22|  ap_ctrl_hs|  dense_resource<ap_fixed<8, 3, 4, 0, 0>, ap_fixed<22, 11, 5, 3, 0>, config10_2>|  return value|
|ap_return_36   |  out|   22|  ap_ctrl_hs|  dense_resource<ap_fixed<8, 3, 4, 0, 0>, ap_fixed<22, 11, 5, 3, 0>, config10_2>|  return value|
|ap_return_37   |  out|   22|  ap_ctrl_hs|  dense_resource<ap_fixed<8, 3, 4, 0, 0>, ap_fixed<22, 11, 5, 3, 0>, config10_2>|  return value|
|ap_return_38   |  out|   22|  ap_ctrl_hs|  dense_resource<ap_fixed<8, 3, 4, 0, 0>, ap_fixed<22, 11, 5, 3, 0>, config10_2>|  return value|
|ap_return_39   |  out|   22|  ap_ctrl_hs|  dense_resource<ap_fixed<8, 3, 4, 0, 0>, ap_fixed<22, 11, 5, 3, 0>, config10_2>|  return value|
|ap_return_40   |  out|   22|  ap_ctrl_hs|  dense_resource<ap_fixed<8, 3, 4, 0, 0>, ap_fixed<22, 11, 5, 3, 0>, config10_2>|  return value|
|ap_return_41   |  out|   22|  ap_ctrl_hs|  dense_resource<ap_fixed<8, 3, 4, 0, 0>, ap_fixed<22, 11, 5, 3, 0>, config10_2>|  return value|
|ap_return_42   |  out|   22|  ap_ctrl_hs|  dense_resource<ap_fixed<8, 3, 4, 0, 0>, ap_fixed<22, 11, 5, 3, 0>, config10_2>|  return value|
|ap_return_43   |  out|   22|  ap_ctrl_hs|  dense_resource<ap_fixed<8, 3, 4, 0, 0>, ap_fixed<22, 11, 5, 3, 0>, config10_2>|  return value|
|ap_return_44   |  out|   22|  ap_ctrl_hs|  dense_resource<ap_fixed<8, 3, 4, 0, 0>, ap_fixed<22, 11, 5, 3, 0>, config10_2>|  return value|
|ap_return_45   |  out|   22|  ap_ctrl_hs|  dense_resource<ap_fixed<8, 3, 4, 0, 0>, ap_fixed<22, 11, 5, 3, 0>, config10_2>|  return value|
|ap_return_46   |  out|   22|  ap_ctrl_hs|  dense_resource<ap_fixed<8, 3, 4, 0, 0>, ap_fixed<22, 11, 5, 3, 0>, config10_2>|  return value|
|ap_return_47   |  out|   22|  ap_ctrl_hs|  dense_resource<ap_fixed<8, 3, 4, 0, 0>, ap_fixed<22, 11, 5, 3, 0>, config10_2>|  return value|
|ap_return_48   |  out|   22|  ap_ctrl_hs|  dense_resource<ap_fixed<8, 3, 4, 0, 0>, ap_fixed<22, 11, 5, 3, 0>, config10_2>|  return value|
|ap_return_49   |  out|   22|  ap_ctrl_hs|  dense_resource<ap_fixed<8, 3, 4, 0, 0>, ap_fixed<22, 11, 5, 3, 0>, config10_2>|  return value|
|ap_return_50   |  out|   22|  ap_ctrl_hs|  dense_resource<ap_fixed<8, 3, 4, 0, 0>, ap_fixed<22, 11, 5, 3, 0>, config10_2>|  return value|
|ap_return_51   |  out|   22|  ap_ctrl_hs|  dense_resource<ap_fixed<8, 3, 4, 0, 0>, ap_fixed<22, 11, 5, 3, 0>, config10_2>|  return value|
|ap_return_52   |  out|   22|  ap_ctrl_hs|  dense_resource<ap_fixed<8, 3, 4, 0, 0>, ap_fixed<22, 11, 5, 3, 0>, config10_2>|  return value|
|ap_return_53   |  out|   22|  ap_ctrl_hs|  dense_resource<ap_fixed<8, 3, 4, 0, 0>, ap_fixed<22, 11, 5, 3, 0>, config10_2>|  return value|
|ap_return_54   |  out|   22|  ap_ctrl_hs|  dense_resource<ap_fixed<8, 3, 4, 0, 0>, ap_fixed<22, 11, 5, 3, 0>, config10_2>|  return value|
|ap_return_55   |  out|   22|  ap_ctrl_hs|  dense_resource<ap_fixed<8, 3, 4, 0, 0>, ap_fixed<22, 11, 5, 3, 0>, config10_2>|  return value|
|ap_return_56   |  out|   22|  ap_ctrl_hs|  dense_resource<ap_fixed<8, 3, 4, 0, 0>, ap_fixed<22, 11, 5, 3, 0>, config10_2>|  return value|
|ap_return_57   |  out|   22|  ap_ctrl_hs|  dense_resource<ap_fixed<8, 3, 4, 0, 0>, ap_fixed<22, 11, 5, 3, 0>, config10_2>|  return value|
|ap_return_58   |  out|   22|  ap_ctrl_hs|  dense_resource<ap_fixed<8, 3, 4, 0, 0>, ap_fixed<22, 11, 5, 3, 0>, config10_2>|  return value|
|ap_return_59   |  out|   22|  ap_ctrl_hs|  dense_resource<ap_fixed<8, 3, 4, 0, 0>, ap_fixed<22, 11, 5, 3, 0>, config10_2>|  return value|
|ap_return_60   |  out|   22|  ap_ctrl_hs|  dense_resource<ap_fixed<8, 3, 4, 0, 0>, ap_fixed<22, 11, 5, 3, 0>, config10_2>|  return value|
|ap_return_61   |  out|   22|  ap_ctrl_hs|  dense_resource<ap_fixed<8, 3, 4, 0, 0>, ap_fixed<22, 11, 5, 3, 0>, config10_2>|  return value|
|ap_return_62   |  out|   22|  ap_ctrl_hs|  dense_resource<ap_fixed<8, 3, 4, 0, 0>, ap_fixed<22, 11, 5, 3, 0>, config10_2>|  return value|
|ap_return_63   |  out|   22|  ap_ctrl_hs|  dense_resource<ap_fixed<8, 3, 4, 0, 0>, ap_fixed<22, 11, 5, 3, 0>, config10_2>|  return value|
|ap_return_64   |  out|   22|  ap_ctrl_hs|  dense_resource<ap_fixed<8, 3, 4, 0, 0>, ap_fixed<22, 11, 5, 3, 0>, config10_2>|  return value|
|ap_return_65   |  out|   22|  ap_ctrl_hs|  dense_resource<ap_fixed<8, 3, 4, 0, 0>, ap_fixed<22, 11, 5, 3, 0>, config10_2>|  return value|
|ap_return_66   |  out|   22|  ap_ctrl_hs|  dense_resource<ap_fixed<8, 3, 4, 0, 0>, ap_fixed<22, 11, 5, 3, 0>, config10_2>|  return value|
|ap_return_67   |  out|   22|  ap_ctrl_hs|  dense_resource<ap_fixed<8, 3, 4, 0, 0>, ap_fixed<22, 11, 5, 3, 0>, config10_2>|  return value|
|ap_return_68   |  out|   22|  ap_ctrl_hs|  dense_resource<ap_fixed<8, 3, 4, 0, 0>, ap_fixed<22, 11, 5, 3, 0>, config10_2>|  return value|
|ap_return_69   |  out|   22|  ap_ctrl_hs|  dense_resource<ap_fixed<8, 3, 4, 0, 0>, ap_fixed<22, 11, 5, 3, 0>, config10_2>|  return value|
|ap_return_70   |  out|   22|  ap_ctrl_hs|  dense_resource<ap_fixed<8, 3, 4, 0, 0>, ap_fixed<22, 11, 5, 3, 0>, config10_2>|  return value|
|ap_return_71   |  out|   22|  ap_ctrl_hs|  dense_resource<ap_fixed<8, 3, 4, 0, 0>, ap_fixed<22, 11, 5, 3, 0>, config10_2>|  return value|
|ap_return_72   |  out|   22|  ap_ctrl_hs|  dense_resource<ap_fixed<8, 3, 4, 0, 0>, ap_fixed<22, 11, 5, 3, 0>, config10_2>|  return value|
|ap_return_73   |  out|   22|  ap_ctrl_hs|  dense_resource<ap_fixed<8, 3, 4, 0, 0>, ap_fixed<22, 11, 5, 3, 0>, config10_2>|  return value|
|ap_return_74   |  out|   22|  ap_ctrl_hs|  dense_resource<ap_fixed<8, 3, 4, 0, 0>, ap_fixed<22, 11, 5, 3, 0>, config10_2>|  return value|
|ap_return_75   |  out|   22|  ap_ctrl_hs|  dense_resource<ap_fixed<8, 3, 4, 0, 0>, ap_fixed<22, 11, 5, 3, 0>, config10_2>|  return value|
|ap_return_76   |  out|   22|  ap_ctrl_hs|  dense_resource<ap_fixed<8, 3, 4, 0, 0>, ap_fixed<22, 11, 5, 3, 0>, config10_2>|  return value|
|ap_return_77   |  out|   22|  ap_ctrl_hs|  dense_resource<ap_fixed<8, 3, 4, 0, 0>, ap_fixed<22, 11, 5, 3, 0>, config10_2>|  return value|
|ap_return_78   |  out|   22|  ap_ctrl_hs|  dense_resource<ap_fixed<8, 3, 4, 0, 0>, ap_fixed<22, 11, 5, 3, 0>, config10_2>|  return value|
|ap_return_79   |  out|   22|  ap_ctrl_hs|  dense_resource<ap_fixed<8, 3, 4, 0, 0>, ap_fixed<22, 11, 5, 3, 0>, config10_2>|  return value|
|ap_return_80   |  out|   22|  ap_ctrl_hs|  dense_resource<ap_fixed<8, 3, 4, 0, 0>, ap_fixed<22, 11, 5, 3, 0>, config10_2>|  return value|
|ap_return_81   |  out|   22|  ap_ctrl_hs|  dense_resource<ap_fixed<8, 3, 4, 0, 0>, ap_fixed<22, 11, 5, 3, 0>, config10_2>|  return value|
|ap_return_82   |  out|   22|  ap_ctrl_hs|  dense_resource<ap_fixed<8, 3, 4, 0, 0>, ap_fixed<22, 11, 5, 3, 0>, config10_2>|  return value|
|ap_return_83   |  out|   22|  ap_ctrl_hs|  dense_resource<ap_fixed<8, 3, 4, 0, 0>, ap_fixed<22, 11, 5, 3, 0>, config10_2>|  return value|
|ap_return_84   |  out|   22|  ap_ctrl_hs|  dense_resource<ap_fixed<8, 3, 4, 0, 0>, ap_fixed<22, 11, 5, 3, 0>, config10_2>|  return value|
|ap_return_85   |  out|   22|  ap_ctrl_hs|  dense_resource<ap_fixed<8, 3, 4, 0, 0>, ap_fixed<22, 11, 5, 3, 0>, config10_2>|  return value|
|ap_return_86   |  out|   22|  ap_ctrl_hs|  dense_resource<ap_fixed<8, 3, 4, 0, 0>, ap_fixed<22, 11, 5, 3, 0>, config10_2>|  return value|
|ap_return_87   |  out|   22|  ap_ctrl_hs|  dense_resource<ap_fixed<8, 3, 4, 0, 0>, ap_fixed<22, 11, 5, 3, 0>, config10_2>|  return value|
|ap_return_88   |  out|   22|  ap_ctrl_hs|  dense_resource<ap_fixed<8, 3, 4, 0, 0>, ap_fixed<22, 11, 5, 3, 0>, config10_2>|  return value|
|ap_return_89   |  out|   22|  ap_ctrl_hs|  dense_resource<ap_fixed<8, 3, 4, 0, 0>, ap_fixed<22, 11, 5, 3, 0>, config10_2>|  return value|
|ap_return_90   |  out|   22|  ap_ctrl_hs|  dense_resource<ap_fixed<8, 3, 4, 0, 0>, ap_fixed<22, 11, 5, 3, 0>, config10_2>|  return value|
|ap_return_91   |  out|   22|  ap_ctrl_hs|  dense_resource<ap_fixed<8, 3, 4, 0, 0>, ap_fixed<22, 11, 5, 3, 0>, config10_2>|  return value|
|ap_return_92   |  out|   22|  ap_ctrl_hs|  dense_resource<ap_fixed<8, 3, 4, 0, 0>, ap_fixed<22, 11, 5, 3, 0>, config10_2>|  return value|
|ap_return_93   |  out|   22|  ap_ctrl_hs|  dense_resource<ap_fixed<8, 3, 4, 0, 0>, ap_fixed<22, 11, 5, 3, 0>, config10_2>|  return value|
|ap_return_94   |  out|   22|  ap_ctrl_hs|  dense_resource<ap_fixed<8, 3, 4, 0, 0>, ap_fixed<22, 11, 5, 3, 0>, config10_2>|  return value|
|ap_return_95   |  out|   22|  ap_ctrl_hs|  dense_resource<ap_fixed<8, 3, 4, 0, 0>, ap_fixed<22, 11, 5, 3, 0>, config10_2>|  return value|
|ap_return_96   |  out|   22|  ap_ctrl_hs|  dense_resource<ap_fixed<8, 3, 4, 0, 0>, ap_fixed<22, 11, 5, 3, 0>, config10_2>|  return value|
|ap_return_97   |  out|   22|  ap_ctrl_hs|  dense_resource<ap_fixed<8, 3, 4, 0, 0>, ap_fixed<22, 11, 5, 3, 0>, config10_2>|  return value|
|ap_return_98   |  out|   22|  ap_ctrl_hs|  dense_resource<ap_fixed<8, 3, 4, 0, 0>, ap_fixed<22, 11, 5, 3, 0>, config10_2>|  return value|
|ap_return_99   |  out|   22|  ap_ctrl_hs|  dense_resource<ap_fixed<8, 3, 4, 0, 0>, ap_fixed<22, 11, 5, 3, 0>, config10_2>|  return value|
|ap_return_100  |  out|   22|  ap_ctrl_hs|  dense_resource<ap_fixed<8, 3, 4, 0, 0>, ap_fixed<22, 11, 5, 3, 0>, config10_2>|  return value|
|ap_return_101  |  out|   22|  ap_ctrl_hs|  dense_resource<ap_fixed<8, 3, 4, 0, 0>, ap_fixed<22, 11, 5, 3, 0>, config10_2>|  return value|
|ap_return_102  |  out|   22|  ap_ctrl_hs|  dense_resource<ap_fixed<8, 3, 4, 0, 0>, ap_fixed<22, 11, 5, 3, 0>, config10_2>|  return value|
|ap_return_103  |  out|   22|  ap_ctrl_hs|  dense_resource<ap_fixed<8, 3, 4, 0, 0>, ap_fixed<22, 11, 5, 3, 0>, config10_2>|  return value|
|ap_return_104  |  out|   22|  ap_ctrl_hs|  dense_resource<ap_fixed<8, 3, 4, 0, 0>, ap_fixed<22, 11, 5, 3, 0>, config10_2>|  return value|
|ap_return_105  |  out|   22|  ap_ctrl_hs|  dense_resource<ap_fixed<8, 3, 4, 0, 0>, ap_fixed<22, 11, 5, 3, 0>, config10_2>|  return value|
|ap_return_106  |  out|   22|  ap_ctrl_hs|  dense_resource<ap_fixed<8, 3, 4, 0, 0>, ap_fixed<22, 11, 5, 3, 0>, config10_2>|  return value|
|ap_return_107  |  out|   22|  ap_ctrl_hs|  dense_resource<ap_fixed<8, 3, 4, 0, 0>, ap_fixed<22, 11, 5, 3, 0>, config10_2>|  return value|
|ap_return_108  |  out|   22|  ap_ctrl_hs|  dense_resource<ap_fixed<8, 3, 4, 0, 0>, ap_fixed<22, 11, 5, 3, 0>, config10_2>|  return value|
|ap_return_109  |  out|   22|  ap_ctrl_hs|  dense_resource<ap_fixed<8, 3, 4, 0, 0>, ap_fixed<22, 11, 5, 3, 0>, config10_2>|  return value|
|ap_return_110  |  out|   22|  ap_ctrl_hs|  dense_resource<ap_fixed<8, 3, 4, 0, 0>, ap_fixed<22, 11, 5, 3, 0>, config10_2>|  return value|
|ap_return_111  |  out|   22|  ap_ctrl_hs|  dense_resource<ap_fixed<8, 3, 4, 0, 0>, ap_fixed<22, 11, 5, 3, 0>, config10_2>|  return value|
|ap_return_112  |  out|   22|  ap_ctrl_hs|  dense_resource<ap_fixed<8, 3, 4, 0, 0>, ap_fixed<22, 11, 5, 3, 0>, config10_2>|  return value|
|ap_return_113  |  out|   22|  ap_ctrl_hs|  dense_resource<ap_fixed<8, 3, 4, 0, 0>, ap_fixed<22, 11, 5, 3, 0>, config10_2>|  return value|
|ap_return_114  |  out|   22|  ap_ctrl_hs|  dense_resource<ap_fixed<8, 3, 4, 0, 0>, ap_fixed<22, 11, 5, 3, 0>, config10_2>|  return value|
|ap_return_115  |  out|   22|  ap_ctrl_hs|  dense_resource<ap_fixed<8, 3, 4, 0, 0>, ap_fixed<22, 11, 5, 3, 0>, config10_2>|  return value|
|ap_return_116  |  out|   22|  ap_ctrl_hs|  dense_resource<ap_fixed<8, 3, 4, 0, 0>, ap_fixed<22, 11, 5, 3, 0>, config10_2>|  return value|
|ap_return_117  |  out|   22|  ap_ctrl_hs|  dense_resource<ap_fixed<8, 3, 4, 0, 0>, ap_fixed<22, 11, 5, 3, 0>, config10_2>|  return value|
|ap_return_118  |  out|   22|  ap_ctrl_hs|  dense_resource<ap_fixed<8, 3, 4, 0, 0>, ap_fixed<22, 11, 5, 3, 0>, config10_2>|  return value|
|ap_return_119  |  out|   22|  ap_ctrl_hs|  dense_resource<ap_fixed<8, 3, 4, 0, 0>, ap_fixed<22, 11, 5, 3, 0>, config10_2>|  return value|
|ap_return_120  |  out|   22|  ap_ctrl_hs|  dense_resource<ap_fixed<8, 3, 4, 0, 0>, ap_fixed<22, 11, 5, 3, 0>, config10_2>|  return value|
|ap_return_121  |  out|   22|  ap_ctrl_hs|  dense_resource<ap_fixed<8, 3, 4, 0, 0>, ap_fixed<22, 11, 5, 3, 0>, config10_2>|  return value|
|ap_return_122  |  out|   22|  ap_ctrl_hs|  dense_resource<ap_fixed<8, 3, 4, 0, 0>, ap_fixed<22, 11, 5, 3, 0>, config10_2>|  return value|
|ap_return_123  |  out|   22|  ap_ctrl_hs|  dense_resource<ap_fixed<8, 3, 4, 0, 0>, ap_fixed<22, 11, 5, 3, 0>, config10_2>|  return value|
|ap_return_124  |  out|   22|  ap_ctrl_hs|  dense_resource<ap_fixed<8, 3, 4, 0, 0>, ap_fixed<22, 11, 5, 3, 0>, config10_2>|  return value|
|ap_return_125  |  out|   22|  ap_ctrl_hs|  dense_resource<ap_fixed<8, 3, 4, 0, 0>, ap_fixed<22, 11, 5, 3, 0>, config10_2>|  return value|
|ap_return_126  |  out|   22|  ap_ctrl_hs|  dense_resource<ap_fixed<8, 3, 4, 0, 0>, ap_fixed<22, 11, 5, 3, 0>, config10_2>|  return value|
|ap_return_127  |  out|   22|  ap_ctrl_hs|  dense_resource<ap_fixed<8, 3, 4, 0, 0>, ap_fixed<22, 11, 5, 3, 0>, config10_2>|  return value|
|ap_return_128  |  out|   22|  ap_ctrl_hs|  dense_resource<ap_fixed<8, 3, 4, 0, 0>, ap_fixed<22, 11, 5, 3, 0>, config10_2>|  return value|
|ap_return_129  |  out|   22|  ap_ctrl_hs|  dense_resource<ap_fixed<8, 3, 4, 0, 0>, ap_fixed<22, 11, 5, 3, 0>, config10_2>|  return value|
|ap_return_130  |  out|   22|  ap_ctrl_hs|  dense_resource<ap_fixed<8, 3, 4, 0, 0>, ap_fixed<22, 11, 5, 3, 0>, config10_2>|  return value|
|ap_return_131  |  out|   22|  ap_ctrl_hs|  dense_resource<ap_fixed<8, 3, 4, 0, 0>, ap_fixed<22, 11, 5, 3, 0>, config10_2>|  return value|
|ap_return_132  |  out|   22|  ap_ctrl_hs|  dense_resource<ap_fixed<8, 3, 4, 0, 0>, ap_fixed<22, 11, 5, 3, 0>, config10_2>|  return value|
|ap_return_133  |  out|   22|  ap_ctrl_hs|  dense_resource<ap_fixed<8, 3, 4, 0, 0>, ap_fixed<22, 11, 5, 3, 0>, config10_2>|  return value|
|ap_return_134  |  out|   22|  ap_ctrl_hs|  dense_resource<ap_fixed<8, 3, 4, 0, 0>, ap_fixed<22, 11, 5, 3, 0>, config10_2>|  return value|
|ap_return_135  |  out|   22|  ap_ctrl_hs|  dense_resource<ap_fixed<8, 3, 4, 0, 0>, ap_fixed<22, 11, 5, 3, 0>, config10_2>|  return value|
|ap_return_136  |  out|   22|  ap_ctrl_hs|  dense_resource<ap_fixed<8, 3, 4, 0, 0>, ap_fixed<22, 11, 5, 3, 0>, config10_2>|  return value|
|ap_return_137  |  out|   22|  ap_ctrl_hs|  dense_resource<ap_fixed<8, 3, 4, 0, 0>, ap_fixed<22, 11, 5, 3, 0>, config10_2>|  return value|
|ap_return_138  |  out|   22|  ap_ctrl_hs|  dense_resource<ap_fixed<8, 3, 4, 0, 0>, ap_fixed<22, 11, 5, 3, 0>, config10_2>|  return value|
|ap_return_139  |  out|   22|  ap_ctrl_hs|  dense_resource<ap_fixed<8, 3, 4, 0, 0>, ap_fixed<22, 11, 5, 3, 0>, config10_2>|  return value|
|ap_return_140  |  out|   22|  ap_ctrl_hs|  dense_resource<ap_fixed<8, 3, 4, 0, 0>, ap_fixed<22, 11, 5, 3, 0>, config10_2>|  return value|
|ap_return_141  |  out|   22|  ap_ctrl_hs|  dense_resource<ap_fixed<8, 3, 4, 0, 0>, ap_fixed<22, 11, 5, 3, 0>, config10_2>|  return value|
|ap_return_142  |  out|   22|  ap_ctrl_hs|  dense_resource<ap_fixed<8, 3, 4, 0, 0>, ap_fixed<22, 11, 5, 3, 0>, config10_2>|  return value|
|ap_return_143  |  out|   22|  ap_ctrl_hs|  dense_resource<ap_fixed<8, 3, 4, 0, 0>, ap_fixed<22, 11, 5, 3, 0>, config10_2>|  return value|
|ap_return_144  |  out|   22|  ap_ctrl_hs|  dense_resource<ap_fixed<8, 3, 4, 0, 0>, ap_fixed<22, 11, 5, 3, 0>, config10_2>|  return value|
|ap_return_145  |  out|   22|  ap_ctrl_hs|  dense_resource<ap_fixed<8, 3, 4, 0, 0>, ap_fixed<22, 11, 5, 3, 0>, config10_2>|  return value|
|ap_return_146  |  out|   22|  ap_ctrl_hs|  dense_resource<ap_fixed<8, 3, 4, 0, 0>, ap_fixed<22, 11, 5, 3, 0>, config10_2>|  return value|
|ap_return_147  |  out|   22|  ap_ctrl_hs|  dense_resource<ap_fixed<8, 3, 4, 0, 0>, ap_fixed<22, 11, 5, 3, 0>, config10_2>|  return value|
|ap_return_148  |  out|   22|  ap_ctrl_hs|  dense_resource<ap_fixed<8, 3, 4, 0, 0>, ap_fixed<22, 11, 5, 3, 0>, config10_2>|  return value|
|ap_return_149  |  out|   22|  ap_ctrl_hs|  dense_resource<ap_fixed<8, 3, 4, 0, 0>, ap_fixed<22, 11, 5, 3, 0>, config10_2>|  return value|
|ap_return_150  |  out|   22|  ap_ctrl_hs|  dense_resource<ap_fixed<8, 3, 4, 0, 0>, ap_fixed<22, 11, 5, 3, 0>, config10_2>|  return value|
|ap_return_151  |  out|   22|  ap_ctrl_hs|  dense_resource<ap_fixed<8, 3, 4, 0, 0>, ap_fixed<22, 11, 5, 3, 0>, config10_2>|  return value|
|ap_return_152  |  out|   22|  ap_ctrl_hs|  dense_resource<ap_fixed<8, 3, 4, 0, 0>, ap_fixed<22, 11, 5, 3, 0>, config10_2>|  return value|
|ap_return_153  |  out|   22|  ap_ctrl_hs|  dense_resource<ap_fixed<8, 3, 4, 0, 0>, ap_fixed<22, 11, 5, 3, 0>, config10_2>|  return value|
|ap_return_154  |  out|   22|  ap_ctrl_hs|  dense_resource<ap_fixed<8, 3, 4, 0, 0>, ap_fixed<22, 11, 5, 3, 0>, config10_2>|  return value|
|ap_return_155  |  out|   22|  ap_ctrl_hs|  dense_resource<ap_fixed<8, 3, 4, 0, 0>, ap_fixed<22, 11, 5, 3, 0>, config10_2>|  return value|
|ap_return_156  |  out|   22|  ap_ctrl_hs|  dense_resource<ap_fixed<8, 3, 4, 0, 0>, ap_fixed<22, 11, 5, 3, 0>, config10_2>|  return value|
|ap_return_157  |  out|   22|  ap_ctrl_hs|  dense_resource<ap_fixed<8, 3, 4, 0, 0>, ap_fixed<22, 11, 5, 3, 0>, config10_2>|  return value|
|ap_return_158  |  out|   22|  ap_ctrl_hs|  dense_resource<ap_fixed<8, 3, 4, 0, 0>, ap_fixed<22, 11, 5, 3, 0>, config10_2>|  return value|
|ap_return_159  |  out|   22|  ap_ctrl_hs|  dense_resource<ap_fixed<8, 3, 4, 0, 0>, ap_fixed<22, 11, 5, 3, 0>, config10_2>|  return value|
|ap_return_160  |  out|   22|  ap_ctrl_hs|  dense_resource<ap_fixed<8, 3, 4, 0, 0>, ap_fixed<22, 11, 5, 3, 0>, config10_2>|  return value|
|ap_return_161  |  out|   22|  ap_ctrl_hs|  dense_resource<ap_fixed<8, 3, 4, 0, 0>, ap_fixed<22, 11, 5, 3, 0>, config10_2>|  return value|
|ap_return_162  |  out|   22|  ap_ctrl_hs|  dense_resource<ap_fixed<8, 3, 4, 0, 0>, ap_fixed<22, 11, 5, 3, 0>, config10_2>|  return value|
|ap_return_163  |  out|   22|  ap_ctrl_hs|  dense_resource<ap_fixed<8, 3, 4, 0, 0>, ap_fixed<22, 11, 5, 3, 0>, config10_2>|  return value|
|ap_return_164  |  out|   22|  ap_ctrl_hs|  dense_resource<ap_fixed<8, 3, 4, 0, 0>, ap_fixed<22, 11, 5, 3, 0>, config10_2>|  return value|
|ap_return_165  |  out|   22|  ap_ctrl_hs|  dense_resource<ap_fixed<8, 3, 4, 0, 0>, ap_fixed<22, 11, 5, 3, 0>, config10_2>|  return value|
|ap_return_166  |  out|   22|  ap_ctrl_hs|  dense_resource<ap_fixed<8, 3, 4, 0, 0>, ap_fixed<22, 11, 5, 3, 0>, config10_2>|  return value|
|ap_return_167  |  out|   22|  ap_ctrl_hs|  dense_resource<ap_fixed<8, 3, 4, 0, 0>, ap_fixed<22, 11, 5, 3, 0>, config10_2>|  return value|
|ap_return_168  |  out|   22|  ap_ctrl_hs|  dense_resource<ap_fixed<8, 3, 4, 0, 0>, ap_fixed<22, 11, 5, 3, 0>, config10_2>|  return value|
|ap_return_169  |  out|   22|  ap_ctrl_hs|  dense_resource<ap_fixed<8, 3, 4, 0, 0>, ap_fixed<22, 11, 5, 3, 0>, config10_2>|  return value|
|ap_return_170  |  out|   22|  ap_ctrl_hs|  dense_resource<ap_fixed<8, 3, 4, 0, 0>, ap_fixed<22, 11, 5, 3, 0>, config10_2>|  return value|
|ap_return_171  |  out|   22|  ap_ctrl_hs|  dense_resource<ap_fixed<8, 3, 4, 0, 0>, ap_fixed<22, 11, 5, 3, 0>, config10_2>|  return value|
|ap_return_172  |  out|   22|  ap_ctrl_hs|  dense_resource<ap_fixed<8, 3, 4, 0, 0>, ap_fixed<22, 11, 5, 3, 0>, config10_2>|  return value|
|ap_return_173  |  out|   22|  ap_ctrl_hs|  dense_resource<ap_fixed<8, 3, 4, 0, 0>, ap_fixed<22, 11, 5, 3, 0>, config10_2>|  return value|
|ap_return_174  |  out|   22|  ap_ctrl_hs|  dense_resource<ap_fixed<8, 3, 4, 0, 0>, ap_fixed<22, 11, 5, 3, 0>, config10_2>|  return value|
|ap_return_175  |  out|   22|  ap_ctrl_hs|  dense_resource<ap_fixed<8, 3, 4, 0, 0>, ap_fixed<22, 11, 5, 3, 0>, config10_2>|  return value|
|ap_return_176  |  out|   22|  ap_ctrl_hs|  dense_resource<ap_fixed<8, 3, 4, 0, 0>, ap_fixed<22, 11, 5, 3, 0>, config10_2>|  return value|
|ap_return_177  |  out|   22|  ap_ctrl_hs|  dense_resource<ap_fixed<8, 3, 4, 0, 0>, ap_fixed<22, 11, 5, 3, 0>, config10_2>|  return value|
|ap_return_178  |  out|   22|  ap_ctrl_hs|  dense_resource<ap_fixed<8, 3, 4, 0, 0>, ap_fixed<22, 11, 5, 3, 0>, config10_2>|  return value|
|ap_return_179  |  out|   22|  ap_ctrl_hs|  dense_resource<ap_fixed<8, 3, 4, 0, 0>, ap_fixed<22, 11, 5, 3, 0>, config10_2>|  return value|
|ap_return_180  |  out|   22|  ap_ctrl_hs|  dense_resource<ap_fixed<8, 3, 4, 0, 0>, ap_fixed<22, 11, 5, 3, 0>, config10_2>|  return value|
|ap_return_181  |  out|   22|  ap_ctrl_hs|  dense_resource<ap_fixed<8, 3, 4, 0, 0>, ap_fixed<22, 11, 5, 3, 0>, config10_2>|  return value|
|ap_return_182  |  out|   22|  ap_ctrl_hs|  dense_resource<ap_fixed<8, 3, 4, 0, 0>, ap_fixed<22, 11, 5, 3, 0>, config10_2>|  return value|
|ap_return_183  |  out|   22|  ap_ctrl_hs|  dense_resource<ap_fixed<8, 3, 4, 0, 0>, ap_fixed<22, 11, 5, 3, 0>, config10_2>|  return value|
|ap_return_184  |  out|   22|  ap_ctrl_hs|  dense_resource<ap_fixed<8, 3, 4, 0, 0>, ap_fixed<22, 11, 5, 3, 0>, config10_2>|  return value|
|ap_return_185  |  out|   22|  ap_ctrl_hs|  dense_resource<ap_fixed<8, 3, 4, 0, 0>, ap_fixed<22, 11, 5, 3, 0>, config10_2>|  return value|
|ap_return_186  |  out|   22|  ap_ctrl_hs|  dense_resource<ap_fixed<8, 3, 4, 0, 0>, ap_fixed<22, 11, 5, 3, 0>, config10_2>|  return value|
|ap_return_187  |  out|   22|  ap_ctrl_hs|  dense_resource<ap_fixed<8, 3, 4, 0, 0>, ap_fixed<22, 11, 5, 3, 0>, config10_2>|  return value|
|ap_return_188  |  out|   22|  ap_ctrl_hs|  dense_resource<ap_fixed<8, 3, 4, 0, 0>, ap_fixed<22, 11, 5, 3, 0>, config10_2>|  return value|
|ap_return_189  |  out|   22|  ap_ctrl_hs|  dense_resource<ap_fixed<8, 3, 4, 0, 0>, ap_fixed<22, 11, 5, 3, 0>, config10_2>|  return value|
|ap_return_190  |  out|   22|  ap_ctrl_hs|  dense_resource<ap_fixed<8, 3, 4, 0, 0>, ap_fixed<22, 11, 5, 3, 0>, config10_2>|  return value|
|ap_return_191  |  out|   22|  ap_ctrl_hs|  dense_resource<ap_fixed<8, 3, 4, 0, 0>, ap_fixed<22, 11, 5, 3, 0>, config10_2>|  return value|
|data_address0  |  out|    6|   ap_memory|                                                                            data|         array|
|data_ce0       |  out|    1|   ap_memory|                                                                            data|         array|
|data_q0        |   in|    8|   ap_memory|                                                                            data|         array|
+---------------+-----+-----+------------+--------------------------------------------------------------------------------+--------------+

