

================================================================
== Vitis HLS Report for 'dense_resource_ap_fixed_16_6_5_3_0_ap_fixed_22_11_5_3_0_config10_1_s'
================================================================
* Date:           Wed Feb 14 14:32:24 2024

* Version:        2022.2 (Build 3670227 on Oct 13 2022)
* Project:        alveo_hls4ml
* Solution:       solution (Vitis Kernel Flow Target)
* Product family: virtexuplus
* Target device:  xcu55c-fsvh2892-2L-e


================================================================
== Performance Estimates
================================================================
+ Timing: 
    * Summary: 
    +--------+---------+----------+------------+
    |  Clock |  Target | Estimated| Uncertainty|
    +--------+---------+----------+------------+
    |ap_clk  |  4.00 ns|  2.365 ns|     1.08 ns|
    +--------+---------+----------+------------+

+ Latency: 
    * Summary: 
    +---------+---------+----------+----------+-----+-----+------------------------------------------+
    |  Latency (cycles) |  Latency (absolute) |  Interval |                 Pipeline                 |
    |   min   |   max   |    min   |    max   | min | max |                   Type                   |
    +---------+---------+----------+----------+-----+-----+------------------------------------------+
    |       67|       68|  0.268 us|  0.272 us|   64|   64|  loop rewind stp(delay=0 clock cycles(s))|
    +---------+---------+----------+----------+-----+-----+------------------------------------------+

    + Detail: 
        * Instance: 
        N/A

        * Loop: 
        +-------------+---------+---------+----------+-----------+-----------+------+----------+
        |             |  Latency (cycles) | Iteration|  Initiation Interval  | Trip |          |
        |  Loop Name  |   min   |   max   |  Latency |  achieved |   target  | Count| Pipelined|
        +-------------+---------+---------+----------+-----------+-----------+------+----------+
        |- ReuseLoop  |       67|       67|         5|          1|          1|    64|       yes|
        +-------------+---------+---------+----------+-----------+-----------+------+----------+



================================================================
== Utilization Estimates
================================================================
* Summary: 
+---------------------+---------+------+---------+---------+-----+
|         Name        | BRAM_18K|  DSP |    FF   |   LUT   | URAM|
+---------------------+---------+------+---------+---------+-----+
|DSP                  |        -|   192|        -|        -|    -|
|Expression           |        -|     -|        0|     7768|    -|
|FIFO                 |        -|     -|        -|        -|    -|
|Instance             |        -|     -|        -|        -|    -|
|Memory               |        8|     -|        0|        0|    -|
|Multiplexer          |        -|     -|        -|     5266|    -|
|Register             |        -|     -|    10594|       32|    -|
+---------------------+---------+------+---------+---------+-----+
|Total                |        8|   192|    10594|    13066|    0|
+---------------------+---------+------+---------+---------+-----+
|Available SLR        |     1344|  3008|   869120|   434560|  320|
+---------------------+---------+------+---------+---------+-----+
|Utilization SLR (%)  |       ~0|     6|        1|        3|    0|
+---------------------+---------+------+---------+---------+-----+
|Available            |     4032|  9024|  2607360|  1303680|  960|
+---------------------+---------+------+---------+---------+-----+
|Utilization (%)      |       ~0|     2|       ~0|        1|    0|
+---------------------+---------+------+---------+---------+-----+

+ Detail: 
    * Instance: 
    N/A

    * DSP: 
    +-----------------------------+-----------------------+-----------+
    |           Instance          |         Module        | Expression|
    +-----------------------------+-----------------------+-----------+
    |mul_mul_16s_6s_22_4_1_U3103  |mul_mul_16s_6s_22_4_1  |    i0 * i1|
    |mul_mul_16s_8s_24_4_1_U2912  |mul_mul_16s_8s_24_4_1  |    i0 * i1|
    |mul_mul_16s_8s_24_4_1_U2913  |mul_mul_16s_8s_24_4_1  |    i0 * i1|
    |mul_mul_16s_8s_24_4_1_U2914  |mul_mul_16s_8s_24_4_1  |    i0 * i1|
    |mul_mul_16s_8s_24_4_1_U2915  |mul_mul_16s_8s_24_4_1  |    i0 * i1|
    |mul_mul_16s_8s_24_4_1_U2916  |mul_mul_16s_8s_24_4_1  |    i0 * i1|
    |mul_mul_16s_8s_24_4_1_U2917  |mul_mul_16s_8s_24_4_1  |    i0 * i1|
    |mul_mul_16s_8s_24_4_1_U2918  |mul_mul_16s_8s_24_4_1  |    i0 * i1|
    |mul_mul_16s_8s_24_4_1_U2919  |mul_mul_16s_8s_24_4_1  |    i0 * i1|
    |mul_mul_16s_8s_24_4_1_U2920  |mul_mul_16s_8s_24_4_1  |    i0 * i1|
    |mul_mul_16s_8s_24_4_1_U2921  |mul_mul_16s_8s_24_4_1  |    i0 * i1|
    |mul_mul_16s_8s_24_4_1_U2922  |mul_mul_16s_8s_24_4_1  |    i0 * i1|
    |mul_mul_16s_8s_24_4_1_U2923  |mul_mul_16s_8s_24_4_1  |    i0 * i1|
    |mul_mul_16s_8s_24_4_1_U2924  |mul_mul_16s_8s_24_4_1  |    i0 * i1|
    |mul_mul_16s_8s_24_4_1_U2925  |mul_mul_16s_8s_24_4_1  |    i0 * i1|
    |mul_mul_16s_8s_24_4_1_U2926  |mul_mul_16s_8s_24_4_1  |    i0 * i1|
    |mul_mul_16s_8s_24_4_1_U2927  |mul_mul_16s_8s_24_4_1  |    i0 * i1|
    |mul_mul_16s_8s_24_4_1_U2928  |mul_mul_16s_8s_24_4_1  |    i0 * i1|
    |mul_mul_16s_8s_24_4_1_U2929  |mul_mul_16s_8s_24_4_1  |    i0 * i1|
    |mul_mul_16s_8s_24_4_1_U2930  |mul_mul_16s_8s_24_4_1  |    i0 * i1|
    |mul_mul_16s_8s_24_4_1_U2931  |mul_mul_16s_8s_24_4_1  |    i0 * i1|
    |mul_mul_16s_8s_24_4_1_U2932  |mul_mul_16s_8s_24_4_1  |    i0 * i1|
    |mul_mul_16s_8s_24_4_1_U2933  |mul_mul_16s_8s_24_4_1  |    i0 * i1|
    |mul_mul_16s_8s_24_4_1_U2934  |mul_mul_16s_8s_24_4_1  |    i0 * i1|
    |mul_mul_16s_8s_24_4_1_U2935  |mul_mul_16s_8s_24_4_1  |    i0 * i1|
    |mul_mul_16s_8s_24_4_1_U2936  |mul_mul_16s_8s_24_4_1  |    i0 * i1|
    |mul_mul_16s_8s_24_4_1_U2937  |mul_mul_16s_8s_24_4_1  |    i0 * i1|
    |mul_mul_16s_8s_24_4_1_U2938  |mul_mul_16s_8s_24_4_1  |    i0 * i1|
    |mul_mul_16s_8s_24_4_1_U2939  |mul_mul_16s_8s_24_4_1  |    i0 * i1|
    |mul_mul_16s_8s_24_4_1_U2940  |mul_mul_16s_8s_24_4_1  |    i0 * i1|
    |mul_mul_16s_8s_24_4_1_U2941  |mul_mul_16s_8s_24_4_1  |    i0 * i1|
    |mul_mul_16s_8s_24_4_1_U2942  |mul_mul_16s_8s_24_4_1  |    i0 * i1|
    |mul_mul_16s_8s_24_4_1_U2943  |mul_mul_16s_8s_24_4_1  |    i0 * i1|
    |mul_mul_16s_8s_24_4_1_U2944  |mul_mul_16s_8s_24_4_1  |    i0 * i1|
    |mul_mul_16s_8s_24_4_1_U2945  |mul_mul_16s_8s_24_4_1  |    i0 * i1|
    |mul_mul_16s_8s_24_4_1_U2946  |mul_mul_16s_8s_24_4_1  |    i0 * i1|
    |mul_mul_16s_8s_24_4_1_U2947  |mul_mul_16s_8s_24_4_1  |    i0 * i1|
    |mul_mul_16s_8s_24_4_1_U2948  |mul_mul_16s_8s_24_4_1  |    i0 * i1|
    |mul_mul_16s_8s_24_4_1_U2949  |mul_mul_16s_8s_24_4_1  |    i0 * i1|
    |mul_mul_16s_8s_24_4_1_U2950  |mul_mul_16s_8s_24_4_1  |    i0 * i1|
    |mul_mul_16s_8s_24_4_1_U2951  |mul_mul_16s_8s_24_4_1  |    i0 * i1|
    |mul_mul_16s_8s_24_4_1_U2952  |mul_mul_16s_8s_24_4_1  |    i0 * i1|
    |mul_mul_16s_8s_24_4_1_U2953  |mul_mul_16s_8s_24_4_1  |    i0 * i1|
    |mul_mul_16s_8s_24_4_1_U2954  |mul_mul_16s_8s_24_4_1  |    i0 * i1|
    |mul_mul_16s_8s_24_4_1_U2955  |mul_mul_16s_8s_24_4_1  |    i0 * i1|
    |mul_mul_16s_8s_24_4_1_U2956  |mul_mul_16s_8s_24_4_1  |    i0 * i1|
    |mul_mul_16s_8s_24_4_1_U2957  |mul_mul_16s_8s_24_4_1  |    i0 * i1|
    |mul_mul_16s_8s_24_4_1_U2958  |mul_mul_16s_8s_24_4_1  |    i0 * i1|
    |mul_mul_16s_8s_24_4_1_U2959  |mul_mul_16s_8s_24_4_1  |    i0 * i1|
    |mul_mul_16s_8s_24_4_1_U2960  |mul_mul_16s_8s_24_4_1  |    i0 * i1|
    |mul_mul_16s_8s_24_4_1_U2961  |mul_mul_16s_8s_24_4_1  |    i0 * i1|
    |mul_mul_16s_8s_24_4_1_U2962  |mul_mul_16s_8s_24_4_1  |    i0 * i1|
    |mul_mul_16s_8s_24_4_1_U2963  |mul_mul_16s_8s_24_4_1  |    i0 * i1|
    |mul_mul_16s_8s_24_4_1_U2964  |mul_mul_16s_8s_24_4_1  |    i0 * i1|
    |mul_mul_16s_8s_24_4_1_U2965  |mul_mul_16s_8s_24_4_1  |    i0 * i1|
    |mul_mul_16s_8s_24_4_1_U2966  |mul_mul_16s_8s_24_4_1  |    i0 * i1|
    |mul_mul_16s_8s_24_4_1_U2967  |mul_mul_16s_8s_24_4_1  |    i0 * i1|
    |mul_mul_16s_8s_24_4_1_U2968  |mul_mul_16s_8s_24_4_1  |    i0 * i1|
    |mul_mul_16s_8s_24_4_1_U2969  |mul_mul_16s_8s_24_4_1  |    i0 * i1|
    |mul_mul_16s_8s_24_4_1_U2970  |mul_mul_16s_8s_24_4_1  |    i0 * i1|
    |mul_mul_16s_8s_24_4_1_U2971  |mul_mul_16s_8s_24_4_1  |    i0 * i1|
    |mul_mul_16s_8s_24_4_1_U2972  |mul_mul_16s_8s_24_4_1  |    i0 * i1|
    |mul_mul_16s_8s_24_4_1_U2973  |mul_mul_16s_8s_24_4_1  |    i0 * i1|
    |mul_mul_16s_8s_24_4_1_U2974  |mul_mul_16s_8s_24_4_1  |    i0 * i1|
    |mul_mul_16s_8s_24_4_1_U2975  |mul_mul_16s_8s_24_4_1  |    i0 * i1|
    |mul_mul_16s_8s_24_4_1_U2976  |mul_mul_16s_8s_24_4_1  |    i0 * i1|
    |mul_mul_16s_8s_24_4_1_U2977  |mul_mul_16s_8s_24_4_1  |    i0 * i1|
    |mul_mul_16s_8s_24_4_1_U2978  |mul_mul_16s_8s_24_4_1  |    i0 * i1|
    |mul_mul_16s_8s_24_4_1_U2979  |mul_mul_16s_8s_24_4_1  |    i0 * i1|
    |mul_mul_16s_8s_24_4_1_U2980  |mul_mul_16s_8s_24_4_1  |    i0 * i1|
    |mul_mul_16s_8s_24_4_1_U2981  |mul_mul_16s_8s_24_4_1  |    i0 * i1|
    |mul_mul_16s_8s_24_4_1_U2982  |mul_mul_16s_8s_24_4_1  |    i0 * i1|
    |mul_mul_16s_8s_24_4_1_U2983  |mul_mul_16s_8s_24_4_1  |    i0 * i1|
    |mul_mul_16s_8s_24_4_1_U2984  |mul_mul_16s_8s_24_4_1  |    i0 * i1|
    |mul_mul_16s_8s_24_4_1_U2985  |mul_mul_16s_8s_24_4_1  |    i0 * i1|
    |mul_mul_16s_8s_24_4_1_U2986  |mul_mul_16s_8s_24_4_1  |    i0 * i1|
    |mul_mul_16s_8s_24_4_1_U2987  |mul_mul_16s_8s_24_4_1  |    i0 * i1|
    |mul_mul_16s_8s_24_4_1_U2988  |mul_mul_16s_8s_24_4_1  |    i0 * i1|
    |mul_mul_16s_8s_24_4_1_U2989  |mul_mul_16s_8s_24_4_1  |    i0 * i1|
    |mul_mul_16s_8s_24_4_1_U2990  |mul_mul_16s_8s_24_4_1  |    i0 * i1|
    |mul_mul_16s_8s_24_4_1_U2991  |mul_mul_16s_8s_24_4_1  |    i0 * i1|
    |mul_mul_16s_8s_24_4_1_U2992  |mul_mul_16s_8s_24_4_1  |    i0 * i1|
    |mul_mul_16s_8s_24_4_1_U2993  |mul_mul_16s_8s_24_4_1  |    i0 * i1|
    |mul_mul_16s_8s_24_4_1_U2994  |mul_mul_16s_8s_24_4_1  |    i0 * i1|
    |mul_mul_16s_8s_24_4_1_U2995  |mul_mul_16s_8s_24_4_1  |    i0 * i1|
    |mul_mul_16s_8s_24_4_1_U2996  |mul_mul_16s_8s_24_4_1  |    i0 * i1|
    |mul_mul_16s_8s_24_4_1_U2997  |mul_mul_16s_8s_24_4_1  |    i0 * i1|
    |mul_mul_16s_8s_24_4_1_U2998  |mul_mul_16s_8s_24_4_1  |    i0 * i1|
    |mul_mul_16s_8s_24_4_1_U2999  |mul_mul_16s_8s_24_4_1  |    i0 * i1|
    |mul_mul_16s_8s_24_4_1_U3000  |mul_mul_16s_8s_24_4_1  |    i0 * i1|
    |mul_mul_16s_8s_24_4_1_U3001  |mul_mul_16s_8s_24_4_1  |    i0 * i1|
    |mul_mul_16s_8s_24_4_1_U3002  |mul_mul_16s_8s_24_4_1  |    i0 * i1|
    |mul_mul_16s_8s_24_4_1_U3003  |mul_mul_16s_8s_24_4_1  |    i0 * i1|
    |mul_mul_16s_8s_24_4_1_U3004  |mul_mul_16s_8s_24_4_1  |    i0 * i1|
    |mul_mul_16s_8s_24_4_1_U3005  |mul_mul_16s_8s_24_4_1  |    i0 * i1|
    |mul_mul_16s_8s_24_4_1_U3006  |mul_mul_16s_8s_24_4_1  |    i0 * i1|
    |mul_mul_16s_8s_24_4_1_U3007  |mul_mul_16s_8s_24_4_1  |    i0 * i1|
    |mul_mul_16s_8s_24_4_1_U3008  |mul_mul_16s_8s_24_4_1  |    i0 * i1|
    |mul_mul_16s_8s_24_4_1_U3009  |mul_mul_16s_8s_24_4_1  |    i0 * i1|
    |mul_mul_16s_8s_24_4_1_U3010  |mul_mul_16s_8s_24_4_1  |    i0 * i1|
    |mul_mul_16s_8s_24_4_1_U3011  |mul_mul_16s_8s_24_4_1  |    i0 * i1|
    |mul_mul_16s_8s_24_4_1_U3012  |mul_mul_16s_8s_24_4_1  |    i0 * i1|
    |mul_mul_16s_8s_24_4_1_U3013  |mul_mul_16s_8s_24_4_1  |    i0 * i1|
    |mul_mul_16s_8s_24_4_1_U3014  |mul_mul_16s_8s_24_4_1  |    i0 * i1|
    |mul_mul_16s_8s_24_4_1_U3015  |mul_mul_16s_8s_24_4_1  |    i0 * i1|
    |mul_mul_16s_8s_24_4_1_U3016  |mul_mul_16s_8s_24_4_1  |    i0 * i1|
    |mul_mul_16s_8s_24_4_1_U3017  |mul_mul_16s_8s_24_4_1  |    i0 * i1|
    |mul_mul_16s_8s_24_4_1_U3018  |mul_mul_16s_8s_24_4_1  |    i0 * i1|
    |mul_mul_16s_8s_24_4_1_U3019  |mul_mul_16s_8s_24_4_1  |    i0 * i1|
    |mul_mul_16s_8s_24_4_1_U3020  |mul_mul_16s_8s_24_4_1  |    i0 * i1|
    |mul_mul_16s_8s_24_4_1_U3021  |mul_mul_16s_8s_24_4_1  |    i0 * i1|
    |mul_mul_16s_8s_24_4_1_U3022  |mul_mul_16s_8s_24_4_1  |    i0 * i1|
    |mul_mul_16s_8s_24_4_1_U3023  |mul_mul_16s_8s_24_4_1  |    i0 * i1|
    |mul_mul_16s_8s_24_4_1_U3024  |mul_mul_16s_8s_24_4_1  |    i0 * i1|
    |mul_mul_16s_8s_24_4_1_U3025  |mul_mul_16s_8s_24_4_1  |    i0 * i1|
    |mul_mul_16s_8s_24_4_1_U3026  |mul_mul_16s_8s_24_4_1  |    i0 * i1|
    |mul_mul_16s_8s_24_4_1_U3027  |mul_mul_16s_8s_24_4_1  |    i0 * i1|
    |mul_mul_16s_8s_24_4_1_U3028  |mul_mul_16s_8s_24_4_1  |    i0 * i1|
    |mul_mul_16s_8s_24_4_1_U3029  |mul_mul_16s_8s_24_4_1  |    i0 * i1|
    |mul_mul_16s_8s_24_4_1_U3030  |mul_mul_16s_8s_24_4_1  |    i0 * i1|
    |mul_mul_16s_8s_24_4_1_U3031  |mul_mul_16s_8s_24_4_1  |    i0 * i1|
    |mul_mul_16s_8s_24_4_1_U3032  |mul_mul_16s_8s_24_4_1  |    i0 * i1|
    |mul_mul_16s_8s_24_4_1_U3033  |mul_mul_16s_8s_24_4_1  |    i0 * i1|
    |mul_mul_16s_8s_24_4_1_U3034  |mul_mul_16s_8s_24_4_1  |    i0 * i1|
    |mul_mul_16s_8s_24_4_1_U3035  |mul_mul_16s_8s_24_4_1  |    i0 * i1|
    |mul_mul_16s_8s_24_4_1_U3036  |mul_mul_16s_8s_24_4_1  |    i0 * i1|
    |mul_mul_16s_8s_24_4_1_U3037  |mul_mul_16s_8s_24_4_1  |    i0 * i1|
    |mul_mul_16s_8s_24_4_1_U3038  |mul_mul_16s_8s_24_4_1  |    i0 * i1|
    |mul_mul_16s_8s_24_4_1_U3039  |mul_mul_16s_8s_24_4_1  |    i0 * i1|
    |mul_mul_16s_8s_24_4_1_U3040  |mul_mul_16s_8s_24_4_1  |    i0 * i1|
    |mul_mul_16s_8s_24_4_1_U3041  |mul_mul_16s_8s_24_4_1  |    i0 * i1|
    |mul_mul_16s_8s_24_4_1_U3042  |mul_mul_16s_8s_24_4_1  |    i0 * i1|
    |mul_mul_16s_8s_24_4_1_U3043  |mul_mul_16s_8s_24_4_1  |    i0 * i1|
    |mul_mul_16s_8s_24_4_1_U3044  |mul_mul_16s_8s_24_4_1  |    i0 * i1|
    |mul_mul_16s_8s_24_4_1_U3045  |mul_mul_16s_8s_24_4_1  |    i0 * i1|
    |mul_mul_16s_8s_24_4_1_U3046  |mul_mul_16s_8s_24_4_1  |    i0 * i1|
    |mul_mul_16s_8s_24_4_1_U3047  |mul_mul_16s_8s_24_4_1  |    i0 * i1|
    |mul_mul_16s_8s_24_4_1_U3048  |mul_mul_16s_8s_24_4_1  |    i0 * i1|
    |mul_mul_16s_8s_24_4_1_U3049  |mul_mul_16s_8s_24_4_1  |    i0 * i1|
    |mul_mul_16s_8s_24_4_1_U3050  |mul_mul_16s_8s_24_4_1  |    i0 * i1|
    |mul_mul_16s_8s_24_4_1_U3051  |mul_mul_16s_8s_24_4_1  |    i0 * i1|
    |mul_mul_16s_8s_24_4_1_U3052  |mul_mul_16s_8s_24_4_1  |    i0 * i1|
    |mul_mul_16s_8s_24_4_1_U3053  |mul_mul_16s_8s_24_4_1  |    i0 * i1|
    |mul_mul_16s_8s_24_4_1_U3054  |mul_mul_16s_8s_24_4_1  |    i0 * i1|
    |mul_mul_16s_8s_24_4_1_U3055  |mul_mul_16s_8s_24_4_1  |    i0 * i1|
    |mul_mul_16s_8s_24_4_1_U3056  |mul_mul_16s_8s_24_4_1  |    i0 * i1|
    |mul_mul_16s_8s_24_4_1_U3057  |mul_mul_16s_8s_24_4_1  |    i0 * i1|
    |mul_mul_16s_8s_24_4_1_U3058  |mul_mul_16s_8s_24_4_1  |    i0 * i1|
    |mul_mul_16s_8s_24_4_1_U3059  |mul_mul_16s_8s_24_4_1  |    i0 * i1|
    |mul_mul_16s_8s_24_4_1_U3060  |mul_mul_16s_8s_24_4_1  |    i0 * i1|
    |mul_mul_16s_8s_24_4_1_U3061  |mul_mul_16s_8s_24_4_1  |    i0 * i1|
    |mul_mul_16s_8s_24_4_1_U3062  |mul_mul_16s_8s_24_4_1  |    i0 * i1|
    |mul_mul_16s_8s_24_4_1_U3063  |mul_mul_16s_8s_24_4_1  |    i0 * i1|
    |mul_mul_16s_8s_24_4_1_U3064  |mul_mul_16s_8s_24_4_1  |    i0 * i1|
    |mul_mul_16s_8s_24_4_1_U3065  |mul_mul_16s_8s_24_4_1  |    i0 * i1|
    |mul_mul_16s_8s_24_4_1_U3066  |mul_mul_16s_8s_24_4_1  |    i0 * i1|
    |mul_mul_16s_8s_24_4_1_U3067  |mul_mul_16s_8s_24_4_1  |    i0 * i1|
    |mul_mul_16s_8s_24_4_1_U3068  |mul_mul_16s_8s_24_4_1  |    i0 * i1|
    |mul_mul_16s_8s_24_4_1_U3069  |mul_mul_16s_8s_24_4_1  |    i0 * i1|
    |mul_mul_16s_8s_24_4_1_U3070  |mul_mul_16s_8s_24_4_1  |    i0 * i1|
    |mul_mul_16s_8s_24_4_1_U3071  |mul_mul_16s_8s_24_4_1  |    i0 * i1|
    |mul_mul_16s_8s_24_4_1_U3072  |mul_mul_16s_8s_24_4_1  |    i0 * i1|
    |mul_mul_16s_8s_24_4_1_U3073  |mul_mul_16s_8s_24_4_1  |    i0 * i1|
    |mul_mul_16s_8s_24_4_1_U3074  |mul_mul_16s_8s_24_4_1  |    i0 * i1|
    |mul_mul_16s_8s_24_4_1_U3075  |mul_mul_16s_8s_24_4_1  |    i0 * i1|
    |mul_mul_16s_8s_24_4_1_U3076  |mul_mul_16s_8s_24_4_1  |    i0 * i1|
    |mul_mul_16s_8s_24_4_1_U3077  |mul_mul_16s_8s_24_4_1  |    i0 * i1|
    |mul_mul_16s_8s_24_4_1_U3078  |mul_mul_16s_8s_24_4_1  |    i0 * i1|
    |mul_mul_16s_8s_24_4_1_U3079  |mul_mul_16s_8s_24_4_1  |    i0 * i1|
    |mul_mul_16s_8s_24_4_1_U3080  |mul_mul_16s_8s_24_4_1  |    i0 * i1|
    |mul_mul_16s_8s_24_4_1_U3081  |mul_mul_16s_8s_24_4_1  |    i0 * i1|
    |mul_mul_16s_8s_24_4_1_U3082  |mul_mul_16s_8s_24_4_1  |    i0 * i1|
    |mul_mul_16s_8s_24_4_1_U3083  |mul_mul_16s_8s_24_4_1  |    i0 * i1|
    |mul_mul_16s_8s_24_4_1_U3084  |mul_mul_16s_8s_24_4_1  |    i0 * i1|
    |mul_mul_16s_8s_24_4_1_U3085  |mul_mul_16s_8s_24_4_1  |    i0 * i1|
    |mul_mul_16s_8s_24_4_1_U3086  |mul_mul_16s_8s_24_4_1  |    i0 * i1|
    |mul_mul_16s_8s_24_4_1_U3087  |mul_mul_16s_8s_24_4_1  |    i0 * i1|
    |mul_mul_16s_8s_24_4_1_U3088  |mul_mul_16s_8s_24_4_1  |    i0 * i1|
    |mul_mul_16s_8s_24_4_1_U3089  |mul_mul_16s_8s_24_4_1  |    i0 * i1|
    |mul_mul_16s_8s_24_4_1_U3090  |mul_mul_16s_8s_24_4_1  |    i0 * i1|
    |mul_mul_16s_8s_24_4_1_U3091  |mul_mul_16s_8s_24_4_1  |    i0 * i1|
    |mul_mul_16s_8s_24_4_1_U3092  |mul_mul_16s_8s_24_4_1  |    i0 * i1|
    |mul_mul_16s_8s_24_4_1_U3093  |mul_mul_16s_8s_24_4_1  |    i0 * i1|
    |mul_mul_16s_8s_24_4_1_U3094  |mul_mul_16s_8s_24_4_1  |    i0 * i1|
    |mul_mul_16s_8s_24_4_1_U3095  |mul_mul_16s_8s_24_4_1  |    i0 * i1|
    |mul_mul_16s_8s_24_4_1_U3096  |mul_mul_16s_8s_24_4_1  |    i0 * i1|
    |mul_mul_16s_8s_24_4_1_U3097  |mul_mul_16s_8s_24_4_1  |    i0 * i1|
    |mul_mul_16s_8s_24_4_1_U3098  |mul_mul_16s_8s_24_4_1  |    i0 * i1|
    |mul_mul_16s_8s_24_4_1_U3099  |mul_mul_16s_8s_24_4_1  |    i0 * i1|
    |mul_mul_16s_8s_24_4_1_U3100  |mul_mul_16s_8s_24_4_1  |    i0 * i1|
    |mul_mul_16s_8s_24_4_1_U3101  |mul_mul_16s_8s_24_4_1  |    i0 * i1|
    |mul_mul_16s_8s_24_4_1_U3102  |mul_mul_16s_8s_24_4_1  |    i0 * i1|
    +-----------------------------+-----------------------+-----------+

    * Memory: 
    +-------+----------------------------------------------------------------------------------+---------+---+----+-----+------+------+------+-------------+
    | Memory|                                      Module                                      | BRAM_18K| FF| LUT| URAM| Words| Bits | Banks| W*Bits*Banks|
    +-------+----------------------------------------------------------------------------------+---------+---+----+-----+------+------+------+-------------+
    |w10_U  |dense_resource_ap_fixed_16_6_5_3_0_ap_fixed_22_11_5_3_0_config10_1_s_w10_ROM_ctx  |        8|  0|   0|    0|    64|  1534|     1|        98176|
    +-------+----------------------------------------------------------------------------------+---------+---+----+-----+------+------+------+-------------+
    |Total  |                                                                                  |        8|  0|   0|    0|    64|  1534|     1|        98176|
    +-------+----------------------------------------------------------------------------------+---------+---+----+-----+------+------+------+-------------+

    * FIFO: 
    N/A

    * Expression: 
    +------------------------+----------+----+---+------+------------+------------+
    |      Variable Name     | Operation| DSP| FF|  LUT | Bitwidth P0| Bitwidth P1|
    +------------------------+----------+----+---+------+------------+------------+
    |acc_V_1716_fu_6559_p2   |         +|   0|  0|    29|          22|          22|
    |acc_V_1717_fu_6578_p2   |         +|   0|  0|    29|          22|          22|
    |acc_V_1718_fu_6597_p2   |         +|   0|  0|    29|          22|          22|
    |acc_V_1719_fu_6616_p2   |         +|   0|  0|    29|          22|          22|
    |acc_V_1720_fu_6635_p2   |         +|   0|  0|    29|          22|          22|
    |acc_V_1721_fu_6654_p2   |         +|   0|  0|    29|          22|          22|
    |acc_V_1722_fu_6673_p2   |         +|   0|  0|    29|          22|          22|
    |acc_V_1723_fu_6692_p2   |         +|   0|  0|    29|          22|          22|
    |acc_V_1724_fu_6711_p2   |         +|   0|  0|    29|          22|          22|
    |acc_V_1725_fu_6730_p2   |         +|   0|  0|    29|          22|          22|
    |acc_V_1726_fu_6749_p2   |         +|   0|  0|    29|          22|          22|
    |acc_V_1727_fu_6768_p2   |         +|   0|  0|    29|          22|          22|
    |acc_V_1728_fu_6787_p2   |         +|   0|  0|    29|          22|          22|
    |acc_V_1729_fu_6806_p2   |         +|   0|  0|    29|          22|          22|
    |acc_V_1730_fu_6825_p2   |         +|   0|  0|    29|          22|          22|
    |acc_V_1731_fu_6844_p2   |         +|   0|  0|    29|          22|          22|
    |acc_V_1732_fu_6863_p2   |         +|   0|  0|    29|          22|          22|
    |acc_V_1733_fu_6882_p2   |         +|   0|  0|    29|          22|          22|
    |acc_V_1734_fu_6901_p2   |         +|   0|  0|    29|          22|          22|
    |acc_V_1735_fu_6920_p2   |         +|   0|  0|    29|          22|          22|
    |acc_V_1736_fu_6939_p2   |         +|   0|  0|    29|          22|          22|
    |acc_V_1737_fu_6958_p2   |         +|   0|  0|    29|          22|          22|
    |acc_V_1738_fu_6977_p2   |         +|   0|  0|    29|          22|          22|
    |acc_V_1739_fu_6996_p2   |         +|   0|  0|    29|          22|          22|
    |acc_V_1740_fu_7015_p2   |         +|   0|  0|    29|          22|          22|
    |acc_V_1741_fu_7034_p2   |         +|   0|  0|    29|          22|          22|
    |acc_V_1742_fu_7053_p2   |         +|   0|  0|    29|          22|          22|
    |acc_V_1743_fu_7072_p2   |         +|   0|  0|    29|          22|          22|
    |acc_V_1744_fu_7091_p2   |         +|   0|  0|    29|          22|          22|
    |acc_V_1745_fu_7110_p2   |         +|   0|  0|    29|          22|          22|
    |acc_V_1746_fu_7129_p2   |         +|   0|  0|    29|          22|          22|
    |acc_V_1747_fu_7148_p2   |         +|   0|  0|    29|          22|          22|
    |acc_V_1748_fu_7167_p2   |         +|   0|  0|    29|          22|          22|
    |acc_V_1749_fu_7186_p2   |         +|   0|  0|    29|          22|          22|
    |acc_V_1750_fu_7205_p2   |         +|   0|  0|    29|          22|          22|
    |acc_V_1751_fu_7224_p2   |         +|   0|  0|    29|          22|          22|
    |acc_V_1752_fu_7243_p2   |         +|   0|  0|    29|          22|          22|
    |acc_V_1753_fu_7262_p2   |         +|   0|  0|    29|          22|          22|
    |acc_V_1754_fu_7281_p2   |         +|   0|  0|    29|          22|          22|
    |acc_V_1755_fu_7300_p2   |         +|   0|  0|    29|          22|          22|
    |acc_V_1756_fu_7319_p2   |         +|   0|  0|    29|          22|          22|
    |acc_V_1757_fu_7338_p2   |         +|   0|  0|    29|          22|          22|
    |acc_V_1758_fu_7357_p2   |         +|   0|  0|    29|          22|          22|
    |acc_V_1759_fu_7376_p2   |         +|   0|  0|    29|          22|          22|
    |acc_V_1760_fu_7395_p2   |         +|   0|  0|    29|          22|          22|
    |acc_V_1761_fu_7414_p2   |         +|   0|  0|    29|          22|          22|
    |acc_V_1762_fu_7433_p2   |         +|   0|  0|    29|          22|          22|
    |acc_V_1763_fu_7452_p2   |         +|   0|  0|    29|          22|          22|
    |acc_V_1764_fu_7471_p2   |         +|   0|  0|    29|          22|          22|
    |acc_V_1765_fu_7490_p2   |         +|   0|  0|    29|          22|          22|
    |acc_V_1766_fu_7509_p2   |         +|   0|  0|    29|          22|          22|
    |acc_V_1767_fu_7528_p2   |         +|   0|  0|    29|          22|          22|
    |acc_V_1768_fu_7547_p2   |         +|   0|  0|    29|          22|          22|
    |acc_V_1769_fu_7566_p2   |         +|   0|  0|    29|          22|          22|
    |acc_V_1770_fu_7585_p2   |         +|   0|  0|    29|          22|          22|
    |acc_V_1771_fu_7604_p2   |         +|   0|  0|    29|          22|          22|
    |acc_V_1772_fu_7623_p2   |         +|   0|  0|    29|          22|          22|
    |acc_V_1773_fu_7642_p2   |         +|   0|  0|    29|          22|          22|
    |acc_V_1774_fu_7661_p2   |         +|   0|  0|    29|          22|          22|
    |acc_V_1775_fu_7680_p2   |         +|   0|  0|    29|          22|          22|
    |acc_V_1776_fu_7699_p2   |         +|   0|  0|    29|          22|          22|
    |acc_V_1777_fu_7718_p2   |         +|   0|  0|    29|          22|          22|
    |acc_V_1778_fu_7737_p2   |         +|   0|  0|    29|          22|          22|
    |acc_V_1779_fu_7756_p2   |         +|   0|  0|    29|          22|          22|
    |acc_V_1780_fu_7775_p2   |         +|   0|  0|    29|          22|          22|
    |acc_V_1781_fu_7794_p2   |         +|   0|  0|    29|          22|          22|
    |acc_V_1782_fu_7813_p2   |         +|   0|  0|    29|          22|          22|
    |acc_V_1783_fu_7832_p2   |         +|   0|  0|    29|          22|          22|
    |acc_V_1784_fu_7851_p2   |         +|   0|  0|    29|          22|          22|
    |acc_V_1785_fu_7870_p2   |         +|   0|  0|    29|          22|          22|
    |acc_V_1786_fu_7889_p2   |         +|   0|  0|    29|          22|          22|
    |acc_V_1787_fu_7908_p2   |         +|   0|  0|    29|          22|          22|
    |acc_V_1788_fu_7927_p2   |         +|   0|  0|    29|          22|          22|
    |acc_V_1789_fu_7946_p2   |         +|   0|  0|    29|          22|          22|
    |acc_V_1790_fu_7965_p2   |         +|   0|  0|    29|          22|          22|
    |acc_V_1791_fu_7984_p2   |         +|   0|  0|    29|          22|          22|
    |acc_V_1792_fu_8003_p2   |         +|   0|  0|    29|          22|          22|
    |acc_V_1793_fu_8022_p2   |         +|   0|  0|    29|          22|          22|
    |acc_V_1794_fu_8041_p2   |         +|   0|  0|    29|          22|          22|
    |acc_V_1795_fu_8060_p2   |         +|   0|  0|    29|          22|          22|
    |acc_V_1796_fu_8079_p2   |         +|   0|  0|    29|          22|          22|
    |acc_V_1797_fu_8098_p2   |         +|   0|  0|    29|          22|          22|
    |acc_V_1798_fu_8117_p2   |         +|   0|  0|    29|          22|          22|
    |acc_V_1799_fu_8136_p2   |         +|   0|  0|    29|          22|          22|
    |acc_V_1800_fu_8155_p2   |         +|   0|  0|    29|          22|          22|
    |acc_V_1801_fu_8174_p2   |         +|   0|  0|    29|          22|          22|
    |acc_V_1802_fu_8193_p2   |         +|   0|  0|    29|          22|          22|
    |acc_V_1803_fu_8212_p2   |         +|   0|  0|    29|          22|          22|
    |acc_V_1804_fu_8231_p2   |         +|   0|  0|    29|          22|          22|
    |acc_V_1805_fu_8250_p2   |         +|   0|  0|    29|          22|          22|
    |acc_V_1806_fu_8269_p2   |         +|   0|  0|    29|          22|          22|
    |acc_V_1807_fu_8288_p2   |         +|   0|  0|    29|          22|          22|
    |acc_V_1808_fu_8307_p2   |         +|   0|  0|    29|          22|          22|
    |acc_V_1809_fu_8326_p2   |         +|   0|  0|    29|          22|          22|
    |acc_V_1810_fu_8345_p2   |         +|   0|  0|    29|          22|          22|
    |acc_V_1811_fu_8364_p2   |         +|   0|  0|    29|          22|          22|
    |acc_V_1812_fu_8383_p2   |         +|   0|  0|    29|          22|          22|
    |acc_V_1813_fu_8402_p2   |         +|   0|  0|    29|          22|          22|
    |acc_V_1814_fu_8421_p2   |         +|   0|  0|    29|          22|          22|
    |acc_V_1815_fu_8440_p2   |         +|   0|  0|    29|          22|          22|
    |acc_V_1816_fu_8459_p2   |         +|   0|  0|    29|          22|          22|
    |acc_V_1817_fu_8478_p2   |         +|   0|  0|    29|          22|          22|
    |acc_V_1818_fu_8497_p2   |         +|   0|  0|    29|          22|          22|
    |acc_V_1819_fu_8516_p2   |         +|   0|  0|    29|          22|          22|
    |acc_V_1820_fu_8535_p2   |         +|   0|  0|    29|          22|          22|
    |acc_V_1821_fu_8554_p2   |         +|   0|  0|    29|          22|          22|
    |acc_V_1822_fu_8573_p2   |         +|   0|  0|    29|          22|          22|
    |acc_V_1823_fu_8592_p2   |         +|   0|  0|    29|          22|          22|
    |acc_V_1824_fu_8611_p2   |         +|   0|  0|    29|          22|          22|
    |acc_V_1825_fu_8630_p2   |         +|   0|  0|    29|          22|          22|
    |acc_V_1826_fu_8649_p2   |         +|   0|  0|    29|          22|          22|
    |acc_V_1827_fu_8668_p2   |         +|   0|  0|    29|          22|          22|
    |acc_V_1828_fu_8687_p2   |         +|   0|  0|    29|          22|          22|
    |acc_V_1829_fu_8706_p2   |         +|   0|  0|    29|          22|          22|
    |acc_V_1830_fu_8725_p2   |         +|   0|  0|    29|          22|          22|
    |acc_V_1831_fu_8744_p2   |         +|   0|  0|    29|          22|          22|
    |acc_V_1832_fu_8763_p2   |         +|   0|  0|    29|          22|          22|
    |acc_V_1833_fu_8782_p2   |         +|   0|  0|    29|          22|          22|
    |acc_V_1834_fu_8801_p2   |         +|   0|  0|    29|          22|          22|
    |acc_V_1835_fu_8820_p2   |         +|   0|  0|    29|          22|          22|
    |acc_V_1836_fu_8839_p2   |         +|   0|  0|    29|          22|          22|
    |acc_V_1837_fu_8858_p2   |         +|   0|  0|    29|          22|          22|
    |acc_V_1838_fu_8877_p2   |         +|   0|  0|    29|          22|          22|
    |acc_V_1839_fu_8896_p2   |         +|   0|  0|    29|          22|          22|
    |acc_V_1840_fu_8915_p2   |         +|   0|  0|    29|          22|          22|
    |acc_V_1841_fu_8934_p2   |         +|   0|  0|    29|          22|          22|
    |acc_V_1842_fu_8953_p2   |         +|   0|  0|    29|          22|          22|
    |acc_V_1843_fu_8972_p2   |         +|   0|  0|    29|          22|          22|
    |acc_V_1844_fu_8991_p2   |         +|   0|  0|    29|          22|          22|
    |acc_V_1845_fu_9010_p2   |         +|   0|  0|    29|          22|          22|
    |acc_V_1846_fu_9029_p2   |         +|   0|  0|    29|          22|          22|
    |acc_V_1847_fu_9048_p2   |         +|   0|  0|    29|          22|          22|
    |acc_V_1848_fu_9067_p2   |         +|   0|  0|    29|          22|          22|
    |acc_V_1849_fu_9086_p2   |         +|   0|  0|    29|          22|          22|
    |acc_V_1850_fu_9105_p2   |         +|   0|  0|    29|          22|          22|
    |acc_V_1851_fu_9124_p2   |         +|   0|  0|    29|          22|          22|
    |acc_V_1852_fu_9143_p2   |         +|   0|  0|    29|          22|          22|
    |acc_V_1853_fu_9162_p2   |         +|   0|  0|    29|          22|          22|
    |acc_V_1854_fu_9181_p2   |         +|   0|  0|    29|          22|          22|
    |acc_V_1855_fu_9200_p2   |         +|   0|  0|    29|          22|          22|
    |acc_V_1856_fu_9219_p2   |         +|   0|  0|    29|          22|          22|
    |acc_V_1857_fu_9238_p2   |         +|   0|  0|    29|          22|          22|
    |acc_V_1858_fu_9257_p2   |         +|   0|  0|    29|          22|          22|
    |acc_V_1859_fu_9276_p2   |         +|   0|  0|    29|          22|          22|
    |acc_V_1860_fu_9295_p2   |         +|   0|  0|    29|          22|          22|
    |acc_V_1861_fu_9314_p2   |         +|   0|  0|    29|          22|          22|
    |acc_V_1862_fu_9333_p2   |         +|   0|  0|    29|          22|          22|
    |acc_V_1863_fu_9352_p2   |         +|   0|  0|    29|          22|          22|
    |acc_V_1864_fu_9371_p2   |         +|   0|  0|    29|          22|          22|
    |acc_V_1865_fu_9390_p2   |         +|   0|  0|    29|          22|          22|
    |acc_V_1866_fu_9409_p2   |         +|   0|  0|    29|          22|          22|
    |acc_V_1867_fu_9428_p2   |         +|   0|  0|    29|          22|          22|
    |acc_V_1868_fu_9447_p2   |         +|   0|  0|    29|          22|          22|
    |acc_V_1869_fu_9466_p2   |         +|   0|  0|    29|          22|          22|
    |acc_V_1870_fu_9485_p2   |         +|   0|  0|    29|          22|          22|
    |acc_V_1871_fu_9504_p2   |         +|   0|  0|    29|          22|          22|
    |acc_V_1872_fu_9523_p2   |         +|   0|  0|    29|          22|          22|
    |acc_V_1873_fu_9542_p2   |         +|   0|  0|    29|          22|          22|
    |acc_V_1874_fu_9561_p2   |         +|   0|  0|    29|          22|          22|
    |acc_V_1875_fu_9580_p2   |         +|   0|  0|    29|          22|          22|
    |acc_V_1876_fu_9599_p2   |         +|   0|  0|    29|          22|          22|
    |acc_V_1877_fu_9618_p2   |         +|   0|  0|    29|          22|          22|
    |acc_V_1878_fu_9637_p2   |         +|   0|  0|    29|          22|          22|
    |acc_V_1879_fu_9656_p2   |         +|   0|  0|    29|          22|          22|
    |acc_V_1880_fu_9675_p2   |         +|   0|  0|    29|          22|          22|
    |acc_V_1881_fu_9694_p2   |         +|   0|  0|    29|          22|          22|
    |acc_V_1882_fu_9713_p2   |         +|   0|  0|    29|          22|          22|
    |acc_V_1883_fu_9732_p2   |         +|   0|  0|    29|          22|          22|
    |acc_V_1884_fu_9751_p2   |         +|   0|  0|    29|          22|          22|
    |acc_V_1885_fu_9770_p2   |         +|   0|  0|    29|          22|          22|
    |acc_V_1886_fu_9789_p2   |         +|   0|  0|    29|          22|          22|
    |acc_V_1887_fu_9808_p2   |         +|   0|  0|    29|          22|          22|
    |acc_V_1888_fu_9827_p2   |         +|   0|  0|    29|          22|          22|
    |acc_V_1889_fu_9846_p2   |         +|   0|  0|    29|          22|          22|
    |acc_V_1890_fu_9865_p2   |         +|   0|  0|    29|          22|          22|
    |acc_V_1891_fu_9884_p2   |         +|   0|  0|    29|          22|          22|
    |acc_V_1892_fu_9903_p2   |         +|   0|  0|    29|          22|          22|
    |acc_V_1893_fu_9922_p2   |         +|   0|  0|    29|          22|          22|
    |acc_V_1894_fu_9941_p2   |         +|   0|  0|    29|          22|          22|
    |acc_V_1895_fu_9960_p2   |         +|   0|  0|    29|          22|          22|
    |acc_V_1896_fu_9979_p2   |         +|   0|  0|    29|          22|          22|
    |acc_V_1897_fu_9998_p2   |         +|   0|  0|    29|          22|          22|
    |acc_V_1898_fu_10017_p2  |         +|   0|  0|    29|          22|          22|
    |acc_V_1899_fu_10036_p2  |         +|   0|  0|    29|          22|          22|
    |acc_V_1900_fu_10055_p2  |         +|   0|  0|    29|          22|          22|
    |acc_V_1901_fu_10074_p2  |         +|   0|  0|    29|          22|          22|
    |acc_V_1902_fu_10093_p2  |         +|   0|  0|    29|          22|          22|
    |acc_V_1903_fu_10112_p2  |         +|   0|  0|    29|          22|          22|
    |acc_V_1904_fu_10131_p2  |         +|   0|  0|    29|          22|          22|
    |acc_V_1905_fu_10150_p2  |         +|   0|  0|    29|          22|          22|
    |acc_V_1906_fu_10169_p2  |         +|   0|  0|    29|          22|          22|
    |acc_V_fu_6540_p2        |         +|   0|  0|    29|          22|          22|
    |w_index_fu_3812_p2      |         +|   0|  0|    13|           6|           1|
    |ap_condition_1456       |       and|   0|  0|     2|           1|           1|
    |ap_condition_669        |       and|   0|  0|     2|           1|           1|
    |icmp_ln43_fu_3818_p2    |      icmp|   0|  0|    10|           6|           2|
    |empty_326_fu_3827_p2    |      lshr|   0|  0|  2171|        1024|        1024|
    |ap_enable_pp0           |       xor|   0|  0|     2|           1|           2|
    +------------------------+----------+----+---+------+------------+------------+
    |Total                   |          |   0|  0|  7768|        5263|        5255|
    +------------------------+----------+----+---+------+------------+------------+

    * Multiplexer: 
    +---------------------------------------------+----+-----------+------+-----------+
    |                     Name                    | LUT| Input Size| Bits | Total Bits|
    +---------------------------------------------+----+-----------+------+-----------+
    |ap_done_int                                  |   9|          2|     1|          2|
    |ap_loop_exit_ready_pp0_iter4_reg             |   9|          2|     1|          2|
    |ap_phi_mux_do_init_phi_fu_1060_p6            |  14|          3|     1|          3|
    |ap_phi_mux_p_read391_phi_phi_fu_1103_p4      |   9|          2|  1024|       2048|
    |ap_phi_mux_w_index3_phi_fu_1075_p6           |  14|          3|     6|         18|
    |ap_phi_mux_x_V386_phi_fu_1115_p6             |   9|          2|    22|         44|
    |ap_phi_mux_x_V_706384_phi_fu_1129_p6         |   9|          2|    22|         44|
    |ap_phi_mux_x_V_707382_phi_fu_1143_p6         |   9|          2|    22|         44|
    |ap_phi_mux_x_V_708380_phi_fu_1157_p6         |   9|          2|    22|         44|
    |ap_phi_mux_x_V_709378_phi_fu_1171_p6         |   9|          2|    22|         44|
    |ap_phi_mux_x_V_710376_phi_fu_1185_p6         |   9|          2|    22|         44|
    |ap_phi_mux_x_V_711374_phi_fu_1199_p6         |   9|          2|    22|         44|
    |ap_phi_mux_x_V_712372_phi_fu_1213_p6         |   9|          2|    22|         44|
    |ap_phi_mux_x_V_713370_phi_fu_1227_p6         |   9|          2|    22|         44|
    |ap_phi_mux_x_V_714368_phi_fu_1241_p6         |   9|          2|    22|         44|
    |ap_phi_mux_x_V_715366_phi_fu_1255_p6         |   9|          2|    22|         44|
    |ap_phi_mux_x_V_716364_phi_fu_1269_p6         |   9|          2|    22|         44|
    |ap_phi_mux_x_V_717362_phi_fu_1283_p6         |   9|          2|    22|         44|
    |ap_phi_mux_x_V_718360_phi_fu_1297_p6         |   9|          2|    22|         44|
    |ap_phi_mux_x_V_719358_phi_fu_1311_p6         |   9|          2|    22|         44|
    |ap_phi_mux_x_V_720356_phi_fu_1325_p6         |   9|          2|    22|         44|
    |ap_phi_mux_x_V_721354_phi_fu_1339_p6         |   9|          2|    22|         44|
    |ap_phi_mux_x_V_722352_phi_fu_1353_p6         |   9|          2|    22|         44|
    |ap_phi_mux_x_V_723350_phi_fu_1367_p6         |   9|          2|    22|         44|
    |ap_phi_mux_x_V_724348_phi_fu_1381_p6         |   9|          2|    22|         44|
    |ap_phi_mux_x_V_725346_phi_fu_1395_p6         |   9|          2|    22|         44|
    |ap_phi_mux_x_V_726344_phi_fu_1409_p6         |   9|          2|    22|         44|
    |ap_phi_mux_x_V_727342_phi_fu_1423_p6         |   9|          2|    22|         44|
    |ap_phi_mux_x_V_728340_phi_fu_1437_p6         |   9|          2|    22|         44|
    |ap_phi_mux_x_V_729338_phi_fu_1451_p6         |   9|          2|    22|         44|
    |ap_phi_mux_x_V_730336_phi_fu_1465_p6         |   9|          2|    22|         44|
    |ap_phi_mux_x_V_731334_phi_fu_1479_p6         |   9|          2|    22|         44|
    |ap_phi_mux_x_V_732332_phi_fu_1493_p6         |   9|          2|    22|         44|
    |ap_phi_mux_x_V_733330_phi_fu_1507_p6         |   9|          2|    22|         44|
    |ap_phi_mux_x_V_734328_phi_fu_1521_p6         |   9|          2|    22|         44|
    |ap_phi_mux_x_V_735326_phi_fu_1535_p6         |   9|          2|    22|         44|
    |ap_phi_mux_x_V_736324_phi_fu_1549_p6         |   9|          2|    22|         44|
    |ap_phi_mux_x_V_737322_phi_fu_1563_p6         |   9|          2|    22|         44|
    |ap_phi_mux_x_V_738320_phi_fu_1577_p6         |   9|          2|    22|         44|
    |ap_phi_mux_x_V_739318_phi_fu_1591_p6         |   9|          2|    22|         44|
    |ap_phi_mux_x_V_740316_phi_fu_1605_p6         |   9|          2|    22|         44|
    |ap_phi_mux_x_V_741314_phi_fu_1619_p6         |   9|          2|    22|         44|
    |ap_phi_mux_x_V_742312_phi_fu_1633_p6         |   9|          2|    22|         44|
    |ap_phi_mux_x_V_743310_phi_fu_1647_p6         |   9|          2|    22|         44|
    |ap_phi_mux_x_V_744308_phi_fu_1661_p6         |   9|          2|    22|         44|
    |ap_phi_mux_x_V_745306_phi_fu_1675_p6         |   9|          2|    22|         44|
    |ap_phi_mux_x_V_746304_phi_fu_1689_p6         |   9|          2|    22|         44|
    |ap_phi_mux_x_V_747302_phi_fu_1703_p6         |   9|          2|    22|         44|
    |ap_phi_mux_x_V_748300_phi_fu_1717_p6         |   9|          2|    22|         44|
    |ap_phi_mux_x_V_749298_phi_fu_1731_p6         |   9|          2|    22|         44|
    |ap_phi_mux_x_V_750296_phi_fu_1745_p6         |   9|          2|    22|         44|
    |ap_phi_mux_x_V_751294_phi_fu_1759_p6         |   9|          2|    22|         44|
    |ap_phi_mux_x_V_752292_phi_fu_1773_p6         |   9|          2|    22|         44|
    |ap_phi_mux_x_V_753290_phi_fu_1787_p6         |   9|          2|    22|         44|
    |ap_phi_mux_x_V_754288_phi_fu_1801_p6         |   9|          2|    22|         44|
    |ap_phi_mux_x_V_755286_phi_fu_1815_p6         |   9|          2|    22|         44|
    |ap_phi_mux_x_V_756284_phi_fu_1829_p6         |   9|          2|    22|         44|
    |ap_phi_mux_x_V_757282_phi_fu_1843_p6         |   9|          2|    22|         44|
    |ap_phi_mux_x_V_758280_phi_fu_1857_p6         |   9|          2|    22|         44|
    |ap_phi_mux_x_V_759278_phi_fu_1871_p6         |   9|          2|    22|         44|
    |ap_phi_mux_x_V_760276_phi_fu_1885_p6         |   9|          2|    22|         44|
    |ap_phi_mux_x_V_761274_phi_fu_1899_p6         |   9|          2|    22|         44|
    |ap_phi_mux_x_V_762272_phi_fu_1913_p6         |   9|          2|    22|         44|
    |ap_phi_mux_x_V_763270_phi_fu_1927_p6         |   9|          2|    22|         44|
    |ap_phi_mux_x_V_764268_phi_fu_1941_p6         |   9|          2|    22|         44|
    |ap_phi_mux_x_V_765266_phi_fu_1955_p6         |   9|          2|    22|         44|
    |ap_phi_mux_x_V_766264_phi_fu_1969_p6         |   9|          2|    22|         44|
    |ap_phi_mux_x_V_767262_phi_fu_1983_p6         |   9|          2|    22|         44|
    |ap_phi_mux_x_V_768260_phi_fu_1997_p6         |   9|          2|    22|         44|
    |ap_phi_mux_x_V_769258_phi_fu_2011_p6         |   9|          2|    22|         44|
    |ap_phi_mux_x_V_770256_phi_fu_2025_p6         |   9|          2|    22|         44|
    |ap_phi_mux_x_V_771254_phi_fu_2039_p6         |   9|          2|    22|         44|
    |ap_phi_mux_x_V_772252_phi_fu_2053_p6         |   9|          2|    22|         44|
    |ap_phi_mux_x_V_773250_phi_fu_2067_p6         |   9|          2|    22|         44|
    |ap_phi_mux_x_V_774248_phi_fu_2081_p6         |   9|          2|    22|         44|
    |ap_phi_mux_x_V_775246_phi_fu_2095_p6         |   9|          2|    22|         44|
    |ap_phi_mux_x_V_776244_phi_fu_2109_p6         |   9|          2|    22|         44|
    |ap_phi_mux_x_V_777242_phi_fu_2123_p6         |   9|          2|    22|         44|
    |ap_phi_mux_x_V_778240_phi_fu_2137_p6         |   9|          2|    22|         44|
    |ap_phi_mux_x_V_779238_phi_fu_2151_p6         |   9|          2|    22|         44|
    |ap_phi_mux_x_V_780236_phi_fu_2165_p6         |   9|          2|    22|         44|
    |ap_phi_mux_x_V_781234_phi_fu_2179_p6         |   9|          2|    22|         44|
    |ap_phi_mux_x_V_782232_phi_fu_2193_p6         |   9|          2|    22|         44|
    |ap_phi_mux_x_V_783230_phi_fu_2207_p6         |   9|          2|    22|         44|
    |ap_phi_mux_x_V_784228_phi_fu_2221_p6         |   9|          2|    22|         44|
    |ap_phi_mux_x_V_785226_phi_fu_2235_p6         |   9|          2|    22|         44|
    |ap_phi_mux_x_V_786224_phi_fu_2249_p6         |   9|          2|    22|         44|
    |ap_phi_mux_x_V_787222_phi_fu_2263_p6         |   9|          2|    22|         44|
    |ap_phi_mux_x_V_788220_phi_fu_2277_p6         |   9|          2|    22|         44|
    |ap_phi_mux_x_V_789218_phi_fu_2291_p6         |   9|          2|    22|         44|
    |ap_phi_mux_x_V_790216_phi_fu_2305_p6         |   9|          2|    22|         44|
    |ap_phi_mux_x_V_791214_phi_fu_2319_p6         |   9|          2|    22|         44|
    |ap_phi_mux_x_V_792212_phi_fu_2333_p6         |   9|          2|    22|         44|
    |ap_phi_mux_x_V_793210_phi_fu_2347_p6         |   9|          2|    22|         44|
    |ap_phi_mux_x_V_794208_phi_fu_2361_p6         |   9|          2|    22|         44|
    |ap_phi_mux_x_V_795206_phi_fu_2375_p6         |   9|          2|    22|         44|
    |ap_phi_mux_x_V_796204_phi_fu_2389_p6         |   9|          2|    22|         44|
    |ap_phi_mux_x_V_797202_phi_fu_2403_p6         |   9|          2|    22|         44|
    |ap_phi_mux_x_V_798200_phi_fu_2417_p6         |   9|          2|    22|         44|
    |ap_phi_mux_x_V_799198_phi_fu_2431_p6         |   9|          2|    22|         44|
    |ap_phi_mux_x_V_800196_phi_fu_2445_p6         |   9|          2|    22|         44|
    |ap_phi_mux_x_V_801194_phi_fu_2459_p6         |   9|          2|    22|         44|
    |ap_phi_mux_x_V_802192_phi_fu_2473_p6         |   9|          2|    22|         44|
    |ap_phi_mux_x_V_803190_phi_fu_2487_p6         |   9|          2|    22|         44|
    |ap_phi_mux_x_V_804188_phi_fu_2501_p6         |   9|          2|    22|         44|
    |ap_phi_mux_x_V_805186_phi_fu_2515_p6         |   9|          2|    22|         44|
    |ap_phi_mux_x_V_806184_phi_fu_2529_p6         |   9|          2|    22|         44|
    |ap_phi_mux_x_V_807182_phi_fu_2543_p6         |   9|          2|    22|         44|
    |ap_phi_mux_x_V_808180_phi_fu_2557_p6         |   9|          2|    22|         44|
    |ap_phi_mux_x_V_809178_phi_fu_2571_p6         |   9|          2|    22|         44|
    |ap_phi_mux_x_V_810176_phi_fu_2585_p6         |   9|          2|    22|         44|
    |ap_phi_mux_x_V_811174_phi_fu_2599_p6         |   9|          2|    22|         44|
    |ap_phi_mux_x_V_812172_phi_fu_2613_p6         |   9|          2|    22|         44|
    |ap_phi_mux_x_V_813170_phi_fu_2627_p6         |   9|          2|    22|         44|
    |ap_phi_mux_x_V_814168_phi_fu_2641_p6         |   9|          2|    22|         44|
    |ap_phi_mux_x_V_815166_phi_fu_2655_p6         |   9|          2|    22|         44|
    |ap_phi_mux_x_V_816164_phi_fu_2669_p6         |   9|          2|    22|         44|
    |ap_phi_mux_x_V_817162_phi_fu_2683_p6         |   9|          2|    22|         44|
    |ap_phi_mux_x_V_818160_phi_fu_2697_p6         |   9|          2|    22|         44|
    |ap_phi_mux_x_V_819158_phi_fu_2711_p6         |   9|          2|    22|         44|
    |ap_phi_mux_x_V_820156_phi_fu_2725_p6         |   9|          2|    22|         44|
    |ap_phi_mux_x_V_821154_phi_fu_2739_p6         |   9|          2|    22|         44|
    |ap_phi_mux_x_V_822152_phi_fu_2753_p6         |   9|          2|    22|         44|
    |ap_phi_mux_x_V_823150_phi_fu_2767_p6         |   9|          2|    22|         44|
    |ap_phi_mux_x_V_824148_phi_fu_2781_p6         |   9|          2|    22|         44|
    |ap_phi_mux_x_V_825146_phi_fu_2795_p6         |   9|          2|    22|         44|
    |ap_phi_mux_x_V_826144_phi_fu_2809_p6         |   9|          2|    22|         44|
    |ap_phi_mux_x_V_827142_phi_fu_2823_p6         |   9|          2|    22|         44|
    |ap_phi_mux_x_V_828140_phi_fu_2837_p6         |   9|          2|    22|         44|
    |ap_phi_mux_x_V_829138_phi_fu_2851_p6         |   9|          2|    22|         44|
    |ap_phi_mux_x_V_830136_phi_fu_2865_p6         |   9|          2|    22|         44|
    |ap_phi_mux_x_V_831134_phi_fu_2879_p6         |   9|          2|    22|         44|
    |ap_phi_mux_x_V_832132_phi_fu_2893_p6         |   9|          2|    22|         44|
    |ap_phi_mux_x_V_833130_phi_fu_2907_p6         |   9|          2|    22|         44|
    |ap_phi_mux_x_V_834128_phi_fu_2921_p6         |   9|          2|    22|         44|
    |ap_phi_mux_x_V_835126_phi_fu_2935_p6         |   9|          2|    22|         44|
    |ap_phi_mux_x_V_836124_phi_fu_2949_p6         |   9|          2|    22|         44|
    |ap_phi_mux_x_V_837122_phi_fu_2963_p6         |   9|          2|    22|         44|
    |ap_phi_mux_x_V_838120_phi_fu_2977_p6         |   9|          2|    22|         44|
    |ap_phi_mux_x_V_839118_phi_fu_2991_p6         |   9|          2|    22|         44|
    |ap_phi_mux_x_V_840116_phi_fu_3005_p6         |   9|          2|    22|         44|
    |ap_phi_mux_x_V_841114_phi_fu_3019_p6         |   9|          2|    22|         44|
    |ap_phi_mux_x_V_842112_phi_fu_3033_p6         |   9|          2|    22|         44|
    |ap_phi_mux_x_V_843110_phi_fu_3047_p6         |   9|          2|    22|         44|
    |ap_phi_mux_x_V_844108_phi_fu_3061_p6         |   9|          2|    22|         44|
    |ap_phi_mux_x_V_845106_phi_fu_3075_p6         |   9|          2|    22|         44|
    |ap_phi_mux_x_V_846104_phi_fu_3089_p6         |   9|          2|    22|         44|
    |ap_phi_mux_x_V_847102_phi_fu_3103_p6         |   9|          2|    22|         44|
    |ap_phi_mux_x_V_848100_phi_fu_3117_p6         |   9|          2|    22|         44|
    |ap_phi_mux_x_V_84998_phi_fu_3131_p6          |   9|          2|    22|         44|
    |ap_phi_mux_x_V_85096_phi_fu_3145_p6          |   9|          2|    22|         44|
    |ap_phi_mux_x_V_85194_phi_fu_3159_p6          |   9|          2|    22|         44|
    |ap_phi_mux_x_V_85292_phi_fu_3173_p6          |   9|          2|    22|         44|
    |ap_phi_mux_x_V_85390_phi_fu_3187_p6          |   9|          2|    22|         44|
    |ap_phi_mux_x_V_85488_phi_fu_3201_p6          |   9|          2|    22|         44|
    |ap_phi_mux_x_V_85586_phi_fu_3215_p6          |   9|          2|    22|         44|
    |ap_phi_mux_x_V_85684_phi_fu_3229_p6          |   9|          2|    22|         44|
    |ap_phi_mux_x_V_85782_phi_fu_3243_p6          |   9|          2|    22|         44|
    |ap_phi_mux_x_V_85880_phi_fu_3257_p6          |   9|          2|    22|         44|
    |ap_phi_mux_x_V_85978_phi_fu_3271_p6          |   9|          2|    22|         44|
    |ap_phi_mux_x_V_86076_phi_fu_3285_p6          |   9|          2|    22|         44|
    |ap_phi_mux_x_V_86174_phi_fu_3299_p6          |   9|          2|    22|         44|
    |ap_phi_mux_x_V_86272_phi_fu_3313_p6          |   9|          2|    22|         44|
    |ap_phi_mux_x_V_86370_phi_fu_3327_p6          |   9|          2|    22|         44|
    |ap_phi_mux_x_V_86468_phi_fu_3341_p6          |   9|          2|    22|         44|
    |ap_phi_mux_x_V_86566_phi_fu_3355_p6          |   9|          2|    22|         44|
    |ap_phi_mux_x_V_86664_phi_fu_3369_p6          |   9|          2|    22|         44|
    |ap_phi_mux_x_V_86762_phi_fu_3383_p6          |   9|          2|    22|         44|
    |ap_phi_mux_x_V_86860_phi_fu_3397_p6          |   9|          2|    22|         44|
    |ap_phi_mux_x_V_86958_phi_fu_3411_p6          |   9|          2|    22|         44|
    |ap_phi_mux_x_V_87056_phi_fu_3425_p6          |   9|          2|    22|         44|
    |ap_phi_mux_x_V_87154_phi_fu_3439_p6          |   9|          2|    22|         44|
    |ap_phi_mux_x_V_87252_phi_fu_3453_p6          |   9|          2|    22|         44|
    |ap_phi_mux_x_V_87350_phi_fu_3467_p6          |   9|          2|    22|         44|
    |ap_phi_mux_x_V_87448_phi_fu_3481_p6          |   9|          2|    22|         44|
    |ap_phi_mux_x_V_87546_phi_fu_3495_p6          |   9|          2|    22|         44|
    |ap_phi_mux_x_V_87644_phi_fu_3509_p6          |   9|          2|    22|         44|
    |ap_phi_mux_x_V_87742_phi_fu_3523_p6          |   9|          2|    22|         44|
    |ap_phi_mux_x_V_87840_phi_fu_3537_p6          |   9|          2|    22|         44|
    |ap_phi_mux_x_V_87938_phi_fu_3551_p6          |   9|          2|    22|         44|
    |ap_phi_mux_x_V_88036_phi_fu_3565_p6          |   9|          2|    22|         44|
    |ap_phi_mux_x_V_88134_phi_fu_3579_p6          |   9|          2|    22|         44|
    |ap_phi_mux_x_V_88232_phi_fu_3593_p6          |   9|          2|    22|         44|
    |ap_phi_mux_x_V_88330_phi_fu_3607_p6          |   9|          2|    22|         44|
    |ap_phi_mux_x_V_88428_phi_fu_3621_p6          |   9|          2|    22|         44|
    |ap_phi_mux_x_V_88526_phi_fu_3635_p6          |   9|          2|    22|         44|
    |ap_phi_mux_x_V_88624_phi_fu_3649_p6          |   9|          2|    22|         44|
    |ap_phi_mux_x_V_88722_phi_fu_3663_p6          |   9|          2|    22|         44|
    |ap_phi_mux_x_V_88820_phi_fu_3677_p6          |   9|          2|    22|         44|
    |ap_phi_mux_x_V_88918_phi_fu_3691_p6          |   9|          2|    22|         44|
    |ap_phi_mux_x_V_89016_phi_fu_3705_p6          |   9|          2|    22|         44|
    |ap_phi_mux_x_V_89114_phi_fu_3719_p6          |   9|          2|    22|         44|
    |ap_phi_mux_x_V_89212_phi_fu_3733_p6          |   9|          2|    22|         44|
    |ap_phi_mux_x_V_89310_phi_fu_3747_p6          |   9|          2|    22|         44|
    |ap_phi_mux_x_V_8948_phi_fu_3761_p6           |   9|          2|    22|         44|
    |ap_phi_mux_x_V_8956_phi_fu_3775_p6           |   9|          2|    22|         44|
    |ap_phi_mux_x_V_8964_phi_fu_3789_p6           |   9|          2|    22|         44|
    |ap_phi_reg_pp0_iter1_p_read391_phi_reg_1099  |   9|          2|  1024|       2048|
    |ap_return_0                                  |   9|          2|    22|         44|
    |ap_return_1                                  |   9|          2|    22|         44|
    |ap_return_10                                 |   9|          2|    22|         44|
    |ap_return_100                                |   9|          2|    22|         44|
    |ap_return_101                                |   9|          2|    22|         44|
    |ap_return_102                                |   9|          2|    22|         44|
    |ap_return_103                                |   9|          2|    22|         44|
    |ap_return_104                                |   9|          2|    22|         44|
    |ap_return_105                                |   9|          2|    22|         44|
    |ap_return_106                                |   9|          2|    22|         44|
    |ap_return_107                                |   9|          2|    22|         44|
    |ap_return_108                                |   9|          2|    22|         44|
    |ap_return_109                                |   9|          2|    22|         44|
    |ap_return_11                                 |   9|          2|    22|         44|
    |ap_return_110                                |   9|          2|    22|         44|
    |ap_return_111                                |   9|          2|    22|         44|
    |ap_return_112                                |   9|          2|    22|         44|
    |ap_return_113                                |   9|          2|    22|         44|
    |ap_return_114                                |   9|          2|    22|         44|
    |ap_return_115                                |   9|          2|    22|         44|
    |ap_return_116                                |   9|          2|    22|         44|
    |ap_return_117                                |   9|          2|    22|         44|
    |ap_return_118                                |   9|          2|    22|         44|
    |ap_return_119                                |   9|          2|    22|         44|
    |ap_return_12                                 |   9|          2|    22|         44|
    |ap_return_120                                |   9|          2|    22|         44|
    |ap_return_121                                |   9|          2|    22|         44|
    |ap_return_122                                |   9|          2|    22|         44|
    |ap_return_123                                |   9|          2|    22|         44|
    |ap_return_124                                |   9|          2|    22|         44|
    |ap_return_125                                |   9|          2|    22|         44|
    |ap_return_126                                |   9|          2|    22|         44|
    |ap_return_127                                |   9|          2|    22|         44|
    |ap_return_128                                |   9|          2|    22|         44|
    |ap_return_129                                |   9|          2|    22|         44|
    |ap_return_13                                 |   9|          2|    22|         44|
    |ap_return_130                                |   9|          2|    22|         44|
    |ap_return_131                                |   9|          2|    22|         44|
    |ap_return_132                                |   9|          2|    22|         44|
    |ap_return_133                                |   9|          2|    22|         44|
    |ap_return_134                                |   9|          2|    22|         44|
    |ap_return_135                                |   9|          2|    22|         44|
    |ap_return_136                                |   9|          2|    22|         44|
    |ap_return_137                                |   9|          2|    22|         44|
    |ap_return_138                                |   9|          2|    22|         44|
    |ap_return_139                                |   9|          2|    22|         44|
    |ap_return_14                                 |   9|          2|    22|         44|
    |ap_return_140                                |   9|          2|    22|         44|
    |ap_return_141                                |   9|          2|    22|         44|
    |ap_return_142                                |   9|          2|    22|         44|
    |ap_return_143                                |   9|          2|    22|         44|
    |ap_return_144                                |   9|          2|    22|         44|
    |ap_return_145                                |   9|          2|    22|         44|
    |ap_return_146                                |   9|          2|    22|         44|
    |ap_return_147                                |   9|          2|    22|         44|
    |ap_return_148                                |   9|          2|    22|         44|
    |ap_return_149                                |   9|          2|    22|         44|
    |ap_return_15                                 |   9|          2|    22|         44|
    |ap_return_150                                |   9|          2|    22|         44|
    |ap_return_151                                |   9|          2|    22|         44|
    |ap_return_152                                |   9|          2|    22|         44|
    |ap_return_153                                |   9|          2|    22|         44|
    |ap_return_154                                |   9|          2|    22|         44|
    |ap_return_155                                |   9|          2|    22|         44|
    |ap_return_156                                |   9|          2|    22|         44|
    |ap_return_157                                |   9|          2|    22|         44|
    |ap_return_158                                |   9|          2|    22|         44|
    |ap_return_159                                |   9|          2|    22|         44|
    |ap_return_16                                 |   9|          2|    22|         44|
    |ap_return_160                                |   9|          2|    22|         44|
    |ap_return_161                                |   9|          2|    22|         44|
    |ap_return_162                                |   9|          2|    22|         44|
    |ap_return_163                                |   9|          2|    22|         44|
    |ap_return_164                                |   9|          2|    22|         44|
    |ap_return_165                                |   9|          2|    22|         44|
    |ap_return_166                                |   9|          2|    22|         44|
    |ap_return_167                                |   9|          2|    22|         44|
    |ap_return_168                                |   9|          2|    22|         44|
    |ap_return_169                                |   9|          2|    22|         44|
    |ap_return_17                                 |   9|          2|    22|         44|
    |ap_return_170                                |   9|          2|    22|         44|
    |ap_return_171                                |   9|          2|    22|         44|
    |ap_return_172                                |   9|          2|    22|         44|
    |ap_return_173                                |   9|          2|    22|         44|
    |ap_return_174                                |   9|          2|    22|         44|
    |ap_return_175                                |   9|          2|    22|         44|
    |ap_return_176                                |   9|          2|    22|         44|
    |ap_return_177                                |   9|          2|    22|         44|
    |ap_return_178                                |   9|          2|    22|         44|
    |ap_return_179                                |   9|          2|    22|         44|
    |ap_return_18                                 |   9|          2|    22|         44|
    |ap_return_180                                |   9|          2|    22|         44|
    |ap_return_181                                |   9|          2|    22|         44|
    |ap_return_182                                |   9|          2|    22|         44|
    |ap_return_183                                |   9|          2|    22|         44|
    |ap_return_184                                |   9|          2|    22|         44|
    |ap_return_185                                |   9|          2|    22|         44|
    |ap_return_186                                |   9|          2|    22|         44|
    |ap_return_187                                |   9|          2|    22|         44|
    |ap_return_188                                |   9|          2|    22|         44|
    |ap_return_189                                |   9|          2|    22|         44|
    |ap_return_19                                 |   9|          2|    22|         44|
    |ap_return_190                                |   9|          2|    22|         44|
    |ap_return_191                                |   9|          2|    22|         44|
    |ap_return_2                                  |   9|          2|    22|         44|
    |ap_return_20                                 |   9|          2|    22|         44|
    |ap_return_21                                 |   9|          2|    22|         44|
    |ap_return_22                                 |   9|          2|    22|         44|
    |ap_return_23                                 |   9|          2|    22|         44|
    |ap_return_24                                 |   9|          2|    22|         44|
    |ap_return_25                                 |   9|          2|    22|         44|
    |ap_return_26                                 |   9|          2|    22|         44|
    |ap_return_27                                 |   9|          2|    22|         44|
    |ap_return_28                                 |   9|          2|    22|         44|
    |ap_return_29                                 |   9|          2|    22|         44|
    |ap_return_3                                  |   9|          2|    22|         44|
    |ap_return_30                                 |   9|          2|    22|         44|
    |ap_return_31                                 |   9|          2|    22|         44|
    |ap_return_32                                 |   9|          2|    22|         44|
    |ap_return_33                                 |   9|          2|    22|         44|
    |ap_return_34                                 |   9|          2|    22|         44|
    |ap_return_35                                 |   9|          2|    22|         44|
    |ap_return_36                                 |   9|          2|    22|         44|
    |ap_return_37                                 |   9|          2|    22|         44|
    |ap_return_38                                 |   9|          2|    22|         44|
    |ap_return_39                                 |   9|          2|    22|         44|
    |ap_return_4                                  |   9|          2|    22|         44|
    |ap_return_40                                 |   9|          2|    22|         44|
    |ap_return_41                                 |   9|          2|    22|         44|
    |ap_return_42                                 |   9|          2|    22|         44|
    |ap_return_43                                 |   9|          2|    22|         44|
    |ap_return_44                                 |   9|          2|    22|         44|
    |ap_return_45                                 |   9|          2|    22|         44|
    |ap_return_46                                 |   9|          2|    22|         44|
    |ap_return_47                                 |   9|          2|    22|         44|
    |ap_return_48                                 |   9|          2|    22|         44|
    |ap_return_49                                 |   9|          2|    22|         44|
    |ap_return_5                                  |   9|          2|    22|         44|
    |ap_return_50                                 |   9|          2|    22|         44|
    |ap_return_51                                 |   9|          2|    22|         44|
    |ap_return_52                                 |   9|          2|    22|         44|
    |ap_return_53                                 |   9|          2|    22|         44|
    |ap_return_54                                 |   9|          2|    22|         44|
    |ap_return_55                                 |   9|          2|    22|         44|
    |ap_return_56                                 |   9|          2|    22|         44|
    |ap_return_57                                 |   9|          2|    22|         44|
    |ap_return_58                                 |   9|          2|    22|         44|
    |ap_return_59                                 |   9|          2|    22|         44|
    |ap_return_6                                  |   9|          2|    22|         44|
    |ap_return_60                                 |   9|          2|    22|         44|
    |ap_return_61                                 |   9|          2|    22|         44|
    |ap_return_62                                 |   9|          2|    22|         44|
    |ap_return_63                                 |   9|          2|    22|         44|
    |ap_return_64                                 |   9|          2|    22|         44|
    |ap_return_65                                 |   9|          2|    22|         44|
    |ap_return_66                                 |   9|          2|    22|         44|
    |ap_return_67                                 |   9|          2|    22|         44|
    |ap_return_68                                 |   9|          2|    22|         44|
    |ap_return_69                                 |   9|          2|    22|         44|
    |ap_return_7                                  |   9|          2|    22|         44|
    |ap_return_70                                 |   9|          2|    22|         44|
    |ap_return_71                                 |   9|          2|    22|         44|
    |ap_return_72                                 |   9|          2|    22|         44|
    |ap_return_73                                 |   9|          2|    22|         44|
    |ap_return_74                                 |   9|          2|    22|         44|
    |ap_return_75                                 |   9|          2|    22|         44|
    |ap_return_76                                 |   9|          2|    22|         44|
    |ap_return_77                                 |   9|          2|    22|         44|
    |ap_return_78                                 |   9|          2|    22|         44|
    |ap_return_79                                 |   9|          2|    22|         44|
    |ap_return_8                                  |   9|          2|    22|         44|
    |ap_return_80                                 |   9|          2|    22|         44|
    |ap_return_81                                 |   9|          2|    22|         44|
    |ap_return_82                                 |   9|          2|    22|         44|
    |ap_return_83                                 |   9|          2|    22|         44|
    |ap_return_84                                 |   9|          2|    22|         44|
    |ap_return_85                                 |   9|          2|    22|         44|
    |ap_return_86                                 |   9|          2|    22|         44|
    |ap_return_87                                 |   9|          2|    22|         44|
    |ap_return_88                                 |   9|          2|    22|         44|
    |ap_return_89                                 |   9|          2|    22|         44|
    |ap_return_9                                  |   9|          2|    22|         44|
    |ap_return_90                                 |   9|          2|    22|         44|
    |ap_return_91                                 |   9|          2|    22|         44|
    |ap_return_92                                 |   9|          2|    22|         44|
    |ap_return_93                                 |   9|          2|    22|         44|
    |ap_return_94                                 |   9|          2|    22|         44|
    |ap_return_95                                 |   9|          2|    22|         44|
    |ap_return_96                                 |   9|          2|    22|         44|
    |ap_return_97                                 |   9|          2|    22|         44|
    |ap_return_98                                 |   9|          2|    22|         44|
    |ap_return_99                                 |   9|          2|    22|         44|
    |p_read391_phi_reg_1099                       |   9|          2|  1024|       2048|
    |w_index3_reg_1072                            |   9|          2|     6|         12|
    |x_V386_reg_1111                              |   9|          2|    22|         44|
    |x_V_706384_reg_1125                          |   9|          2|    22|         44|
    |x_V_707382_reg_1139                          |   9|          2|    22|         44|
    |x_V_708380_reg_1153                          |   9|          2|    22|         44|
    |x_V_709378_reg_1167                          |   9|          2|    22|         44|
    |x_V_710376_reg_1181                          |   9|          2|    22|         44|
    |x_V_711374_reg_1195                          |   9|          2|    22|         44|
    |x_V_712372_reg_1209                          |   9|          2|    22|         44|
    |x_V_713370_reg_1223                          |   9|          2|    22|         44|
    |x_V_714368_reg_1237                          |   9|          2|    22|         44|
    |x_V_715366_reg_1251                          |   9|          2|    22|         44|
    |x_V_716364_reg_1265                          |   9|          2|    22|         44|
    |x_V_717362_reg_1279                          |   9|          2|    22|         44|
    |x_V_718360_reg_1293                          |   9|          2|    22|         44|
    |x_V_719358_reg_1307                          |   9|          2|    22|         44|
    |x_V_720356_reg_1321                          |   9|          2|    22|         44|
    |x_V_721354_reg_1335                          |   9|          2|    22|         44|
    |x_V_722352_reg_1349                          |   9|          2|    22|         44|
    |x_V_723350_reg_1363                          |   9|          2|    22|         44|
    |x_V_724348_reg_1377                          |   9|          2|    22|         44|
    |x_V_725346_reg_1391                          |   9|          2|    22|         44|
    |x_V_726344_reg_1405                          |   9|          2|    22|         44|
    |x_V_727342_reg_1419                          |   9|          2|    22|         44|
    |x_V_728340_reg_1433                          |   9|          2|    22|         44|
    |x_V_729338_reg_1447                          |   9|          2|    22|         44|
    |x_V_730336_reg_1461                          |   9|          2|    22|         44|
    |x_V_731334_reg_1475                          |   9|          2|    22|         44|
    |x_V_732332_reg_1489                          |   9|          2|    22|         44|
    |x_V_733330_reg_1503                          |   9|          2|    22|         44|
    |x_V_734328_reg_1517                          |   9|          2|    22|         44|
    |x_V_735326_reg_1531                          |   9|          2|    22|         44|
    |x_V_736324_reg_1545                          |   9|          2|    22|         44|
    |x_V_737322_reg_1559                          |   9|          2|    22|         44|
    |x_V_738320_reg_1573                          |   9|          2|    22|         44|
    |x_V_739318_reg_1587                          |   9|          2|    22|         44|
    |x_V_740316_reg_1601                          |   9|          2|    22|         44|
    |x_V_741314_reg_1615                          |   9|          2|    22|         44|
    |x_V_742312_reg_1629                          |   9|          2|    22|         44|
    |x_V_743310_reg_1643                          |   9|          2|    22|         44|
    |x_V_744308_reg_1657                          |   9|          2|    22|         44|
    |x_V_745306_reg_1671                          |   9|          2|    22|         44|
    |x_V_746304_reg_1685                          |   9|          2|    22|         44|
    |x_V_747302_reg_1699                          |   9|          2|    22|         44|
    |x_V_748300_reg_1713                          |   9|          2|    22|         44|
    |x_V_749298_reg_1727                          |   9|          2|    22|         44|
    |x_V_750296_reg_1741                          |   9|          2|    22|         44|
    |x_V_751294_reg_1755                          |   9|          2|    22|         44|
    |x_V_752292_reg_1769                          |   9|          2|    22|         44|
    |x_V_753290_reg_1783                          |   9|          2|    22|         44|
    |x_V_754288_reg_1797                          |   9|          2|    22|         44|
    |x_V_755286_reg_1811                          |   9|          2|    22|         44|
    |x_V_756284_reg_1825                          |   9|          2|    22|         44|
    |x_V_757282_reg_1839                          |   9|          2|    22|         44|
    |x_V_758280_reg_1853                          |   9|          2|    22|         44|
    |x_V_759278_reg_1867                          |   9|          2|    22|         44|
    |x_V_760276_reg_1881                          |   9|          2|    22|         44|
    |x_V_761274_reg_1895                          |   9|          2|    22|         44|
    |x_V_762272_reg_1909                          |   9|          2|    22|         44|
    |x_V_763270_reg_1923                          |   9|          2|    22|         44|
    |x_V_764268_reg_1937                          |   9|          2|    22|         44|
    |x_V_765266_reg_1951                          |   9|          2|    22|         44|
    |x_V_766264_reg_1965                          |   9|          2|    22|         44|
    |x_V_767262_reg_1979                          |   9|          2|    22|         44|
    |x_V_768260_reg_1993                          |   9|          2|    22|         44|
    |x_V_769258_reg_2007                          |   9|          2|    22|         44|
    |x_V_770256_reg_2021                          |   9|          2|    22|         44|
    |x_V_771254_reg_2035                          |   9|          2|    22|         44|
    |x_V_772252_reg_2049                          |   9|          2|    22|         44|
    |x_V_773250_reg_2063                          |   9|          2|    22|         44|
    |x_V_774248_reg_2077                          |   9|          2|    22|         44|
    |x_V_775246_reg_2091                          |   9|          2|    22|         44|
    |x_V_776244_reg_2105                          |   9|          2|    22|         44|
    |x_V_777242_reg_2119                          |   9|          2|    22|         44|
    |x_V_778240_reg_2133                          |   9|          2|    22|         44|
    |x_V_779238_reg_2147                          |   9|          2|    22|         44|
    |x_V_780236_reg_2161                          |   9|          2|    22|         44|
    |x_V_781234_reg_2175                          |   9|          2|    22|         44|
    |x_V_782232_reg_2189                          |   9|          2|    22|         44|
    |x_V_783230_reg_2203                          |   9|          2|    22|         44|
    |x_V_784228_reg_2217                          |   9|          2|    22|         44|
    |x_V_785226_reg_2231                          |   9|          2|    22|         44|
    |x_V_786224_reg_2245                          |   9|          2|    22|         44|
    |x_V_787222_reg_2259                          |   9|          2|    22|         44|
    |x_V_788220_reg_2273                          |   9|          2|    22|         44|
    |x_V_789218_reg_2287                          |   9|          2|    22|         44|
    |x_V_790216_reg_2301                          |   9|          2|    22|         44|
    |x_V_791214_reg_2315                          |   9|          2|    22|         44|
    |x_V_792212_reg_2329                          |   9|          2|    22|         44|
    |x_V_793210_reg_2343                          |   9|          2|    22|         44|
    |x_V_794208_reg_2357                          |   9|          2|    22|         44|
    |x_V_795206_reg_2371                          |   9|          2|    22|         44|
    |x_V_796204_reg_2385                          |   9|          2|    22|         44|
    |x_V_797202_reg_2399                          |   9|          2|    22|         44|
    |x_V_798200_reg_2413                          |   9|          2|    22|         44|
    |x_V_799198_reg_2427                          |   9|          2|    22|         44|
    |x_V_800196_reg_2441                          |   9|          2|    22|         44|
    |x_V_801194_reg_2455                          |   9|          2|    22|         44|
    |x_V_802192_reg_2469                          |   9|          2|    22|         44|
    |x_V_803190_reg_2483                          |   9|          2|    22|         44|
    |x_V_804188_reg_2497                          |   9|          2|    22|         44|
    |x_V_805186_reg_2511                          |   9|          2|    22|         44|
    |x_V_806184_reg_2525                          |   9|          2|    22|         44|
    |x_V_807182_reg_2539                          |   9|          2|    22|         44|
    |x_V_808180_reg_2553                          |   9|          2|    22|         44|
    |x_V_809178_reg_2567                          |   9|          2|    22|         44|
    |x_V_810176_reg_2581                          |   9|          2|    22|         44|
    |x_V_811174_reg_2595                          |   9|          2|    22|         44|
    |x_V_812172_reg_2609                          |   9|          2|    22|         44|
    |x_V_813170_reg_2623                          |   9|          2|    22|         44|
    |x_V_814168_reg_2637                          |   9|          2|    22|         44|
    |x_V_815166_reg_2651                          |   9|          2|    22|         44|
    |x_V_816164_reg_2665                          |   9|          2|    22|         44|
    |x_V_817162_reg_2679                          |   9|          2|    22|         44|
    |x_V_818160_reg_2693                          |   9|          2|    22|         44|
    |x_V_819158_reg_2707                          |   9|          2|    22|         44|
    |x_V_820156_reg_2721                          |   9|          2|    22|         44|
    |x_V_821154_reg_2735                          |   9|          2|    22|         44|
    |x_V_822152_reg_2749                          |   9|          2|    22|         44|
    |x_V_823150_reg_2763                          |   9|          2|    22|         44|
    |x_V_824148_reg_2777                          |   9|          2|    22|         44|
    |x_V_825146_reg_2791                          |   9|          2|    22|         44|
    |x_V_826144_reg_2805                          |   9|          2|    22|         44|
    |x_V_827142_reg_2819                          |   9|          2|    22|         44|
    |x_V_828140_reg_2833                          |   9|          2|    22|         44|
    |x_V_829138_reg_2847                          |   9|          2|    22|         44|
    |x_V_830136_reg_2861                          |   9|          2|    22|         44|
    |x_V_831134_reg_2875                          |   9|          2|    22|         44|
    |x_V_832132_reg_2889                          |   9|          2|    22|         44|
    |x_V_833130_reg_2903                          |   9|          2|    22|         44|
    |x_V_834128_reg_2917                          |   9|          2|    22|         44|
    |x_V_835126_reg_2931                          |   9|          2|    22|         44|
    |x_V_836124_reg_2945                          |   9|          2|    22|         44|
    |x_V_837122_reg_2959                          |   9|          2|    22|         44|
    |x_V_838120_reg_2973                          |   9|          2|    22|         44|
    |x_V_839118_reg_2987                          |   9|          2|    22|         44|
    |x_V_840116_reg_3001                          |   9|          2|    22|         44|
    |x_V_841114_reg_3015                          |   9|          2|    22|         44|
    |x_V_842112_reg_3029                          |   9|          2|    22|         44|
    |x_V_843110_reg_3043                          |   9|          2|    22|         44|
    |x_V_844108_reg_3057                          |   9|          2|    22|         44|
    |x_V_845106_reg_3071                          |   9|          2|    22|         44|
    |x_V_846104_reg_3085                          |   9|          2|    22|         44|
    |x_V_847102_reg_3099                          |   9|          2|    22|         44|
    |x_V_848100_reg_3113                          |   9|          2|    22|         44|
    |x_V_84998_reg_3127                           |   9|          2|    22|         44|
    |x_V_85096_reg_3141                           |   9|          2|    22|         44|
    |x_V_85194_reg_3155                           |   9|          2|    22|         44|
    |x_V_85292_reg_3169                           |   9|          2|    22|         44|
    |x_V_85390_reg_3183                           |   9|          2|    22|         44|
    |x_V_85488_reg_3197                           |   9|          2|    22|         44|
    |x_V_85586_reg_3211                           |   9|          2|    22|         44|
    |x_V_85684_reg_3225                           |   9|          2|    22|         44|
    |x_V_85782_reg_3239                           |   9|          2|    22|         44|
    |x_V_85880_reg_3253                           |   9|          2|    22|         44|
    |x_V_85978_reg_3267                           |   9|          2|    22|         44|
    |x_V_86076_reg_3281                           |   9|          2|    22|         44|
    |x_V_86174_reg_3295                           |   9|          2|    22|         44|
    |x_V_86272_reg_3309                           |   9|          2|    22|         44|
    |x_V_86370_reg_3323                           |   9|          2|    22|         44|
    |x_V_86468_reg_3337                           |   9|          2|    22|         44|
    |x_V_86566_reg_3351                           |   9|          2|    22|         44|
    |x_V_86664_reg_3365                           |   9|          2|    22|         44|
    |x_V_86762_reg_3379                           |   9|          2|    22|         44|
    |x_V_86860_reg_3393                           |   9|          2|    22|         44|
    |x_V_86958_reg_3407                           |   9|          2|    22|         44|
    |x_V_87056_reg_3421                           |   9|          2|    22|         44|
    |x_V_87154_reg_3435                           |   9|          2|    22|         44|
    |x_V_87252_reg_3449                           |   9|          2|    22|         44|
    |x_V_87350_reg_3463                           |   9|          2|    22|         44|
    |x_V_87448_reg_3477                           |   9|          2|    22|         44|
    |x_V_87546_reg_3491                           |   9|          2|    22|         44|
    |x_V_87644_reg_3505                           |   9|          2|    22|         44|
    |x_V_87742_reg_3519                           |   9|          2|    22|         44|
    |x_V_87840_reg_3533                           |   9|          2|    22|         44|
    |x_V_87938_reg_3547                           |   9|          2|    22|         44|
    |x_V_88036_reg_3561                           |   9|          2|    22|         44|
    |x_V_88134_reg_3575                           |   9|          2|    22|         44|
    |x_V_88232_reg_3589                           |   9|          2|    22|         44|
    |x_V_88330_reg_3603                           |   9|          2|    22|         44|
    |x_V_88428_reg_3617                           |   9|          2|    22|         44|
    |x_V_88526_reg_3631                           |   9|          2|    22|         44|
    |x_V_88624_reg_3645                           |   9|          2|    22|         44|
    |x_V_88722_reg_3659                           |   9|          2|    22|         44|
    |x_V_88820_reg_3673                           |   9|          2|    22|         44|
    |x_V_88918_reg_3687                           |   9|          2|    22|         44|
    |x_V_89016_reg_3701                           |   9|          2|    22|         44|
    |x_V_89114_reg_3715                           |   9|          2|    22|         44|
    |x_V_89212_reg_3729                           |   9|          2|    22|         44|
    |x_V_89310_reg_3743                           |   9|          2|    22|         44|
    |x_V_8948_reg_3757                            |   9|          2|    22|         44|
    |x_V_8956_reg_3771                            |   9|          2|    22|         44|
    |x_V_8964_reg_3785                            |   9|          2|    22|         44|
    +---------------------------------------------+----+-----------+------+-----------+
    |Total                                        |5266|       1170| 15759|      31525|
    +---------------------------------------------+----+-----------+------+-----------+

    * Register: 
    +---------------------------------------------+------+----+------+-----------+
    |                     Name                    |  FF  | LUT| Bits | Const Bits|
    +---------------------------------------------+------+----+------+-----------+
    |ap_CS_fsm                                    |     1|   0|     1|          0|
    |ap_done_reg                                  |     1|   0|     1|          0|
    |ap_enable_reg_pp0_iter1                      |     1|   0|     1|          0|
    |ap_enable_reg_pp0_iter2                      |     1|   0|     1|          0|
    |ap_enable_reg_pp0_iter3                      |     1|   0|     1|          0|
    |ap_enable_reg_pp0_iter4                      |     1|   0|     1|          0|
    |ap_loop_exit_ready_pp0_iter1_reg             |     1|   0|     1|          0|
    |ap_loop_exit_ready_pp0_iter2_reg             |     1|   0|     1|          0|
    |ap_loop_exit_ready_pp0_iter3_reg             |     1|   0|     1|          0|
    |ap_loop_exit_ready_pp0_iter4_reg             |     1|   0|     1|          0|
    |ap_loop_init_pp0_iter1_reg                   |     1|   0|     1|          0|
    |ap_loop_init_pp0_iter2_reg                   |     1|   0|     1|          0|
    |ap_loop_init_pp0_iter3_reg                   |     1|   0|     1|          0|
    |ap_loop_init_pp0_iter4_reg                   |     1|   0|     1|          0|
    |ap_phi_reg_pp0_iter1_p_read391_phi_reg_1099  |  1024|   0|  1024|          0|
    |ap_return_0_preg                             |    22|   0|    22|          0|
    |ap_return_100_preg                           |    22|   0|    22|          0|
    |ap_return_101_preg                           |    22|   0|    22|          0|
    |ap_return_102_preg                           |    22|   0|    22|          0|
    |ap_return_103_preg                           |    22|   0|    22|          0|
    |ap_return_104_preg                           |    22|   0|    22|          0|
    |ap_return_105_preg                           |    22|   0|    22|          0|
    |ap_return_106_preg                           |    22|   0|    22|          0|
    |ap_return_107_preg                           |    22|   0|    22|          0|
    |ap_return_108_preg                           |    22|   0|    22|          0|
    |ap_return_109_preg                           |    22|   0|    22|          0|
    |ap_return_10_preg                            |    22|   0|    22|          0|
    |ap_return_110_preg                           |    22|   0|    22|          0|
    |ap_return_111_preg                           |    22|   0|    22|          0|
    |ap_return_112_preg                           |    22|   0|    22|          0|
    |ap_return_113_preg                           |    22|   0|    22|          0|
    |ap_return_114_preg                           |    22|   0|    22|          0|
    |ap_return_115_preg                           |    22|   0|    22|          0|
    |ap_return_116_preg                           |    22|   0|    22|          0|
    |ap_return_117_preg                           |    22|   0|    22|          0|
    |ap_return_118_preg                           |    22|   0|    22|          0|
    |ap_return_119_preg                           |    22|   0|    22|          0|
    |ap_return_11_preg                            |    22|   0|    22|          0|
    |ap_return_120_preg                           |    22|   0|    22|          0|
    |ap_return_121_preg                           |    22|   0|    22|          0|
    |ap_return_122_preg                           |    22|   0|    22|          0|
    |ap_return_123_preg                           |    22|   0|    22|          0|
    |ap_return_124_preg                           |    22|   0|    22|          0|
    |ap_return_125_preg                           |    22|   0|    22|          0|
    |ap_return_126_preg                           |    22|   0|    22|          0|
    |ap_return_127_preg                           |    22|   0|    22|          0|
    |ap_return_128_preg                           |    22|   0|    22|          0|
    |ap_return_129_preg                           |    22|   0|    22|          0|
    |ap_return_12_preg                            |    22|   0|    22|          0|
    |ap_return_130_preg                           |    22|   0|    22|          0|
    |ap_return_131_preg                           |    22|   0|    22|          0|
    |ap_return_132_preg                           |    22|   0|    22|          0|
    |ap_return_133_preg                           |    22|   0|    22|          0|
    |ap_return_134_preg                           |    22|   0|    22|          0|
    |ap_return_135_preg                           |    22|   0|    22|          0|
    |ap_return_136_preg                           |    22|   0|    22|          0|
    |ap_return_137_preg                           |    22|   0|    22|          0|
    |ap_return_138_preg                           |    22|   0|    22|          0|
    |ap_return_139_preg                           |    22|   0|    22|          0|
    |ap_return_13_preg                            |    22|   0|    22|          0|
    |ap_return_140_preg                           |    22|   0|    22|          0|
    |ap_return_141_preg                           |    22|   0|    22|          0|
    |ap_return_142_preg                           |    22|   0|    22|          0|
    |ap_return_143_preg                           |    22|   0|    22|          0|
    |ap_return_144_preg                           |    22|   0|    22|          0|
    |ap_return_145_preg                           |    22|   0|    22|          0|
    |ap_return_146_preg                           |    22|   0|    22|          0|
    |ap_return_147_preg                           |    22|   0|    22|          0|
    |ap_return_148_preg                           |    22|   0|    22|          0|
    |ap_return_149_preg                           |    22|   0|    22|          0|
    |ap_return_14_preg                            |    22|   0|    22|          0|
    |ap_return_150_preg                           |    22|   0|    22|          0|
    |ap_return_151_preg                           |    22|   0|    22|          0|
    |ap_return_152_preg                           |    22|   0|    22|          0|
    |ap_return_153_preg                           |    22|   0|    22|          0|
    |ap_return_154_preg                           |    22|   0|    22|          0|
    |ap_return_155_preg                           |    22|   0|    22|          0|
    |ap_return_156_preg                           |    22|   0|    22|          0|
    |ap_return_157_preg                           |    22|   0|    22|          0|
    |ap_return_158_preg                           |    22|   0|    22|          0|
    |ap_return_159_preg                           |    22|   0|    22|          0|
    |ap_return_15_preg                            |    22|   0|    22|          0|
    |ap_return_160_preg                           |    22|   0|    22|          0|
    |ap_return_161_preg                           |    22|   0|    22|          0|
    |ap_return_162_preg                           |    22|   0|    22|          0|
    |ap_return_163_preg                           |    22|   0|    22|          0|
    |ap_return_164_preg                           |    22|   0|    22|          0|
    |ap_return_165_preg                           |    22|   0|    22|          0|
    |ap_return_166_preg                           |    22|   0|    22|          0|
    |ap_return_167_preg                           |    22|   0|    22|          0|
    |ap_return_168_preg                           |    22|   0|    22|          0|
    |ap_return_169_preg                           |    22|   0|    22|          0|
    |ap_return_16_preg                            |    22|   0|    22|          0|
    |ap_return_170_preg                           |    22|   0|    22|          0|
    |ap_return_171_preg                           |    22|   0|    22|          0|
    |ap_return_172_preg                           |    22|   0|    22|          0|
    |ap_return_173_preg                           |    22|   0|    22|          0|
    |ap_return_174_preg                           |    22|   0|    22|          0|
    |ap_return_175_preg                           |    22|   0|    22|          0|
    |ap_return_176_preg                           |    22|   0|    22|          0|
    |ap_return_177_preg                           |    22|   0|    22|          0|
    |ap_return_178_preg                           |    22|   0|    22|          0|
    |ap_return_179_preg                           |    22|   0|    22|          0|
    |ap_return_17_preg                            |    22|   0|    22|          0|
    |ap_return_180_preg                           |    22|   0|    22|          0|
    |ap_return_181_preg                           |    22|   0|    22|          0|
    |ap_return_182_preg                           |    22|   0|    22|          0|
    |ap_return_183_preg                           |    22|   0|    22|          0|
    |ap_return_184_preg                           |    22|   0|    22|          0|
    |ap_return_185_preg                           |    22|   0|    22|          0|
    |ap_return_186_preg                           |    22|   0|    22|          0|
    |ap_return_187_preg                           |    22|   0|    22|          0|
    |ap_return_188_preg                           |    22|   0|    22|          0|
    |ap_return_189_preg                           |    22|   0|    22|          0|
    |ap_return_18_preg                            |    22|   0|    22|          0|
    |ap_return_190_preg                           |    22|   0|    22|          0|
    |ap_return_191_preg                           |    22|   0|    22|          0|
    |ap_return_19_preg                            |    22|   0|    22|          0|
    |ap_return_1_preg                             |    22|   0|    22|          0|
    |ap_return_20_preg                            |    22|   0|    22|          0|
    |ap_return_21_preg                            |    22|   0|    22|          0|
    |ap_return_22_preg                            |    22|   0|    22|          0|
    |ap_return_23_preg                            |    22|   0|    22|          0|
    |ap_return_24_preg                            |    22|   0|    22|          0|
    |ap_return_25_preg                            |    22|   0|    22|          0|
    |ap_return_26_preg                            |    22|   0|    22|          0|
    |ap_return_27_preg                            |    22|   0|    22|          0|
    |ap_return_28_preg                            |    22|   0|    22|          0|
    |ap_return_29_preg                            |    22|   0|    22|          0|
    |ap_return_2_preg                             |    22|   0|    22|          0|
    |ap_return_30_preg                            |    22|   0|    22|          0|
    |ap_return_31_preg                            |    22|   0|    22|          0|
    |ap_return_32_preg                            |    22|   0|    22|          0|
    |ap_return_33_preg                            |    22|   0|    22|          0|
    |ap_return_34_preg                            |    22|   0|    22|          0|
    |ap_return_35_preg                            |    22|   0|    22|          0|
    |ap_return_36_preg                            |    22|   0|    22|          0|
    |ap_return_37_preg                            |    22|   0|    22|          0|
    |ap_return_38_preg                            |    22|   0|    22|          0|
    |ap_return_39_preg                            |    22|   0|    22|          0|
    |ap_return_3_preg                             |    22|   0|    22|          0|
    |ap_return_40_preg                            |    22|   0|    22|          0|
    |ap_return_41_preg                            |    22|   0|    22|          0|
    |ap_return_42_preg                            |    22|   0|    22|          0|
    |ap_return_43_preg                            |    22|   0|    22|          0|
    |ap_return_44_preg                            |    22|   0|    22|          0|
    |ap_return_45_preg                            |    22|   0|    22|          0|
    |ap_return_46_preg                            |    22|   0|    22|          0|
    |ap_return_47_preg                            |    22|   0|    22|          0|
    |ap_return_48_preg                            |    22|   0|    22|          0|
    |ap_return_49_preg                            |    22|   0|    22|          0|
    |ap_return_4_preg                             |    22|   0|    22|          0|
    |ap_return_50_preg                            |    22|   0|    22|          0|
    |ap_return_51_preg                            |    22|   0|    22|          0|
    |ap_return_52_preg                            |    22|   0|    22|          0|
    |ap_return_53_preg                            |    22|   0|    22|          0|
    |ap_return_54_preg                            |    22|   0|    22|          0|
    |ap_return_55_preg                            |    22|   0|    22|          0|
    |ap_return_56_preg                            |    22|   0|    22|          0|
    |ap_return_57_preg                            |    22|   0|    22|          0|
    |ap_return_58_preg                            |    22|   0|    22|          0|
    |ap_return_59_preg                            |    22|   0|    22|          0|
    |ap_return_5_preg                             |    22|   0|    22|          0|
    |ap_return_60_preg                            |    22|   0|    22|          0|
    |ap_return_61_preg                            |    22|   0|    22|          0|
    |ap_return_62_preg                            |    22|   0|    22|          0|
    |ap_return_63_preg                            |    22|   0|    22|          0|
    |ap_return_64_preg                            |    22|   0|    22|          0|
    |ap_return_65_preg                            |    22|   0|    22|          0|
    |ap_return_66_preg                            |    22|   0|    22|          0|
    |ap_return_67_preg                            |    22|   0|    22|          0|
    |ap_return_68_preg                            |    22|   0|    22|          0|
    |ap_return_69_preg                            |    22|   0|    22|          0|
    |ap_return_6_preg                             |    22|   0|    22|          0|
    |ap_return_70_preg                            |    22|   0|    22|          0|
    |ap_return_71_preg                            |    22|   0|    22|          0|
    |ap_return_72_preg                            |    22|   0|    22|          0|
    |ap_return_73_preg                            |    22|   0|    22|          0|
    |ap_return_74_preg                            |    22|   0|    22|          0|
    |ap_return_75_preg                            |    22|   0|    22|          0|
    |ap_return_76_preg                            |    22|   0|    22|          0|
    |ap_return_77_preg                            |    22|   0|    22|          0|
    |ap_return_78_preg                            |    22|   0|    22|          0|
    |ap_return_79_preg                            |    22|   0|    22|          0|
    |ap_return_7_preg                             |    22|   0|    22|          0|
    |ap_return_80_preg                            |    22|   0|    22|          0|
    |ap_return_81_preg                            |    22|   0|    22|          0|
    |ap_return_82_preg                            |    22|   0|    22|          0|
    |ap_return_83_preg                            |    22|   0|    22|          0|
    |ap_return_84_preg                            |    22|   0|    22|          0|
    |ap_return_85_preg                            |    22|   0|    22|          0|
    |ap_return_86_preg                            |    22|   0|    22|          0|
    |ap_return_87_preg                            |    22|   0|    22|          0|
    |ap_return_88_preg                            |    22|   0|    22|          0|
    |ap_return_89_preg                            |    22|   0|    22|          0|
    |ap_return_8_preg                             |    22|   0|    22|          0|
    |ap_return_90_preg                            |    22|   0|    22|          0|
    |ap_return_91_preg                            |    22|   0|    22|          0|
    |ap_return_92_preg                            |    22|   0|    22|          0|
    |ap_return_93_preg                            |    22|   0|    22|          0|
    |ap_return_94_preg                            |    22|   0|    22|          0|
    |ap_return_95_preg                            |    22|   0|    22|          0|
    |ap_return_96_preg                            |    22|   0|    22|          0|
    |ap_return_97_preg                            |    22|   0|    22|          0|
    |ap_return_98_preg                            |    22|   0|    22|          0|
    |ap_return_99_preg                            |    22|   0|    22|          0|
    |ap_return_9_preg                             |    22|   0|    22|          0|
    |do_init_reg_1057                             |     1|   0|     1|          0|
    |icmp_ln43_reg_12695                          |     1|   0|     1|          0|
    |p_read391_phi_reg_1099                       |  1024|   0|  1024|          0|
    |shl_ln_reg_12680                             |     6|   0|    10|          4|
    |w_index3_reg_1072                            |     6|   0|     6|          0|
    |w_index_reg_12690                            |     6|   0|     6|          0|
    |x_V386_reg_1111                              |    22|   0|    22|          0|
    |x_V_706384_reg_1125                          |    22|   0|    22|          0|
    |x_V_707382_reg_1139                          |    22|   0|    22|          0|
    |x_V_708380_reg_1153                          |    22|   0|    22|          0|
    |x_V_709378_reg_1167                          |    22|   0|    22|          0|
    |x_V_710376_reg_1181                          |    22|   0|    22|          0|
    |x_V_711374_reg_1195                          |    22|   0|    22|          0|
    |x_V_712372_reg_1209                          |    22|   0|    22|          0|
    |x_V_713370_reg_1223                          |    22|   0|    22|          0|
    |x_V_714368_reg_1237                          |    22|   0|    22|          0|
    |x_V_715366_reg_1251                          |    22|   0|    22|          0|
    |x_V_716364_reg_1265                          |    22|   0|    22|          0|
    |x_V_717362_reg_1279                          |    22|   0|    22|          0|
    |x_V_718360_reg_1293                          |    22|   0|    22|          0|
    |x_V_719358_reg_1307                          |    22|   0|    22|          0|
    |x_V_720356_reg_1321                          |    22|   0|    22|          0|
    |x_V_721354_reg_1335                          |    22|   0|    22|          0|
    |x_V_722352_reg_1349                          |    22|   0|    22|          0|
    |x_V_723350_reg_1363                          |    22|   0|    22|          0|
    |x_V_724348_reg_1377                          |    22|   0|    22|          0|
    |x_V_725346_reg_1391                          |    22|   0|    22|          0|
    |x_V_726344_reg_1405                          |    22|   0|    22|          0|
    |x_V_727342_reg_1419                          |    22|   0|    22|          0|
    |x_V_728340_reg_1433                          |    22|   0|    22|          0|
    |x_V_729338_reg_1447                          |    22|   0|    22|          0|
    |x_V_730336_reg_1461                          |    22|   0|    22|          0|
    |x_V_731334_reg_1475                          |    22|   0|    22|          0|
    |x_V_732332_reg_1489                          |    22|   0|    22|          0|
    |x_V_733330_reg_1503                          |    22|   0|    22|          0|
    |x_V_734328_reg_1517                          |    22|   0|    22|          0|
    |x_V_735326_reg_1531                          |    22|   0|    22|          0|
    |x_V_736324_reg_1545                          |    22|   0|    22|          0|
    |x_V_737322_reg_1559                          |    22|   0|    22|          0|
    |x_V_738320_reg_1573                          |    22|   0|    22|          0|
    |x_V_739318_reg_1587                          |    22|   0|    22|          0|
    |x_V_740316_reg_1601                          |    22|   0|    22|          0|
    |x_V_741314_reg_1615                          |    22|   0|    22|          0|
    |x_V_742312_reg_1629                          |    22|   0|    22|          0|
    |x_V_743310_reg_1643                          |    22|   0|    22|          0|
    |x_V_744308_reg_1657                          |    22|   0|    22|          0|
    |x_V_745306_reg_1671                          |    22|   0|    22|          0|
    |x_V_746304_reg_1685                          |    22|   0|    22|          0|
    |x_V_747302_reg_1699                          |    22|   0|    22|          0|
    |x_V_748300_reg_1713                          |    22|   0|    22|          0|
    |x_V_749298_reg_1727                          |    22|   0|    22|          0|
    |x_V_750296_reg_1741                          |    22|   0|    22|          0|
    |x_V_751294_reg_1755                          |    22|   0|    22|          0|
    |x_V_752292_reg_1769                          |    22|   0|    22|          0|
    |x_V_753290_reg_1783                          |    22|   0|    22|          0|
    |x_V_754288_reg_1797                          |    22|   0|    22|          0|
    |x_V_755286_reg_1811                          |    22|   0|    22|          0|
    |x_V_756284_reg_1825                          |    22|   0|    22|          0|
    |x_V_757282_reg_1839                          |    22|   0|    22|          0|
    |x_V_758280_reg_1853                          |    22|   0|    22|          0|
    |x_V_759278_reg_1867                          |    22|   0|    22|          0|
    |x_V_760276_reg_1881                          |    22|   0|    22|          0|
    |x_V_761274_reg_1895                          |    22|   0|    22|          0|
    |x_V_762272_reg_1909                          |    22|   0|    22|          0|
    |x_V_763270_reg_1923                          |    22|   0|    22|          0|
    |x_V_764268_reg_1937                          |    22|   0|    22|          0|
    |x_V_765266_reg_1951                          |    22|   0|    22|          0|
    |x_V_766264_reg_1965                          |    22|   0|    22|          0|
    |x_V_767262_reg_1979                          |    22|   0|    22|          0|
    |x_V_768260_reg_1993                          |    22|   0|    22|          0|
    |x_V_769258_reg_2007                          |    22|   0|    22|          0|
    |x_V_770256_reg_2021                          |    22|   0|    22|          0|
    |x_V_771254_reg_2035                          |    22|   0|    22|          0|
    |x_V_772252_reg_2049                          |    22|   0|    22|          0|
    |x_V_773250_reg_2063                          |    22|   0|    22|          0|
    |x_V_774248_reg_2077                          |    22|   0|    22|          0|
    |x_V_775246_reg_2091                          |    22|   0|    22|          0|
    |x_V_776244_reg_2105                          |    22|   0|    22|          0|
    |x_V_777242_reg_2119                          |    22|   0|    22|          0|
    |x_V_778240_reg_2133                          |    22|   0|    22|          0|
    |x_V_779238_reg_2147                          |    22|   0|    22|          0|
    |x_V_780236_reg_2161                          |    22|   0|    22|          0|
    |x_V_781234_reg_2175                          |    22|   0|    22|          0|
    |x_V_782232_reg_2189                          |    22|   0|    22|          0|
    |x_V_783230_reg_2203                          |    22|   0|    22|          0|
    |x_V_784228_reg_2217                          |    22|   0|    22|          0|
    |x_V_785226_reg_2231                          |    22|   0|    22|          0|
    |x_V_786224_reg_2245                          |    22|   0|    22|          0|
    |x_V_787222_reg_2259                          |    22|   0|    22|          0|
    |x_V_788220_reg_2273                          |    22|   0|    22|          0|
    |x_V_789218_reg_2287                          |    22|   0|    22|          0|
    |x_V_790216_reg_2301                          |    22|   0|    22|          0|
    |x_V_791214_reg_2315                          |    22|   0|    22|          0|
    |x_V_792212_reg_2329                          |    22|   0|    22|          0|
    |x_V_793210_reg_2343                          |    22|   0|    22|          0|
    |x_V_794208_reg_2357                          |    22|   0|    22|          0|
    |x_V_795206_reg_2371                          |    22|   0|    22|          0|
    |x_V_796204_reg_2385                          |    22|   0|    22|          0|
    |x_V_797202_reg_2399                          |    22|   0|    22|          0|
    |x_V_798200_reg_2413                          |    22|   0|    22|          0|
    |x_V_799198_reg_2427                          |    22|   0|    22|          0|
    |x_V_800196_reg_2441                          |    22|   0|    22|          0|
    |x_V_801194_reg_2455                          |    22|   0|    22|          0|
    |x_V_802192_reg_2469                          |    22|   0|    22|          0|
    |x_V_803190_reg_2483                          |    22|   0|    22|          0|
    |x_V_804188_reg_2497                          |    22|   0|    22|          0|
    |x_V_805186_reg_2511                          |    22|   0|    22|          0|
    |x_V_806184_reg_2525                          |    22|   0|    22|          0|
    |x_V_807182_reg_2539                          |    22|   0|    22|          0|
    |x_V_808180_reg_2553                          |    22|   0|    22|          0|
    |x_V_809178_reg_2567                          |    22|   0|    22|          0|
    |x_V_810176_reg_2581                          |    22|   0|    22|          0|
    |x_V_811174_reg_2595                          |    22|   0|    22|          0|
    |x_V_812172_reg_2609                          |    22|   0|    22|          0|
    |x_V_813170_reg_2623                          |    22|   0|    22|          0|
    |x_V_814168_reg_2637                          |    22|   0|    22|          0|
    |x_V_815166_reg_2651                          |    22|   0|    22|          0|
    |x_V_816164_reg_2665                          |    22|   0|    22|          0|
    |x_V_817162_reg_2679                          |    22|   0|    22|          0|
    |x_V_818160_reg_2693                          |    22|   0|    22|          0|
    |x_V_819158_reg_2707                          |    22|   0|    22|          0|
    |x_V_820156_reg_2721                          |    22|   0|    22|          0|
    |x_V_821154_reg_2735                          |    22|   0|    22|          0|
    |x_V_822152_reg_2749                          |    22|   0|    22|          0|
    |x_V_823150_reg_2763                          |    22|   0|    22|          0|
    |x_V_824148_reg_2777                          |    22|   0|    22|          0|
    |x_V_825146_reg_2791                          |    22|   0|    22|          0|
    |x_V_826144_reg_2805                          |    22|   0|    22|          0|
    |x_V_827142_reg_2819                          |    22|   0|    22|          0|
    |x_V_828140_reg_2833                          |    22|   0|    22|          0|
    |x_V_829138_reg_2847                          |    22|   0|    22|          0|
    |x_V_830136_reg_2861                          |    22|   0|    22|          0|
    |x_V_831134_reg_2875                          |    22|   0|    22|          0|
    |x_V_832132_reg_2889                          |    22|   0|    22|          0|
    |x_V_833130_reg_2903                          |    22|   0|    22|          0|
    |x_V_834128_reg_2917                          |    22|   0|    22|          0|
    |x_V_835126_reg_2931                          |    22|   0|    22|          0|
    |x_V_836124_reg_2945                          |    22|   0|    22|          0|
    |x_V_837122_reg_2959                          |    22|   0|    22|          0|
    |x_V_838120_reg_2973                          |    22|   0|    22|          0|
    |x_V_839118_reg_2987                          |    22|   0|    22|          0|
    |x_V_840116_reg_3001                          |    22|   0|    22|          0|
    |x_V_841114_reg_3015                          |    22|   0|    22|          0|
    |x_V_842112_reg_3029                          |    22|   0|    22|          0|
    |x_V_843110_reg_3043                          |    22|   0|    22|          0|
    |x_V_844108_reg_3057                          |    22|   0|    22|          0|
    |x_V_845106_reg_3071                          |    22|   0|    22|          0|
    |x_V_846104_reg_3085                          |    22|   0|    22|          0|
    |x_V_847102_reg_3099                          |    22|   0|    22|          0|
    |x_V_848100_reg_3113                          |    22|   0|    22|          0|
    |x_V_84998_reg_3127                           |    22|   0|    22|          0|
    |x_V_85096_reg_3141                           |    22|   0|    22|          0|
    |x_V_85194_reg_3155                           |    22|   0|    22|          0|
    |x_V_85292_reg_3169                           |    22|   0|    22|          0|
    |x_V_85390_reg_3183                           |    22|   0|    22|          0|
    |x_V_85488_reg_3197                           |    22|   0|    22|          0|
    |x_V_85586_reg_3211                           |    22|   0|    22|          0|
    |x_V_85684_reg_3225                           |    22|   0|    22|          0|
    |x_V_85782_reg_3239                           |    22|   0|    22|          0|
    |x_V_85880_reg_3253                           |    22|   0|    22|          0|
    |x_V_85978_reg_3267                           |    22|   0|    22|          0|
    |x_V_86076_reg_3281                           |    22|   0|    22|          0|
    |x_V_86174_reg_3295                           |    22|   0|    22|          0|
    |x_V_86272_reg_3309                           |    22|   0|    22|          0|
    |x_V_86370_reg_3323                           |    22|   0|    22|          0|
    |x_V_86468_reg_3337                           |    22|   0|    22|          0|
    |x_V_86566_reg_3351                           |    22|   0|    22|          0|
    |x_V_86664_reg_3365                           |    22|   0|    22|          0|
    |x_V_86762_reg_3379                           |    22|   0|    22|          0|
    |x_V_86860_reg_3393                           |    22|   0|    22|          0|
    |x_V_86958_reg_3407                           |    22|   0|    22|          0|
    |x_V_87056_reg_3421                           |    22|   0|    22|          0|
    |x_V_87154_reg_3435                           |    22|   0|    22|          0|
    |x_V_87252_reg_3449                           |    22|   0|    22|          0|
    |x_V_87350_reg_3463                           |    22|   0|    22|          0|
    |x_V_87448_reg_3477                           |    22|   0|    22|          0|
    |x_V_87546_reg_3491                           |    22|   0|    22|          0|
    |x_V_87644_reg_3505                           |    22|   0|    22|          0|
    |x_V_87742_reg_3519                           |    22|   0|    22|          0|
    |x_V_87840_reg_3533                           |    22|   0|    22|          0|
    |x_V_87938_reg_3547                           |    22|   0|    22|          0|
    |x_V_88036_reg_3561                           |    22|   0|    22|          0|
    |x_V_88134_reg_3575                           |    22|   0|    22|          0|
    |x_V_88232_reg_3589                           |    22|   0|    22|          0|
    |x_V_88330_reg_3603                           |    22|   0|    22|          0|
    |x_V_88428_reg_3617                           |    22|   0|    22|          0|
    |x_V_88526_reg_3631                           |    22|   0|    22|          0|
    |x_V_88624_reg_3645                           |    22|   0|    22|          0|
    |x_V_88722_reg_3659                           |    22|   0|    22|          0|
    |x_V_88820_reg_3673                           |    22|   0|    22|          0|
    |x_V_88918_reg_3687                           |    22|   0|    22|          0|
    |x_V_89016_reg_3701                           |    22|   0|    22|          0|
    |x_V_89114_reg_3715                           |    22|   0|    22|          0|
    |x_V_89212_reg_3729                           |    22|   0|    22|          0|
    |x_V_89310_reg_3743                           |    22|   0|    22|          0|
    |x_V_8948_reg_3757                            |    22|   0|    22|          0|
    |x_V_8956_reg_3771                            |    22|   0|    22|          0|
    |x_V_8964_reg_3785                            |    22|   0|    22|          0|
    |icmp_ln43_reg_12695                          |    64|  32|     1|          0|
    +---------------------------------------------+------+----+------+-----------+
    |Total                                        | 10594|  32| 10535|          4|
    +---------------------------------------------+------+----+------+-----------+



================================================================
== Interface
================================================================
* Summary: 
+---------------+-----+------+------------+---------------------------------------------------------------------------------+--------------+
|   RTL Ports   | Dir | Bits |  Protocol  |                                  Source Object                                  |    C Type    |
+---------------+-----+------+------------+---------------------------------------------------------------------------------+--------------+
|ap_clk         |   in|     1|  ap_ctrl_hs|  dense_resource<ap_fixed<16, 6, 5, 3, 0>, ap_fixed<22, 11, 5, 3, 0>, config10_1>|  return value|
|ap_rst         |   in|     1|  ap_ctrl_hs|  dense_resource<ap_fixed<16, 6, 5, 3, 0>, ap_fixed<22, 11, 5, 3, 0>, config10_1>|  return value|
|ap_start       |   in|     1|  ap_ctrl_hs|  dense_resource<ap_fixed<16, 6, 5, 3, 0>, ap_fixed<22, 11, 5, 3, 0>, config10_1>|  return value|
|ap_done        |  out|     1|  ap_ctrl_hs|  dense_resource<ap_fixed<16, 6, 5, 3, 0>, ap_fixed<22, 11, 5, 3, 0>, config10_1>|  return value|
|ap_idle        |  out|     1|  ap_ctrl_hs|  dense_resource<ap_fixed<16, 6, 5, 3, 0>, ap_fixed<22, 11, 5, 3, 0>, config10_1>|  return value|
|ap_ready       |  out|     1|  ap_ctrl_hs|  dense_resource<ap_fixed<16, 6, 5, 3, 0>, ap_fixed<22, 11, 5, 3, 0>, config10_1>|  return value|
|ap_return_0    |  out|    22|  ap_ctrl_hs|  dense_resource<ap_fixed<16, 6, 5, 3, 0>, ap_fixed<22, 11, 5, 3, 0>, config10_1>|  return value|
|ap_return_1    |  out|    22|  ap_ctrl_hs|  dense_resource<ap_fixed<16, 6, 5, 3, 0>, ap_fixed<22, 11, 5, 3, 0>, config10_1>|  return value|
|ap_return_2    |  out|    22|  ap_ctrl_hs|  dense_resource<ap_fixed<16, 6, 5, 3, 0>, ap_fixed<22, 11, 5, 3, 0>, config10_1>|  return value|
|ap_return_3    |  out|    22|  ap_ctrl_hs|  dense_resource<ap_fixed<16, 6, 5, 3, 0>, ap_fixed<22, 11, 5, 3, 0>, config10_1>|  return value|
|ap_return_4    |  out|    22|  ap_ctrl_hs|  dense_resource<ap_fixed<16, 6, 5, 3, 0>, ap_fixed<22, 11, 5, 3, 0>, config10_1>|  return value|
|ap_return_5    |  out|    22|  ap_ctrl_hs|  dense_resource<ap_fixed<16, 6, 5, 3, 0>, ap_fixed<22, 11, 5, 3, 0>, config10_1>|  return value|
|ap_return_6    |  out|    22|  ap_ctrl_hs|  dense_resource<ap_fixed<16, 6, 5, 3, 0>, ap_fixed<22, 11, 5, 3, 0>, config10_1>|  return value|
|ap_return_7    |  out|    22|  ap_ctrl_hs|  dense_resource<ap_fixed<16, 6, 5, 3, 0>, ap_fixed<22, 11, 5, 3, 0>, config10_1>|  return value|
|ap_return_8    |  out|    22|  ap_ctrl_hs|  dense_resource<ap_fixed<16, 6, 5, 3, 0>, ap_fixed<22, 11, 5, 3, 0>, config10_1>|  return value|
|ap_return_9    |  out|    22|  ap_ctrl_hs|  dense_resource<ap_fixed<16, 6, 5, 3, 0>, ap_fixed<22, 11, 5, 3, 0>, config10_1>|  return value|
|ap_return_10   |  out|    22|  ap_ctrl_hs|  dense_resource<ap_fixed<16, 6, 5, 3, 0>, ap_fixed<22, 11, 5, 3, 0>, config10_1>|  return value|
|ap_return_11   |  out|    22|  ap_ctrl_hs|  dense_resource<ap_fixed<16, 6, 5, 3, 0>, ap_fixed<22, 11, 5, 3, 0>, config10_1>|  return value|
|ap_return_12   |  out|    22|  ap_ctrl_hs|  dense_resource<ap_fixed<16, 6, 5, 3, 0>, ap_fixed<22, 11, 5, 3, 0>, config10_1>|  return value|
|ap_return_13   |  out|    22|  ap_ctrl_hs|  dense_resource<ap_fixed<16, 6, 5, 3, 0>, ap_fixed<22, 11, 5, 3, 0>, config10_1>|  return value|
|ap_return_14   |  out|    22|  ap_ctrl_hs|  dense_resource<ap_fixed<16, 6, 5, 3, 0>, ap_fixed<22, 11, 5, 3, 0>, config10_1>|  return value|
|ap_return_15   |  out|    22|  ap_ctrl_hs|  dense_resource<ap_fixed<16, 6, 5, 3, 0>, ap_fixed<22, 11, 5, 3, 0>, config10_1>|  return value|
|ap_return_16   |  out|    22|  ap_ctrl_hs|  dense_resource<ap_fixed<16, 6, 5, 3, 0>, ap_fixed<22, 11, 5, 3, 0>, config10_1>|  return value|
|ap_return_17   |  out|    22|  ap_ctrl_hs|  dense_resource<ap_fixed<16, 6, 5, 3, 0>, ap_fixed<22, 11, 5, 3, 0>, config10_1>|  return value|
|ap_return_18   |  out|    22|  ap_ctrl_hs|  dense_resource<ap_fixed<16, 6, 5, 3, 0>, ap_fixed<22, 11, 5, 3, 0>, config10_1>|  return value|
|ap_return_19   |  out|    22|  ap_ctrl_hs|  dense_resource<ap_fixed<16, 6, 5, 3, 0>, ap_fixed<22, 11, 5, 3, 0>, config10_1>|  return value|
|ap_return_20   |  out|    22|  ap_ctrl_hs|  dense_resource<ap_fixed<16, 6, 5, 3, 0>, ap_fixed<22, 11, 5, 3, 0>, config10_1>|  return value|
|ap_return_21   |  out|    22|  ap_ctrl_hs|  dense_resource<ap_fixed<16, 6, 5, 3, 0>, ap_fixed<22, 11, 5, 3, 0>, config10_1>|  return value|
|ap_return_22   |  out|    22|  ap_ctrl_hs|  dense_resource<ap_fixed<16, 6, 5, 3, 0>, ap_fixed<22, 11, 5, 3, 0>, config10_1>|  return value|
|ap_return_23   |  out|    22|  ap_ctrl_hs|  dense_resource<ap_fixed<16, 6, 5, 3, 0>, ap_fixed<22, 11, 5, 3, 0>, config10_1>|  return value|
|ap_return_24   |  out|    22|  ap_ctrl_hs|  dense_resource<ap_fixed<16, 6, 5, 3, 0>, ap_fixed<22, 11, 5, 3, 0>, config10_1>|  return value|
|ap_return_25   |  out|    22|  ap_ctrl_hs|  dense_resource<ap_fixed<16, 6, 5, 3, 0>, ap_fixed<22, 11, 5, 3, 0>, config10_1>|  return value|
|ap_return_26   |  out|    22|  ap_ctrl_hs|  dense_resource<ap_fixed<16, 6, 5, 3, 0>, ap_fixed<22, 11, 5, 3, 0>, config10_1>|  return value|
|ap_return_27   |  out|    22|  ap_ctrl_hs|  dense_resource<ap_fixed<16, 6, 5, 3, 0>, ap_fixed<22, 11, 5, 3, 0>, config10_1>|  return value|
|ap_return_28   |  out|    22|  ap_ctrl_hs|  dense_resource<ap_fixed<16, 6, 5, 3, 0>, ap_fixed<22, 11, 5, 3, 0>, config10_1>|  return value|
|ap_return_29   |  out|    22|  ap_ctrl_hs|  dense_resource<ap_fixed<16, 6, 5, 3, 0>, ap_fixed<22, 11, 5, 3, 0>, config10_1>|  return value|
|ap_return_30   |  out|    22|  ap_ctrl_hs|  dense_resource<ap_fixed<16, 6, 5, 3, 0>, ap_fixed<22, 11, 5, 3, 0>, config10_1>|  return value|
|ap_return_31   |  out|    22|  ap_ctrl_hs|  dense_resource<ap_fixed<16, 6, 5, 3, 0>, ap_fixed<22, 11, 5, 3, 0>, config10_1>|  return value|
|ap_return_32   |  out|    22|  ap_ctrl_hs|  dense_resource<ap_fixed<16, 6, 5, 3, 0>, ap_fixed<22, 11, 5, 3, 0>, config10_1>|  return value|
|ap_return_33   |  out|    22|  ap_ctrl_hs|  dense_resource<ap_fixed<16, 6, 5, 3, 0>, ap_fixed<22, 11, 5, 3, 0>, config10_1>|  return value|
|ap_return_34   |  out|    22|  ap_ctrl_hs|  dense_resource<ap_fixed<16, 6, 5, 3, 0>, ap_fixed<22, 11, 5, 3, 0>, config10_1>|  return value|
|ap_return_35   |  out|    22|  ap_ctrl_hs|  dense_resource<ap_fixed<16, 6, 5, 3, 0>, ap_fixed<22, 11, 5, 3, 0>, config10_1>|  return value|
|ap_return_36   |  out|    22|  ap_ctrl_hs|  dense_resource<ap_fixed<16, 6, 5, 3, 0>, ap_fixed<22, 11, 5, 3, 0>, config10_1>|  return value|
|ap_return_37   |  out|    22|  ap_ctrl_hs|  dense_resource<ap_fixed<16, 6, 5, 3, 0>, ap_fixed<22, 11, 5, 3, 0>, config10_1>|  return value|
|ap_return_38   |  out|    22|  ap_ctrl_hs|  dense_resource<ap_fixed<16, 6, 5, 3, 0>, ap_fixed<22, 11, 5, 3, 0>, config10_1>|  return value|
|ap_return_39   |  out|    22|  ap_ctrl_hs|  dense_resource<ap_fixed<16, 6, 5, 3, 0>, ap_fixed<22, 11, 5, 3, 0>, config10_1>|  return value|
|ap_return_40   |  out|    22|  ap_ctrl_hs|  dense_resource<ap_fixed<16, 6, 5, 3, 0>, ap_fixed<22, 11, 5, 3, 0>, config10_1>|  return value|
|ap_return_41   |  out|    22|  ap_ctrl_hs|  dense_resource<ap_fixed<16, 6, 5, 3, 0>, ap_fixed<22, 11, 5, 3, 0>, config10_1>|  return value|
|ap_return_42   |  out|    22|  ap_ctrl_hs|  dense_resource<ap_fixed<16, 6, 5, 3, 0>, ap_fixed<22, 11, 5, 3, 0>, config10_1>|  return value|
|ap_return_43   |  out|    22|  ap_ctrl_hs|  dense_resource<ap_fixed<16, 6, 5, 3, 0>, ap_fixed<22, 11, 5, 3, 0>, config10_1>|  return value|
|ap_return_44   |  out|    22|  ap_ctrl_hs|  dense_resource<ap_fixed<16, 6, 5, 3, 0>, ap_fixed<22, 11, 5, 3, 0>, config10_1>|  return value|
|ap_return_45   |  out|    22|  ap_ctrl_hs|  dense_resource<ap_fixed<16, 6, 5, 3, 0>, ap_fixed<22, 11, 5, 3, 0>, config10_1>|  return value|
|ap_return_46   |  out|    22|  ap_ctrl_hs|  dense_resource<ap_fixed<16, 6, 5, 3, 0>, ap_fixed<22, 11, 5, 3, 0>, config10_1>|  return value|
|ap_return_47   |  out|    22|  ap_ctrl_hs|  dense_resource<ap_fixed<16, 6, 5, 3, 0>, ap_fixed<22, 11, 5, 3, 0>, config10_1>|  return value|
|ap_return_48   |  out|    22|  ap_ctrl_hs|  dense_resource<ap_fixed<16, 6, 5, 3, 0>, ap_fixed<22, 11, 5, 3, 0>, config10_1>|  return value|
|ap_return_49   |  out|    22|  ap_ctrl_hs|  dense_resource<ap_fixed<16, 6, 5, 3, 0>, ap_fixed<22, 11, 5, 3, 0>, config10_1>|  return value|
|ap_return_50   |  out|    22|  ap_ctrl_hs|  dense_resource<ap_fixed<16, 6, 5, 3, 0>, ap_fixed<22, 11, 5, 3, 0>, config10_1>|  return value|
|ap_return_51   |  out|    22|  ap_ctrl_hs|  dense_resource<ap_fixed<16, 6, 5, 3, 0>, ap_fixed<22, 11, 5, 3, 0>, config10_1>|  return value|
|ap_return_52   |  out|    22|  ap_ctrl_hs|  dense_resource<ap_fixed<16, 6, 5, 3, 0>, ap_fixed<22, 11, 5, 3, 0>, config10_1>|  return value|
|ap_return_53   |  out|    22|  ap_ctrl_hs|  dense_resource<ap_fixed<16, 6, 5, 3, 0>, ap_fixed<22, 11, 5, 3, 0>, config10_1>|  return value|
|ap_return_54   |  out|    22|  ap_ctrl_hs|  dense_resource<ap_fixed<16, 6, 5, 3, 0>, ap_fixed<22, 11, 5, 3, 0>, config10_1>|  return value|
|ap_return_55   |  out|    22|  ap_ctrl_hs|  dense_resource<ap_fixed<16, 6, 5, 3, 0>, ap_fixed<22, 11, 5, 3, 0>, config10_1>|  return value|
|ap_return_56   |  out|    22|  ap_ctrl_hs|  dense_resource<ap_fixed<16, 6, 5, 3, 0>, ap_fixed<22, 11, 5, 3, 0>, config10_1>|  return value|
|ap_return_57   |  out|    22|  ap_ctrl_hs|  dense_resource<ap_fixed<16, 6, 5, 3, 0>, ap_fixed<22, 11, 5, 3, 0>, config10_1>|  return value|
|ap_return_58   |  out|    22|  ap_ctrl_hs|  dense_resource<ap_fixed<16, 6, 5, 3, 0>, ap_fixed<22, 11, 5, 3, 0>, config10_1>|  return value|
|ap_return_59   |  out|    22|  ap_ctrl_hs|  dense_resource<ap_fixed<16, 6, 5, 3, 0>, ap_fixed<22, 11, 5, 3, 0>, config10_1>|  return value|
|ap_return_60   |  out|    22|  ap_ctrl_hs|  dense_resource<ap_fixed<16, 6, 5, 3, 0>, ap_fixed<22, 11, 5, 3, 0>, config10_1>|  return value|
|ap_return_61   |  out|    22|  ap_ctrl_hs|  dense_resource<ap_fixed<16, 6, 5, 3, 0>, ap_fixed<22, 11, 5, 3, 0>, config10_1>|  return value|
|ap_return_62   |  out|    22|  ap_ctrl_hs|  dense_resource<ap_fixed<16, 6, 5, 3, 0>, ap_fixed<22, 11, 5, 3, 0>, config10_1>|  return value|
|ap_return_63   |  out|    22|  ap_ctrl_hs|  dense_resource<ap_fixed<16, 6, 5, 3, 0>, ap_fixed<22, 11, 5, 3, 0>, config10_1>|  return value|
|ap_return_64   |  out|    22|  ap_ctrl_hs|  dense_resource<ap_fixed<16, 6, 5, 3, 0>, ap_fixed<22, 11, 5, 3, 0>, config10_1>|  return value|
|ap_return_65   |  out|    22|  ap_ctrl_hs|  dense_resource<ap_fixed<16, 6, 5, 3, 0>, ap_fixed<22, 11, 5, 3, 0>, config10_1>|  return value|
|ap_return_66   |  out|    22|  ap_ctrl_hs|  dense_resource<ap_fixed<16, 6, 5, 3, 0>, ap_fixed<22, 11, 5, 3, 0>, config10_1>|  return value|
|ap_return_67   |  out|    22|  ap_ctrl_hs|  dense_resource<ap_fixed<16, 6, 5, 3, 0>, ap_fixed<22, 11, 5, 3, 0>, config10_1>|  return value|
|ap_return_68   |  out|    22|  ap_ctrl_hs|  dense_resource<ap_fixed<16, 6, 5, 3, 0>, ap_fixed<22, 11, 5, 3, 0>, config10_1>|  return value|
|ap_return_69   |  out|    22|  ap_ctrl_hs|  dense_resource<ap_fixed<16, 6, 5, 3, 0>, ap_fixed<22, 11, 5, 3, 0>, config10_1>|  return value|
|ap_return_70   |  out|    22|  ap_ctrl_hs|  dense_resource<ap_fixed<16, 6, 5, 3, 0>, ap_fixed<22, 11, 5, 3, 0>, config10_1>|  return value|
|ap_return_71   |  out|    22|  ap_ctrl_hs|  dense_resource<ap_fixed<16, 6, 5, 3, 0>, ap_fixed<22, 11, 5, 3, 0>, config10_1>|  return value|
|ap_return_72   |  out|    22|  ap_ctrl_hs|  dense_resource<ap_fixed<16, 6, 5, 3, 0>, ap_fixed<22, 11, 5, 3, 0>, config10_1>|  return value|
|ap_return_73   |  out|    22|  ap_ctrl_hs|  dense_resource<ap_fixed<16, 6, 5, 3, 0>, ap_fixed<22, 11, 5, 3, 0>, config10_1>|  return value|
|ap_return_74   |  out|    22|  ap_ctrl_hs|  dense_resource<ap_fixed<16, 6, 5, 3, 0>, ap_fixed<22, 11, 5, 3, 0>, config10_1>|  return value|
|ap_return_75   |  out|    22|  ap_ctrl_hs|  dense_resource<ap_fixed<16, 6, 5, 3, 0>, ap_fixed<22, 11, 5, 3, 0>, config10_1>|  return value|
|ap_return_76   |  out|    22|  ap_ctrl_hs|  dense_resource<ap_fixed<16, 6, 5, 3, 0>, ap_fixed<22, 11, 5, 3, 0>, config10_1>|  return value|
|ap_return_77   |  out|    22|  ap_ctrl_hs|  dense_resource<ap_fixed<16, 6, 5, 3, 0>, ap_fixed<22, 11, 5, 3, 0>, config10_1>|  return value|
|ap_return_78   |  out|    22|  ap_ctrl_hs|  dense_resource<ap_fixed<16, 6, 5, 3, 0>, ap_fixed<22, 11, 5, 3, 0>, config10_1>|  return value|
|ap_return_79   |  out|    22|  ap_ctrl_hs|  dense_resource<ap_fixed<16, 6, 5, 3, 0>, ap_fixed<22, 11, 5, 3, 0>, config10_1>|  return value|
|ap_return_80   |  out|    22|  ap_ctrl_hs|  dense_resource<ap_fixed<16, 6, 5, 3, 0>, ap_fixed<22, 11, 5, 3, 0>, config10_1>|  return value|
|ap_return_81   |  out|    22|  ap_ctrl_hs|  dense_resource<ap_fixed<16, 6, 5, 3, 0>, ap_fixed<22, 11, 5, 3, 0>, config10_1>|  return value|
|ap_return_82   |  out|    22|  ap_ctrl_hs|  dense_resource<ap_fixed<16, 6, 5, 3, 0>, ap_fixed<22, 11, 5, 3, 0>, config10_1>|  return value|
|ap_return_83   |  out|    22|  ap_ctrl_hs|  dense_resource<ap_fixed<16, 6, 5, 3, 0>, ap_fixed<22, 11, 5, 3, 0>, config10_1>|  return value|
|ap_return_84   |  out|    22|  ap_ctrl_hs|  dense_resource<ap_fixed<16, 6, 5, 3, 0>, ap_fixed<22, 11, 5, 3, 0>, config10_1>|  return value|
|ap_return_85   |  out|    22|  ap_ctrl_hs|  dense_resource<ap_fixed<16, 6, 5, 3, 0>, ap_fixed<22, 11, 5, 3, 0>, config10_1>|  return value|
|ap_return_86   |  out|    22|  ap_ctrl_hs|  dense_resource<ap_fixed<16, 6, 5, 3, 0>, ap_fixed<22, 11, 5, 3, 0>, config10_1>|  return value|
|ap_return_87   |  out|    22|  ap_ctrl_hs|  dense_resource<ap_fixed<16, 6, 5, 3, 0>, ap_fixed<22, 11, 5, 3, 0>, config10_1>|  return value|
|ap_return_88   |  out|    22|  ap_ctrl_hs|  dense_resource<ap_fixed<16, 6, 5, 3, 0>, ap_fixed<22, 11, 5, 3, 0>, config10_1>|  return value|
|ap_return_89   |  out|    22|  ap_ctrl_hs|  dense_resource<ap_fixed<16, 6, 5, 3, 0>, ap_fixed<22, 11, 5, 3, 0>, config10_1>|  return value|
|ap_return_90   |  out|    22|  ap_ctrl_hs|  dense_resource<ap_fixed<16, 6, 5, 3, 0>, ap_fixed<22, 11, 5, 3, 0>, config10_1>|  return value|
|ap_return_91   |  out|    22|  ap_ctrl_hs|  dense_resource<ap_fixed<16, 6, 5, 3, 0>, ap_fixed<22, 11, 5, 3, 0>, config10_1>|  return value|
|ap_return_92   |  out|    22|  ap_ctrl_hs|  dense_resource<ap_fixed<16, 6, 5, 3, 0>, ap_fixed<22, 11, 5, 3, 0>, config10_1>|  return value|
|ap_return_93   |  out|    22|  ap_ctrl_hs|  dense_resource<ap_fixed<16, 6, 5, 3, 0>, ap_fixed<22, 11, 5, 3, 0>, config10_1>|  return value|
|ap_return_94   |  out|    22|  ap_ctrl_hs|  dense_resource<ap_fixed<16, 6, 5, 3, 0>, ap_fixed<22, 11, 5, 3, 0>, config10_1>|  return value|
|ap_return_95   |  out|    22|  ap_ctrl_hs|  dense_resource<ap_fixed<16, 6, 5, 3, 0>, ap_fixed<22, 11, 5, 3, 0>, config10_1>|  return value|
|ap_return_96   |  out|    22|  ap_ctrl_hs|  dense_resource<ap_fixed<16, 6, 5, 3, 0>, ap_fixed<22, 11, 5, 3, 0>, config10_1>|  return value|
|ap_return_97   |  out|    22|  ap_ctrl_hs|  dense_resource<ap_fixed<16, 6, 5, 3, 0>, ap_fixed<22, 11, 5, 3, 0>, config10_1>|  return value|
|ap_return_98   |  out|    22|  ap_ctrl_hs|  dense_resource<ap_fixed<16, 6, 5, 3, 0>, ap_fixed<22, 11, 5, 3, 0>, config10_1>|  return value|
|ap_return_99   |  out|    22|  ap_ctrl_hs|  dense_resource<ap_fixed<16, 6, 5, 3, 0>, ap_fixed<22, 11, 5, 3, 0>, config10_1>|  return value|
|ap_return_100  |  out|    22|  ap_ctrl_hs|  dense_resource<ap_fixed<16, 6, 5, 3, 0>, ap_fixed<22, 11, 5, 3, 0>, config10_1>|  return value|
|ap_return_101  |  out|    22|  ap_ctrl_hs|  dense_resource<ap_fixed<16, 6, 5, 3, 0>, ap_fixed<22, 11, 5, 3, 0>, config10_1>|  return value|
|ap_return_102  |  out|    22|  ap_ctrl_hs|  dense_resource<ap_fixed<16, 6, 5, 3, 0>, ap_fixed<22, 11, 5, 3, 0>, config10_1>|  return value|
|ap_return_103  |  out|    22|  ap_ctrl_hs|  dense_resource<ap_fixed<16, 6, 5, 3, 0>, ap_fixed<22, 11, 5, 3, 0>, config10_1>|  return value|
|ap_return_104  |  out|    22|  ap_ctrl_hs|  dense_resource<ap_fixed<16, 6, 5, 3, 0>, ap_fixed<22, 11, 5, 3, 0>, config10_1>|  return value|
|ap_return_105  |  out|    22|  ap_ctrl_hs|  dense_resource<ap_fixed<16, 6, 5, 3, 0>, ap_fixed<22, 11, 5, 3, 0>, config10_1>|  return value|
|ap_return_106  |  out|    22|  ap_ctrl_hs|  dense_resource<ap_fixed<16, 6, 5, 3, 0>, ap_fixed<22, 11, 5, 3, 0>, config10_1>|  return value|
|ap_return_107  |  out|    22|  ap_ctrl_hs|  dense_resource<ap_fixed<16, 6, 5, 3, 0>, ap_fixed<22, 11, 5, 3, 0>, config10_1>|  return value|
|ap_return_108  |  out|    22|  ap_ctrl_hs|  dense_resource<ap_fixed<16, 6, 5, 3, 0>, ap_fixed<22, 11, 5, 3, 0>, config10_1>|  return value|
|ap_return_109  |  out|    22|  ap_ctrl_hs|  dense_resource<ap_fixed<16, 6, 5, 3, 0>, ap_fixed<22, 11, 5, 3, 0>, config10_1>|  return value|
|ap_return_110  |  out|    22|  ap_ctrl_hs|  dense_resource<ap_fixed<16, 6, 5, 3, 0>, ap_fixed<22, 11, 5, 3, 0>, config10_1>|  return value|
|ap_return_111  |  out|    22|  ap_ctrl_hs|  dense_resource<ap_fixed<16, 6, 5, 3, 0>, ap_fixed<22, 11, 5, 3, 0>, config10_1>|  return value|
|ap_return_112  |  out|    22|  ap_ctrl_hs|  dense_resource<ap_fixed<16, 6, 5, 3, 0>, ap_fixed<22, 11, 5, 3, 0>, config10_1>|  return value|
|ap_return_113  |  out|    22|  ap_ctrl_hs|  dense_resource<ap_fixed<16, 6, 5, 3, 0>, ap_fixed<22, 11, 5, 3, 0>, config10_1>|  return value|
|ap_return_114  |  out|    22|  ap_ctrl_hs|  dense_resource<ap_fixed<16, 6, 5, 3, 0>, ap_fixed<22, 11, 5, 3, 0>, config10_1>|  return value|
|ap_return_115  |  out|    22|  ap_ctrl_hs|  dense_resource<ap_fixed<16, 6, 5, 3, 0>, ap_fixed<22, 11, 5, 3, 0>, config10_1>|  return value|
|ap_return_116  |  out|    22|  ap_ctrl_hs|  dense_resource<ap_fixed<16, 6, 5, 3, 0>, ap_fixed<22, 11, 5, 3, 0>, config10_1>|  return value|
|ap_return_117  |  out|    22|  ap_ctrl_hs|  dense_resource<ap_fixed<16, 6, 5, 3, 0>, ap_fixed<22, 11, 5, 3, 0>, config10_1>|  return value|
|ap_return_118  |  out|    22|  ap_ctrl_hs|  dense_resource<ap_fixed<16, 6, 5, 3, 0>, ap_fixed<22, 11, 5, 3, 0>, config10_1>|  return value|
|ap_return_119  |  out|    22|  ap_ctrl_hs|  dense_resource<ap_fixed<16, 6, 5, 3, 0>, ap_fixed<22, 11, 5, 3, 0>, config10_1>|  return value|
|ap_return_120  |  out|    22|  ap_ctrl_hs|  dense_resource<ap_fixed<16, 6, 5, 3, 0>, ap_fixed<22, 11, 5, 3, 0>, config10_1>|  return value|
|ap_return_121  |  out|    22|  ap_ctrl_hs|  dense_resource<ap_fixed<16, 6, 5, 3, 0>, ap_fixed<22, 11, 5, 3, 0>, config10_1>|  return value|
|ap_return_122  |  out|    22|  ap_ctrl_hs|  dense_resource<ap_fixed<16, 6, 5, 3, 0>, ap_fixed<22, 11, 5, 3, 0>, config10_1>|  return value|
|ap_return_123  |  out|    22|  ap_ctrl_hs|  dense_resource<ap_fixed<16, 6, 5, 3, 0>, ap_fixed<22, 11, 5, 3, 0>, config10_1>|  return value|
|ap_return_124  |  out|    22|  ap_ctrl_hs|  dense_resource<ap_fixed<16, 6, 5, 3, 0>, ap_fixed<22, 11, 5, 3, 0>, config10_1>|  return value|
|ap_return_125  |  out|    22|  ap_ctrl_hs|  dense_resource<ap_fixed<16, 6, 5, 3, 0>, ap_fixed<22, 11, 5, 3, 0>, config10_1>|  return value|
|ap_return_126  |  out|    22|  ap_ctrl_hs|  dense_resource<ap_fixed<16, 6, 5, 3, 0>, ap_fixed<22, 11, 5, 3, 0>, config10_1>|  return value|
|ap_return_127  |  out|    22|  ap_ctrl_hs|  dense_resource<ap_fixed<16, 6, 5, 3, 0>, ap_fixed<22, 11, 5, 3, 0>, config10_1>|  return value|
|ap_return_128  |  out|    22|  ap_ctrl_hs|  dense_resource<ap_fixed<16, 6, 5, 3, 0>, ap_fixed<22, 11, 5, 3, 0>, config10_1>|  return value|
|ap_return_129  |  out|    22|  ap_ctrl_hs|  dense_resource<ap_fixed<16, 6, 5, 3, 0>, ap_fixed<22, 11, 5, 3, 0>, config10_1>|  return value|
|ap_return_130  |  out|    22|  ap_ctrl_hs|  dense_resource<ap_fixed<16, 6, 5, 3, 0>, ap_fixed<22, 11, 5, 3, 0>, config10_1>|  return value|
|ap_return_131  |  out|    22|  ap_ctrl_hs|  dense_resource<ap_fixed<16, 6, 5, 3, 0>, ap_fixed<22, 11, 5, 3, 0>, config10_1>|  return value|
|ap_return_132  |  out|    22|  ap_ctrl_hs|  dense_resource<ap_fixed<16, 6, 5, 3, 0>, ap_fixed<22, 11, 5, 3, 0>, config10_1>|  return value|
|ap_return_133  |  out|    22|  ap_ctrl_hs|  dense_resource<ap_fixed<16, 6, 5, 3, 0>, ap_fixed<22, 11, 5, 3, 0>, config10_1>|  return value|
|ap_return_134  |  out|    22|  ap_ctrl_hs|  dense_resource<ap_fixed<16, 6, 5, 3, 0>, ap_fixed<22, 11, 5, 3, 0>, config10_1>|  return value|
|ap_return_135  |  out|    22|  ap_ctrl_hs|  dense_resource<ap_fixed<16, 6, 5, 3, 0>, ap_fixed<22, 11, 5, 3, 0>, config10_1>|  return value|
|ap_return_136  |  out|    22|  ap_ctrl_hs|  dense_resource<ap_fixed<16, 6, 5, 3, 0>, ap_fixed<22, 11, 5, 3, 0>, config10_1>|  return value|
|ap_return_137  |  out|    22|  ap_ctrl_hs|  dense_resource<ap_fixed<16, 6, 5, 3, 0>, ap_fixed<22, 11, 5, 3, 0>, config10_1>|  return value|
|ap_return_138  |  out|    22|  ap_ctrl_hs|  dense_resource<ap_fixed<16, 6, 5, 3, 0>, ap_fixed<22, 11, 5, 3, 0>, config10_1>|  return value|
|ap_return_139  |  out|    22|  ap_ctrl_hs|  dense_resource<ap_fixed<16, 6, 5, 3, 0>, ap_fixed<22, 11, 5, 3, 0>, config10_1>|  return value|
|ap_return_140  |  out|    22|  ap_ctrl_hs|  dense_resource<ap_fixed<16, 6, 5, 3, 0>, ap_fixed<22, 11, 5, 3, 0>, config10_1>|  return value|
|ap_return_141  |  out|    22|  ap_ctrl_hs|  dense_resource<ap_fixed<16, 6, 5, 3, 0>, ap_fixed<22, 11, 5, 3, 0>, config10_1>|  return value|
|ap_return_142  |  out|    22|  ap_ctrl_hs|  dense_resource<ap_fixed<16, 6, 5, 3, 0>, ap_fixed<22, 11, 5, 3, 0>, config10_1>|  return value|
|ap_return_143  |  out|    22|  ap_ctrl_hs|  dense_resource<ap_fixed<16, 6, 5, 3, 0>, ap_fixed<22, 11, 5, 3, 0>, config10_1>|  return value|
|ap_return_144  |  out|    22|  ap_ctrl_hs|  dense_resource<ap_fixed<16, 6, 5, 3, 0>, ap_fixed<22, 11, 5, 3, 0>, config10_1>|  return value|
|ap_return_145  |  out|    22|  ap_ctrl_hs|  dense_resource<ap_fixed<16, 6, 5, 3, 0>, ap_fixed<22, 11, 5, 3, 0>, config10_1>|  return value|
|ap_return_146  |  out|    22|  ap_ctrl_hs|  dense_resource<ap_fixed<16, 6, 5, 3, 0>, ap_fixed<22, 11, 5, 3, 0>, config10_1>|  return value|
|ap_return_147  |  out|    22|  ap_ctrl_hs|  dense_resource<ap_fixed<16, 6, 5, 3, 0>, ap_fixed<22, 11, 5, 3, 0>, config10_1>|  return value|
|ap_return_148  |  out|    22|  ap_ctrl_hs|  dense_resource<ap_fixed<16, 6, 5, 3, 0>, ap_fixed<22, 11, 5, 3, 0>, config10_1>|  return value|
|ap_return_149  |  out|    22|  ap_ctrl_hs|  dense_resource<ap_fixed<16, 6, 5, 3, 0>, ap_fixed<22, 11, 5, 3, 0>, config10_1>|  return value|
|ap_return_150  |  out|    22|  ap_ctrl_hs|  dense_resource<ap_fixed<16, 6, 5, 3, 0>, ap_fixed<22, 11, 5, 3, 0>, config10_1>|  return value|
|ap_return_151  |  out|    22|  ap_ctrl_hs|  dense_resource<ap_fixed<16, 6, 5, 3, 0>, ap_fixed<22, 11, 5, 3, 0>, config10_1>|  return value|
|ap_return_152  |  out|    22|  ap_ctrl_hs|  dense_resource<ap_fixed<16, 6, 5, 3, 0>, ap_fixed<22, 11, 5, 3, 0>, config10_1>|  return value|
|ap_return_153  |  out|    22|  ap_ctrl_hs|  dense_resource<ap_fixed<16, 6, 5, 3, 0>, ap_fixed<22, 11, 5, 3, 0>, config10_1>|  return value|
|ap_return_154  |  out|    22|  ap_ctrl_hs|  dense_resource<ap_fixed<16, 6, 5, 3, 0>, ap_fixed<22, 11, 5, 3, 0>, config10_1>|  return value|
|ap_return_155  |  out|    22|  ap_ctrl_hs|  dense_resource<ap_fixed<16, 6, 5, 3, 0>, ap_fixed<22, 11, 5, 3, 0>, config10_1>|  return value|
|ap_return_156  |  out|    22|  ap_ctrl_hs|  dense_resource<ap_fixed<16, 6, 5, 3, 0>, ap_fixed<22, 11, 5, 3, 0>, config10_1>|  return value|
|ap_return_157  |  out|    22|  ap_ctrl_hs|  dense_resource<ap_fixed<16, 6, 5, 3, 0>, ap_fixed<22, 11, 5, 3, 0>, config10_1>|  return value|
|ap_return_158  |  out|    22|  ap_ctrl_hs|  dense_resource<ap_fixed<16, 6, 5, 3, 0>, ap_fixed<22, 11, 5, 3, 0>, config10_1>|  return value|
|ap_return_159  |  out|    22|  ap_ctrl_hs|  dense_resource<ap_fixed<16, 6, 5, 3, 0>, ap_fixed<22, 11, 5, 3, 0>, config10_1>|  return value|
|ap_return_160  |  out|    22|  ap_ctrl_hs|  dense_resource<ap_fixed<16, 6, 5, 3, 0>, ap_fixed<22, 11, 5, 3, 0>, config10_1>|  return value|
|ap_return_161  |  out|    22|  ap_ctrl_hs|  dense_resource<ap_fixed<16, 6, 5, 3, 0>, ap_fixed<22, 11, 5, 3, 0>, config10_1>|  return value|
|ap_return_162  |  out|    22|  ap_ctrl_hs|  dense_resource<ap_fixed<16, 6, 5, 3, 0>, ap_fixed<22, 11, 5, 3, 0>, config10_1>|  return value|
|ap_return_163  |  out|    22|  ap_ctrl_hs|  dense_resource<ap_fixed<16, 6, 5, 3, 0>, ap_fixed<22, 11, 5, 3, 0>, config10_1>|  return value|
|ap_return_164  |  out|    22|  ap_ctrl_hs|  dense_resource<ap_fixed<16, 6, 5, 3, 0>, ap_fixed<22, 11, 5, 3, 0>, config10_1>|  return value|
|ap_return_165  |  out|    22|  ap_ctrl_hs|  dense_resource<ap_fixed<16, 6, 5, 3, 0>, ap_fixed<22, 11, 5, 3, 0>, config10_1>|  return value|
|ap_return_166  |  out|    22|  ap_ctrl_hs|  dense_resource<ap_fixed<16, 6, 5, 3, 0>, ap_fixed<22, 11, 5, 3, 0>, config10_1>|  return value|
|ap_return_167  |  out|    22|  ap_ctrl_hs|  dense_resource<ap_fixed<16, 6, 5, 3, 0>, ap_fixed<22, 11, 5, 3, 0>, config10_1>|  return value|
|ap_return_168  |  out|    22|  ap_ctrl_hs|  dense_resource<ap_fixed<16, 6, 5, 3, 0>, ap_fixed<22, 11, 5, 3, 0>, config10_1>|  return value|
|ap_return_169  |  out|    22|  ap_ctrl_hs|  dense_resource<ap_fixed<16, 6, 5, 3, 0>, ap_fixed<22, 11, 5, 3, 0>, config10_1>|  return value|
|ap_return_170  |  out|    22|  ap_ctrl_hs|  dense_resource<ap_fixed<16, 6, 5, 3, 0>, ap_fixed<22, 11, 5, 3, 0>, config10_1>|  return value|
|ap_return_171  |  out|    22|  ap_ctrl_hs|  dense_resource<ap_fixed<16, 6, 5, 3, 0>, ap_fixed<22, 11, 5, 3, 0>, config10_1>|  return value|
|ap_return_172  |  out|    22|  ap_ctrl_hs|  dense_resource<ap_fixed<16, 6, 5, 3, 0>, ap_fixed<22, 11, 5, 3, 0>, config10_1>|  return value|
|ap_return_173  |  out|    22|  ap_ctrl_hs|  dense_resource<ap_fixed<16, 6, 5, 3, 0>, ap_fixed<22, 11, 5, 3, 0>, config10_1>|  return value|
|ap_return_174  |  out|    22|  ap_ctrl_hs|  dense_resource<ap_fixed<16, 6, 5, 3, 0>, ap_fixed<22, 11, 5, 3, 0>, config10_1>|  return value|
|ap_return_175  |  out|    22|  ap_ctrl_hs|  dense_resource<ap_fixed<16, 6, 5, 3, 0>, ap_fixed<22, 11, 5, 3, 0>, config10_1>|  return value|
|ap_return_176  |  out|    22|  ap_ctrl_hs|  dense_resource<ap_fixed<16, 6, 5, 3, 0>, ap_fixed<22, 11, 5, 3, 0>, config10_1>|  return value|
|ap_return_177  |  out|    22|  ap_ctrl_hs|  dense_resource<ap_fixed<16, 6, 5, 3, 0>, ap_fixed<22, 11, 5, 3, 0>, config10_1>|  return value|
|ap_return_178  |  out|    22|  ap_ctrl_hs|  dense_resource<ap_fixed<16, 6, 5, 3, 0>, ap_fixed<22, 11, 5, 3, 0>, config10_1>|  return value|
|ap_return_179  |  out|    22|  ap_ctrl_hs|  dense_resource<ap_fixed<16, 6, 5, 3, 0>, ap_fixed<22, 11, 5, 3, 0>, config10_1>|  return value|
|ap_return_180  |  out|    22|  ap_ctrl_hs|  dense_resource<ap_fixed<16, 6, 5, 3, 0>, ap_fixed<22, 11, 5, 3, 0>, config10_1>|  return value|
|ap_return_181  |  out|    22|  ap_ctrl_hs|  dense_resource<ap_fixed<16, 6, 5, 3, 0>, ap_fixed<22, 11, 5, 3, 0>, config10_1>|  return value|
|ap_return_182  |  out|    22|  ap_ctrl_hs|  dense_resource<ap_fixed<16, 6, 5, 3, 0>, ap_fixed<22, 11, 5, 3, 0>, config10_1>|  return value|
|ap_return_183  |  out|    22|  ap_ctrl_hs|  dense_resource<ap_fixed<16, 6, 5, 3, 0>, ap_fixed<22, 11, 5, 3, 0>, config10_1>|  return value|
|ap_return_184  |  out|    22|  ap_ctrl_hs|  dense_resource<ap_fixed<16, 6, 5, 3, 0>, ap_fixed<22, 11, 5, 3, 0>, config10_1>|  return value|
|ap_return_185  |  out|    22|  ap_ctrl_hs|  dense_resource<ap_fixed<16, 6, 5, 3, 0>, ap_fixed<22, 11, 5, 3, 0>, config10_1>|  return value|
|ap_return_186  |  out|    22|  ap_ctrl_hs|  dense_resource<ap_fixed<16, 6, 5, 3, 0>, ap_fixed<22, 11, 5, 3, 0>, config10_1>|  return value|
|ap_return_187  |  out|    22|  ap_ctrl_hs|  dense_resource<ap_fixed<16, 6, 5, 3, 0>, ap_fixed<22, 11, 5, 3, 0>, config10_1>|  return value|
|ap_return_188  |  out|    22|  ap_ctrl_hs|  dense_resource<ap_fixed<16, 6, 5, 3, 0>, ap_fixed<22, 11, 5, 3, 0>, config10_1>|  return value|
|ap_return_189  |  out|    22|  ap_ctrl_hs|  dense_resource<ap_fixed<16, 6, 5, 3, 0>, ap_fixed<22, 11, 5, 3, 0>, config10_1>|  return value|
|ap_return_190  |  out|    22|  ap_ctrl_hs|  dense_resource<ap_fixed<16, 6, 5, 3, 0>, ap_fixed<22, 11, 5, 3, 0>, config10_1>|  return value|
|ap_return_191  |  out|    22|  ap_ctrl_hs|  dense_resource<ap_fixed<16, 6, 5, 3, 0>, ap_fixed<22, 11, 5, 3, 0>, config10_1>|  return value|
|p_read         |   in|  1024|     ap_none|                                                                           p_read|        scalar|
+---------------+-----+------+------------+---------------------------------------------------------------------------------+--------------+

