

================================================================
== Vitis HLS Report for 'dense_ap_fixed_8_3_4_0_0_ap_fixed_16_6_5_3_0_config4_s'
================================================================
* Date:           Sat Feb 17 11:44:57 2024

* Version:        2022.2 (Build 3670227 on Oct 13 2022)
* Project:        alveo_hls4ml
* Solution:       solution (Vitis Kernel Flow Target)
* Product family: virtexuplus
* Target device:  xcu55c-fsvh2892-2L-e


================================================================
== Performance Estimates
================================================================
+ Timing: 
    * Summary: 
    +--------+---------+----------+------------+
    |  Clock |  Target | Estimated| Uncertainty|
    +--------+---------+----------+------------+
    |ap_clk  |  4.00 ns|  2.335 ns|     1.08 ns|
    +--------+---------+----------+------------+

+ Latency: 
    * Summary: 
    +---------+---------+----------+----------+-----+-----+---------+
    |  Latency (cycles) |  Latency (absolute) |  Interval | Pipeline|
    |   min   |   max   |    min   |    max   | min | max |   Type  |
    +---------+---------+----------+----------+-----+-----+---------+
    |      131|      132|  0.524 us|  0.528 us|  131|  132|       no|
    +---------+---------+----------+----------+-----+-----+---------+

    + Detail: 
        * Instance: 
        +----------------------------------------------------------------------------+----------------------------------------------------------------+---------+---------+----------+----------+-----+-----+------------------------------------------+
        |                                                                            |                                                                |  Latency (cycles) |  Latency (absolute) |  Interval |                 Pipeline                 |
        |                                  Instance                                  |                             Module                             |   min   |   max   |    min   |    max   | min | max |                   Type                   |
        +----------------------------------------------------------------------------+----------------------------------------------------------------+---------+---------+----------+----------+-----+-----+------------------------------------------+
        |grp_dense_wrapper_ap_fixed_8_3_4_0_0_ap_fixed_16_6_5_3_0_config4_s_fu_1618  |dense_wrapper_ap_fixed_8_3_4_0_0_ap_fixed_16_6_5_3_0_config4_s  |      129|      130|  0.516 us|  0.520 us|  128|  128|  loop rewind stp(delay=0 clock cycles(s))|
        +----------------------------------------------------------------------------+----------------------------------------------------------------+---------+---------+----------+----------+-----+-----+------------------------------------------+

        * Loop: 
        N/A



================================================================
== Utilization Estimates
================================================================
* Summary: 
+---------------------+---------+------+---------+---------+-----+
|         Name        | BRAM_18K|  DSP |    FF   |   LUT   | URAM|
+---------------------+---------+------+---------+---------+-----+
|DSP                  |        -|     -|        -|        -|    -|
|Expression           |        -|     -|        0|        4|    -|
|FIFO                 |        -|     -|        -|        -|    -|
|Instance             |        8|     0|     4641|     9974|    -|
|Memory               |        -|     -|        -|        -|    -|
|Multiplexer          |        -|     -|        -|     1766|    -|
|Register             |        -|     -|     2054|        -|    -|
+---------------------+---------+------+---------+---------+-----+
|Total                |        8|     0|     6695|    11744|    0|
+---------------------+---------+------+---------+---------+-----+
|Available SLR        |     1344|  3008|   869120|   434560|  320|
+---------------------+---------+------+---------+---------+-----+
|Utilization SLR (%)  |       ~0|     0|       ~0|        2|    0|
+---------------------+---------+------+---------+---------+-----+
|Available            |     4032|  9024|  2607360|  1303680|  960|
+---------------------+---------+------+---------+---------+-----+
|Utilization (%)      |       ~0|     0|       ~0|       ~0|    0|
+---------------------+---------+------+---------+---------+-----+

+ Detail: 
    * Instance: 
    +----------------------------------------------------------------------------+----------------------------------------------------------------+---------+----+------+------+-----+
    |                                  Instance                                  |                             Module                             | BRAM_18K| DSP|  FF  |  LUT | URAM|
    +----------------------------------------------------------------------------+----------------------------------------------------------------+---------+----+------+------+-----+
    |grp_dense_wrapper_ap_fixed_8_3_4_0_0_ap_fixed_16_6_5_3_0_config4_s_fu_1618  |dense_wrapper_ap_fixed_8_3_4_0_0_ap_fixed_16_6_5_3_0_config4_s  |        8|   0|  4641|  9974|    0|
    +----------------------------------------------------------------------------+----------------------------------------------------------------+---------+----+------+------+-----+
    |Total                                                                       |                                                                |        8|   0|  4641|  9974|    0|
    +----------------------------------------------------------------------------+----------------------------------------------------------------+---------+----+------+------+-----+

    * DSP: 
    N/A

    * Memory: 
    N/A

    * FIFO: 
    N/A

    * Expression: 
    +-----------------+----------+----+---+----+------------+------------+
    |  Variable Name  | Operation| DSP| FF| LUT| Bitwidth P0| Bitwidth P1|
    +-----------------+----------+----+---+----+------------+------------+
    |ap_block_state1  |        or|   0|  0|   2|           1|           1|
    |ap_block_state3  |        or|   0|  0|   2|           1|           1|
    +-----------------+----------+----+---+----+------------+------------+
    |Total            |          |   0|  0|   4|           2|           2|
    +-----------------+----------+----+---+----+------------+------------+

    * Multiplexer: 
    +------------------------+----+-----------+-----+-----------+
    |          Name          | LUT| Input Size| Bits| Total Bits|
    +------------------------+----+-----------+-----+-----------+
    |ap_NS_fsm               |  20|          4|    1|          4|
    |ap_done                 |   9|          2|    1|          2|
    |layer3_out_i_0_blk_n    |   9|          2|    1|          2|
    |layer3_out_i_100_blk_n  |   9|          2|    1|          2|
    |layer3_out_i_101_blk_n  |   9|          2|    1|          2|
    |layer3_out_i_102_blk_n  |   9|          2|    1|          2|
    |layer3_out_i_103_blk_n  |   9|          2|    1|          2|
    |layer3_out_i_104_blk_n  |   9|          2|    1|          2|
    |layer3_out_i_105_blk_n  |   9|          2|    1|          2|
    |layer3_out_i_106_blk_n  |   9|          2|    1|          2|
    |layer3_out_i_107_blk_n  |   9|          2|    1|          2|
    |layer3_out_i_108_blk_n  |   9|          2|    1|          2|
    |layer3_out_i_109_blk_n  |   9|          2|    1|          2|
    |layer3_out_i_10_blk_n   |   9|          2|    1|          2|
    |layer3_out_i_110_blk_n  |   9|          2|    1|          2|
    |layer3_out_i_111_blk_n  |   9|          2|    1|          2|
    |layer3_out_i_112_blk_n  |   9|          2|    1|          2|
    |layer3_out_i_113_blk_n  |   9|          2|    1|          2|
    |layer3_out_i_114_blk_n  |   9|          2|    1|          2|
    |layer3_out_i_115_blk_n  |   9|          2|    1|          2|
    |layer3_out_i_116_blk_n  |   9|          2|    1|          2|
    |layer3_out_i_117_blk_n  |   9|          2|    1|          2|
    |layer3_out_i_118_blk_n  |   9|          2|    1|          2|
    |layer3_out_i_119_blk_n  |   9|          2|    1|          2|
    |layer3_out_i_11_blk_n   |   9|          2|    1|          2|
    |layer3_out_i_120_blk_n  |   9|          2|    1|          2|
    |layer3_out_i_121_blk_n  |   9|          2|    1|          2|
    |layer3_out_i_122_blk_n  |   9|          2|    1|          2|
    |layer3_out_i_123_blk_n  |   9|          2|    1|          2|
    |layer3_out_i_124_blk_n  |   9|          2|    1|          2|
    |layer3_out_i_125_blk_n  |   9|          2|    1|          2|
    |layer3_out_i_126_blk_n  |   9|          2|    1|          2|
    |layer3_out_i_127_blk_n  |   9|          2|    1|          2|
    |layer3_out_i_12_blk_n   |   9|          2|    1|          2|
    |layer3_out_i_13_blk_n   |   9|          2|    1|          2|
    |layer3_out_i_14_blk_n   |   9|          2|    1|          2|
    |layer3_out_i_15_blk_n   |   9|          2|    1|          2|
    |layer3_out_i_16_blk_n   |   9|          2|    1|          2|
    |layer3_out_i_17_blk_n   |   9|          2|    1|          2|
    |layer3_out_i_18_blk_n   |   9|          2|    1|          2|
    |layer3_out_i_19_blk_n   |   9|          2|    1|          2|
    |layer3_out_i_1_blk_n    |   9|          2|    1|          2|
    |layer3_out_i_20_blk_n   |   9|          2|    1|          2|
    |layer3_out_i_21_blk_n   |   9|          2|    1|          2|
    |layer3_out_i_22_blk_n   |   9|          2|    1|          2|
    |layer3_out_i_23_blk_n   |   9|          2|    1|          2|
    |layer3_out_i_24_blk_n   |   9|          2|    1|          2|
    |layer3_out_i_25_blk_n   |   9|          2|    1|          2|
    |layer3_out_i_26_blk_n   |   9|          2|    1|          2|
    |layer3_out_i_27_blk_n   |   9|          2|    1|          2|
    |layer3_out_i_28_blk_n   |   9|          2|    1|          2|
    |layer3_out_i_29_blk_n   |   9|          2|    1|          2|
    |layer3_out_i_2_blk_n    |   9|          2|    1|          2|
    |layer3_out_i_30_blk_n   |   9|          2|    1|          2|
    |layer3_out_i_31_blk_n   |   9|          2|    1|          2|
    |layer3_out_i_32_blk_n   |   9|          2|    1|          2|
    |layer3_out_i_33_blk_n   |   9|          2|    1|          2|
    |layer3_out_i_34_blk_n   |   9|          2|    1|          2|
    |layer3_out_i_35_blk_n   |   9|          2|    1|          2|
    |layer3_out_i_36_blk_n   |   9|          2|    1|          2|
    |layer3_out_i_37_blk_n   |   9|          2|    1|          2|
    |layer3_out_i_38_blk_n   |   9|          2|    1|          2|
    |layer3_out_i_39_blk_n   |   9|          2|    1|          2|
    |layer3_out_i_3_blk_n    |   9|          2|    1|          2|
    |layer3_out_i_40_blk_n   |   9|          2|    1|          2|
    |layer3_out_i_41_blk_n   |   9|          2|    1|          2|
    |layer3_out_i_42_blk_n   |   9|          2|    1|          2|
    |layer3_out_i_43_blk_n   |   9|          2|    1|          2|
    |layer3_out_i_44_blk_n   |   9|          2|    1|          2|
    |layer3_out_i_45_blk_n   |   9|          2|    1|          2|
    |layer3_out_i_46_blk_n   |   9|          2|    1|          2|
    |layer3_out_i_47_blk_n   |   9|          2|    1|          2|
    |layer3_out_i_48_blk_n   |   9|          2|    1|          2|
    |layer3_out_i_49_blk_n   |   9|          2|    1|          2|
    |layer3_out_i_4_blk_n    |   9|          2|    1|          2|
    |layer3_out_i_50_blk_n   |   9|          2|    1|          2|
    |layer3_out_i_51_blk_n   |   9|          2|    1|          2|
    |layer3_out_i_52_blk_n   |   9|          2|    1|          2|
    |layer3_out_i_53_blk_n   |   9|          2|    1|          2|
    |layer3_out_i_54_blk_n   |   9|          2|    1|          2|
    |layer3_out_i_55_blk_n   |   9|          2|    1|          2|
    |layer3_out_i_56_blk_n   |   9|          2|    1|          2|
    |layer3_out_i_57_blk_n   |   9|          2|    1|          2|
    |layer3_out_i_58_blk_n   |   9|          2|    1|          2|
    |layer3_out_i_59_blk_n   |   9|          2|    1|          2|
    |layer3_out_i_5_blk_n    |   9|          2|    1|          2|
    |layer3_out_i_60_blk_n   |   9|          2|    1|          2|
    |layer3_out_i_61_blk_n   |   9|          2|    1|          2|
    |layer3_out_i_62_blk_n   |   9|          2|    1|          2|
    |layer3_out_i_63_blk_n   |   9|          2|    1|          2|
    |layer3_out_i_64_blk_n   |   9|          2|    1|          2|
    |layer3_out_i_65_blk_n   |   9|          2|    1|          2|
    |layer3_out_i_66_blk_n   |   9|          2|    1|          2|
    |layer3_out_i_67_blk_n   |   9|          2|    1|          2|
    |layer3_out_i_68_blk_n   |   9|          2|    1|          2|
    |layer3_out_i_69_blk_n   |   9|          2|    1|          2|
    |layer3_out_i_6_blk_n    |   9|          2|    1|          2|
    |layer3_out_i_70_blk_n   |   9|          2|    1|          2|
    |layer3_out_i_71_blk_n   |   9|          2|    1|          2|
    |layer3_out_i_72_blk_n   |   9|          2|    1|          2|
    |layer3_out_i_73_blk_n   |   9|          2|    1|          2|
    |layer3_out_i_74_blk_n   |   9|          2|    1|          2|
    |layer3_out_i_75_blk_n   |   9|          2|    1|          2|
    |layer3_out_i_76_blk_n   |   9|          2|    1|          2|
    |layer3_out_i_77_blk_n   |   9|          2|    1|          2|
    |layer3_out_i_78_blk_n   |   9|          2|    1|          2|
    |layer3_out_i_79_blk_n   |   9|          2|    1|          2|
    |layer3_out_i_7_blk_n    |   9|          2|    1|          2|
    |layer3_out_i_80_blk_n   |   9|          2|    1|          2|
    |layer3_out_i_81_blk_n   |   9|          2|    1|          2|
    |layer3_out_i_82_blk_n   |   9|          2|    1|          2|
    |layer3_out_i_83_blk_n   |   9|          2|    1|          2|
    |layer3_out_i_84_blk_n   |   9|          2|    1|          2|
    |layer3_out_i_85_blk_n   |   9|          2|    1|          2|
    |layer3_out_i_86_blk_n   |   9|          2|    1|          2|
    |layer3_out_i_87_blk_n   |   9|          2|    1|          2|
    |layer3_out_i_88_blk_n   |   9|          2|    1|          2|
    |layer3_out_i_89_blk_n   |   9|          2|    1|          2|
    |layer3_out_i_8_blk_n    |   9|          2|    1|          2|
    |layer3_out_i_90_blk_n   |   9|          2|    1|          2|
    |layer3_out_i_91_blk_n   |   9|          2|    1|          2|
    |layer3_out_i_92_blk_n   |   9|          2|    1|          2|
    |layer3_out_i_93_blk_n   |   9|          2|    1|          2|
    |layer3_out_i_94_blk_n   |   9|          2|    1|          2|
    |layer3_out_i_95_blk_n   |   9|          2|    1|          2|
    |layer3_out_i_96_blk_n   |   9|          2|    1|          2|
    |layer3_out_i_97_blk_n   |   9|          2|    1|          2|
    |layer3_out_i_98_blk_n   |   9|          2|    1|          2|
    |layer3_out_i_99_blk_n   |   9|          2|    1|          2|
    |layer3_out_i_9_blk_n    |   9|          2|    1|          2|
    |layer4_out_i_0_blk_n    |   9|          2|    1|          2|
    |layer4_out_i_10_blk_n   |   9|          2|    1|          2|
    |layer4_out_i_11_blk_n   |   9|          2|    1|          2|
    |layer4_out_i_12_blk_n   |   9|          2|    1|          2|
    |layer4_out_i_13_blk_n   |   9|          2|    1|          2|
    |layer4_out_i_14_blk_n   |   9|          2|    1|          2|
    |layer4_out_i_15_blk_n   |   9|          2|    1|          2|
    |layer4_out_i_16_blk_n   |   9|          2|    1|          2|
    |layer4_out_i_17_blk_n   |   9|          2|    1|          2|
    |layer4_out_i_18_blk_n   |   9|          2|    1|          2|
    |layer4_out_i_19_blk_n   |   9|          2|    1|          2|
    |layer4_out_i_1_blk_n    |   9|          2|    1|          2|
    |layer4_out_i_20_blk_n   |   9|          2|    1|          2|
    |layer4_out_i_21_blk_n   |   9|          2|    1|          2|
    |layer4_out_i_22_blk_n   |   9|          2|    1|          2|
    |layer4_out_i_23_blk_n   |   9|          2|    1|          2|
    |layer4_out_i_24_blk_n   |   9|          2|    1|          2|
    |layer4_out_i_25_blk_n   |   9|          2|    1|          2|
    |layer4_out_i_26_blk_n   |   9|          2|    1|          2|
    |layer4_out_i_27_blk_n   |   9|          2|    1|          2|
    |layer4_out_i_28_blk_n   |   9|          2|    1|          2|
    |layer4_out_i_29_blk_n   |   9|          2|    1|          2|
    |layer4_out_i_2_blk_n    |   9|          2|    1|          2|
    |layer4_out_i_30_blk_n   |   9|          2|    1|          2|
    |layer4_out_i_31_blk_n   |   9|          2|    1|          2|
    |layer4_out_i_32_blk_n   |   9|          2|    1|          2|
    |layer4_out_i_33_blk_n   |   9|          2|    1|          2|
    |layer4_out_i_34_blk_n   |   9|          2|    1|          2|
    |layer4_out_i_35_blk_n   |   9|          2|    1|          2|
    |layer4_out_i_36_blk_n   |   9|          2|    1|          2|
    |layer4_out_i_37_blk_n   |   9|          2|    1|          2|
    |layer4_out_i_38_blk_n   |   9|          2|    1|          2|
    |layer4_out_i_39_blk_n   |   9|          2|    1|          2|
    |layer4_out_i_3_blk_n    |   9|          2|    1|          2|
    |layer4_out_i_40_blk_n   |   9|          2|    1|          2|
    |layer4_out_i_41_blk_n   |   9|          2|    1|          2|
    |layer4_out_i_42_blk_n   |   9|          2|    1|          2|
    |layer4_out_i_43_blk_n   |   9|          2|    1|          2|
    |layer4_out_i_44_blk_n   |   9|          2|    1|          2|
    |layer4_out_i_45_blk_n   |   9|          2|    1|          2|
    |layer4_out_i_46_blk_n   |   9|          2|    1|          2|
    |layer4_out_i_47_blk_n   |   9|          2|    1|          2|
    |layer4_out_i_48_blk_n   |   9|          2|    1|          2|
    |layer4_out_i_49_blk_n   |   9|          2|    1|          2|
    |layer4_out_i_4_blk_n    |   9|          2|    1|          2|
    |layer4_out_i_50_blk_n   |   9|          2|    1|          2|
    |layer4_out_i_51_blk_n   |   9|          2|    1|          2|
    |layer4_out_i_52_blk_n   |   9|          2|    1|          2|
    |layer4_out_i_53_blk_n   |   9|          2|    1|          2|
    |layer4_out_i_54_blk_n   |   9|          2|    1|          2|
    |layer4_out_i_55_blk_n   |   9|          2|    1|          2|
    |layer4_out_i_56_blk_n   |   9|          2|    1|          2|
    |layer4_out_i_57_blk_n   |   9|          2|    1|          2|
    |layer4_out_i_58_blk_n   |   9|          2|    1|          2|
    |layer4_out_i_59_blk_n   |   9|          2|    1|          2|
    |layer4_out_i_5_blk_n    |   9|          2|    1|          2|
    |layer4_out_i_60_blk_n   |   9|          2|    1|          2|
    |layer4_out_i_61_blk_n   |   9|          2|    1|          2|
    |layer4_out_i_62_blk_n   |   9|          2|    1|          2|
    |layer4_out_i_63_blk_n   |   9|          2|    1|          2|
    |layer4_out_i_6_blk_n    |   9|          2|    1|          2|
    |layer4_out_i_7_blk_n    |   9|          2|    1|          2|
    |layer4_out_i_8_blk_n    |   9|          2|    1|          2|
    |layer4_out_i_9_blk_n    |   9|          2|    1|          2|
    |real_start              |   9|          2|    1|          2|
    +------------------------+----+-----------+-----+-----------+
    |Total                   |1766|        392|  195|        392|
    +------------------------+----+-----------+-----+-----------+

    * Register: 
    +-----------------------------------------------------------------------------------------+----+----+-----+-----------+
    |                                           Name                                          | FF | LUT| Bits| Const Bits|
    +-----------------------------------------------------------------------------------------+----+----+-----+-----------+
    |ap_CS_fsm                                                                                |   3|   0|    3|          0|
    |ap_done_reg                                                                              |   1|   0|    1|          0|
    |data_V_100_reg_2636                                                                      |   8|   0|    8|          0|
    |data_V_101_reg_2641                                                                      |   8|   0|    8|          0|
    |data_V_102_reg_2646                                                                      |   8|   0|    8|          0|
    |data_V_103_reg_2651                                                                      |   8|   0|    8|          0|
    |data_V_104_reg_2656                                                                      |   8|   0|    8|          0|
    |data_V_105_reg_2661                                                                      |   8|   0|    8|          0|
    |data_V_106_reg_2666                                                                      |   8|   0|    8|          0|
    |data_V_107_reg_2671                                                                      |   8|   0|    8|          0|
    |data_V_108_reg_2676                                                                      |   8|   0|    8|          0|
    |data_V_109_reg_2681                                                                      |   8|   0|    8|          0|
    |data_V_10_reg_2186                                                                       |   8|   0|    8|          0|
    |data_V_110_reg_2686                                                                      |   8|   0|    8|          0|
    |data_V_111_reg_2691                                                                      |   8|   0|    8|          0|
    |data_V_112_reg_2696                                                                      |   8|   0|    8|          0|
    |data_V_113_reg_2701                                                                      |   8|   0|    8|          0|
    |data_V_114_reg_2706                                                                      |   8|   0|    8|          0|
    |data_V_115_reg_2711                                                                      |   8|   0|    8|          0|
    |data_V_116_reg_2716                                                                      |   8|   0|    8|          0|
    |data_V_117_reg_2721                                                                      |   8|   0|    8|          0|
    |data_V_118_reg_2726                                                                      |   8|   0|    8|          0|
    |data_V_119_reg_2731                                                                      |   8|   0|    8|          0|
    |data_V_11_reg_2191                                                                       |   8|   0|    8|          0|
    |data_V_120_reg_2736                                                                      |   8|   0|    8|          0|
    |data_V_121_reg_2741                                                                      |   8|   0|    8|          0|
    |data_V_122_reg_2746                                                                      |   8|   0|    8|          0|
    |data_V_123_reg_2751                                                                      |   8|   0|    8|          0|
    |data_V_124_reg_2756                                                                      |   8|   0|    8|          0|
    |data_V_125_reg_2761                                                                      |   8|   0|    8|          0|
    |data_V_126_reg_2766                                                                      |   8|   0|    8|          0|
    |data_V_127_reg_2771                                                                      |   8|   0|    8|          0|
    |data_V_12_reg_2196                                                                       |   8|   0|    8|          0|
    |data_V_13_reg_2201                                                                       |   8|   0|    8|          0|
    |data_V_14_reg_2206                                                                       |   8|   0|    8|          0|
    |data_V_15_reg_2211                                                                       |   8|   0|    8|          0|
    |data_V_16_reg_2216                                                                       |   8|   0|    8|          0|
    |data_V_17_reg_2221                                                                       |   8|   0|    8|          0|
    |data_V_18_reg_2226                                                                       |   8|   0|    8|          0|
    |data_V_19_reg_2231                                                                       |   8|   0|    8|          0|
    |data_V_1_reg_2141                                                                        |   8|   0|    8|          0|
    |data_V_20_reg_2236                                                                       |   8|   0|    8|          0|
    |data_V_21_reg_2241                                                                       |   8|   0|    8|          0|
    |data_V_22_reg_2246                                                                       |   8|   0|    8|          0|
    |data_V_23_reg_2251                                                                       |   8|   0|    8|          0|
    |data_V_24_reg_2256                                                                       |   8|   0|    8|          0|
    |data_V_25_reg_2261                                                                       |   8|   0|    8|          0|
    |data_V_26_reg_2266                                                                       |   8|   0|    8|          0|
    |data_V_27_reg_2271                                                                       |   8|   0|    8|          0|
    |data_V_28_reg_2276                                                                       |   8|   0|    8|          0|
    |data_V_29_reg_2281                                                                       |   8|   0|    8|          0|
    |data_V_2_reg_2146                                                                        |   8|   0|    8|          0|
    |data_V_30_reg_2286                                                                       |   8|   0|    8|          0|
    |data_V_31_reg_2291                                                                       |   8|   0|    8|          0|
    |data_V_32_reg_2296                                                                       |   8|   0|    8|          0|
    |data_V_33_reg_2301                                                                       |   8|   0|    8|          0|
    |data_V_34_reg_2306                                                                       |   8|   0|    8|          0|
    |data_V_35_reg_2311                                                                       |   8|   0|    8|          0|
    |data_V_36_reg_2316                                                                       |   8|   0|    8|          0|
    |data_V_37_reg_2321                                                                       |   8|   0|    8|          0|
    |data_V_38_reg_2326                                                                       |   8|   0|    8|          0|
    |data_V_39_reg_2331                                                                       |   8|   0|    8|          0|
    |data_V_3_reg_2151                                                                        |   8|   0|    8|          0|
    |data_V_40_reg_2336                                                                       |   8|   0|    8|          0|
    |data_V_41_reg_2341                                                                       |   8|   0|    8|          0|
    |data_V_42_reg_2346                                                                       |   8|   0|    8|          0|
    |data_V_43_reg_2351                                                                       |   8|   0|    8|          0|
    |data_V_44_reg_2356                                                                       |   8|   0|    8|          0|
    |data_V_45_reg_2361                                                                       |   8|   0|    8|          0|
    |data_V_46_reg_2366                                                                       |   8|   0|    8|          0|
    |data_V_47_reg_2371                                                                       |   8|   0|    8|          0|
    |data_V_48_reg_2376                                                                       |   8|   0|    8|          0|
    |data_V_49_reg_2381                                                                       |   8|   0|    8|          0|
    |data_V_4_reg_2156                                                                        |   8|   0|    8|          0|
    |data_V_50_reg_2386                                                                       |   8|   0|    8|          0|
    |data_V_51_reg_2391                                                                       |   8|   0|    8|          0|
    |data_V_52_reg_2396                                                                       |   8|   0|    8|          0|
    |data_V_53_reg_2401                                                                       |   8|   0|    8|          0|
    |data_V_54_reg_2406                                                                       |   8|   0|    8|          0|
    |data_V_55_reg_2411                                                                       |   8|   0|    8|          0|
    |data_V_56_reg_2416                                                                       |   8|   0|    8|          0|
    |data_V_57_reg_2421                                                                       |   8|   0|    8|          0|
    |data_V_58_reg_2426                                                                       |   8|   0|    8|          0|
    |data_V_59_reg_2431                                                                       |   8|   0|    8|          0|
    |data_V_5_reg_2161                                                                        |   8|   0|    8|          0|
    |data_V_60_reg_2436                                                                       |   8|   0|    8|          0|
    |data_V_61_reg_2441                                                                       |   8|   0|    8|          0|
    |data_V_62_reg_2446                                                                       |   8|   0|    8|          0|
    |data_V_63_reg_2451                                                                       |   8|   0|    8|          0|
    |data_V_64_reg_2456                                                                       |   8|   0|    8|          0|
    |data_V_65_reg_2461                                                                       |   8|   0|    8|          0|
    |data_V_66_reg_2466                                                                       |   8|   0|    8|          0|
    |data_V_67_reg_2471                                                                       |   8|   0|    8|          0|
    |data_V_68_reg_2476                                                                       |   8|   0|    8|          0|
    |data_V_69_reg_2481                                                                       |   8|   0|    8|          0|
    |data_V_6_reg_2166                                                                        |   8|   0|    8|          0|
    |data_V_70_reg_2486                                                                       |   8|   0|    8|          0|
    |data_V_71_reg_2491                                                                       |   8|   0|    8|          0|
    |data_V_72_reg_2496                                                                       |   8|   0|    8|          0|
    |data_V_73_reg_2501                                                                       |   8|   0|    8|          0|
    |data_V_74_reg_2506                                                                       |   8|   0|    8|          0|
    |data_V_75_reg_2511                                                                       |   8|   0|    8|          0|
    |data_V_76_reg_2516                                                                       |   8|   0|    8|          0|
    |data_V_77_reg_2521                                                                       |   8|   0|    8|          0|
    |data_V_78_reg_2526                                                                       |   8|   0|    8|          0|
    |data_V_79_reg_2531                                                                       |   8|   0|    8|          0|
    |data_V_7_reg_2171                                                                        |   8|   0|    8|          0|
    |data_V_80_reg_2536                                                                       |   8|   0|    8|          0|
    |data_V_81_reg_2541                                                                       |   8|   0|    8|          0|
    |data_V_82_reg_2546                                                                       |   8|   0|    8|          0|
    |data_V_83_reg_2551                                                                       |   8|   0|    8|          0|
    |data_V_84_reg_2556                                                                       |   8|   0|    8|          0|
    |data_V_85_reg_2561                                                                       |   8|   0|    8|          0|
    |data_V_86_reg_2566                                                                       |   8|   0|    8|          0|
    |data_V_87_reg_2571                                                                       |   8|   0|    8|          0|
    |data_V_88_reg_2576                                                                       |   8|   0|    8|          0|
    |data_V_89_reg_2581                                                                       |   8|   0|    8|          0|
    |data_V_8_reg_2176                                                                        |   8|   0|    8|          0|
    |data_V_90_reg_2586                                                                       |   8|   0|    8|          0|
    |data_V_91_reg_2591                                                                       |   8|   0|    8|          0|
    |data_V_92_reg_2596                                                                       |   8|   0|    8|          0|
    |data_V_93_reg_2601                                                                       |   8|   0|    8|          0|
    |data_V_94_reg_2606                                                                       |   8|   0|    8|          0|
    |data_V_95_reg_2611                                                                       |   8|   0|    8|          0|
    |data_V_96_reg_2616                                                                       |   8|   0|    8|          0|
    |data_V_97_reg_2621                                                                       |   8|   0|    8|          0|
    |data_V_98_reg_2626                                                                       |   8|   0|    8|          0|
    |data_V_99_reg_2631                                                                       |   8|   0|    8|          0|
    |data_V_9_reg_2181                                                                        |   8|   0|    8|          0|
    |data_V_reg_2136                                                                          |   8|   0|    8|          0|
    |grp_dense_wrapper_ap_fixed_8_3_4_0_0_ap_fixed_16_6_5_3_0_config4_s_fu_1618_ap_start_reg  |   1|   0|    1|          0|
    |res_V_100_reg_2916                                                                       |  16|   0|   16|          0|
    |res_V_101_reg_2921                                                                       |  16|   0|   16|          0|
    |res_V_102_reg_2926                                                                       |  16|   0|   16|          0|
    |res_V_103_reg_2931                                                                       |  16|   0|   16|          0|
    |res_V_104_reg_2936                                                                       |  16|   0|   16|          0|
    |res_V_105_reg_2941                                                                       |  16|   0|   16|          0|
    |res_V_106_reg_2946                                                                       |  16|   0|   16|          0|
    |res_V_107_reg_2951                                                                       |  16|   0|   16|          0|
    |res_V_108_reg_2956                                                                       |  16|   0|   16|          0|
    |res_V_109_reg_2961                                                                       |  16|   0|   16|          0|
    |res_V_110_reg_2966                                                                       |  16|   0|   16|          0|
    |res_V_111_reg_2971                                                                       |  16|   0|   16|          0|
    |res_V_112_reg_2976                                                                       |  16|   0|   16|          0|
    |res_V_113_reg_2981                                                                       |  16|   0|   16|          0|
    |res_V_114_reg_2986                                                                       |  16|   0|   16|          0|
    |res_V_115_reg_2991                                                                       |  16|   0|   16|          0|
    |res_V_116_reg_2996                                                                       |  16|   0|   16|          0|
    |res_V_117_reg_3001                                                                       |  16|   0|   16|          0|
    |res_V_118_reg_3006                                                                       |  16|   0|   16|          0|
    |res_V_119_reg_3011                                                                       |  16|   0|   16|          0|
    |res_V_120_reg_3016                                                                       |  16|   0|   16|          0|
    |res_V_121_reg_3021                                                                       |  16|   0|   16|          0|
    |res_V_122_reg_3026                                                                       |  16|   0|   16|          0|
    |res_V_123_reg_3031                                                                       |  16|   0|   16|          0|
    |res_V_124_reg_3036                                                                       |  16|   0|   16|          0|
    |res_V_125_reg_3041                                                                       |  16|   0|   16|          0|
    |res_V_126_reg_3046                                                                       |  16|   0|   16|          0|
    |res_V_127_reg_3051                                                                       |  16|   0|   16|          0|
    |res_V_128_reg_3056                                                                       |  16|   0|   16|          0|
    |res_V_129_reg_3061                                                                       |  16|   0|   16|          0|
    |res_V_130_reg_3066                                                                       |  16|   0|   16|          0|
    |res_V_131_reg_3071                                                                       |  16|   0|   16|          0|
    |res_V_132_reg_3076                                                                       |  16|   0|   16|          0|
    |res_V_133_reg_3081                                                                       |  16|   0|   16|          0|
    |res_V_134_reg_3086                                                                       |  16|   0|   16|          0|
    |res_V_135_reg_3091                                                                       |  16|   0|   16|          0|
    |res_V_73_reg_2781                                                                        |  16|   0|   16|          0|
    |res_V_74_reg_2786                                                                        |  16|   0|   16|          0|
    |res_V_75_reg_2791                                                                        |  16|   0|   16|          0|
    |res_V_76_reg_2796                                                                        |  16|   0|   16|          0|
    |res_V_77_reg_2801                                                                        |  16|   0|   16|          0|
    |res_V_78_reg_2806                                                                        |  16|   0|   16|          0|
    |res_V_79_reg_2811                                                                        |  16|   0|   16|          0|
    |res_V_80_reg_2816                                                                        |  16|   0|   16|          0|
    |res_V_81_reg_2821                                                                        |  16|   0|   16|          0|
    |res_V_82_reg_2826                                                                        |  16|   0|   16|          0|
    |res_V_83_reg_2831                                                                        |  16|   0|   16|          0|
    |res_V_84_reg_2836                                                                        |  16|   0|   16|          0|
    |res_V_85_reg_2841                                                                        |  16|   0|   16|          0|
    |res_V_86_reg_2846                                                                        |  16|   0|   16|          0|
    |res_V_87_reg_2851                                                                        |  16|   0|   16|          0|
    |res_V_88_reg_2856                                                                        |  16|   0|   16|          0|
    |res_V_89_reg_2861                                                                        |  16|   0|   16|          0|
    |res_V_90_reg_2866                                                                        |  16|   0|   16|          0|
    |res_V_91_reg_2871                                                                        |  16|   0|   16|          0|
    |res_V_92_reg_2876                                                                        |  16|   0|   16|          0|
    |res_V_93_reg_2881                                                                        |  16|   0|   16|          0|
    |res_V_94_reg_2886                                                                        |  16|   0|   16|          0|
    |res_V_95_reg_2891                                                                        |  16|   0|   16|          0|
    |res_V_96_reg_2896                                                                        |  16|   0|   16|          0|
    |res_V_97_reg_2901                                                                        |  16|   0|   16|          0|
    |res_V_98_reg_2906                                                                        |  16|   0|   16|          0|
    |res_V_99_reg_2911                                                                        |  16|   0|   16|          0|
    |res_V_reg_2776                                                                           |  16|   0|   16|          0|
    |start_once_reg                                                                           |   1|   0|    1|          0|
    +-----------------------------------------------------------------------------------------+----+----+-----+-----------+
    |Total                                                                                    |2054|   0| 2054|          0|
    +-----------------------------------------------------------------------------------------+----+----+-----+-----------+



================================================================
== Interface
================================================================
* Summary: 
+---------------------------------+-----+-----+------------+-------------------------------------------------------------------+--------------+
|            RTL Ports            | Dir | Bits|  Protocol  |                           Source Object                           |    C Type    |
+---------------------------------+-----+-----+------------+-------------------------------------------------------------------+--------------+
|ap_clk                           |   in|    1|  ap_ctrl_hs|  dense<ap_fixed<8, 3, 4, 0, 0>, ap_fixed<16, 6, 5, 3, 0>, config4>|  return value|
|ap_rst                           |   in|    1|  ap_ctrl_hs|  dense<ap_fixed<8, 3, 4, 0, 0>, ap_fixed<16, 6, 5, 3, 0>, config4>|  return value|
|ap_start                         |   in|    1|  ap_ctrl_hs|  dense<ap_fixed<8, 3, 4, 0, 0>, ap_fixed<16, 6, 5, 3, 0>, config4>|  return value|
|start_full_n                     |   in|    1|  ap_ctrl_hs|  dense<ap_fixed<8, 3, 4, 0, 0>, ap_fixed<16, 6, 5, 3, 0>, config4>|  return value|
|ap_done                          |  out|    1|  ap_ctrl_hs|  dense<ap_fixed<8, 3, 4, 0, 0>, ap_fixed<16, 6, 5, 3, 0>, config4>|  return value|
|ap_continue                      |   in|    1|  ap_ctrl_hs|  dense<ap_fixed<8, 3, 4, 0, 0>, ap_fixed<16, 6, 5, 3, 0>, config4>|  return value|
|ap_idle                          |  out|    1|  ap_ctrl_hs|  dense<ap_fixed<8, 3, 4, 0, 0>, ap_fixed<16, 6, 5, 3, 0>, config4>|  return value|
|ap_ready                         |  out|    1|  ap_ctrl_hs|  dense<ap_fixed<8, 3, 4, 0, 0>, ap_fixed<16, 6, 5, 3, 0>, config4>|  return value|
|start_out                        |  out|    1|  ap_ctrl_hs|  dense<ap_fixed<8, 3, 4, 0, 0>, ap_fixed<16, 6, 5, 3, 0>, config4>|  return value|
|start_write                      |  out|    1|  ap_ctrl_hs|  dense<ap_fixed<8, 3, 4, 0, 0>, ap_fixed<16, 6, 5, 3, 0>, config4>|  return value|
|layer3_out_i_0_dout              |   in|    8|     ap_fifo|                                                     layer3_out_i_0|       pointer|
|layer3_out_i_0_num_data_valid    |   in|    2|     ap_fifo|                                                     layer3_out_i_0|       pointer|
|layer3_out_i_0_fifo_cap          |   in|    2|     ap_fifo|                                                     layer3_out_i_0|       pointer|
|layer3_out_i_0_empty_n           |   in|    1|     ap_fifo|                                                     layer3_out_i_0|       pointer|
|layer3_out_i_0_read              |  out|    1|     ap_fifo|                                                     layer3_out_i_0|       pointer|
|layer3_out_i_1_dout              |   in|    8|     ap_fifo|                                                     layer3_out_i_1|       pointer|
|layer3_out_i_1_num_data_valid    |   in|    2|     ap_fifo|                                                     layer3_out_i_1|       pointer|
|layer3_out_i_1_fifo_cap          |   in|    2|     ap_fifo|                                                     layer3_out_i_1|       pointer|
|layer3_out_i_1_empty_n           |   in|    1|     ap_fifo|                                                     layer3_out_i_1|       pointer|
|layer3_out_i_1_read              |  out|    1|     ap_fifo|                                                     layer3_out_i_1|       pointer|
|layer3_out_i_2_dout              |   in|    8|     ap_fifo|                                                     layer3_out_i_2|       pointer|
|layer3_out_i_2_num_data_valid    |   in|    2|     ap_fifo|                                                     layer3_out_i_2|       pointer|
|layer3_out_i_2_fifo_cap          |   in|    2|     ap_fifo|                                                     layer3_out_i_2|       pointer|
|layer3_out_i_2_empty_n           |   in|    1|     ap_fifo|                                                     layer3_out_i_2|       pointer|
|layer3_out_i_2_read              |  out|    1|     ap_fifo|                                                     layer3_out_i_2|       pointer|
|layer3_out_i_3_dout              |   in|    8|     ap_fifo|                                                     layer3_out_i_3|       pointer|
|layer3_out_i_3_num_data_valid    |   in|    2|     ap_fifo|                                                     layer3_out_i_3|       pointer|
|layer3_out_i_3_fifo_cap          |   in|    2|     ap_fifo|                                                     layer3_out_i_3|       pointer|
|layer3_out_i_3_empty_n           |   in|    1|     ap_fifo|                                                     layer3_out_i_3|       pointer|
|layer3_out_i_3_read              |  out|    1|     ap_fifo|                                                     layer3_out_i_3|       pointer|
|layer3_out_i_4_dout              |   in|    8|     ap_fifo|                                                     layer3_out_i_4|       pointer|
|layer3_out_i_4_num_data_valid    |   in|    2|     ap_fifo|                                                     layer3_out_i_4|       pointer|
|layer3_out_i_4_fifo_cap          |   in|    2|     ap_fifo|                                                     layer3_out_i_4|       pointer|
|layer3_out_i_4_empty_n           |   in|    1|     ap_fifo|                                                     layer3_out_i_4|       pointer|
|layer3_out_i_4_read              |  out|    1|     ap_fifo|                                                     layer3_out_i_4|       pointer|
|layer3_out_i_5_dout              |   in|    8|     ap_fifo|                                                     layer3_out_i_5|       pointer|
|layer3_out_i_5_num_data_valid    |   in|    2|     ap_fifo|                                                     layer3_out_i_5|       pointer|
|layer3_out_i_5_fifo_cap          |   in|    2|     ap_fifo|                                                     layer3_out_i_5|       pointer|
|layer3_out_i_5_empty_n           |   in|    1|     ap_fifo|                                                     layer3_out_i_5|       pointer|
|layer3_out_i_5_read              |  out|    1|     ap_fifo|                                                     layer3_out_i_5|       pointer|
|layer3_out_i_6_dout              |   in|    8|     ap_fifo|                                                     layer3_out_i_6|       pointer|
|layer3_out_i_6_num_data_valid    |   in|    2|     ap_fifo|                                                     layer3_out_i_6|       pointer|
|layer3_out_i_6_fifo_cap          |   in|    2|     ap_fifo|                                                     layer3_out_i_6|       pointer|
|layer3_out_i_6_empty_n           |   in|    1|     ap_fifo|                                                     layer3_out_i_6|       pointer|
|layer3_out_i_6_read              |  out|    1|     ap_fifo|                                                     layer3_out_i_6|       pointer|
|layer3_out_i_7_dout              |   in|    8|     ap_fifo|                                                     layer3_out_i_7|       pointer|
|layer3_out_i_7_num_data_valid    |   in|    2|     ap_fifo|                                                     layer3_out_i_7|       pointer|
|layer3_out_i_7_fifo_cap          |   in|    2|     ap_fifo|                                                     layer3_out_i_7|       pointer|
|layer3_out_i_7_empty_n           |   in|    1|     ap_fifo|                                                     layer3_out_i_7|       pointer|
|layer3_out_i_7_read              |  out|    1|     ap_fifo|                                                     layer3_out_i_7|       pointer|
|layer3_out_i_8_dout              |   in|    8|     ap_fifo|                                                     layer3_out_i_8|       pointer|
|layer3_out_i_8_num_data_valid    |   in|    2|     ap_fifo|                                                     layer3_out_i_8|       pointer|
|layer3_out_i_8_fifo_cap          |   in|    2|     ap_fifo|                                                     layer3_out_i_8|       pointer|
|layer3_out_i_8_empty_n           |   in|    1|     ap_fifo|                                                     layer3_out_i_8|       pointer|
|layer3_out_i_8_read              |  out|    1|     ap_fifo|                                                     layer3_out_i_8|       pointer|
|layer3_out_i_9_dout              |   in|    8|     ap_fifo|                                                     layer3_out_i_9|       pointer|
|layer3_out_i_9_num_data_valid    |   in|    2|     ap_fifo|                                                     layer3_out_i_9|       pointer|
|layer3_out_i_9_fifo_cap          |   in|    2|     ap_fifo|                                                     layer3_out_i_9|       pointer|
|layer3_out_i_9_empty_n           |   in|    1|     ap_fifo|                                                     layer3_out_i_9|       pointer|
|layer3_out_i_9_read              |  out|    1|     ap_fifo|                                                     layer3_out_i_9|       pointer|
|layer3_out_i_10_dout             |   in|    8|     ap_fifo|                                                    layer3_out_i_10|       pointer|
|layer3_out_i_10_num_data_valid   |   in|    2|     ap_fifo|                                                    layer3_out_i_10|       pointer|
|layer3_out_i_10_fifo_cap         |   in|    2|     ap_fifo|                                                    layer3_out_i_10|       pointer|
|layer3_out_i_10_empty_n          |   in|    1|     ap_fifo|                                                    layer3_out_i_10|       pointer|
|layer3_out_i_10_read             |  out|    1|     ap_fifo|                                                    layer3_out_i_10|       pointer|
|layer3_out_i_11_dout             |   in|    8|     ap_fifo|                                                    layer3_out_i_11|       pointer|
|layer3_out_i_11_num_data_valid   |   in|    2|     ap_fifo|                                                    layer3_out_i_11|       pointer|
|layer3_out_i_11_fifo_cap         |   in|    2|     ap_fifo|                                                    layer3_out_i_11|       pointer|
|layer3_out_i_11_empty_n          |   in|    1|     ap_fifo|                                                    layer3_out_i_11|       pointer|
|layer3_out_i_11_read             |  out|    1|     ap_fifo|                                                    layer3_out_i_11|       pointer|
|layer3_out_i_12_dout             |   in|    8|     ap_fifo|                                                    layer3_out_i_12|       pointer|
|layer3_out_i_12_num_data_valid   |   in|    2|     ap_fifo|                                                    layer3_out_i_12|       pointer|
|layer3_out_i_12_fifo_cap         |   in|    2|     ap_fifo|                                                    layer3_out_i_12|       pointer|
|layer3_out_i_12_empty_n          |   in|    1|     ap_fifo|                                                    layer3_out_i_12|       pointer|
|layer3_out_i_12_read             |  out|    1|     ap_fifo|                                                    layer3_out_i_12|       pointer|
|layer3_out_i_13_dout             |   in|    8|     ap_fifo|                                                    layer3_out_i_13|       pointer|
|layer3_out_i_13_num_data_valid   |   in|    2|     ap_fifo|                                                    layer3_out_i_13|       pointer|
|layer3_out_i_13_fifo_cap         |   in|    2|     ap_fifo|                                                    layer3_out_i_13|       pointer|
|layer3_out_i_13_empty_n          |   in|    1|     ap_fifo|                                                    layer3_out_i_13|       pointer|
|layer3_out_i_13_read             |  out|    1|     ap_fifo|                                                    layer3_out_i_13|       pointer|
|layer3_out_i_14_dout             |   in|    8|     ap_fifo|                                                    layer3_out_i_14|       pointer|
|layer3_out_i_14_num_data_valid   |   in|    2|     ap_fifo|                                                    layer3_out_i_14|       pointer|
|layer3_out_i_14_fifo_cap         |   in|    2|     ap_fifo|                                                    layer3_out_i_14|       pointer|
|layer3_out_i_14_empty_n          |   in|    1|     ap_fifo|                                                    layer3_out_i_14|       pointer|
|layer3_out_i_14_read             |  out|    1|     ap_fifo|                                                    layer3_out_i_14|       pointer|
|layer3_out_i_15_dout             |   in|    8|     ap_fifo|                                                    layer3_out_i_15|       pointer|
|layer3_out_i_15_num_data_valid   |   in|    2|     ap_fifo|                                                    layer3_out_i_15|       pointer|
|layer3_out_i_15_fifo_cap         |   in|    2|     ap_fifo|                                                    layer3_out_i_15|       pointer|
|layer3_out_i_15_empty_n          |   in|    1|     ap_fifo|                                                    layer3_out_i_15|       pointer|
|layer3_out_i_15_read             |  out|    1|     ap_fifo|                                                    layer3_out_i_15|       pointer|
|layer3_out_i_16_dout             |   in|    8|     ap_fifo|                                                    layer3_out_i_16|       pointer|
|layer3_out_i_16_num_data_valid   |   in|    2|     ap_fifo|                                                    layer3_out_i_16|       pointer|
|layer3_out_i_16_fifo_cap         |   in|    2|     ap_fifo|                                                    layer3_out_i_16|       pointer|
|layer3_out_i_16_empty_n          |   in|    1|     ap_fifo|                                                    layer3_out_i_16|       pointer|
|layer3_out_i_16_read             |  out|    1|     ap_fifo|                                                    layer3_out_i_16|       pointer|
|layer3_out_i_17_dout             |   in|    8|     ap_fifo|                                                    layer3_out_i_17|       pointer|
|layer3_out_i_17_num_data_valid   |   in|    2|     ap_fifo|                                                    layer3_out_i_17|       pointer|
|layer3_out_i_17_fifo_cap         |   in|    2|     ap_fifo|                                                    layer3_out_i_17|       pointer|
|layer3_out_i_17_empty_n          |   in|    1|     ap_fifo|                                                    layer3_out_i_17|       pointer|
|layer3_out_i_17_read             |  out|    1|     ap_fifo|                                                    layer3_out_i_17|       pointer|
|layer3_out_i_18_dout             |   in|    8|     ap_fifo|                                                    layer3_out_i_18|       pointer|
|layer3_out_i_18_num_data_valid   |   in|    2|     ap_fifo|                                                    layer3_out_i_18|       pointer|
|layer3_out_i_18_fifo_cap         |   in|    2|     ap_fifo|                                                    layer3_out_i_18|       pointer|
|layer3_out_i_18_empty_n          |   in|    1|     ap_fifo|                                                    layer3_out_i_18|       pointer|
|layer3_out_i_18_read             |  out|    1|     ap_fifo|                                                    layer3_out_i_18|       pointer|
|layer3_out_i_19_dout             |   in|    8|     ap_fifo|                                                    layer3_out_i_19|       pointer|
|layer3_out_i_19_num_data_valid   |   in|    2|     ap_fifo|                                                    layer3_out_i_19|       pointer|
|layer3_out_i_19_fifo_cap         |   in|    2|     ap_fifo|                                                    layer3_out_i_19|       pointer|
|layer3_out_i_19_empty_n          |   in|    1|     ap_fifo|                                                    layer3_out_i_19|       pointer|
|layer3_out_i_19_read             |  out|    1|     ap_fifo|                                                    layer3_out_i_19|       pointer|
|layer3_out_i_20_dout             |   in|    8|     ap_fifo|                                                    layer3_out_i_20|       pointer|
|layer3_out_i_20_num_data_valid   |   in|    2|     ap_fifo|                                                    layer3_out_i_20|       pointer|
|layer3_out_i_20_fifo_cap         |   in|    2|     ap_fifo|                                                    layer3_out_i_20|       pointer|
|layer3_out_i_20_empty_n          |   in|    1|     ap_fifo|                                                    layer3_out_i_20|       pointer|
|layer3_out_i_20_read             |  out|    1|     ap_fifo|                                                    layer3_out_i_20|       pointer|
|layer3_out_i_21_dout             |   in|    8|     ap_fifo|                                                    layer3_out_i_21|       pointer|
|layer3_out_i_21_num_data_valid   |   in|    2|     ap_fifo|                                                    layer3_out_i_21|       pointer|
|layer3_out_i_21_fifo_cap         |   in|    2|     ap_fifo|                                                    layer3_out_i_21|       pointer|
|layer3_out_i_21_empty_n          |   in|    1|     ap_fifo|                                                    layer3_out_i_21|       pointer|
|layer3_out_i_21_read             |  out|    1|     ap_fifo|                                                    layer3_out_i_21|       pointer|
|layer3_out_i_22_dout             |   in|    8|     ap_fifo|                                                    layer3_out_i_22|       pointer|
|layer3_out_i_22_num_data_valid   |   in|    2|     ap_fifo|                                                    layer3_out_i_22|       pointer|
|layer3_out_i_22_fifo_cap         |   in|    2|     ap_fifo|                                                    layer3_out_i_22|       pointer|
|layer3_out_i_22_empty_n          |   in|    1|     ap_fifo|                                                    layer3_out_i_22|       pointer|
|layer3_out_i_22_read             |  out|    1|     ap_fifo|                                                    layer3_out_i_22|       pointer|
|layer3_out_i_23_dout             |   in|    8|     ap_fifo|                                                    layer3_out_i_23|       pointer|
|layer3_out_i_23_num_data_valid   |   in|    2|     ap_fifo|                                                    layer3_out_i_23|       pointer|
|layer3_out_i_23_fifo_cap         |   in|    2|     ap_fifo|                                                    layer3_out_i_23|       pointer|
|layer3_out_i_23_empty_n          |   in|    1|     ap_fifo|                                                    layer3_out_i_23|       pointer|
|layer3_out_i_23_read             |  out|    1|     ap_fifo|                                                    layer3_out_i_23|       pointer|
|layer3_out_i_24_dout             |   in|    8|     ap_fifo|                                                    layer3_out_i_24|       pointer|
|layer3_out_i_24_num_data_valid   |   in|    2|     ap_fifo|                                                    layer3_out_i_24|       pointer|
|layer3_out_i_24_fifo_cap         |   in|    2|     ap_fifo|                                                    layer3_out_i_24|       pointer|
|layer3_out_i_24_empty_n          |   in|    1|     ap_fifo|                                                    layer3_out_i_24|       pointer|
|layer3_out_i_24_read             |  out|    1|     ap_fifo|                                                    layer3_out_i_24|       pointer|
|layer3_out_i_25_dout             |   in|    8|     ap_fifo|                                                    layer3_out_i_25|       pointer|
|layer3_out_i_25_num_data_valid   |   in|    2|     ap_fifo|                                                    layer3_out_i_25|       pointer|
|layer3_out_i_25_fifo_cap         |   in|    2|     ap_fifo|                                                    layer3_out_i_25|       pointer|
|layer3_out_i_25_empty_n          |   in|    1|     ap_fifo|                                                    layer3_out_i_25|       pointer|
|layer3_out_i_25_read             |  out|    1|     ap_fifo|                                                    layer3_out_i_25|       pointer|
|layer3_out_i_26_dout             |   in|    8|     ap_fifo|                                                    layer3_out_i_26|       pointer|
|layer3_out_i_26_num_data_valid   |   in|    2|     ap_fifo|                                                    layer3_out_i_26|       pointer|
|layer3_out_i_26_fifo_cap         |   in|    2|     ap_fifo|                                                    layer3_out_i_26|       pointer|
|layer3_out_i_26_empty_n          |   in|    1|     ap_fifo|                                                    layer3_out_i_26|       pointer|
|layer3_out_i_26_read             |  out|    1|     ap_fifo|                                                    layer3_out_i_26|       pointer|
|layer3_out_i_27_dout             |   in|    8|     ap_fifo|                                                    layer3_out_i_27|       pointer|
|layer3_out_i_27_num_data_valid   |   in|    2|     ap_fifo|                                                    layer3_out_i_27|       pointer|
|layer3_out_i_27_fifo_cap         |   in|    2|     ap_fifo|                                                    layer3_out_i_27|       pointer|
|layer3_out_i_27_empty_n          |   in|    1|     ap_fifo|                                                    layer3_out_i_27|       pointer|
|layer3_out_i_27_read             |  out|    1|     ap_fifo|                                                    layer3_out_i_27|       pointer|
|layer3_out_i_28_dout             |   in|    8|     ap_fifo|                                                    layer3_out_i_28|       pointer|
|layer3_out_i_28_num_data_valid   |   in|    2|     ap_fifo|                                                    layer3_out_i_28|       pointer|
|layer3_out_i_28_fifo_cap         |   in|    2|     ap_fifo|                                                    layer3_out_i_28|       pointer|
|layer3_out_i_28_empty_n          |   in|    1|     ap_fifo|                                                    layer3_out_i_28|       pointer|
|layer3_out_i_28_read             |  out|    1|     ap_fifo|                                                    layer3_out_i_28|       pointer|
|layer3_out_i_29_dout             |   in|    8|     ap_fifo|                                                    layer3_out_i_29|       pointer|
|layer3_out_i_29_num_data_valid   |   in|    2|     ap_fifo|                                                    layer3_out_i_29|       pointer|
|layer3_out_i_29_fifo_cap         |   in|    2|     ap_fifo|                                                    layer3_out_i_29|       pointer|
|layer3_out_i_29_empty_n          |   in|    1|     ap_fifo|                                                    layer3_out_i_29|       pointer|
|layer3_out_i_29_read             |  out|    1|     ap_fifo|                                                    layer3_out_i_29|       pointer|
|layer3_out_i_30_dout             |   in|    8|     ap_fifo|                                                    layer3_out_i_30|       pointer|
|layer3_out_i_30_num_data_valid   |   in|    2|     ap_fifo|                                                    layer3_out_i_30|       pointer|
|layer3_out_i_30_fifo_cap         |   in|    2|     ap_fifo|                                                    layer3_out_i_30|       pointer|
|layer3_out_i_30_empty_n          |   in|    1|     ap_fifo|                                                    layer3_out_i_30|       pointer|
|layer3_out_i_30_read             |  out|    1|     ap_fifo|                                                    layer3_out_i_30|       pointer|
|layer3_out_i_31_dout             |   in|    8|     ap_fifo|                                                    layer3_out_i_31|       pointer|
|layer3_out_i_31_num_data_valid   |   in|    2|     ap_fifo|                                                    layer3_out_i_31|       pointer|
|layer3_out_i_31_fifo_cap         |   in|    2|     ap_fifo|                                                    layer3_out_i_31|       pointer|
|layer3_out_i_31_empty_n          |   in|    1|     ap_fifo|                                                    layer3_out_i_31|       pointer|
|layer3_out_i_31_read             |  out|    1|     ap_fifo|                                                    layer3_out_i_31|       pointer|
|layer3_out_i_32_dout             |   in|    8|     ap_fifo|                                                    layer3_out_i_32|       pointer|
|layer3_out_i_32_num_data_valid   |   in|    2|     ap_fifo|                                                    layer3_out_i_32|       pointer|
|layer3_out_i_32_fifo_cap         |   in|    2|     ap_fifo|                                                    layer3_out_i_32|       pointer|
|layer3_out_i_32_empty_n          |   in|    1|     ap_fifo|                                                    layer3_out_i_32|       pointer|
|layer3_out_i_32_read             |  out|    1|     ap_fifo|                                                    layer3_out_i_32|       pointer|
|layer3_out_i_33_dout             |   in|    8|     ap_fifo|                                                    layer3_out_i_33|       pointer|
|layer3_out_i_33_num_data_valid   |   in|    2|     ap_fifo|                                                    layer3_out_i_33|       pointer|
|layer3_out_i_33_fifo_cap         |   in|    2|     ap_fifo|                                                    layer3_out_i_33|       pointer|
|layer3_out_i_33_empty_n          |   in|    1|     ap_fifo|                                                    layer3_out_i_33|       pointer|
|layer3_out_i_33_read             |  out|    1|     ap_fifo|                                                    layer3_out_i_33|       pointer|
|layer3_out_i_34_dout             |   in|    8|     ap_fifo|                                                    layer3_out_i_34|       pointer|
|layer3_out_i_34_num_data_valid   |   in|    2|     ap_fifo|                                                    layer3_out_i_34|       pointer|
|layer3_out_i_34_fifo_cap         |   in|    2|     ap_fifo|                                                    layer3_out_i_34|       pointer|
|layer3_out_i_34_empty_n          |   in|    1|     ap_fifo|                                                    layer3_out_i_34|       pointer|
|layer3_out_i_34_read             |  out|    1|     ap_fifo|                                                    layer3_out_i_34|       pointer|
|layer3_out_i_35_dout             |   in|    8|     ap_fifo|                                                    layer3_out_i_35|       pointer|
|layer3_out_i_35_num_data_valid   |   in|    2|     ap_fifo|                                                    layer3_out_i_35|       pointer|
|layer3_out_i_35_fifo_cap         |   in|    2|     ap_fifo|                                                    layer3_out_i_35|       pointer|
|layer3_out_i_35_empty_n          |   in|    1|     ap_fifo|                                                    layer3_out_i_35|       pointer|
|layer3_out_i_35_read             |  out|    1|     ap_fifo|                                                    layer3_out_i_35|       pointer|
|layer3_out_i_36_dout             |   in|    8|     ap_fifo|                                                    layer3_out_i_36|       pointer|
|layer3_out_i_36_num_data_valid   |   in|    2|     ap_fifo|                                                    layer3_out_i_36|       pointer|
|layer3_out_i_36_fifo_cap         |   in|    2|     ap_fifo|                                                    layer3_out_i_36|       pointer|
|layer3_out_i_36_empty_n          |   in|    1|     ap_fifo|                                                    layer3_out_i_36|       pointer|
|layer3_out_i_36_read             |  out|    1|     ap_fifo|                                                    layer3_out_i_36|       pointer|
|layer3_out_i_37_dout             |   in|    8|     ap_fifo|                                                    layer3_out_i_37|       pointer|
|layer3_out_i_37_num_data_valid   |   in|    2|     ap_fifo|                                                    layer3_out_i_37|       pointer|
|layer3_out_i_37_fifo_cap         |   in|    2|     ap_fifo|                                                    layer3_out_i_37|       pointer|
|layer3_out_i_37_empty_n          |   in|    1|     ap_fifo|                                                    layer3_out_i_37|       pointer|
|layer3_out_i_37_read             |  out|    1|     ap_fifo|                                                    layer3_out_i_37|       pointer|
|layer3_out_i_38_dout             |   in|    8|     ap_fifo|                                                    layer3_out_i_38|       pointer|
|layer3_out_i_38_num_data_valid   |   in|    2|     ap_fifo|                                                    layer3_out_i_38|       pointer|
|layer3_out_i_38_fifo_cap         |   in|    2|     ap_fifo|                                                    layer3_out_i_38|       pointer|
|layer3_out_i_38_empty_n          |   in|    1|     ap_fifo|                                                    layer3_out_i_38|       pointer|
|layer3_out_i_38_read             |  out|    1|     ap_fifo|                                                    layer3_out_i_38|       pointer|
|layer3_out_i_39_dout             |   in|    8|     ap_fifo|                                                    layer3_out_i_39|       pointer|
|layer3_out_i_39_num_data_valid   |   in|    2|     ap_fifo|                                                    layer3_out_i_39|       pointer|
|layer3_out_i_39_fifo_cap         |   in|    2|     ap_fifo|                                                    layer3_out_i_39|       pointer|
|layer3_out_i_39_empty_n          |   in|    1|     ap_fifo|                                                    layer3_out_i_39|       pointer|
|layer3_out_i_39_read             |  out|    1|     ap_fifo|                                                    layer3_out_i_39|       pointer|
|layer3_out_i_40_dout             |   in|    8|     ap_fifo|                                                    layer3_out_i_40|       pointer|
|layer3_out_i_40_num_data_valid   |   in|    2|     ap_fifo|                                                    layer3_out_i_40|       pointer|
|layer3_out_i_40_fifo_cap         |   in|    2|     ap_fifo|                                                    layer3_out_i_40|       pointer|
|layer3_out_i_40_empty_n          |   in|    1|     ap_fifo|                                                    layer3_out_i_40|       pointer|
|layer3_out_i_40_read             |  out|    1|     ap_fifo|                                                    layer3_out_i_40|       pointer|
|layer3_out_i_41_dout             |   in|    8|     ap_fifo|                                                    layer3_out_i_41|       pointer|
|layer3_out_i_41_num_data_valid   |   in|    2|     ap_fifo|                                                    layer3_out_i_41|       pointer|
|layer3_out_i_41_fifo_cap         |   in|    2|     ap_fifo|                                                    layer3_out_i_41|       pointer|
|layer3_out_i_41_empty_n          |   in|    1|     ap_fifo|                                                    layer3_out_i_41|       pointer|
|layer3_out_i_41_read             |  out|    1|     ap_fifo|                                                    layer3_out_i_41|       pointer|
|layer3_out_i_42_dout             |   in|    8|     ap_fifo|                                                    layer3_out_i_42|       pointer|
|layer3_out_i_42_num_data_valid   |   in|    2|     ap_fifo|                                                    layer3_out_i_42|       pointer|
|layer3_out_i_42_fifo_cap         |   in|    2|     ap_fifo|                                                    layer3_out_i_42|       pointer|
|layer3_out_i_42_empty_n          |   in|    1|     ap_fifo|                                                    layer3_out_i_42|       pointer|
|layer3_out_i_42_read             |  out|    1|     ap_fifo|                                                    layer3_out_i_42|       pointer|
|layer3_out_i_43_dout             |   in|    8|     ap_fifo|                                                    layer3_out_i_43|       pointer|
|layer3_out_i_43_num_data_valid   |   in|    2|     ap_fifo|                                                    layer3_out_i_43|       pointer|
|layer3_out_i_43_fifo_cap         |   in|    2|     ap_fifo|                                                    layer3_out_i_43|       pointer|
|layer3_out_i_43_empty_n          |   in|    1|     ap_fifo|                                                    layer3_out_i_43|       pointer|
|layer3_out_i_43_read             |  out|    1|     ap_fifo|                                                    layer3_out_i_43|       pointer|
|layer3_out_i_44_dout             |   in|    8|     ap_fifo|                                                    layer3_out_i_44|       pointer|
|layer3_out_i_44_num_data_valid   |   in|    2|     ap_fifo|                                                    layer3_out_i_44|       pointer|
|layer3_out_i_44_fifo_cap         |   in|    2|     ap_fifo|                                                    layer3_out_i_44|       pointer|
|layer3_out_i_44_empty_n          |   in|    1|     ap_fifo|                                                    layer3_out_i_44|       pointer|
|layer3_out_i_44_read             |  out|    1|     ap_fifo|                                                    layer3_out_i_44|       pointer|
|layer3_out_i_45_dout             |   in|    8|     ap_fifo|                                                    layer3_out_i_45|       pointer|
|layer3_out_i_45_num_data_valid   |   in|    2|     ap_fifo|                                                    layer3_out_i_45|       pointer|
|layer3_out_i_45_fifo_cap         |   in|    2|     ap_fifo|                                                    layer3_out_i_45|       pointer|
|layer3_out_i_45_empty_n          |   in|    1|     ap_fifo|                                                    layer3_out_i_45|       pointer|
|layer3_out_i_45_read             |  out|    1|     ap_fifo|                                                    layer3_out_i_45|       pointer|
|layer3_out_i_46_dout             |   in|    8|     ap_fifo|                                                    layer3_out_i_46|       pointer|
|layer3_out_i_46_num_data_valid   |   in|    2|     ap_fifo|                                                    layer3_out_i_46|       pointer|
|layer3_out_i_46_fifo_cap         |   in|    2|     ap_fifo|                                                    layer3_out_i_46|       pointer|
|layer3_out_i_46_empty_n          |   in|    1|     ap_fifo|                                                    layer3_out_i_46|       pointer|
|layer3_out_i_46_read             |  out|    1|     ap_fifo|                                                    layer3_out_i_46|       pointer|
|layer3_out_i_47_dout             |   in|    8|     ap_fifo|                                                    layer3_out_i_47|       pointer|
|layer3_out_i_47_num_data_valid   |   in|    2|     ap_fifo|                                                    layer3_out_i_47|       pointer|
|layer3_out_i_47_fifo_cap         |   in|    2|     ap_fifo|                                                    layer3_out_i_47|       pointer|
|layer3_out_i_47_empty_n          |   in|    1|     ap_fifo|                                                    layer3_out_i_47|       pointer|
|layer3_out_i_47_read             |  out|    1|     ap_fifo|                                                    layer3_out_i_47|       pointer|
|layer3_out_i_48_dout             |   in|    8|     ap_fifo|                                                    layer3_out_i_48|       pointer|
|layer3_out_i_48_num_data_valid   |   in|    2|     ap_fifo|                                                    layer3_out_i_48|       pointer|
|layer3_out_i_48_fifo_cap         |   in|    2|     ap_fifo|                                                    layer3_out_i_48|       pointer|
|layer3_out_i_48_empty_n          |   in|    1|     ap_fifo|                                                    layer3_out_i_48|       pointer|
|layer3_out_i_48_read             |  out|    1|     ap_fifo|                                                    layer3_out_i_48|       pointer|
|layer3_out_i_49_dout             |   in|    8|     ap_fifo|                                                    layer3_out_i_49|       pointer|
|layer3_out_i_49_num_data_valid   |   in|    2|     ap_fifo|                                                    layer3_out_i_49|       pointer|
|layer3_out_i_49_fifo_cap         |   in|    2|     ap_fifo|                                                    layer3_out_i_49|       pointer|
|layer3_out_i_49_empty_n          |   in|    1|     ap_fifo|                                                    layer3_out_i_49|       pointer|
|layer3_out_i_49_read             |  out|    1|     ap_fifo|                                                    layer3_out_i_49|       pointer|
|layer3_out_i_50_dout             |   in|    8|     ap_fifo|                                                    layer3_out_i_50|       pointer|
|layer3_out_i_50_num_data_valid   |   in|    2|     ap_fifo|                                                    layer3_out_i_50|       pointer|
|layer3_out_i_50_fifo_cap         |   in|    2|     ap_fifo|                                                    layer3_out_i_50|       pointer|
|layer3_out_i_50_empty_n          |   in|    1|     ap_fifo|                                                    layer3_out_i_50|       pointer|
|layer3_out_i_50_read             |  out|    1|     ap_fifo|                                                    layer3_out_i_50|       pointer|
|layer3_out_i_51_dout             |   in|    8|     ap_fifo|                                                    layer3_out_i_51|       pointer|
|layer3_out_i_51_num_data_valid   |   in|    2|     ap_fifo|                                                    layer3_out_i_51|       pointer|
|layer3_out_i_51_fifo_cap         |   in|    2|     ap_fifo|                                                    layer3_out_i_51|       pointer|
|layer3_out_i_51_empty_n          |   in|    1|     ap_fifo|                                                    layer3_out_i_51|       pointer|
|layer3_out_i_51_read             |  out|    1|     ap_fifo|                                                    layer3_out_i_51|       pointer|
|layer3_out_i_52_dout             |   in|    8|     ap_fifo|                                                    layer3_out_i_52|       pointer|
|layer3_out_i_52_num_data_valid   |   in|    2|     ap_fifo|                                                    layer3_out_i_52|       pointer|
|layer3_out_i_52_fifo_cap         |   in|    2|     ap_fifo|                                                    layer3_out_i_52|       pointer|
|layer3_out_i_52_empty_n          |   in|    1|     ap_fifo|                                                    layer3_out_i_52|       pointer|
|layer3_out_i_52_read             |  out|    1|     ap_fifo|                                                    layer3_out_i_52|       pointer|
|layer3_out_i_53_dout             |   in|    8|     ap_fifo|                                                    layer3_out_i_53|       pointer|
|layer3_out_i_53_num_data_valid   |   in|    2|     ap_fifo|                                                    layer3_out_i_53|       pointer|
|layer3_out_i_53_fifo_cap         |   in|    2|     ap_fifo|                                                    layer3_out_i_53|       pointer|
|layer3_out_i_53_empty_n          |   in|    1|     ap_fifo|                                                    layer3_out_i_53|       pointer|
|layer3_out_i_53_read             |  out|    1|     ap_fifo|                                                    layer3_out_i_53|       pointer|
|layer3_out_i_54_dout             |   in|    8|     ap_fifo|                                                    layer3_out_i_54|       pointer|
|layer3_out_i_54_num_data_valid   |   in|    2|     ap_fifo|                                                    layer3_out_i_54|       pointer|
|layer3_out_i_54_fifo_cap         |   in|    2|     ap_fifo|                                                    layer3_out_i_54|       pointer|
|layer3_out_i_54_empty_n          |   in|    1|     ap_fifo|                                                    layer3_out_i_54|       pointer|
|layer3_out_i_54_read             |  out|    1|     ap_fifo|                                                    layer3_out_i_54|       pointer|
|layer3_out_i_55_dout             |   in|    8|     ap_fifo|                                                    layer3_out_i_55|       pointer|
|layer3_out_i_55_num_data_valid   |   in|    2|     ap_fifo|                                                    layer3_out_i_55|       pointer|
|layer3_out_i_55_fifo_cap         |   in|    2|     ap_fifo|                                                    layer3_out_i_55|       pointer|
|layer3_out_i_55_empty_n          |   in|    1|     ap_fifo|                                                    layer3_out_i_55|       pointer|
|layer3_out_i_55_read             |  out|    1|     ap_fifo|                                                    layer3_out_i_55|       pointer|
|layer3_out_i_56_dout             |   in|    8|     ap_fifo|                                                    layer3_out_i_56|       pointer|
|layer3_out_i_56_num_data_valid   |   in|    2|     ap_fifo|                                                    layer3_out_i_56|       pointer|
|layer3_out_i_56_fifo_cap         |   in|    2|     ap_fifo|                                                    layer3_out_i_56|       pointer|
|layer3_out_i_56_empty_n          |   in|    1|     ap_fifo|                                                    layer3_out_i_56|       pointer|
|layer3_out_i_56_read             |  out|    1|     ap_fifo|                                                    layer3_out_i_56|       pointer|
|layer3_out_i_57_dout             |   in|    8|     ap_fifo|                                                    layer3_out_i_57|       pointer|
|layer3_out_i_57_num_data_valid   |   in|    2|     ap_fifo|                                                    layer3_out_i_57|       pointer|
|layer3_out_i_57_fifo_cap         |   in|    2|     ap_fifo|                                                    layer3_out_i_57|       pointer|
|layer3_out_i_57_empty_n          |   in|    1|     ap_fifo|                                                    layer3_out_i_57|       pointer|
|layer3_out_i_57_read             |  out|    1|     ap_fifo|                                                    layer3_out_i_57|       pointer|
|layer3_out_i_58_dout             |   in|    8|     ap_fifo|                                                    layer3_out_i_58|       pointer|
|layer3_out_i_58_num_data_valid   |   in|    2|     ap_fifo|                                                    layer3_out_i_58|       pointer|
|layer3_out_i_58_fifo_cap         |   in|    2|     ap_fifo|                                                    layer3_out_i_58|       pointer|
|layer3_out_i_58_empty_n          |   in|    1|     ap_fifo|                                                    layer3_out_i_58|       pointer|
|layer3_out_i_58_read             |  out|    1|     ap_fifo|                                                    layer3_out_i_58|       pointer|
|layer3_out_i_59_dout             |   in|    8|     ap_fifo|                                                    layer3_out_i_59|       pointer|
|layer3_out_i_59_num_data_valid   |   in|    2|     ap_fifo|                                                    layer3_out_i_59|       pointer|
|layer3_out_i_59_fifo_cap         |   in|    2|     ap_fifo|                                                    layer3_out_i_59|       pointer|
|layer3_out_i_59_empty_n          |   in|    1|     ap_fifo|                                                    layer3_out_i_59|       pointer|
|layer3_out_i_59_read             |  out|    1|     ap_fifo|                                                    layer3_out_i_59|       pointer|
|layer3_out_i_60_dout             |   in|    8|     ap_fifo|                                                    layer3_out_i_60|       pointer|
|layer3_out_i_60_num_data_valid   |   in|    2|     ap_fifo|                                                    layer3_out_i_60|       pointer|
|layer3_out_i_60_fifo_cap         |   in|    2|     ap_fifo|                                                    layer3_out_i_60|       pointer|
|layer3_out_i_60_empty_n          |   in|    1|     ap_fifo|                                                    layer3_out_i_60|       pointer|
|layer3_out_i_60_read             |  out|    1|     ap_fifo|                                                    layer3_out_i_60|       pointer|
|layer3_out_i_61_dout             |   in|    8|     ap_fifo|                                                    layer3_out_i_61|       pointer|
|layer3_out_i_61_num_data_valid   |   in|    2|     ap_fifo|                                                    layer3_out_i_61|       pointer|
|layer3_out_i_61_fifo_cap         |   in|    2|     ap_fifo|                                                    layer3_out_i_61|       pointer|
|layer3_out_i_61_empty_n          |   in|    1|     ap_fifo|                                                    layer3_out_i_61|       pointer|
|layer3_out_i_61_read             |  out|    1|     ap_fifo|                                                    layer3_out_i_61|       pointer|
|layer3_out_i_62_dout             |   in|    8|     ap_fifo|                                                    layer3_out_i_62|       pointer|
|layer3_out_i_62_num_data_valid   |   in|    2|     ap_fifo|                                                    layer3_out_i_62|       pointer|
|layer3_out_i_62_fifo_cap         |   in|    2|     ap_fifo|                                                    layer3_out_i_62|       pointer|
|layer3_out_i_62_empty_n          |   in|    1|     ap_fifo|                                                    layer3_out_i_62|       pointer|
|layer3_out_i_62_read             |  out|    1|     ap_fifo|                                                    layer3_out_i_62|       pointer|
|layer3_out_i_63_dout             |   in|    8|     ap_fifo|                                                    layer3_out_i_63|       pointer|
|layer3_out_i_63_num_data_valid   |   in|    2|     ap_fifo|                                                    layer3_out_i_63|       pointer|
|layer3_out_i_63_fifo_cap         |   in|    2|     ap_fifo|                                                    layer3_out_i_63|       pointer|
|layer3_out_i_63_empty_n          |   in|    1|     ap_fifo|                                                    layer3_out_i_63|       pointer|
|layer3_out_i_63_read             |  out|    1|     ap_fifo|                                                    layer3_out_i_63|       pointer|
|layer3_out_i_64_dout             |   in|    8|     ap_fifo|                                                    layer3_out_i_64|       pointer|
|layer3_out_i_64_num_data_valid   |   in|    2|     ap_fifo|                                                    layer3_out_i_64|       pointer|
|layer3_out_i_64_fifo_cap         |   in|    2|     ap_fifo|                                                    layer3_out_i_64|       pointer|
|layer3_out_i_64_empty_n          |   in|    1|     ap_fifo|                                                    layer3_out_i_64|       pointer|
|layer3_out_i_64_read             |  out|    1|     ap_fifo|                                                    layer3_out_i_64|       pointer|
|layer3_out_i_65_dout             |   in|    8|     ap_fifo|                                                    layer3_out_i_65|       pointer|
|layer3_out_i_65_num_data_valid   |   in|    2|     ap_fifo|                                                    layer3_out_i_65|       pointer|
|layer3_out_i_65_fifo_cap         |   in|    2|     ap_fifo|                                                    layer3_out_i_65|       pointer|
|layer3_out_i_65_empty_n          |   in|    1|     ap_fifo|                                                    layer3_out_i_65|       pointer|
|layer3_out_i_65_read             |  out|    1|     ap_fifo|                                                    layer3_out_i_65|       pointer|
|layer3_out_i_66_dout             |   in|    8|     ap_fifo|                                                    layer3_out_i_66|       pointer|
|layer3_out_i_66_num_data_valid   |   in|    2|     ap_fifo|                                                    layer3_out_i_66|       pointer|
|layer3_out_i_66_fifo_cap         |   in|    2|     ap_fifo|                                                    layer3_out_i_66|       pointer|
|layer3_out_i_66_empty_n          |   in|    1|     ap_fifo|                                                    layer3_out_i_66|       pointer|
|layer3_out_i_66_read             |  out|    1|     ap_fifo|                                                    layer3_out_i_66|       pointer|
|layer3_out_i_67_dout             |   in|    8|     ap_fifo|                                                    layer3_out_i_67|       pointer|
|layer3_out_i_67_num_data_valid   |   in|    2|     ap_fifo|                                                    layer3_out_i_67|       pointer|
|layer3_out_i_67_fifo_cap         |   in|    2|     ap_fifo|                                                    layer3_out_i_67|       pointer|
|layer3_out_i_67_empty_n          |   in|    1|     ap_fifo|                                                    layer3_out_i_67|       pointer|
|layer3_out_i_67_read             |  out|    1|     ap_fifo|                                                    layer3_out_i_67|       pointer|
|layer3_out_i_68_dout             |   in|    8|     ap_fifo|                                                    layer3_out_i_68|       pointer|
|layer3_out_i_68_num_data_valid   |   in|    2|     ap_fifo|                                                    layer3_out_i_68|       pointer|
|layer3_out_i_68_fifo_cap         |   in|    2|     ap_fifo|                                                    layer3_out_i_68|       pointer|
|layer3_out_i_68_empty_n          |   in|    1|     ap_fifo|                                                    layer3_out_i_68|       pointer|
|layer3_out_i_68_read             |  out|    1|     ap_fifo|                                                    layer3_out_i_68|       pointer|
|layer3_out_i_69_dout             |   in|    8|     ap_fifo|                                                    layer3_out_i_69|       pointer|
|layer3_out_i_69_num_data_valid   |   in|    2|     ap_fifo|                                                    layer3_out_i_69|       pointer|
|layer3_out_i_69_fifo_cap         |   in|    2|     ap_fifo|                                                    layer3_out_i_69|       pointer|
|layer3_out_i_69_empty_n          |   in|    1|     ap_fifo|                                                    layer3_out_i_69|       pointer|
|layer3_out_i_69_read             |  out|    1|     ap_fifo|                                                    layer3_out_i_69|       pointer|
|layer3_out_i_70_dout             |   in|    8|     ap_fifo|                                                    layer3_out_i_70|       pointer|
|layer3_out_i_70_num_data_valid   |   in|    2|     ap_fifo|                                                    layer3_out_i_70|       pointer|
|layer3_out_i_70_fifo_cap         |   in|    2|     ap_fifo|                                                    layer3_out_i_70|       pointer|
|layer3_out_i_70_empty_n          |   in|    1|     ap_fifo|                                                    layer3_out_i_70|       pointer|
|layer3_out_i_70_read             |  out|    1|     ap_fifo|                                                    layer3_out_i_70|       pointer|
|layer3_out_i_71_dout             |   in|    8|     ap_fifo|                                                    layer3_out_i_71|       pointer|
|layer3_out_i_71_num_data_valid   |   in|    2|     ap_fifo|                                                    layer3_out_i_71|       pointer|
|layer3_out_i_71_fifo_cap         |   in|    2|     ap_fifo|                                                    layer3_out_i_71|       pointer|
|layer3_out_i_71_empty_n          |   in|    1|     ap_fifo|                                                    layer3_out_i_71|       pointer|
|layer3_out_i_71_read             |  out|    1|     ap_fifo|                                                    layer3_out_i_71|       pointer|
|layer3_out_i_72_dout             |   in|    8|     ap_fifo|                                                    layer3_out_i_72|       pointer|
|layer3_out_i_72_num_data_valid   |   in|    2|     ap_fifo|                                                    layer3_out_i_72|       pointer|
|layer3_out_i_72_fifo_cap         |   in|    2|     ap_fifo|                                                    layer3_out_i_72|       pointer|
|layer3_out_i_72_empty_n          |   in|    1|     ap_fifo|                                                    layer3_out_i_72|       pointer|
|layer3_out_i_72_read             |  out|    1|     ap_fifo|                                                    layer3_out_i_72|       pointer|
|layer3_out_i_73_dout             |   in|    8|     ap_fifo|                                                    layer3_out_i_73|       pointer|
|layer3_out_i_73_num_data_valid   |   in|    2|     ap_fifo|                                                    layer3_out_i_73|       pointer|
|layer3_out_i_73_fifo_cap         |   in|    2|     ap_fifo|                                                    layer3_out_i_73|       pointer|
|layer3_out_i_73_empty_n          |   in|    1|     ap_fifo|                                                    layer3_out_i_73|       pointer|
|layer3_out_i_73_read             |  out|    1|     ap_fifo|                                                    layer3_out_i_73|       pointer|
|layer3_out_i_74_dout             |   in|    8|     ap_fifo|                                                    layer3_out_i_74|       pointer|
|layer3_out_i_74_num_data_valid   |   in|    2|     ap_fifo|                                                    layer3_out_i_74|       pointer|
|layer3_out_i_74_fifo_cap         |   in|    2|     ap_fifo|                                                    layer3_out_i_74|       pointer|
|layer3_out_i_74_empty_n          |   in|    1|     ap_fifo|                                                    layer3_out_i_74|       pointer|
|layer3_out_i_74_read             |  out|    1|     ap_fifo|                                                    layer3_out_i_74|       pointer|
|layer3_out_i_75_dout             |   in|    8|     ap_fifo|                                                    layer3_out_i_75|       pointer|
|layer3_out_i_75_num_data_valid   |   in|    2|     ap_fifo|                                                    layer3_out_i_75|       pointer|
|layer3_out_i_75_fifo_cap         |   in|    2|     ap_fifo|                                                    layer3_out_i_75|       pointer|
|layer3_out_i_75_empty_n          |   in|    1|     ap_fifo|                                                    layer3_out_i_75|       pointer|
|layer3_out_i_75_read             |  out|    1|     ap_fifo|                                                    layer3_out_i_75|       pointer|
|layer3_out_i_76_dout             |   in|    8|     ap_fifo|                                                    layer3_out_i_76|       pointer|
|layer3_out_i_76_num_data_valid   |   in|    2|     ap_fifo|                                                    layer3_out_i_76|       pointer|
|layer3_out_i_76_fifo_cap         |   in|    2|     ap_fifo|                                                    layer3_out_i_76|       pointer|
|layer3_out_i_76_empty_n          |   in|    1|     ap_fifo|                                                    layer3_out_i_76|       pointer|
|layer3_out_i_76_read             |  out|    1|     ap_fifo|                                                    layer3_out_i_76|       pointer|
|layer3_out_i_77_dout             |   in|    8|     ap_fifo|                                                    layer3_out_i_77|       pointer|
|layer3_out_i_77_num_data_valid   |   in|    2|     ap_fifo|                                                    layer3_out_i_77|       pointer|
|layer3_out_i_77_fifo_cap         |   in|    2|     ap_fifo|                                                    layer3_out_i_77|       pointer|
|layer3_out_i_77_empty_n          |   in|    1|     ap_fifo|                                                    layer3_out_i_77|       pointer|
|layer3_out_i_77_read             |  out|    1|     ap_fifo|                                                    layer3_out_i_77|       pointer|
|layer3_out_i_78_dout             |   in|    8|     ap_fifo|                                                    layer3_out_i_78|       pointer|
|layer3_out_i_78_num_data_valid   |   in|    2|     ap_fifo|                                                    layer3_out_i_78|       pointer|
|layer3_out_i_78_fifo_cap         |   in|    2|     ap_fifo|                                                    layer3_out_i_78|       pointer|
|layer3_out_i_78_empty_n          |   in|    1|     ap_fifo|                                                    layer3_out_i_78|       pointer|
|layer3_out_i_78_read             |  out|    1|     ap_fifo|                                                    layer3_out_i_78|       pointer|
|layer3_out_i_79_dout             |   in|    8|     ap_fifo|                                                    layer3_out_i_79|       pointer|
|layer3_out_i_79_num_data_valid   |   in|    2|     ap_fifo|                                                    layer3_out_i_79|       pointer|
|layer3_out_i_79_fifo_cap         |   in|    2|     ap_fifo|                                                    layer3_out_i_79|       pointer|
|layer3_out_i_79_empty_n          |   in|    1|     ap_fifo|                                                    layer3_out_i_79|       pointer|
|layer3_out_i_79_read             |  out|    1|     ap_fifo|                                                    layer3_out_i_79|       pointer|
|layer3_out_i_80_dout             |   in|    8|     ap_fifo|                                                    layer3_out_i_80|       pointer|
|layer3_out_i_80_num_data_valid   |   in|    2|     ap_fifo|                                                    layer3_out_i_80|       pointer|
|layer3_out_i_80_fifo_cap         |   in|    2|     ap_fifo|                                                    layer3_out_i_80|       pointer|
|layer3_out_i_80_empty_n          |   in|    1|     ap_fifo|                                                    layer3_out_i_80|       pointer|
|layer3_out_i_80_read             |  out|    1|     ap_fifo|                                                    layer3_out_i_80|       pointer|
|layer3_out_i_81_dout             |   in|    8|     ap_fifo|                                                    layer3_out_i_81|       pointer|
|layer3_out_i_81_num_data_valid   |   in|    2|     ap_fifo|                                                    layer3_out_i_81|       pointer|
|layer3_out_i_81_fifo_cap         |   in|    2|     ap_fifo|                                                    layer3_out_i_81|       pointer|
|layer3_out_i_81_empty_n          |   in|    1|     ap_fifo|                                                    layer3_out_i_81|       pointer|
|layer3_out_i_81_read             |  out|    1|     ap_fifo|                                                    layer3_out_i_81|       pointer|
|layer3_out_i_82_dout             |   in|    8|     ap_fifo|                                                    layer3_out_i_82|       pointer|
|layer3_out_i_82_num_data_valid   |   in|    2|     ap_fifo|                                                    layer3_out_i_82|       pointer|
|layer3_out_i_82_fifo_cap         |   in|    2|     ap_fifo|                                                    layer3_out_i_82|       pointer|
|layer3_out_i_82_empty_n          |   in|    1|     ap_fifo|                                                    layer3_out_i_82|       pointer|
|layer3_out_i_82_read             |  out|    1|     ap_fifo|                                                    layer3_out_i_82|       pointer|
|layer3_out_i_83_dout             |   in|    8|     ap_fifo|                                                    layer3_out_i_83|       pointer|
|layer3_out_i_83_num_data_valid   |   in|    2|     ap_fifo|                                                    layer3_out_i_83|       pointer|
|layer3_out_i_83_fifo_cap         |   in|    2|     ap_fifo|                                                    layer3_out_i_83|       pointer|
|layer3_out_i_83_empty_n          |   in|    1|     ap_fifo|                                                    layer3_out_i_83|       pointer|
|layer3_out_i_83_read             |  out|    1|     ap_fifo|                                                    layer3_out_i_83|       pointer|
|layer3_out_i_84_dout             |   in|    8|     ap_fifo|                                                    layer3_out_i_84|       pointer|
|layer3_out_i_84_num_data_valid   |   in|    2|     ap_fifo|                                                    layer3_out_i_84|       pointer|
|layer3_out_i_84_fifo_cap         |   in|    2|     ap_fifo|                                                    layer3_out_i_84|       pointer|
|layer3_out_i_84_empty_n          |   in|    1|     ap_fifo|                                                    layer3_out_i_84|       pointer|
|layer3_out_i_84_read             |  out|    1|     ap_fifo|                                                    layer3_out_i_84|       pointer|
|layer3_out_i_85_dout             |   in|    8|     ap_fifo|                                                    layer3_out_i_85|       pointer|
|layer3_out_i_85_num_data_valid   |   in|    2|     ap_fifo|                                                    layer3_out_i_85|       pointer|
|layer3_out_i_85_fifo_cap         |   in|    2|     ap_fifo|                                                    layer3_out_i_85|       pointer|
|layer3_out_i_85_empty_n          |   in|    1|     ap_fifo|                                                    layer3_out_i_85|       pointer|
|layer3_out_i_85_read             |  out|    1|     ap_fifo|                                                    layer3_out_i_85|       pointer|
|layer3_out_i_86_dout             |   in|    8|     ap_fifo|                                                    layer3_out_i_86|       pointer|
|layer3_out_i_86_num_data_valid   |   in|    2|     ap_fifo|                                                    layer3_out_i_86|       pointer|
|layer3_out_i_86_fifo_cap         |   in|    2|     ap_fifo|                                                    layer3_out_i_86|       pointer|
|layer3_out_i_86_empty_n          |   in|    1|     ap_fifo|                                                    layer3_out_i_86|       pointer|
|layer3_out_i_86_read             |  out|    1|     ap_fifo|                                                    layer3_out_i_86|       pointer|
|layer3_out_i_87_dout             |   in|    8|     ap_fifo|                                                    layer3_out_i_87|       pointer|
|layer3_out_i_87_num_data_valid   |   in|    2|     ap_fifo|                                                    layer3_out_i_87|       pointer|
|layer3_out_i_87_fifo_cap         |   in|    2|     ap_fifo|                                                    layer3_out_i_87|       pointer|
|layer3_out_i_87_empty_n          |   in|    1|     ap_fifo|                                                    layer3_out_i_87|       pointer|
|layer3_out_i_87_read             |  out|    1|     ap_fifo|                                                    layer3_out_i_87|       pointer|
|layer3_out_i_88_dout             |   in|    8|     ap_fifo|                                                    layer3_out_i_88|       pointer|
|layer3_out_i_88_num_data_valid   |   in|    2|     ap_fifo|                                                    layer3_out_i_88|       pointer|
|layer3_out_i_88_fifo_cap         |   in|    2|     ap_fifo|                                                    layer3_out_i_88|       pointer|
|layer3_out_i_88_empty_n          |   in|    1|     ap_fifo|                                                    layer3_out_i_88|       pointer|
|layer3_out_i_88_read             |  out|    1|     ap_fifo|                                                    layer3_out_i_88|       pointer|
|layer3_out_i_89_dout             |   in|    8|     ap_fifo|                                                    layer3_out_i_89|       pointer|
|layer3_out_i_89_num_data_valid   |   in|    2|     ap_fifo|                                                    layer3_out_i_89|       pointer|
|layer3_out_i_89_fifo_cap         |   in|    2|     ap_fifo|                                                    layer3_out_i_89|       pointer|
|layer3_out_i_89_empty_n          |   in|    1|     ap_fifo|                                                    layer3_out_i_89|       pointer|
|layer3_out_i_89_read             |  out|    1|     ap_fifo|                                                    layer3_out_i_89|       pointer|
|layer3_out_i_90_dout             |   in|    8|     ap_fifo|                                                    layer3_out_i_90|       pointer|
|layer3_out_i_90_num_data_valid   |   in|    2|     ap_fifo|                                                    layer3_out_i_90|       pointer|
|layer3_out_i_90_fifo_cap         |   in|    2|     ap_fifo|                                                    layer3_out_i_90|       pointer|
|layer3_out_i_90_empty_n          |   in|    1|     ap_fifo|                                                    layer3_out_i_90|       pointer|
|layer3_out_i_90_read             |  out|    1|     ap_fifo|                                                    layer3_out_i_90|       pointer|
|layer3_out_i_91_dout             |   in|    8|     ap_fifo|                                                    layer3_out_i_91|       pointer|
|layer3_out_i_91_num_data_valid   |   in|    2|     ap_fifo|                                                    layer3_out_i_91|       pointer|
|layer3_out_i_91_fifo_cap         |   in|    2|     ap_fifo|                                                    layer3_out_i_91|       pointer|
|layer3_out_i_91_empty_n          |   in|    1|     ap_fifo|                                                    layer3_out_i_91|       pointer|
|layer3_out_i_91_read             |  out|    1|     ap_fifo|                                                    layer3_out_i_91|       pointer|
|layer3_out_i_92_dout             |   in|    8|     ap_fifo|                                                    layer3_out_i_92|       pointer|
|layer3_out_i_92_num_data_valid   |   in|    2|     ap_fifo|                                                    layer3_out_i_92|       pointer|
|layer3_out_i_92_fifo_cap         |   in|    2|     ap_fifo|                                                    layer3_out_i_92|       pointer|
|layer3_out_i_92_empty_n          |   in|    1|     ap_fifo|                                                    layer3_out_i_92|       pointer|
|layer3_out_i_92_read             |  out|    1|     ap_fifo|                                                    layer3_out_i_92|       pointer|
|layer3_out_i_93_dout             |   in|    8|     ap_fifo|                                                    layer3_out_i_93|       pointer|
|layer3_out_i_93_num_data_valid   |   in|    2|     ap_fifo|                                                    layer3_out_i_93|       pointer|
|layer3_out_i_93_fifo_cap         |   in|    2|     ap_fifo|                                                    layer3_out_i_93|       pointer|
|layer3_out_i_93_empty_n          |   in|    1|     ap_fifo|                                                    layer3_out_i_93|       pointer|
|layer3_out_i_93_read             |  out|    1|     ap_fifo|                                                    layer3_out_i_93|       pointer|
|layer3_out_i_94_dout             |   in|    8|     ap_fifo|                                                    layer3_out_i_94|       pointer|
|layer3_out_i_94_num_data_valid   |   in|    2|     ap_fifo|                                                    layer3_out_i_94|       pointer|
|layer3_out_i_94_fifo_cap         |   in|    2|     ap_fifo|                                                    layer3_out_i_94|       pointer|
|layer3_out_i_94_empty_n          |   in|    1|     ap_fifo|                                                    layer3_out_i_94|       pointer|
|layer3_out_i_94_read             |  out|    1|     ap_fifo|                                                    layer3_out_i_94|       pointer|
|layer3_out_i_95_dout             |   in|    8|     ap_fifo|                                                    layer3_out_i_95|       pointer|
|layer3_out_i_95_num_data_valid   |   in|    2|     ap_fifo|                                                    layer3_out_i_95|       pointer|
|layer3_out_i_95_fifo_cap         |   in|    2|     ap_fifo|                                                    layer3_out_i_95|       pointer|
|layer3_out_i_95_empty_n          |   in|    1|     ap_fifo|                                                    layer3_out_i_95|       pointer|
|layer3_out_i_95_read             |  out|    1|     ap_fifo|                                                    layer3_out_i_95|       pointer|
|layer3_out_i_96_dout             |   in|    8|     ap_fifo|                                                    layer3_out_i_96|       pointer|
|layer3_out_i_96_num_data_valid   |   in|    2|     ap_fifo|                                                    layer3_out_i_96|       pointer|
|layer3_out_i_96_fifo_cap         |   in|    2|     ap_fifo|                                                    layer3_out_i_96|       pointer|
|layer3_out_i_96_empty_n          |   in|    1|     ap_fifo|                                                    layer3_out_i_96|       pointer|
|layer3_out_i_96_read             |  out|    1|     ap_fifo|                                                    layer3_out_i_96|       pointer|
|layer3_out_i_97_dout             |   in|    8|     ap_fifo|                                                    layer3_out_i_97|       pointer|
|layer3_out_i_97_num_data_valid   |   in|    2|     ap_fifo|                                                    layer3_out_i_97|       pointer|
|layer3_out_i_97_fifo_cap         |   in|    2|     ap_fifo|                                                    layer3_out_i_97|       pointer|
|layer3_out_i_97_empty_n          |   in|    1|     ap_fifo|                                                    layer3_out_i_97|       pointer|
|layer3_out_i_97_read             |  out|    1|     ap_fifo|                                                    layer3_out_i_97|       pointer|
|layer3_out_i_98_dout             |   in|    8|     ap_fifo|                                                    layer3_out_i_98|       pointer|
|layer3_out_i_98_num_data_valid   |   in|    2|     ap_fifo|                                                    layer3_out_i_98|       pointer|
|layer3_out_i_98_fifo_cap         |   in|    2|     ap_fifo|                                                    layer3_out_i_98|       pointer|
|layer3_out_i_98_empty_n          |   in|    1|     ap_fifo|                                                    layer3_out_i_98|       pointer|
|layer3_out_i_98_read             |  out|    1|     ap_fifo|                                                    layer3_out_i_98|       pointer|
|layer3_out_i_99_dout             |   in|    8|     ap_fifo|                                                    layer3_out_i_99|       pointer|
|layer3_out_i_99_num_data_valid   |   in|    2|     ap_fifo|                                                    layer3_out_i_99|       pointer|
|layer3_out_i_99_fifo_cap         |   in|    2|     ap_fifo|                                                    layer3_out_i_99|       pointer|
|layer3_out_i_99_empty_n          |   in|    1|     ap_fifo|                                                    layer3_out_i_99|       pointer|
|layer3_out_i_99_read             |  out|    1|     ap_fifo|                                                    layer3_out_i_99|       pointer|
|layer3_out_i_100_dout            |   in|    8|     ap_fifo|                                                   layer3_out_i_100|       pointer|
|layer3_out_i_100_num_data_valid  |   in|    2|     ap_fifo|                                                   layer3_out_i_100|       pointer|
|layer3_out_i_100_fifo_cap        |   in|    2|     ap_fifo|                                                   layer3_out_i_100|       pointer|
|layer3_out_i_100_empty_n         |   in|    1|     ap_fifo|                                                   layer3_out_i_100|       pointer|
|layer3_out_i_100_read            |  out|    1|     ap_fifo|                                                   layer3_out_i_100|       pointer|
|layer3_out_i_101_dout            |   in|    8|     ap_fifo|                                                   layer3_out_i_101|       pointer|
|layer3_out_i_101_num_data_valid  |   in|    2|     ap_fifo|                                                   layer3_out_i_101|       pointer|
|layer3_out_i_101_fifo_cap        |   in|    2|     ap_fifo|                                                   layer3_out_i_101|       pointer|
|layer3_out_i_101_empty_n         |   in|    1|     ap_fifo|                                                   layer3_out_i_101|       pointer|
|layer3_out_i_101_read            |  out|    1|     ap_fifo|                                                   layer3_out_i_101|       pointer|
|layer3_out_i_102_dout            |   in|    8|     ap_fifo|                                                   layer3_out_i_102|       pointer|
|layer3_out_i_102_num_data_valid  |   in|    2|     ap_fifo|                                                   layer3_out_i_102|       pointer|
|layer3_out_i_102_fifo_cap        |   in|    2|     ap_fifo|                                                   layer3_out_i_102|       pointer|
|layer3_out_i_102_empty_n         |   in|    1|     ap_fifo|                                                   layer3_out_i_102|       pointer|
|layer3_out_i_102_read            |  out|    1|     ap_fifo|                                                   layer3_out_i_102|       pointer|
|layer3_out_i_103_dout            |   in|    8|     ap_fifo|                                                   layer3_out_i_103|       pointer|
|layer3_out_i_103_num_data_valid  |   in|    2|     ap_fifo|                                                   layer3_out_i_103|       pointer|
|layer3_out_i_103_fifo_cap        |   in|    2|     ap_fifo|                                                   layer3_out_i_103|       pointer|
|layer3_out_i_103_empty_n         |   in|    1|     ap_fifo|                                                   layer3_out_i_103|       pointer|
|layer3_out_i_103_read            |  out|    1|     ap_fifo|                                                   layer3_out_i_103|       pointer|
|layer3_out_i_104_dout            |   in|    8|     ap_fifo|                                                   layer3_out_i_104|       pointer|
|layer3_out_i_104_num_data_valid  |   in|    2|     ap_fifo|                                                   layer3_out_i_104|       pointer|
|layer3_out_i_104_fifo_cap        |   in|    2|     ap_fifo|                                                   layer3_out_i_104|       pointer|
|layer3_out_i_104_empty_n         |   in|    1|     ap_fifo|                                                   layer3_out_i_104|       pointer|
|layer3_out_i_104_read            |  out|    1|     ap_fifo|                                                   layer3_out_i_104|       pointer|
|layer3_out_i_105_dout            |   in|    8|     ap_fifo|                                                   layer3_out_i_105|       pointer|
|layer3_out_i_105_num_data_valid  |   in|    2|     ap_fifo|                                                   layer3_out_i_105|       pointer|
|layer3_out_i_105_fifo_cap        |   in|    2|     ap_fifo|                                                   layer3_out_i_105|       pointer|
|layer3_out_i_105_empty_n         |   in|    1|     ap_fifo|                                                   layer3_out_i_105|       pointer|
|layer3_out_i_105_read            |  out|    1|     ap_fifo|                                                   layer3_out_i_105|       pointer|
|layer3_out_i_106_dout            |   in|    8|     ap_fifo|                                                   layer3_out_i_106|       pointer|
|layer3_out_i_106_num_data_valid  |   in|    2|     ap_fifo|                                                   layer3_out_i_106|       pointer|
|layer3_out_i_106_fifo_cap        |   in|    2|     ap_fifo|                                                   layer3_out_i_106|       pointer|
|layer3_out_i_106_empty_n         |   in|    1|     ap_fifo|                                                   layer3_out_i_106|       pointer|
|layer3_out_i_106_read            |  out|    1|     ap_fifo|                                                   layer3_out_i_106|       pointer|
|layer3_out_i_107_dout            |   in|    8|     ap_fifo|                                                   layer3_out_i_107|       pointer|
|layer3_out_i_107_num_data_valid  |   in|    2|     ap_fifo|                                                   layer3_out_i_107|       pointer|
|layer3_out_i_107_fifo_cap        |   in|    2|     ap_fifo|                                                   layer3_out_i_107|       pointer|
|layer3_out_i_107_empty_n         |   in|    1|     ap_fifo|                                                   layer3_out_i_107|       pointer|
|layer3_out_i_107_read            |  out|    1|     ap_fifo|                                                   layer3_out_i_107|       pointer|
|layer3_out_i_108_dout            |   in|    8|     ap_fifo|                                                   layer3_out_i_108|       pointer|
|layer3_out_i_108_num_data_valid  |   in|    2|     ap_fifo|                                                   layer3_out_i_108|       pointer|
|layer3_out_i_108_fifo_cap        |   in|    2|     ap_fifo|                                                   layer3_out_i_108|       pointer|
|layer3_out_i_108_empty_n         |   in|    1|     ap_fifo|                                                   layer3_out_i_108|       pointer|
|layer3_out_i_108_read            |  out|    1|     ap_fifo|                                                   layer3_out_i_108|       pointer|
|layer3_out_i_109_dout            |   in|    8|     ap_fifo|                                                   layer3_out_i_109|       pointer|
|layer3_out_i_109_num_data_valid  |   in|    2|     ap_fifo|                                                   layer3_out_i_109|       pointer|
|layer3_out_i_109_fifo_cap        |   in|    2|     ap_fifo|                                                   layer3_out_i_109|       pointer|
|layer3_out_i_109_empty_n         |   in|    1|     ap_fifo|                                                   layer3_out_i_109|       pointer|
|layer3_out_i_109_read            |  out|    1|     ap_fifo|                                                   layer3_out_i_109|       pointer|
|layer3_out_i_110_dout            |   in|    8|     ap_fifo|                                                   layer3_out_i_110|       pointer|
|layer3_out_i_110_num_data_valid  |   in|    2|     ap_fifo|                                                   layer3_out_i_110|       pointer|
|layer3_out_i_110_fifo_cap        |   in|    2|     ap_fifo|                                                   layer3_out_i_110|       pointer|
|layer3_out_i_110_empty_n         |   in|    1|     ap_fifo|                                                   layer3_out_i_110|       pointer|
|layer3_out_i_110_read            |  out|    1|     ap_fifo|                                                   layer3_out_i_110|       pointer|
|layer3_out_i_111_dout            |   in|    8|     ap_fifo|                                                   layer3_out_i_111|       pointer|
|layer3_out_i_111_num_data_valid  |   in|    2|     ap_fifo|                                                   layer3_out_i_111|       pointer|
|layer3_out_i_111_fifo_cap        |   in|    2|     ap_fifo|                                                   layer3_out_i_111|       pointer|
|layer3_out_i_111_empty_n         |   in|    1|     ap_fifo|                                                   layer3_out_i_111|       pointer|
|layer3_out_i_111_read            |  out|    1|     ap_fifo|                                                   layer3_out_i_111|       pointer|
|layer3_out_i_112_dout            |   in|    8|     ap_fifo|                                                   layer3_out_i_112|       pointer|
|layer3_out_i_112_num_data_valid  |   in|    2|     ap_fifo|                                                   layer3_out_i_112|       pointer|
|layer3_out_i_112_fifo_cap        |   in|    2|     ap_fifo|                                                   layer3_out_i_112|       pointer|
|layer3_out_i_112_empty_n         |   in|    1|     ap_fifo|                                                   layer3_out_i_112|       pointer|
|layer3_out_i_112_read            |  out|    1|     ap_fifo|                                                   layer3_out_i_112|       pointer|
|layer3_out_i_113_dout            |   in|    8|     ap_fifo|                                                   layer3_out_i_113|       pointer|
|layer3_out_i_113_num_data_valid  |   in|    2|     ap_fifo|                                                   layer3_out_i_113|       pointer|
|layer3_out_i_113_fifo_cap        |   in|    2|     ap_fifo|                                                   layer3_out_i_113|       pointer|
|layer3_out_i_113_empty_n         |   in|    1|     ap_fifo|                                                   layer3_out_i_113|       pointer|
|layer3_out_i_113_read            |  out|    1|     ap_fifo|                                                   layer3_out_i_113|       pointer|
|layer3_out_i_114_dout            |   in|    8|     ap_fifo|                                                   layer3_out_i_114|       pointer|
|layer3_out_i_114_num_data_valid  |   in|    2|     ap_fifo|                                                   layer3_out_i_114|       pointer|
|layer3_out_i_114_fifo_cap        |   in|    2|     ap_fifo|                                                   layer3_out_i_114|       pointer|
|layer3_out_i_114_empty_n         |   in|    1|     ap_fifo|                                                   layer3_out_i_114|       pointer|
|layer3_out_i_114_read            |  out|    1|     ap_fifo|                                                   layer3_out_i_114|       pointer|
|layer3_out_i_115_dout            |   in|    8|     ap_fifo|                                                   layer3_out_i_115|       pointer|
|layer3_out_i_115_num_data_valid  |   in|    2|     ap_fifo|                                                   layer3_out_i_115|       pointer|
|layer3_out_i_115_fifo_cap        |   in|    2|     ap_fifo|                                                   layer3_out_i_115|       pointer|
|layer3_out_i_115_empty_n         |   in|    1|     ap_fifo|                                                   layer3_out_i_115|       pointer|
|layer3_out_i_115_read            |  out|    1|     ap_fifo|                                                   layer3_out_i_115|       pointer|
|layer3_out_i_116_dout            |   in|    8|     ap_fifo|                                                   layer3_out_i_116|       pointer|
|layer3_out_i_116_num_data_valid  |   in|    2|     ap_fifo|                                                   layer3_out_i_116|       pointer|
|layer3_out_i_116_fifo_cap        |   in|    2|     ap_fifo|                                                   layer3_out_i_116|       pointer|
|layer3_out_i_116_empty_n         |   in|    1|     ap_fifo|                                                   layer3_out_i_116|       pointer|
|layer3_out_i_116_read            |  out|    1|     ap_fifo|                                                   layer3_out_i_116|       pointer|
|layer3_out_i_117_dout            |   in|    8|     ap_fifo|                                                   layer3_out_i_117|       pointer|
|layer3_out_i_117_num_data_valid  |   in|    2|     ap_fifo|                                                   layer3_out_i_117|       pointer|
|layer3_out_i_117_fifo_cap        |   in|    2|     ap_fifo|                                                   layer3_out_i_117|       pointer|
|layer3_out_i_117_empty_n         |   in|    1|     ap_fifo|                                                   layer3_out_i_117|       pointer|
|layer3_out_i_117_read            |  out|    1|     ap_fifo|                                                   layer3_out_i_117|       pointer|
|layer3_out_i_118_dout            |   in|    8|     ap_fifo|                                                   layer3_out_i_118|       pointer|
|layer3_out_i_118_num_data_valid  |   in|    2|     ap_fifo|                                                   layer3_out_i_118|       pointer|
|layer3_out_i_118_fifo_cap        |   in|    2|     ap_fifo|                                                   layer3_out_i_118|       pointer|
|layer3_out_i_118_empty_n         |   in|    1|     ap_fifo|                                                   layer3_out_i_118|       pointer|
|layer3_out_i_118_read            |  out|    1|     ap_fifo|                                                   layer3_out_i_118|       pointer|
|layer3_out_i_119_dout            |   in|    8|     ap_fifo|                                                   layer3_out_i_119|       pointer|
|layer3_out_i_119_num_data_valid  |   in|    2|     ap_fifo|                                                   layer3_out_i_119|       pointer|
|layer3_out_i_119_fifo_cap        |   in|    2|     ap_fifo|                                                   layer3_out_i_119|       pointer|
|layer3_out_i_119_empty_n         |   in|    1|     ap_fifo|                                                   layer3_out_i_119|       pointer|
|layer3_out_i_119_read            |  out|    1|     ap_fifo|                                                   layer3_out_i_119|       pointer|
|layer3_out_i_120_dout            |   in|    8|     ap_fifo|                                                   layer3_out_i_120|       pointer|
|layer3_out_i_120_num_data_valid  |   in|    2|     ap_fifo|                                                   layer3_out_i_120|       pointer|
|layer3_out_i_120_fifo_cap        |   in|    2|     ap_fifo|                                                   layer3_out_i_120|       pointer|
|layer3_out_i_120_empty_n         |   in|    1|     ap_fifo|                                                   layer3_out_i_120|       pointer|
|layer3_out_i_120_read            |  out|    1|     ap_fifo|                                                   layer3_out_i_120|       pointer|
|layer3_out_i_121_dout            |   in|    8|     ap_fifo|                                                   layer3_out_i_121|       pointer|
|layer3_out_i_121_num_data_valid  |   in|    2|     ap_fifo|                                                   layer3_out_i_121|       pointer|
|layer3_out_i_121_fifo_cap        |   in|    2|     ap_fifo|                                                   layer3_out_i_121|       pointer|
|layer3_out_i_121_empty_n         |   in|    1|     ap_fifo|                                                   layer3_out_i_121|       pointer|
|layer3_out_i_121_read            |  out|    1|     ap_fifo|                                                   layer3_out_i_121|       pointer|
|layer3_out_i_122_dout            |   in|    8|     ap_fifo|                                                   layer3_out_i_122|       pointer|
|layer3_out_i_122_num_data_valid  |   in|    2|     ap_fifo|                                                   layer3_out_i_122|       pointer|
|layer3_out_i_122_fifo_cap        |   in|    2|     ap_fifo|                                                   layer3_out_i_122|       pointer|
|layer3_out_i_122_empty_n         |   in|    1|     ap_fifo|                                                   layer3_out_i_122|       pointer|
|layer3_out_i_122_read            |  out|    1|     ap_fifo|                                                   layer3_out_i_122|       pointer|
|layer3_out_i_123_dout            |   in|    8|     ap_fifo|                                                   layer3_out_i_123|       pointer|
|layer3_out_i_123_num_data_valid  |   in|    2|     ap_fifo|                                                   layer3_out_i_123|       pointer|
|layer3_out_i_123_fifo_cap        |   in|    2|     ap_fifo|                                                   layer3_out_i_123|       pointer|
|layer3_out_i_123_empty_n         |   in|    1|     ap_fifo|                                                   layer3_out_i_123|       pointer|
|layer3_out_i_123_read            |  out|    1|     ap_fifo|                                                   layer3_out_i_123|       pointer|
|layer3_out_i_124_dout            |   in|    8|     ap_fifo|                                                   layer3_out_i_124|       pointer|
|layer3_out_i_124_num_data_valid  |   in|    2|     ap_fifo|                                                   layer3_out_i_124|       pointer|
|layer3_out_i_124_fifo_cap        |   in|    2|     ap_fifo|                                                   layer3_out_i_124|       pointer|
|layer3_out_i_124_empty_n         |   in|    1|     ap_fifo|                                                   layer3_out_i_124|       pointer|
|layer3_out_i_124_read            |  out|    1|     ap_fifo|                                                   layer3_out_i_124|       pointer|
|layer3_out_i_125_dout            |   in|    8|     ap_fifo|                                                   layer3_out_i_125|       pointer|
|layer3_out_i_125_num_data_valid  |   in|    2|     ap_fifo|                                                   layer3_out_i_125|       pointer|
|layer3_out_i_125_fifo_cap        |   in|    2|     ap_fifo|                                                   layer3_out_i_125|       pointer|
|layer3_out_i_125_empty_n         |   in|    1|     ap_fifo|                                                   layer3_out_i_125|       pointer|
|layer3_out_i_125_read            |  out|    1|     ap_fifo|                                                   layer3_out_i_125|       pointer|
|layer3_out_i_126_dout            |   in|    8|     ap_fifo|                                                   layer3_out_i_126|       pointer|
|layer3_out_i_126_num_data_valid  |   in|    2|     ap_fifo|                                                   layer3_out_i_126|       pointer|
|layer3_out_i_126_fifo_cap        |   in|    2|     ap_fifo|                                                   layer3_out_i_126|       pointer|
|layer3_out_i_126_empty_n         |   in|    1|     ap_fifo|                                                   layer3_out_i_126|       pointer|
|layer3_out_i_126_read            |  out|    1|     ap_fifo|                                                   layer3_out_i_126|       pointer|
|layer3_out_i_127_dout            |   in|    8|     ap_fifo|                                                   layer3_out_i_127|       pointer|
|layer3_out_i_127_num_data_valid  |   in|    2|     ap_fifo|                                                   layer3_out_i_127|       pointer|
|layer3_out_i_127_fifo_cap        |   in|    2|     ap_fifo|                                                   layer3_out_i_127|       pointer|
|layer3_out_i_127_empty_n         |   in|    1|     ap_fifo|                                                   layer3_out_i_127|       pointer|
|layer3_out_i_127_read            |  out|    1|     ap_fifo|                                                   layer3_out_i_127|       pointer|
|layer4_out_i_0_din               |  out|   16|     ap_fifo|                                                     layer4_out_i_0|       pointer|
|layer4_out_i_0_num_data_valid    |   in|    2|     ap_fifo|                                                     layer4_out_i_0|       pointer|
|layer4_out_i_0_fifo_cap          |   in|    2|     ap_fifo|                                                     layer4_out_i_0|       pointer|
|layer4_out_i_0_full_n            |   in|    1|     ap_fifo|                                                     layer4_out_i_0|       pointer|
|layer4_out_i_0_write             |  out|    1|     ap_fifo|                                                     layer4_out_i_0|       pointer|
|layer4_out_i_1_din               |  out|   16|     ap_fifo|                                                     layer4_out_i_1|       pointer|
|layer4_out_i_1_num_data_valid    |   in|    2|     ap_fifo|                                                     layer4_out_i_1|       pointer|
|layer4_out_i_1_fifo_cap          |   in|    2|     ap_fifo|                                                     layer4_out_i_1|       pointer|
|layer4_out_i_1_full_n            |   in|    1|     ap_fifo|                                                     layer4_out_i_1|       pointer|
|layer4_out_i_1_write             |  out|    1|     ap_fifo|                                                     layer4_out_i_1|       pointer|
|layer4_out_i_2_din               |  out|   16|     ap_fifo|                                                     layer4_out_i_2|       pointer|
|layer4_out_i_2_num_data_valid    |   in|    2|     ap_fifo|                                                     layer4_out_i_2|       pointer|
|layer4_out_i_2_fifo_cap          |   in|    2|     ap_fifo|                                                     layer4_out_i_2|       pointer|
|layer4_out_i_2_full_n            |   in|    1|     ap_fifo|                                                     layer4_out_i_2|       pointer|
|layer4_out_i_2_write             |  out|    1|     ap_fifo|                                                     layer4_out_i_2|       pointer|
|layer4_out_i_3_din               |  out|   16|     ap_fifo|                                                     layer4_out_i_3|       pointer|
|layer4_out_i_3_num_data_valid    |   in|    2|     ap_fifo|                                                     layer4_out_i_3|       pointer|
|layer4_out_i_3_fifo_cap          |   in|    2|     ap_fifo|                                                     layer4_out_i_3|       pointer|
|layer4_out_i_3_full_n            |   in|    1|     ap_fifo|                                                     layer4_out_i_3|       pointer|
|layer4_out_i_3_write             |  out|    1|     ap_fifo|                                                     layer4_out_i_3|       pointer|
|layer4_out_i_4_din               |  out|   16|     ap_fifo|                                                     layer4_out_i_4|       pointer|
|layer4_out_i_4_num_data_valid    |   in|    2|     ap_fifo|                                                     layer4_out_i_4|       pointer|
|layer4_out_i_4_fifo_cap          |   in|    2|     ap_fifo|                                                     layer4_out_i_4|       pointer|
|layer4_out_i_4_full_n            |   in|    1|     ap_fifo|                                                     layer4_out_i_4|       pointer|
|layer4_out_i_4_write             |  out|    1|     ap_fifo|                                                     layer4_out_i_4|       pointer|
|layer4_out_i_5_din               |  out|   16|     ap_fifo|                                                     layer4_out_i_5|       pointer|
|layer4_out_i_5_num_data_valid    |   in|    2|     ap_fifo|                                                     layer4_out_i_5|       pointer|
|layer4_out_i_5_fifo_cap          |   in|    2|     ap_fifo|                                                     layer4_out_i_5|       pointer|
|layer4_out_i_5_full_n            |   in|    1|     ap_fifo|                                                     layer4_out_i_5|       pointer|
|layer4_out_i_5_write             |  out|    1|     ap_fifo|                                                     layer4_out_i_5|       pointer|
|layer4_out_i_6_din               |  out|   16|     ap_fifo|                                                     layer4_out_i_6|       pointer|
|layer4_out_i_6_num_data_valid    |   in|    2|     ap_fifo|                                                     layer4_out_i_6|       pointer|
|layer4_out_i_6_fifo_cap          |   in|    2|     ap_fifo|                                                     layer4_out_i_6|       pointer|
|layer4_out_i_6_full_n            |   in|    1|     ap_fifo|                                                     layer4_out_i_6|       pointer|
|layer4_out_i_6_write             |  out|    1|     ap_fifo|                                                     layer4_out_i_6|       pointer|
|layer4_out_i_7_din               |  out|   16|     ap_fifo|                                                     layer4_out_i_7|       pointer|
|layer4_out_i_7_num_data_valid    |   in|    2|     ap_fifo|                                                     layer4_out_i_7|       pointer|
|layer4_out_i_7_fifo_cap          |   in|    2|     ap_fifo|                                                     layer4_out_i_7|       pointer|
|layer4_out_i_7_full_n            |   in|    1|     ap_fifo|                                                     layer4_out_i_7|       pointer|
|layer4_out_i_7_write             |  out|    1|     ap_fifo|                                                     layer4_out_i_7|       pointer|
|layer4_out_i_8_din               |  out|   16|     ap_fifo|                                                     layer4_out_i_8|       pointer|
|layer4_out_i_8_num_data_valid    |   in|    2|     ap_fifo|                                                     layer4_out_i_8|       pointer|
|layer4_out_i_8_fifo_cap          |   in|    2|     ap_fifo|                                                     layer4_out_i_8|       pointer|
|layer4_out_i_8_full_n            |   in|    1|     ap_fifo|                                                     layer4_out_i_8|       pointer|
|layer4_out_i_8_write             |  out|    1|     ap_fifo|                                                     layer4_out_i_8|       pointer|
|layer4_out_i_9_din               |  out|   16|     ap_fifo|                                                     layer4_out_i_9|       pointer|
|layer4_out_i_9_num_data_valid    |   in|    2|     ap_fifo|                                                     layer4_out_i_9|       pointer|
|layer4_out_i_9_fifo_cap          |   in|    2|     ap_fifo|                                                     layer4_out_i_9|       pointer|
|layer4_out_i_9_full_n            |   in|    1|     ap_fifo|                                                     layer4_out_i_9|       pointer|
|layer4_out_i_9_write             |  out|    1|     ap_fifo|                                                     layer4_out_i_9|       pointer|
|layer4_out_i_10_din              |  out|   16|     ap_fifo|                                                    layer4_out_i_10|       pointer|
|layer4_out_i_10_num_data_valid   |   in|    2|     ap_fifo|                                                    layer4_out_i_10|       pointer|
|layer4_out_i_10_fifo_cap         |   in|    2|     ap_fifo|                                                    layer4_out_i_10|       pointer|
|layer4_out_i_10_full_n           |   in|    1|     ap_fifo|                                                    layer4_out_i_10|       pointer|
|layer4_out_i_10_write            |  out|    1|     ap_fifo|                                                    layer4_out_i_10|       pointer|
|layer4_out_i_11_din              |  out|   16|     ap_fifo|                                                    layer4_out_i_11|       pointer|
|layer4_out_i_11_num_data_valid   |   in|    2|     ap_fifo|                                                    layer4_out_i_11|       pointer|
|layer4_out_i_11_fifo_cap         |   in|    2|     ap_fifo|                                                    layer4_out_i_11|       pointer|
|layer4_out_i_11_full_n           |   in|    1|     ap_fifo|                                                    layer4_out_i_11|       pointer|
|layer4_out_i_11_write            |  out|    1|     ap_fifo|                                                    layer4_out_i_11|       pointer|
|layer4_out_i_12_din              |  out|   16|     ap_fifo|                                                    layer4_out_i_12|       pointer|
|layer4_out_i_12_num_data_valid   |   in|    2|     ap_fifo|                                                    layer4_out_i_12|       pointer|
|layer4_out_i_12_fifo_cap         |   in|    2|     ap_fifo|                                                    layer4_out_i_12|       pointer|
|layer4_out_i_12_full_n           |   in|    1|     ap_fifo|                                                    layer4_out_i_12|       pointer|
|layer4_out_i_12_write            |  out|    1|     ap_fifo|                                                    layer4_out_i_12|       pointer|
|layer4_out_i_13_din              |  out|   16|     ap_fifo|                                                    layer4_out_i_13|       pointer|
|layer4_out_i_13_num_data_valid   |   in|    2|     ap_fifo|                                                    layer4_out_i_13|       pointer|
|layer4_out_i_13_fifo_cap         |   in|    2|     ap_fifo|                                                    layer4_out_i_13|       pointer|
|layer4_out_i_13_full_n           |   in|    1|     ap_fifo|                                                    layer4_out_i_13|       pointer|
|layer4_out_i_13_write            |  out|    1|     ap_fifo|                                                    layer4_out_i_13|       pointer|
|layer4_out_i_14_din              |  out|   16|     ap_fifo|                                                    layer4_out_i_14|       pointer|
|layer4_out_i_14_num_data_valid   |   in|    2|     ap_fifo|                                                    layer4_out_i_14|       pointer|
|layer4_out_i_14_fifo_cap         |   in|    2|     ap_fifo|                                                    layer4_out_i_14|       pointer|
|layer4_out_i_14_full_n           |   in|    1|     ap_fifo|                                                    layer4_out_i_14|       pointer|
|layer4_out_i_14_write            |  out|    1|     ap_fifo|                                                    layer4_out_i_14|       pointer|
|layer4_out_i_15_din              |  out|   16|     ap_fifo|                                                    layer4_out_i_15|       pointer|
|layer4_out_i_15_num_data_valid   |   in|    2|     ap_fifo|                                                    layer4_out_i_15|       pointer|
|layer4_out_i_15_fifo_cap         |   in|    2|     ap_fifo|                                                    layer4_out_i_15|       pointer|
|layer4_out_i_15_full_n           |   in|    1|     ap_fifo|                                                    layer4_out_i_15|       pointer|
|layer4_out_i_15_write            |  out|    1|     ap_fifo|                                                    layer4_out_i_15|       pointer|
|layer4_out_i_16_din              |  out|   16|     ap_fifo|                                                    layer4_out_i_16|       pointer|
|layer4_out_i_16_num_data_valid   |   in|    2|     ap_fifo|                                                    layer4_out_i_16|       pointer|
|layer4_out_i_16_fifo_cap         |   in|    2|     ap_fifo|                                                    layer4_out_i_16|       pointer|
|layer4_out_i_16_full_n           |   in|    1|     ap_fifo|                                                    layer4_out_i_16|       pointer|
|layer4_out_i_16_write            |  out|    1|     ap_fifo|                                                    layer4_out_i_16|       pointer|
|layer4_out_i_17_din              |  out|   16|     ap_fifo|                                                    layer4_out_i_17|       pointer|
|layer4_out_i_17_num_data_valid   |   in|    2|     ap_fifo|                                                    layer4_out_i_17|       pointer|
|layer4_out_i_17_fifo_cap         |   in|    2|     ap_fifo|                                                    layer4_out_i_17|       pointer|
|layer4_out_i_17_full_n           |   in|    1|     ap_fifo|                                                    layer4_out_i_17|       pointer|
|layer4_out_i_17_write            |  out|    1|     ap_fifo|                                                    layer4_out_i_17|       pointer|
|layer4_out_i_18_din              |  out|   16|     ap_fifo|                                                    layer4_out_i_18|       pointer|
|layer4_out_i_18_num_data_valid   |   in|    2|     ap_fifo|                                                    layer4_out_i_18|       pointer|
|layer4_out_i_18_fifo_cap         |   in|    2|     ap_fifo|                                                    layer4_out_i_18|       pointer|
|layer4_out_i_18_full_n           |   in|    1|     ap_fifo|                                                    layer4_out_i_18|       pointer|
|layer4_out_i_18_write            |  out|    1|     ap_fifo|                                                    layer4_out_i_18|       pointer|
|layer4_out_i_19_din              |  out|   16|     ap_fifo|                                                    layer4_out_i_19|       pointer|
|layer4_out_i_19_num_data_valid   |   in|    2|     ap_fifo|                                                    layer4_out_i_19|       pointer|
|layer4_out_i_19_fifo_cap         |   in|    2|     ap_fifo|                                                    layer4_out_i_19|       pointer|
|layer4_out_i_19_full_n           |   in|    1|     ap_fifo|                                                    layer4_out_i_19|       pointer|
|layer4_out_i_19_write            |  out|    1|     ap_fifo|                                                    layer4_out_i_19|       pointer|
|layer4_out_i_20_din              |  out|   16|     ap_fifo|                                                    layer4_out_i_20|       pointer|
|layer4_out_i_20_num_data_valid   |   in|    2|     ap_fifo|                                                    layer4_out_i_20|       pointer|
|layer4_out_i_20_fifo_cap         |   in|    2|     ap_fifo|                                                    layer4_out_i_20|       pointer|
|layer4_out_i_20_full_n           |   in|    1|     ap_fifo|                                                    layer4_out_i_20|       pointer|
|layer4_out_i_20_write            |  out|    1|     ap_fifo|                                                    layer4_out_i_20|       pointer|
|layer4_out_i_21_din              |  out|   16|     ap_fifo|                                                    layer4_out_i_21|       pointer|
|layer4_out_i_21_num_data_valid   |   in|    2|     ap_fifo|                                                    layer4_out_i_21|       pointer|
|layer4_out_i_21_fifo_cap         |   in|    2|     ap_fifo|                                                    layer4_out_i_21|       pointer|
|layer4_out_i_21_full_n           |   in|    1|     ap_fifo|                                                    layer4_out_i_21|       pointer|
|layer4_out_i_21_write            |  out|    1|     ap_fifo|                                                    layer4_out_i_21|       pointer|
|layer4_out_i_22_din              |  out|   16|     ap_fifo|                                                    layer4_out_i_22|       pointer|
|layer4_out_i_22_num_data_valid   |   in|    2|     ap_fifo|                                                    layer4_out_i_22|       pointer|
|layer4_out_i_22_fifo_cap         |   in|    2|     ap_fifo|                                                    layer4_out_i_22|       pointer|
|layer4_out_i_22_full_n           |   in|    1|     ap_fifo|                                                    layer4_out_i_22|       pointer|
|layer4_out_i_22_write            |  out|    1|     ap_fifo|                                                    layer4_out_i_22|       pointer|
|layer4_out_i_23_din              |  out|   16|     ap_fifo|                                                    layer4_out_i_23|       pointer|
|layer4_out_i_23_num_data_valid   |   in|    2|     ap_fifo|                                                    layer4_out_i_23|       pointer|
|layer4_out_i_23_fifo_cap         |   in|    2|     ap_fifo|                                                    layer4_out_i_23|       pointer|
|layer4_out_i_23_full_n           |   in|    1|     ap_fifo|                                                    layer4_out_i_23|       pointer|
|layer4_out_i_23_write            |  out|    1|     ap_fifo|                                                    layer4_out_i_23|       pointer|
|layer4_out_i_24_din              |  out|   16|     ap_fifo|                                                    layer4_out_i_24|       pointer|
|layer4_out_i_24_num_data_valid   |   in|    2|     ap_fifo|                                                    layer4_out_i_24|       pointer|
|layer4_out_i_24_fifo_cap         |   in|    2|     ap_fifo|                                                    layer4_out_i_24|       pointer|
|layer4_out_i_24_full_n           |   in|    1|     ap_fifo|                                                    layer4_out_i_24|       pointer|
|layer4_out_i_24_write            |  out|    1|     ap_fifo|                                                    layer4_out_i_24|       pointer|
|layer4_out_i_25_din              |  out|   16|     ap_fifo|                                                    layer4_out_i_25|       pointer|
|layer4_out_i_25_num_data_valid   |   in|    2|     ap_fifo|                                                    layer4_out_i_25|       pointer|
|layer4_out_i_25_fifo_cap         |   in|    2|     ap_fifo|                                                    layer4_out_i_25|       pointer|
|layer4_out_i_25_full_n           |   in|    1|     ap_fifo|                                                    layer4_out_i_25|       pointer|
|layer4_out_i_25_write            |  out|    1|     ap_fifo|                                                    layer4_out_i_25|       pointer|
|layer4_out_i_26_din              |  out|   16|     ap_fifo|                                                    layer4_out_i_26|       pointer|
|layer4_out_i_26_num_data_valid   |   in|    2|     ap_fifo|                                                    layer4_out_i_26|       pointer|
|layer4_out_i_26_fifo_cap         |   in|    2|     ap_fifo|                                                    layer4_out_i_26|       pointer|
|layer4_out_i_26_full_n           |   in|    1|     ap_fifo|                                                    layer4_out_i_26|       pointer|
|layer4_out_i_26_write            |  out|    1|     ap_fifo|                                                    layer4_out_i_26|       pointer|
|layer4_out_i_27_din              |  out|   16|     ap_fifo|                                                    layer4_out_i_27|       pointer|
|layer4_out_i_27_num_data_valid   |   in|    2|     ap_fifo|                                                    layer4_out_i_27|       pointer|
|layer4_out_i_27_fifo_cap         |   in|    2|     ap_fifo|                                                    layer4_out_i_27|       pointer|
|layer4_out_i_27_full_n           |   in|    1|     ap_fifo|                                                    layer4_out_i_27|       pointer|
|layer4_out_i_27_write            |  out|    1|     ap_fifo|                                                    layer4_out_i_27|       pointer|
|layer4_out_i_28_din              |  out|   16|     ap_fifo|                                                    layer4_out_i_28|       pointer|
|layer4_out_i_28_num_data_valid   |   in|    2|     ap_fifo|                                                    layer4_out_i_28|       pointer|
|layer4_out_i_28_fifo_cap         |   in|    2|     ap_fifo|                                                    layer4_out_i_28|       pointer|
|layer4_out_i_28_full_n           |   in|    1|     ap_fifo|                                                    layer4_out_i_28|       pointer|
|layer4_out_i_28_write            |  out|    1|     ap_fifo|                                                    layer4_out_i_28|       pointer|
|layer4_out_i_29_din              |  out|   16|     ap_fifo|                                                    layer4_out_i_29|       pointer|
|layer4_out_i_29_num_data_valid   |   in|    2|     ap_fifo|                                                    layer4_out_i_29|       pointer|
|layer4_out_i_29_fifo_cap         |   in|    2|     ap_fifo|                                                    layer4_out_i_29|       pointer|
|layer4_out_i_29_full_n           |   in|    1|     ap_fifo|                                                    layer4_out_i_29|       pointer|
|layer4_out_i_29_write            |  out|    1|     ap_fifo|                                                    layer4_out_i_29|       pointer|
|layer4_out_i_30_din              |  out|   16|     ap_fifo|                                                    layer4_out_i_30|       pointer|
|layer4_out_i_30_num_data_valid   |   in|    2|     ap_fifo|                                                    layer4_out_i_30|       pointer|
|layer4_out_i_30_fifo_cap         |   in|    2|     ap_fifo|                                                    layer4_out_i_30|       pointer|
|layer4_out_i_30_full_n           |   in|    1|     ap_fifo|                                                    layer4_out_i_30|       pointer|
|layer4_out_i_30_write            |  out|    1|     ap_fifo|                                                    layer4_out_i_30|       pointer|
|layer4_out_i_31_din              |  out|   16|     ap_fifo|                                                    layer4_out_i_31|       pointer|
|layer4_out_i_31_num_data_valid   |   in|    2|     ap_fifo|                                                    layer4_out_i_31|       pointer|
|layer4_out_i_31_fifo_cap         |   in|    2|     ap_fifo|                                                    layer4_out_i_31|       pointer|
|layer4_out_i_31_full_n           |   in|    1|     ap_fifo|                                                    layer4_out_i_31|       pointer|
|layer4_out_i_31_write            |  out|    1|     ap_fifo|                                                    layer4_out_i_31|       pointer|
|layer4_out_i_32_din              |  out|   16|     ap_fifo|                                                    layer4_out_i_32|       pointer|
|layer4_out_i_32_num_data_valid   |   in|    2|     ap_fifo|                                                    layer4_out_i_32|       pointer|
|layer4_out_i_32_fifo_cap         |   in|    2|     ap_fifo|                                                    layer4_out_i_32|       pointer|
|layer4_out_i_32_full_n           |   in|    1|     ap_fifo|                                                    layer4_out_i_32|       pointer|
|layer4_out_i_32_write            |  out|    1|     ap_fifo|                                                    layer4_out_i_32|       pointer|
|layer4_out_i_33_din              |  out|   16|     ap_fifo|                                                    layer4_out_i_33|       pointer|
|layer4_out_i_33_num_data_valid   |   in|    2|     ap_fifo|                                                    layer4_out_i_33|       pointer|
|layer4_out_i_33_fifo_cap         |   in|    2|     ap_fifo|                                                    layer4_out_i_33|       pointer|
|layer4_out_i_33_full_n           |   in|    1|     ap_fifo|                                                    layer4_out_i_33|       pointer|
|layer4_out_i_33_write            |  out|    1|     ap_fifo|                                                    layer4_out_i_33|       pointer|
|layer4_out_i_34_din              |  out|   16|     ap_fifo|                                                    layer4_out_i_34|       pointer|
|layer4_out_i_34_num_data_valid   |   in|    2|     ap_fifo|                                                    layer4_out_i_34|       pointer|
|layer4_out_i_34_fifo_cap         |   in|    2|     ap_fifo|                                                    layer4_out_i_34|       pointer|
|layer4_out_i_34_full_n           |   in|    1|     ap_fifo|                                                    layer4_out_i_34|       pointer|
|layer4_out_i_34_write            |  out|    1|     ap_fifo|                                                    layer4_out_i_34|       pointer|
|layer4_out_i_35_din              |  out|   16|     ap_fifo|                                                    layer4_out_i_35|       pointer|
|layer4_out_i_35_num_data_valid   |   in|    2|     ap_fifo|                                                    layer4_out_i_35|       pointer|
|layer4_out_i_35_fifo_cap         |   in|    2|     ap_fifo|                                                    layer4_out_i_35|       pointer|
|layer4_out_i_35_full_n           |   in|    1|     ap_fifo|                                                    layer4_out_i_35|       pointer|
|layer4_out_i_35_write            |  out|    1|     ap_fifo|                                                    layer4_out_i_35|       pointer|
|layer4_out_i_36_din              |  out|   16|     ap_fifo|                                                    layer4_out_i_36|       pointer|
|layer4_out_i_36_num_data_valid   |   in|    2|     ap_fifo|                                                    layer4_out_i_36|       pointer|
|layer4_out_i_36_fifo_cap         |   in|    2|     ap_fifo|                                                    layer4_out_i_36|       pointer|
|layer4_out_i_36_full_n           |   in|    1|     ap_fifo|                                                    layer4_out_i_36|       pointer|
|layer4_out_i_36_write            |  out|    1|     ap_fifo|                                                    layer4_out_i_36|       pointer|
|layer4_out_i_37_din              |  out|   16|     ap_fifo|                                                    layer4_out_i_37|       pointer|
|layer4_out_i_37_num_data_valid   |   in|    2|     ap_fifo|                                                    layer4_out_i_37|       pointer|
|layer4_out_i_37_fifo_cap         |   in|    2|     ap_fifo|                                                    layer4_out_i_37|       pointer|
|layer4_out_i_37_full_n           |   in|    1|     ap_fifo|                                                    layer4_out_i_37|       pointer|
|layer4_out_i_37_write            |  out|    1|     ap_fifo|                                                    layer4_out_i_37|       pointer|
|layer4_out_i_38_din              |  out|   16|     ap_fifo|                                                    layer4_out_i_38|       pointer|
|layer4_out_i_38_num_data_valid   |   in|    2|     ap_fifo|                                                    layer4_out_i_38|       pointer|
|layer4_out_i_38_fifo_cap         |   in|    2|     ap_fifo|                                                    layer4_out_i_38|       pointer|
|layer4_out_i_38_full_n           |   in|    1|     ap_fifo|                                                    layer4_out_i_38|       pointer|
|layer4_out_i_38_write            |  out|    1|     ap_fifo|                                                    layer4_out_i_38|       pointer|
|layer4_out_i_39_din              |  out|   16|     ap_fifo|                                                    layer4_out_i_39|       pointer|
|layer4_out_i_39_num_data_valid   |   in|    2|     ap_fifo|                                                    layer4_out_i_39|       pointer|
|layer4_out_i_39_fifo_cap         |   in|    2|     ap_fifo|                                                    layer4_out_i_39|       pointer|
|layer4_out_i_39_full_n           |   in|    1|     ap_fifo|                                                    layer4_out_i_39|       pointer|
|layer4_out_i_39_write            |  out|    1|     ap_fifo|                                                    layer4_out_i_39|       pointer|
|layer4_out_i_40_din              |  out|   16|     ap_fifo|                                                    layer4_out_i_40|       pointer|
|layer4_out_i_40_num_data_valid   |   in|    2|     ap_fifo|                                                    layer4_out_i_40|       pointer|
|layer4_out_i_40_fifo_cap         |   in|    2|     ap_fifo|                                                    layer4_out_i_40|       pointer|
|layer4_out_i_40_full_n           |   in|    1|     ap_fifo|                                                    layer4_out_i_40|       pointer|
|layer4_out_i_40_write            |  out|    1|     ap_fifo|                                                    layer4_out_i_40|       pointer|
|layer4_out_i_41_din              |  out|   16|     ap_fifo|                                                    layer4_out_i_41|       pointer|
|layer4_out_i_41_num_data_valid   |   in|    2|     ap_fifo|                                                    layer4_out_i_41|       pointer|
|layer4_out_i_41_fifo_cap         |   in|    2|     ap_fifo|                                                    layer4_out_i_41|       pointer|
|layer4_out_i_41_full_n           |   in|    1|     ap_fifo|                                                    layer4_out_i_41|       pointer|
|layer4_out_i_41_write            |  out|    1|     ap_fifo|                                                    layer4_out_i_41|       pointer|
|layer4_out_i_42_din              |  out|   16|     ap_fifo|                                                    layer4_out_i_42|       pointer|
|layer4_out_i_42_num_data_valid   |   in|    2|     ap_fifo|                                                    layer4_out_i_42|       pointer|
|layer4_out_i_42_fifo_cap         |   in|    2|     ap_fifo|                                                    layer4_out_i_42|       pointer|
|layer4_out_i_42_full_n           |   in|    1|     ap_fifo|                                                    layer4_out_i_42|       pointer|
|layer4_out_i_42_write            |  out|    1|     ap_fifo|                                                    layer4_out_i_42|       pointer|
|layer4_out_i_43_din              |  out|   16|     ap_fifo|                                                    layer4_out_i_43|       pointer|
|layer4_out_i_43_num_data_valid   |   in|    2|     ap_fifo|                                                    layer4_out_i_43|       pointer|
|layer4_out_i_43_fifo_cap         |   in|    2|     ap_fifo|                                                    layer4_out_i_43|       pointer|
|layer4_out_i_43_full_n           |   in|    1|     ap_fifo|                                                    layer4_out_i_43|       pointer|
|layer4_out_i_43_write            |  out|    1|     ap_fifo|                                                    layer4_out_i_43|       pointer|
|layer4_out_i_44_din              |  out|   16|     ap_fifo|                                                    layer4_out_i_44|       pointer|
|layer4_out_i_44_num_data_valid   |   in|    2|     ap_fifo|                                                    layer4_out_i_44|       pointer|
|layer4_out_i_44_fifo_cap         |   in|    2|     ap_fifo|                                                    layer4_out_i_44|       pointer|
|layer4_out_i_44_full_n           |   in|    1|     ap_fifo|                                                    layer4_out_i_44|       pointer|
|layer4_out_i_44_write            |  out|    1|     ap_fifo|                                                    layer4_out_i_44|       pointer|
|layer4_out_i_45_din              |  out|   16|     ap_fifo|                                                    layer4_out_i_45|       pointer|
|layer4_out_i_45_num_data_valid   |   in|    2|     ap_fifo|                                                    layer4_out_i_45|       pointer|
|layer4_out_i_45_fifo_cap         |   in|    2|     ap_fifo|                                                    layer4_out_i_45|       pointer|
|layer4_out_i_45_full_n           |   in|    1|     ap_fifo|                                                    layer4_out_i_45|       pointer|
|layer4_out_i_45_write            |  out|    1|     ap_fifo|                                                    layer4_out_i_45|       pointer|
|layer4_out_i_46_din              |  out|   16|     ap_fifo|                                                    layer4_out_i_46|       pointer|
|layer4_out_i_46_num_data_valid   |   in|    2|     ap_fifo|                                                    layer4_out_i_46|       pointer|
|layer4_out_i_46_fifo_cap         |   in|    2|     ap_fifo|                                                    layer4_out_i_46|       pointer|
|layer4_out_i_46_full_n           |   in|    1|     ap_fifo|                                                    layer4_out_i_46|       pointer|
|layer4_out_i_46_write            |  out|    1|     ap_fifo|                                                    layer4_out_i_46|       pointer|
|layer4_out_i_47_din              |  out|   16|     ap_fifo|                                                    layer4_out_i_47|       pointer|
|layer4_out_i_47_num_data_valid   |   in|    2|     ap_fifo|                                                    layer4_out_i_47|       pointer|
|layer4_out_i_47_fifo_cap         |   in|    2|     ap_fifo|                                                    layer4_out_i_47|       pointer|
|layer4_out_i_47_full_n           |   in|    1|     ap_fifo|                                                    layer4_out_i_47|       pointer|
|layer4_out_i_47_write            |  out|    1|     ap_fifo|                                                    layer4_out_i_47|       pointer|
|layer4_out_i_48_din              |  out|   16|     ap_fifo|                                                    layer4_out_i_48|       pointer|
|layer4_out_i_48_num_data_valid   |   in|    2|     ap_fifo|                                                    layer4_out_i_48|       pointer|
|layer4_out_i_48_fifo_cap         |   in|    2|     ap_fifo|                                                    layer4_out_i_48|       pointer|
|layer4_out_i_48_full_n           |   in|    1|     ap_fifo|                                                    layer4_out_i_48|       pointer|
|layer4_out_i_48_write            |  out|    1|     ap_fifo|                                                    layer4_out_i_48|       pointer|
|layer4_out_i_49_din              |  out|   16|     ap_fifo|                                                    layer4_out_i_49|       pointer|
|layer4_out_i_49_num_data_valid   |   in|    2|     ap_fifo|                                                    layer4_out_i_49|       pointer|
|layer4_out_i_49_fifo_cap         |   in|    2|     ap_fifo|                                                    layer4_out_i_49|       pointer|
|layer4_out_i_49_full_n           |   in|    1|     ap_fifo|                                                    layer4_out_i_49|       pointer|
|layer4_out_i_49_write            |  out|    1|     ap_fifo|                                                    layer4_out_i_49|       pointer|
|layer4_out_i_50_din              |  out|   16|     ap_fifo|                                                    layer4_out_i_50|       pointer|
|layer4_out_i_50_num_data_valid   |   in|    2|     ap_fifo|                                                    layer4_out_i_50|       pointer|
|layer4_out_i_50_fifo_cap         |   in|    2|     ap_fifo|                                                    layer4_out_i_50|       pointer|
|layer4_out_i_50_full_n           |   in|    1|     ap_fifo|                                                    layer4_out_i_50|       pointer|
|layer4_out_i_50_write            |  out|    1|     ap_fifo|                                                    layer4_out_i_50|       pointer|
|layer4_out_i_51_din              |  out|   16|     ap_fifo|                                                    layer4_out_i_51|       pointer|
|layer4_out_i_51_num_data_valid   |   in|    2|     ap_fifo|                                                    layer4_out_i_51|       pointer|
|layer4_out_i_51_fifo_cap         |   in|    2|     ap_fifo|                                                    layer4_out_i_51|       pointer|
|layer4_out_i_51_full_n           |   in|    1|     ap_fifo|                                                    layer4_out_i_51|       pointer|
|layer4_out_i_51_write            |  out|    1|     ap_fifo|                                                    layer4_out_i_51|       pointer|
|layer4_out_i_52_din              |  out|   16|     ap_fifo|                                                    layer4_out_i_52|       pointer|
|layer4_out_i_52_num_data_valid   |   in|    2|     ap_fifo|                                                    layer4_out_i_52|       pointer|
|layer4_out_i_52_fifo_cap         |   in|    2|     ap_fifo|                                                    layer4_out_i_52|       pointer|
|layer4_out_i_52_full_n           |   in|    1|     ap_fifo|                                                    layer4_out_i_52|       pointer|
|layer4_out_i_52_write            |  out|    1|     ap_fifo|                                                    layer4_out_i_52|       pointer|
|layer4_out_i_53_din              |  out|   16|     ap_fifo|                                                    layer4_out_i_53|       pointer|
|layer4_out_i_53_num_data_valid   |   in|    2|     ap_fifo|                                                    layer4_out_i_53|       pointer|
|layer4_out_i_53_fifo_cap         |   in|    2|     ap_fifo|                                                    layer4_out_i_53|       pointer|
|layer4_out_i_53_full_n           |   in|    1|     ap_fifo|                                                    layer4_out_i_53|       pointer|
|layer4_out_i_53_write            |  out|    1|     ap_fifo|                                                    layer4_out_i_53|       pointer|
|layer4_out_i_54_din              |  out|   16|     ap_fifo|                                                    layer4_out_i_54|       pointer|
|layer4_out_i_54_num_data_valid   |   in|    2|     ap_fifo|                                                    layer4_out_i_54|       pointer|
|layer4_out_i_54_fifo_cap         |   in|    2|     ap_fifo|                                                    layer4_out_i_54|       pointer|
|layer4_out_i_54_full_n           |   in|    1|     ap_fifo|                                                    layer4_out_i_54|       pointer|
|layer4_out_i_54_write            |  out|    1|     ap_fifo|                                                    layer4_out_i_54|       pointer|
|layer4_out_i_55_din              |  out|   16|     ap_fifo|                                                    layer4_out_i_55|       pointer|
|layer4_out_i_55_num_data_valid   |   in|    2|     ap_fifo|                                                    layer4_out_i_55|       pointer|
|layer4_out_i_55_fifo_cap         |   in|    2|     ap_fifo|                                                    layer4_out_i_55|       pointer|
|layer4_out_i_55_full_n           |   in|    1|     ap_fifo|                                                    layer4_out_i_55|       pointer|
|layer4_out_i_55_write            |  out|    1|     ap_fifo|                                                    layer4_out_i_55|       pointer|
|layer4_out_i_56_din              |  out|   16|     ap_fifo|                                                    layer4_out_i_56|       pointer|
|layer4_out_i_56_num_data_valid   |   in|    2|     ap_fifo|                                                    layer4_out_i_56|       pointer|
|layer4_out_i_56_fifo_cap         |   in|    2|     ap_fifo|                                                    layer4_out_i_56|       pointer|
|layer4_out_i_56_full_n           |   in|    1|     ap_fifo|                                                    layer4_out_i_56|       pointer|
|layer4_out_i_56_write            |  out|    1|     ap_fifo|                                                    layer4_out_i_56|       pointer|
|layer4_out_i_57_din              |  out|   16|     ap_fifo|                                                    layer4_out_i_57|       pointer|
|layer4_out_i_57_num_data_valid   |   in|    2|     ap_fifo|                                                    layer4_out_i_57|       pointer|
|layer4_out_i_57_fifo_cap         |   in|    2|     ap_fifo|                                                    layer4_out_i_57|       pointer|
|layer4_out_i_57_full_n           |   in|    1|     ap_fifo|                                                    layer4_out_i_57|       pointer|
|layer4_out_i_57_write            |  out|    1|     ap_fifo|                                                    layer4_out_i_57|       pointer|
|layer4_out_i_58_din              |  out|   16|     ap_fifo|                                                    layer4_out_i_58|       pointer|
|layer4_out_i_58_num_data_valid   |   in|    2|     ap_fifo|                                                    layer4_out_i_58|       pointer|
|layer4_out_i_58_fifo_cap         |   in|    2|     ap_fifo|                                                    layer4_out_i_58|       pointer|
|layer4_out_i_58_full_n           |   in|    1|     ap_fifo|                                                    layer4_out_i_58|       pointer|
|layer4_out_i_58_write            |  out|    1|     ap_fifo|                                                    layer4_out_i_58|       pointer|
|layer4_out_i_59_din              |  out|   16|     ap_fifo|                                                    layer4_out_i_59|       pointer|
|layer4_out_i_59_num_data_valid   |   in|    2|     ap_fifo|                                                    layer4_out_i_59|       pointer|
|layer4_out_i_59_fifo_cap         |   in|    2|     ap_fifo|                                                    layer4_out_i_59|       pointer|
|layer4_out_i_59_full_n           |   in|    1|     ap_fifo|                                                    layer4_out_i_59|       pointer|
|layer4_out_i_59_write            |  out|    1|     ap_fifo|                                                    layer4_out_i_59|       pointer|
|layer4_out_i_60_din              |  out|   16|     ap_fifo|                                                    layer4_out_i_60|       pointer|
|layer4_out_i_60_num_data_valid   |   in|    2|     ap_fifo|                                                    layer4_out_i_60|       pointer|
|layer4_out_i_60_fifo_cap         |   in|    2|     ap_fifo|                                                    layer4_out_i_60|       pointer|
|layer4_out_i_60_full_n           |   in|    1|     ap_fifo|                                                    layer4_out_i_60|       pointer|
|layer4_out_i_60_write            |  out|    1|     ap_fifo|                                                    layer4_out_i_60|       pointer|
|layer4_out_i_61_din              |  out|   16|     ap_fifo|                                                    layer4_out_i_61|       pointer|
|layer4_out_i_61_num_data_valid   |   in|    2|     ap_fifo|                                                    layer4_out_i_61|       pointer|
|layer4_out_i_61_fifo_cap         |   in|    2|     ap_fifo|                                                    layer4_out_i_61|       pointer|
|layer4_out_i_61_full_n           |   in|    1|     ap_fifo|                                                    layer4_out_i_61|       pointer|
|layer4_out_i_61_write            |  out|    1|     ap_fifo|                                                    layer4_out_i_61|       pointer|
|layer4_out_i_62_din              |  out|   16|     ap_fifo|                                                    layer4_out_i_62|       pointer|
|layer4_out_i_62_num_data_valid   |   in|    2|     ap_fifo|                                                    layer4_out_i_62|       pointer|
|layer4_out_i_62_fifo_cap         |   in|    2|     ap_fifo|                                                    layer4_out_i_62|       pointer|
|layer4_out_i_62_full_n           |   in|    1|     ap_fifo|                                                    layer4_out_i_62|       pointer|
|layer4_out_i_62_write            |  out|    1|     ap_fifo|                                                    layer4_out_i_62|       pointer|
|layer4_out_i_63_din              |  out|   16|     ap_fifo|                                                    layer4_out_i_63|       pointer|
|layer4_out_i_63_num_data_valid   |   in|    2|     ap_fifo|                                                    layer4_out_i_63|       pointer|
|layer4_out_i_63_fifo_cap         |   in|    2|     ap_fifo|                                                    layer4_out_i_63|       pointer|
|layer4_out_i_63_full_n           |   in|    1|     ap_fifo|                                                    layer4_out_i_63|       pointer|
|layer4_out_i_63_write            |  out|    1|     ap_fifo|                                                    layer4_out_i_63|       pointer|
+---------------------------------+-----+-----+------------+-------------------------------------------------------------------+--------------+

