

================================================================
== Vitis HLS Report for 'dense_resource_ap_fixed_16_6_5_3_0_ap_fixed_23_12_5_3_0_config2_1_s'
================================================================
* Date:           Wed Feb 14 14:26:16 2024

* Version:        2022.2 (Build 3670227 on Oct 13 2022)
* Project:        alveo_hls4ml
* Solution:       solution (Vitis Kernel Flow Target)
* Product family: virtexuplus
* Target device:  xcu55c-fsvh2892-2L-e


================================================================
== Performance Estimates
================================================================
+ Timing: 
    * Summary: 
    +--------+---------+----------+------------+
    |  Clock |  Target | Estimated| Uncertainty|
    +--------+---------+----------+------------+
    |ap_clk  |  4.00 ns|  4.019 ns|     1.08 ns|
    +--------+---------+----------+------------+

+ Latency: 
    * Summary: 
    +---------+---------+----------+----------+-----+-----+------------------------------------------+
    |  Latency (cycles) |  Latency (absolute) |  Interval |                 Pipeline                 |
    |   min   |   max   |    min   |    max   | min | max |                   Type                   |
    +---------+---------+----------+----------+-----+-----+------------------------------------------+
    |       73|       74|  0.293 us|  0.297 us|   70|   70|  loop rewind stp(delay=0 clock cycles(s))|
    +---------+---------+----------+----------+-----+-----+------------------------------------------+

    + Detail: 
        * Instance: 
        N/A

        * Loop: 
        +-------------+---------+---------+----------+-----------+-----------+------+----------+
        |             |  Latency (cycles) | Iteration|  Initiation Interval  | Trip |          |
        |  Loop Name  |   min   |   max   |  Latency |  achieved |   target  | Count| Pipelined|
        +-------------+---------+---------+----------+-----------+-----------+------+----------+
        |- ReuseLoop  |       73|       73|         5|          1|          1|    70|       yes|
        +-------------+---------+---------+----------+-----------+-----------+------+----------+



================================================================
== Utilization Estimates
================================================================
* Summary: 
+---------------------+---------+------+---------+---------+-----+
|         Name        | BRAM_18K|  DSP |    FF   |   LUT   | URAM|
+---------------------+---------+------+---------+---------+-----+
|DSP                  |        -|   192|        -|        -|    -|
|Expression           |        -|     -|        0|     7968|    -|
|FIFO                 |        -|     -|        -|        -|    -|
|Instance             |        -|     -|        -|        -|    -|
|Memory               |        -|     -|        -|        -|    -|
|Multiplexer          |        -|     -|        -|     5266|    -|
|Register             |        -|     -|    24283|       32|    -|
+---------------------+---------+------+---------+---------+-----+
|Total                |        0|   192|    24283|    13266|    0|
+---------------------+---------+------+---------+---------+-----+
|Available SLR        |     1344|  3008|   869120|   434560|  320|
+---------------------+---------+------+---------+---------+-----+
|Utilization SLR (%)  |        0|     6|        2|        3|    0|
+---------------------+---------+------+---------+---------+-----+
|Available            |     4032|  9024|  2607360|  1303680|  960|
+---------------------+---------+------+---------+---------+-----+
|Utilization (%)      |        0|     2|       ~0|        1|    0|
+---------------------+---------+------+---------+---------+-----+

+ Detail: 
    * Instance: 
    N/A

    * DSP: 
    +----------------------------+-----------------------+-----------+
    |          Instance          |         Module        | Expression|
    +----------------------------+-----------------------+-----------+
    |mul_mul_16s_8s_24_2_1_U375  |mul_mul_16s_8s_24_2_1  |    i0 * i1|
    |mul_mul_16s_8s_24_2_1_U376  |mul_mul_16s_8s_24_2_1  |    i0 * i1|
    |mul_mul_16s_8s_24_2_1_U377  |mul_mul_16s_8s_24_2_1  |    i0 * i1|
    |mul_mul_16s_8s_24_2_1_U378  |mul_mul_16s_8s_24_2_1  |    i0 * i1|
    |mul_mul_16s_8s_24_2_1_U379  |mul_mul_16s_8s_24_2_1  |    i0 * i1|
    |mul_mul_16s_8s_24_2_1_U380  |mul_mul_16s_8s_24_2_1  |    i0 * i1|
    |mul_mul_16s_8s_24_2_1_U381  |mul_mul_16s_8s_24_2_1  |    i0 * i1|
    |mul_mul_16s_8s_24_2_1_U382  |mul_mul_16s_8s_24_2_1  |    i0 * i1|
    |mul_mul_16s_8s_24_2_1_U383  |mul_mul_16s_8s_24_2_1  |    i0 * i1|
    |mul_mul_16s_8s_24_2_1_U384  |mul_mul_16s_8s_24_2_1  |    i0 * i1|
    |mul_mul_16s_8s_24_2_1_U385  |mul_mul_16s_8s_24_2_1  |    i0 * i1|
    |mul_mul_16s_8s_24_2_1_U386  |mul_mul_16s_8s_24_2_1  |    i0 * i1|
    |mul_mul_16s_8s_24_2_1_U387  |mul_mul_16s_8s_24_2_1  |    i0 * i1|
    |mul_mul_16s_8s_24_2_1_U388  |mul_mul_16s_8s_24_2_1  |    i0 * i1|
    |mul_mul_16s_8s_24_2_1_U389  |mul_mul_16s_8s_24_2_1  |    i0 * i1|
    |mul_mul_16s_8s_24_2_1_U390  |mul_mul_16s_8s_24_2_1  |    i0 * i1|
    |mul_mul_16s_8s_24_2_1_U391  |mul_mul_16s_8s_24_2_1  |    i0 * i1|
    |mul_mul_16s_8s_24_2_1_U392  |mul_mul_16s_8s_24_2_1  |    i0 * i1|
    |mul_mul_16s_8s_24_2_1_U393  |mul_mul_16s_8s_24_2_1  |    i0 * i1|
    |mul_mul_16s_8s_24_2_1_U394  |mul_mul_16s_8s_24_2_1  |    i0 * i1|
    |mul_mul_16s_8s_24_2_1_U395  |mul_mul_16s_8s_24_2_1  |    i0 * i1|
    |mul_mul_16s_8s_24_2_1_U396  |mul_mul_16s_8s_24_2_1  |    i0 * i1|
    |mul_mul_16s_8s_24_2_1_U397  |mul_mul_16s_8s_24_2_1  |    i0 * i1|
    |mul_mul_16s_8s_24_2_1_U398  |mul_mul_16s_8s_24_2_1  |    i0 * i1|
    |mul_mul_16s_8s_24_2_1_U399  |mul_mul_16s_8s_24_2_1  |    i0 * i1|
    |mul_mul_16s_8s_24_2_1_U400  |mul_mul_16s_8s_24_2_1  |    i0 * i1|
    |mul_mul_16s_8s_24_2_1_U401  |mul_mul_16s_8s_24_2_1  |    i0 * i1|
    |mul_mul_16s_8s_24_2_1_U402  |mul_mul_16s_8s_24_2_1  |    i0 * i1|
    |mul_mul_16s_8s_24_2_1_U403  |mul_mul_16s_8s_24_2_1  |    i0 * i1|
    |mul_mul_16s_8s_24_2_1_U404  |mul_mul_16s_8s_24_2_1  |    i0 * i1|
    |mul_mul_16s_8s_24_2_1_U405  |mul_mul_16s_8s_24_2_1  |    i0 * i1|
    |mul_mul_16s_8s_24_2_1_U406  |mul_mul_16s_8s_24_2_1  |    i0 * i1|
    |mul_mul_16s_8s_24_2_1_U407  |mul_mul_16s_8s_24_2_1  |    i0 * i1|
    |mul_mul_16s_8s_24_2_1_U408  |mul_mul_16s_8s_24_2_1  |    i0 * i1|
    |mul_mul_16s_8s_24_2_1_U409  |mul_mul_16s_8s_24_2_1  |    i0 * i1|
    |mul_mul_16s_8s_24_2_1_U410  |mul_mul_16s_8s_24_2_1  |    i0 * i1|
    |mul_mul_16s_8s_24_2_1_U411  |mul_mul_16s_8s_24_2_1  |    i0 * i1|
    |mul_mul_16s_8s_24_2_1_U412  |mul_mul_16s_8s_24_2_1  |    i0 * i1|
    |mul_mul_16s_8s_24_2_1_U413  |mul_mul_16s_8s_24_2_1  |    i0 * i1|
    |mul_mul_16s_8s_24_2_1_U414  |mul_mul_16s_8s_24_2_1  |    i0 * i1|
    |mul_mul_16s_8s_24_2_1_U415  |mul_mul_16s_8s_24_2_1  |    i0 * i1|
    |mul_mul_16s_8s_24_2_1_U416  |mul_mul_16s_8s_24_2_1  |    i0 * i1|
    |mul_mul_16s_8s_24_2_1_U417  |mul_mul_16s_8s_24_2_1  |    i0 * i1|
    |mul_mul_16s_8s_24_2_1_U418  |mul_mul_16s_8s_24_2_1  |    i0 * i1|
    |mul_mul_16s_8s_24_2_1_U419  |mul_mul_16s_8s_24_2_1  |    i0 * i1|
    |mul_mul_16s_8s_24_2_1_U420  |mul_mul_16s_8s_24_2_1  |    i0 * i1|
    |mul_mul_16s_8s_24_2_1_U421  |mul_mul_16s_8s_24_2_1  |    i0 * i1|
    |mul_mul_16s_8s_24_2_1_U422  |mul_mul_16s_8s_24_2_1  |    i0 * i1|
    |mul_mul_16s_8s_24_2_1_U423  |mul_mul_16s_8s_24_2_1  |    i0 * i1|
    |mul_mul_16s_8s_24_2_1_U424  |mul_mul_16s_8s_24_2_1  |    i0 * i1|
    |mul_mul_16s_8s_24_2_1_U425  |mul_mul_16s_8s_24_2_1  |    i0 * i1|
    |mul_mul_16s_8s_24_2_1_U426  |mul_mul_16s_8s_24_2_1  |    i0 * i1|
    |mul_mul_16s_8s_24_2_1_U427  |mul_mul_16s_8s_24_2_1  |    i0 * i1|
    |mul_mul_16s_8s_24_2_1_U428  |mul_mul_16s_8s_24_2_1  |    i0 * i1|
    |mul_mul_16s_8s_24_2_1_U429  |mul_mul_16s_8s_24_2_1  |    i0 * i1|
    |mul_mul_16s_8s_24_2_1_U430  |mul_mul_16s_8s_24_2_1  |    i0 * i1|
    |mul_mul_16s_8s_24_2_1_U431  |mul_mul_16s_8s_24_2_1  |    i0 * i1|
    |mul_mul_16s_8s_24_2_1_U432  |mul_mul_16s_8s_24_2_1  |    i0 * i1|
    |mul_mul_16s_8s_24_2_1_U433  |mul_mul_16s_8s_24_2_1  |    i0 * i1|
    |mul_mul_16s_8s_24_2_1_U434  |mul_mul_16s_8s_24_2_1  |    i0 * i1|
    |mul_mul_16s_8s_24_2_1_U435  |mul_mul_16s_8s_24_2_1  |    i0 * i1|
    |mul_mul_16s_8s_24_2_1_U436  |mul_mul_16s_8s_24_2_1  |    i0 * i1|
    |mul_mul_16s_8s_24_2_1_U437  |mul_mul_16s_8s_24_2_1  |    i0 * i1|
    |mul_mul_16s_8s_24_2_1_U438  |mul_mul_16s_8s_24_2_1  |    i0 * i1|
    |mul_mul_16s_8s_24_2_1_U439  |mul_mul_16s_8s_24_2_1  |    i0 * i1|
    |mul_mul_16s_8s_24_2_1_U440  |mul_mul_16s_8s_24_2_1  |    i0 * i1|
    |mul_mul_16s_8s_24_2_1_U441  |mul_mul_16s_8s_24_2_1  |    i0 * i1|
    |mul_mul_16s_8s_24_2_1_U442  |mul_mul_16s_8s_24_2_1  |    i0 * i1|
    |mul_mul_16s_8s_24_2_1_U443  |mul_mul_16s_8s_24_2_1  |    i0 * i1|
    |mul_mul_16s_8s_24_2_1_U444  |mul_mul_16s_8s_24_2_1  |    i0 * i1|
    |mul_mul_16s_8s_24_2_1_U445  |mul_mul_16s_8s_24_2_1  |    i0 * i1|
    |mul_mul_16s_8s_24_2_1_U446  |mul_mul_16s_8s_24_2_1  |    i0 * i1|
    |mul_mul_16s_8s_24_2_1_U447  |mul_mul_16s_8s_24_2_1  |    i0 * i1|
    |mul_mul_16s_8s_24_2_1_U448  |mul_mul_16s_8s_24_2_1  |    i0 * i1|
    |mul_mul_16s_8s_24_2_1_U449  |mul_mul_16s_8s_24_2_1  |    i0 * i1|
    |mul_mul_16s_8s_24_2_1_U450  |mul_mul_16s_8s_24_2_1  |    i0 * i1|
    |mul_mul_16s_8s_24_2_1_U451  |mul_mul_16s_8s_24_2_1  |    i0 * i1|
    |mul_mul_16s_8s_24_2_1_U452  |mul_mul_16s_8s_24_2_1  |    i0 * i1|
    |mul_mul_16s_8s_24_2_1_U453  |mul_mul_16s_8s_24_2_1  |    i0 * i1|
    |mul_mul_16s_8s_24_2_1_U454  |mul_mul_16s_8s_24_2_1  |    i0 * i1|
    |mul_mul_16s_8s_24_2_1_U455  |mul_mul_16s_8s_24_2_1  |    i0 * i1|
    |mul_mul_16s_8s_24_2_1_U456  |mul_mul_16s_8s_24_2_1  |    i0 * i1|
    |mul_mul_16s_8s_24_2_1_U457  |mul_mul_16s_8s_24_2_1  |    i0 * i1|
    |mul_mul_16s_8s_24_2_1_U458  |mul_mul_16s_8s_24_2_1  |    i0 * i1|
    |mul_mul_16s_8s_24_2_1_U459  |mul_mul_16s_8s_24_2_1  |    i0 * i1|
    |mul_mul_16s_8s_24_2_1_U460  |mul_mul_16s_8s_24_2_1  |    i0 * i1|
    |mul_mul_16s_8s_24_2_1_U461  |mul_mul_16s_8s_24_2_1  |    i0 * i1|
    |mul_mul_16s_8s_24_2_1_U462  |mul_mul_16s_8s_24_2_1  |    i0 * i1|
    |mul_mul_16s_8s_24_2_1_U463  |mul_mul_16s_8s_24_2_1  |    i0 * i1|
    |mul_mul_16s_8s_24_2_1_U464  |mul_mul_16s_8s_24_2_1  |    i0 * i1|
    |mul_mul_16s_8s_24_2_1_U465  |mul_mul_16s_8s_24_2_1  |    i0 * i1|
    |mul_mul_16s_8s_24_2_1_U466  |mul_mul_16s_8s_24_2_1  |    i0 * i1|
    |mul_mul_16s_8s_24_2_1_U467  |mul_mul_16s_8s_24_2_1  |    i0 * i1|
    |mul_mul_16s_8s_24_2_1_U468  |mul_mul_16s_8s_24_2_1  |    i0 * i1|
    |mul_mul_16s_8s_24_2_1_U469  |mul_mul_16s_8s_24_2_1  |    i0 * i1|
    |mul_mul_16s_8s_24_2_1_U470  |mul_mul_16s_8s_24_2_1  |    i0 * i1|
    |mul_mul_16s_8s_24_2_1_U471  |mul_mul_16s_8s_24_2_1  |    i0 * i1|
    |mul_mul_16s_8s_24_2_1_U472  |mul_mul_16s_8s_24_2_1  |    i0 * i1|
    |mul_mul_16s_8s_24_2_1_U473  |mul_mul_16s_8s_24_2_1  |    i0 * i1|
    |mul_mul_16s_8s_24_2_1_U474  |mul_mul_16s_8s_24_2_1  |    i0 * i1|
    |mul_mul_16s_8s_24_2_1_U475  |mul_mul_16s_8s_24_2_1  |    i0 * i1|
    |mul_mul_16s_8s_24_2_1_U476  |mul_mul_16s_8s_24_2_1  |    i0 * i1|
    |mul_mul_16s_8s_24_2_1_U477  |mul_mul_16s_8s_24_2_1  |    i0 * i1|
    |mul_mul_16s_8s_24_2_1_U478  |mul_mul_16s_8s_24_2_1  |    i0 * i1|
    |mul_mul_16s_8s_24_2_1_U479  |mul_mul_16s_8s_24_2_1  |    i0 * i1|
    |mul_mul_16s_8s_24_2_1_U480  |mul_mul_16s_8s_24_2_1  |    i0 * i1|
    |mul_mul_16s_8s_24_2_1_U481  |mul_mul_16s_8s_24_2_1  |    i0 * i1|
    |mul_mul_16s_8s_24_2_1_U482  |mul_mul_16s_8s_24_2_1  |    i0 * i1|
    |mul_mul_16s_8s_24_2_1_U483  |mul_mul_16s_8s_24_2_1  |    i0 * i1|
    |mul_mul_16s_8s_24_2_1_U484  |mul_mul_16s_8s_24_2_1  |    i0 * i1|
    |mul_mul_16s_8s_24_2_1_U485  |mul_mul_16s_8s_24_2_1  |    i0 * i1|
    |mul_mul_16s_8s_24_2_1_U486  |mul_mul_16s_8s_24_2_1  |    i0 * i1|
    |mul_mul_16s_8s_24_2_1_U487  |mul_mul_16s_8s_24_2_1  |    i0 * i1|
    |mul_mul_16s_8s_24_2_1_U488  |mul_mul_16s_8s_24_2_1  |    i0 * i1|
    |mul_mul_16s_8s_24_2_1_U490  |mul_mul_16s_8s_24_2_1  |    i0 * i1|
    |mul_mul_16s_8s_24_2_1_U491  |mul_mul_16s_8s_24_2_1  |    i0 * i1|
    |mul_mul_16s_8s_24_2_1_U492  |mul_mul_16s_8s_24_2_1  |    i0 * i1|
    |mul_mul_16s_8s_24_2_1_U493  |mul_mul_16s_8s_24_2_1  |    i0 * i1|
    |mul_mul_16s_8s_24_2_1_U494  |mul_mul_16s_8s_24_2_1  |    i0 * i1|
    |mul_mul_16s_8s_24_2_1_U495  |mul_mul_16s_8s_24_2_1  |    i0 * i1|
    |mul_mul_16s_8s_24_2_1_U496  |mul_mul_16s_8s_24_2_1  |    i0 * i1|
    |mul_mul_16s_8s_24_2_1_U497  |mul_mul_16s_8s_24_2_1  |    i0 * i1|
    |mul_mul_16s_8s_24_2_1_U498  |mul_mul_16s_8s_24_2_1  |    i0 * i1|
    |mul_mul_16s_8s_24_2_1_U499  |mul_mul_16s_8s_24_2_1  |    i0 * i1|
    |mul_mul_16s_8s_24_2_1_U500  |mul_mul_16s_8s_24_2_1  |    i0 * i1|
    |mul_mul_16s_8s_24_2_1_U501  |mul_mul_16s_8s_24_2_1  |    i0 * i1|
    |mul_mul_16s_8s_24_2_1_U502  |mul_mul_16s_8s_24_2_1  |    i0 * i1|
    |mul_mul_16s_8s_24_2_1_U503  |mul_mul_16s_8s_24_2_1  |    i0 * i1|
    |mul_mul_16s_8s_24_2_1_U504  |mul_mul_16s_8s_24_2_1  |    i0 * i1|
    |mul_mul_16s_8s_24_2_1_U505  |mul_mul_16s_8s_24_2_1  |    i0 * i1|
    |mul_mul_16s_8s_24_2_1_U506  |mul_mul_16s_8s_24_2_1  |    i0 * i1|
    |mul_mul_16s_8s_24_2_1_U507  |mul_mul_16s_8s_24_2_1  |    i0 * i1|
    |mul_mul_16s_8s_24_2_1_U508  |mul_mul_16s_8s_24_2_1  |    i0 * i1|
    |mul_mul_16s_8s_24_2_1_U509  |mul_mul_16s_8s_24_2_1  |    i0 * i1|
    |mul_mul_16s_8s_24_2_1_U510  |mul_mul_16s_8s_24_2_1  |    i0 * i1|
    |mul_mul_16s_8s_24_2_1_U511  |mul_mul_16s_8s_24_2_1  |    i0 * i1|
    |mul_mul_16s_8s_24_2_1_U512  |mul_mul_16s_8s_24_2_1  |    i0 * i1|
    |mul_mul_16s_8s_24_2_1_U513  |mul_mul_16s_8s_24_2_1  |    i0 * i1|
    |mul_mul_16s_8s_24_2_1_U514  |mul_mul_16s_8s_24_2_1  |    i0 * i1|
    |mul_mul_16s_8s_24_2_1_U515  |mul_mul_16s_8s_24_2_1  |    i0 * i1|
    |mul_mul_16s_8s_24_2_1_U516  |mul_mul_16s_8s_24_2_1  |    i0 * i1|
    |mul_mul_16s_8s_24_2_1_U517  |mul_mul_16s_8s_24_2_1  |    i0 * i1|
    |mul_mul_16s_8s_24_2_1_U518  |mul_mul_16s_8s_24_2_1  |    i0 * i1|
    |mul_mul_16s_8s_24_2_1_U519  |mul_mul_16s_8s_24_2_1  |    i0 * i1|
    |mul_mul_16s_8s_24_2_1_U520  |mul_mul_16s_8s_24_2_1  |    i0 * i1|
    |mul_mul_16s_8s_24_2_1_U521  |mul_mul_16s_8s_24_2_1  |    i0 * i1|
    |mul_mul_16s_8s_24_2_1_U522  |mul_mul_16s_8s_24_2_1  |    i0 * i1|
    |mul_mul_16s_8s_24_2_1_U523  |mul_mul_16s_8s_24_2_1  |    i0 * i1|
    |mul_mul_16s_8s_24_2_1_U524  |mul_mul_16s_8s_24_2_1  |    i0 * i1|
    |mul_mul_16s_8s_24_2_1_U525  |mul_mul_16s_8s_24_2_1  |    i0 * i1|
    |mul_mul_16s_8s_24_2_1_U526  |mul_mul_16s_8s_24_2_1  |    i0 * i1|
    |mul_mul_16s_8s_24_2_1_U527  |mul_mul_16s_8s_24_2_1  |    i0 * i1|
    |mul_mul_16s_8s_24_2_1_U528  |mul_mul_16s_8s_24_2_1  |    i0 * i1|
    |mul_mul_16s_8s_24_2_1_U529  |mul_mul_16s_8s_24_2_1  |    i0 * i1|
    |mul_mul_16s_8s_24_2_1_U530  |mul_mul_16s_8s_24_2_1  |    i0 * i1|
    |mul_mul_16s_8s_24_2_1_U531  |mul_mul_16s_8s_24_2_1  |    i0 * i1|
    |mul_mul_16s_8s_24_2_1_U532  |mul_mul_16s_8s_24_2_1  |    i0 * i1|
    |mul_mul_16s_8s_24_2_1_U533  |mul_mul_16s_8s_24_2_1  |    i0 * i1|
    |mul_mul_16s_8s_24_2_1_U534  |mul_mul_16s_8s_24_2_1  |    i0 * i1|
    |mul_mul_16s_8s_24_2_1_U535  |mul_mul_16s_8s_24_2_1  |    i0 * i1|
    |mul_mul_16s_8s_24_2_1_U536  |mul_mul_16s_8s_24_2_1  |    i0 * i1|
    |mul_mul_16s_8s_24_2_1_U538  |mul_mul_16s_8s_24_2_1  |    i0 * i1|
    |mul_mul_16s_8s_24_2_1_U539  |mul_mul_16s_8s_24_2_1  |    i0 * i1|
    |mul_mul_16s_8s_24_2_1_U540  |mul_mul_16s_8s_24_2_1  |    i0 * i1|
    |mul_mul_16s_8s_24_2_1_U541  |mul_mul_16s_8s_24_2_1  |    i0 * i1|
    |mul_mul_16s_8s_24_2_1_U542  |mul_mul_16s_8s_24_2_1  |    i0 * i1|
    |mul_mul_16s_8s_24_2_1_U543  |mul_mul_16s_8s_24_2_1  |    i0 * i1|
    |mul_mul_16s_8s_24_2_1_U544  |mul_mul_16s_8s_24_2_1  |    i0 * i1|
    |mul_mul_16s_8s_24_2_1_U545  |mul_mul_16s_8s_24_2_1  |    i0 * i1|
    |mul_mul_16s_8s_24_2_1_U546  |mul_mul_16s_8s_24_2_1  |    i0 * i1|
    |mul_mul_16s_8s_24_2_1_U547  |mul_mul_16s_8s_24_2_1  |    i0 * i1|
    |mul_mul_16s_8s_24_2_1_U548  |mul_mul_16s_8s_24_2_1  |    i0 * i1|
    |mul_mul_16s_8s_24_2_1_U549  |mul_mul_16s_8s_24_2_1  |    i0 * i1|
    |mul_mul_16s_8s_24_2_1_U550  |mul_mul_16s_8s_24_2_1  |    i0 * i1|
    |mul_mul_16s_8s_24_2_1_U551  |mul_mul_16s_8s_24_2_1  |    i0 * i1|
    |mul_mul_16s_8s_24_2_1_U552  |mul_mul_16s_8s_24_2_1  |    i0 * i1|
    |mul_mul_16s_8s_24_2_1_U553  |mul_mul_16s_8s_24_2_1  |    i0 * i1|
    |mul_mul_16s_8s_24_2_1_U554  |mul_mul_16s_8s_24_2_1  |    i0 * i1|
    |mul_mul_16s_8s_24_2_1_U555  |mul_mul_16s_8s_24_2_1  |    i0 * i1|
    |mul_mul_16s_8s_24_2_1_U556  |mul_mul_16s_8s_24_2_1  |    i0 * i1|
    |mul_mul_16s_8s_24_2_1_U557  |mul_mul_16s_8s_24_2_1  |    i0 * i1|
    |mul_mul_16s_8s_24_2_1_U558  |mul_mul_16s_8s_24_2_1  |    i0 * i1|
    |mul_mul_16s_8s_24_2_1_U559  |mul_mul_16s_8s_24_2_1  |    i0 * i1|
    |mul_mul_16s_8s_24_2_1_U560  |mul_mul_16s_8s_24_2_1  |    i0 * i1|
    |mul_mul_16s_8s_24_2_1_U561  |mul_mul_16s_8s_24_2_1  |    i0 * i1|
    |mul_mul_16s_8s_24_2_1_U562  |mul_mul_16s_8s_24_2_1  |    i0 * i1|
    |mul_mul_16s_8s_24_2_1_U563  |mul_mul_16s_8s_24_2_1  |    i0 * i1|
    |mul_mul_16s_8s_24_2_1_U564  |mul_mul_16s_8s_24_2_1  |    i0 * i1|
    |mul_mul_16s_8s_24_2_1_U565  |mul_mul_16s_8s_24_2_1  |    i0 * i1|
    |mul_mul_16s_8s_24_2_1_U566  |mul_mul_16s_8s_24_2_1  |    i0 * i1|
    |mul_mul_16s_8s_24_4_1_U489  |mul_mul_16s_8s_24_4_1  |    i0 * i1|
    |mul_mul_16s_8s_24_4_1_U537  |mul_mul_16s_8s_24_4_1  |    i0 * i1|
    +----------------------------+-----------------------+-----------+

    * Memory: 
    N/A

    * FIFO: 
    N/A

    * Expression: 
    +-------------------------+----------+----+---+------+------------+------------+
    |      Variable Name      | Operation| DSP| FF|  LUT | Bitwidth P0| Bitwidth P1|
    +-------------------------+----------+----+---+------+------------+------------+
    |acc_V_1333_fu_12272_p2   |         +|   0|  0|    30|          23|          23|
    |acc_V_1334_fu_12291_p2   |         +|   0|  0|    30|          23|          23|
    |acc_V_1335_fu_12310_p2   |         +|   0|  0|    30|          23|          23|
    |acc_V_1336_fu_12329_p2   |         +|   0|  0|    30|          23|          23|
    |acc_V_1337_fu_12348_p2   |         +|   0|  0|    30|          23|          23|
    |acc_V_1338_fu_12367_p2   |         +|   0|  0|    30|          23|          23|
    |acc_V_1339_fu_12386_p2   |         +|   0|  0|    30|          23|          23|
    |acc_V_1340_fu_12405_p2   |         +|   0|  0|    30|          23|          23|
    |acc_V_1341_fu_12424_p2   |         +|   0|  0|    30|          23|          23|
    |acc_V_1342_fu_12443_p2   |         +|   0|  0|    30|          23|          23|
    |acc_V_1343_fu_12462_p2   |         +|   0|  0|    30|          23|          23|
    |acc_V_1344_fu_12481_p2   |         +|   0|  0|    30|          23|          23|
    |acc_V_1345_fu_12500_p2   |         +|   0|  0|    30|          23|          23|
    |acc_V_1346_fu_12519_p2   |         +|   0|  0|    30|          23|          23|
    |acc_V_1347_fu_12538_p2   |         +|   0|  0|    30|          23|          23|
    |acc_V_1348_fu_12557_p2   |         +|   0|  0|    30|          23|          23|
    |acc_V_1349_fu_12576_p2   |         +|   0|  0|    30|          23|          23|
    |acc_V_1350_fu_12595_p2   |         +|   0|  0|    30|          23|          23|
    |acc_V_1351_fu_12614_p2   |         +|   0|  0|    30|          23|          23|
    |acc_V_1352_fu_12633_p2   |         +|   0|  0|    30|          23|          23|
    |acc_V_1353_fu_12652_p2   |         +|   0|  0|    30|          23|          23|
    |acc_V_1354_fu_12671_p2   |         +|   0|  0|    30|          23|          23|
    |acc_V_1355_fu_12690_p2   |         +|   0|  0|    30|          23|          23|
    |acc_V_1356_fu_12709_p2   |         +|   0|  0|    30|          23|          23|
    |acc_V_1357_fu_12728_p2   |         +|   0|  0|    30|          23|          23|
    |acc_V_1358_fu_12747_p2   |         +|   0|  0|    30|          23|          23|
    |acc_V_1359_fu_12766_p2   |         +|   0|  0|    30|          23|          23|
    |acc_V_1360_fu_12785_p2   |         +|   0|  0|    30|          23|          23|
    |acc_V_1361_fu_12804_p2   |         +|   0|  0|    30|          23|          23|
    |acc_V_1362_fu_12823_p2   |         +|   0|  0|    30|          23|          23|
    |acc_V_1363_fu_12842_p2   |         +|   0|  0|    30|          23|          23|
    |acc_V_1364_fu_12861_p2   |         +|   0|  0|    30|          23|          23|
    |acc_V_1365_fu_12880_p2   |         +|   0|  0|    30|          23|          23|
    |acc_V_1366_fu_12899_p2   |         +|   0|  0|    30|          23|          23|
    |acc_V_1367_fu_12918_p2   |         +|   0|  0|    30|          23|          23|
    |acc_V_1368_fu_12937_p2   |         +|   0|  0|    30|          23|          23|
    |acc_V_1369_fu_12956_p2   |         +|   0|  0|    30|          23|          23|
    |acc_V_1370_fu_12975_p2   |         +|   0|  0|    30|          23|          23|
    |acc_V_1371_fu_12994_p2   |         +|   0|  0|    30|          23|          23|
    |acc_V_1372_fu_13013_p2   |         +|   0|  0|    30|          23|          23|
    |acc_V_1373_fu_13032_p2   |         +|   0|  0|    30|          23|          23|
    |acc_V_1374_fu_13051_p2   |         +|   0|  0|    30|          23|          23|
    |acc_V_1375_fu_13070_p2   |         +|   0|  0|    30|          23|          23|
    |acc_V_1376_fu_13089_p2   |         +|   0|  0|    30|          23|          23|
    |acc_V_1377_fu_13108_p2   |         +|   0|  0|    30|          23|          23|
    |acc_V_1378_fu_13127_p2   |         +|   0|  0|    30|          23|          23|
    |acc_V_1379_fu_13146_p2   |         +|   0|  0|    30|          23|          23|
    |acc_V_1380_fu_13165_p2   |         +|   0|  0|    30|          23|          23|
    |acc_V_1381_fu_13184_p2   |         +|   0|  0|    30|          23|          23|
    |acc_V_1382_fu_13203_p2   |         +|   0|  0|    30|          23|          23|
    |acc_V_1383_fu_13222_p2   |         +|   0|  0|    30|          23|          23|
    |acc_V_1384_fu_13241_p2   |         +|   0|  0|    30|          23|          23|
    |acc_V_1385_fu_13260_p2   |         +|   0|  0|    30|          23|          23|
    |acc_V_1386_fu_13279_p2   |         +|   0|  0|    30|          23|          23|
    |acc_V_1387_fu_13298_p2   |         +|   0|  0|    30|          23|          23|
    |acc_V_1388_fu_13317_p2   |         +|   0|  0|    30|          23|          23|
    |acc_V_1389_fu_13336_p2   |         +|   0|  0|    30|          23|          23|
    |acc_V_1390_fu_13355_p2   |         +|   0|  0|    30|          23|          23|
    |acc_V_1391_fu_13374_p2   |         +|   0|  0|    30|          23|          23|
    |acc_V_1392_fu_13393_p2   |         +|   0|  0|    30|          23|          23|
    |acc_V_1393_fu_13412_p2   |         +|   0|  0|    30|          23|          23|
    |acc_V_1394_fu_13431_p2   |         +|   0|  0|    30|          23|          23|
    |acc_V_1395_fu_13450_p2   |         +|   0|  0|    30|          23|          23|
    |acc_V_1396_fu_13469_p2   |         +|   0|  0|    30|          23|          23|
    |acc_V_1397_fu_13488_p2   |         +|   0|  0|    30|          23|          23|
    |acc_V_1398_fu_13507_p2   |         +|   0|  0|    30|          23|          23|
    |acc_V_1399_fu_13526_p2   |         +|   0|  0|    30|          23|          23|
    |acc_V_1400_fu_13545_p2   |         +|   0|  0|    30|          23|          23|
    |acc_V_1401_fu_13564_p2   |         +|   0|  0|    30|          23|          23|
    |acc_V_1402_fu_13583_p2   |         +|   0|  0|    30|          23|          23|
    |acc_V_1403_fu_13602_p2   |         +|   0|  0|    30|          23|          23|
    |acc_V_1404_fu_13621_p2   |         +|   0|  0|    30|          23|          23|
    |acc_V_1405_fu_13640_p2   |         +|   0|  0|    30|          23|          23|
    |acc_V_1406_fu_13659_p2   |         +|   0|  0|    30|          23|          23|
    |acc_V_1407_fu_13678_p2   |         +|   0|  0|    30|          23|          23|
    |acc_V_1408_fu_13697_p2   |         +|   0|  0|    30|          23|          23|
    |acc_V_1409_fu_13716_p2   |         +|   0|  0|    30|          23|          23|
    |acc_V_1410_fu_13735_p2   |         +|   0|  0|    30|          23|          23|
    |acc_V_1411_fu_13754_p2   |         +|   0|  0|    30|          23|          23|
    |acc_V_1412_fu_13773_p2   |         +|   0|  0|    30|          23|          23|
    |acc_V_1413_fu_13792_p2   |         +|   0|  0|    30|          23|          23|
    |acc_V_1414_fu_13811_p2   |         +|   0|  0|    30|          23|          23|
    |acc_V_1415_fu_13830_p2   |         +|   0|  0|    30|          23|          23|
    |acc_V_1416_fu_13849_p2   |         +|   0|  0|    30|          23|          23|
    |acc_V_1417_fu_13868_p2   |         +|   0|  0|    30|          23|          23|
    |acc_V_1418_fu_13887_p2   |         +|   0|  0|    30|          23|          23|
    |acc_V_1419_fu_13906_p2   |         +|   0|  0|    30|          23|          23|
    |acc_V_1420_fu_13925_p2   |         +|   0|  0|    30|          23|          23|
    |acc_V_1421_fu_13944_p2   |         +|   0|  0|    30|          23|          23|
    |acc_V_1422_fu_13963_p2   |         +|   0|  0|    30|          23|          23|
    |acc_V_1423_fu_13982_p2   |         +|   0|  0|    30|          23|          23|
    |acc_V_1424_fu_14001_p2   |         +|   0|  0|    30|          23|          23|
    |acc_V_1425_fu_14020_p2   |         +|   0|  0|    30|          23|          23|
    |acc_V_1426_fu_14039_p2   |         +|   0|  0|    30|          23|          23|
    |acc_V_1427_fu_14058_p2   |         +|   0|  0|    30|          23|          23|
    |acc_V_1428_fu_14077_p2   |         +|   0|  0|    30|          23|          23|
    |acc_V_1429_fu_14096_p2   |         +|   0|  0|    30|          23|          23|
    |acc_V_1430_fu_14115_p2   |         +|   0|  0|    30|          23|          23|
    |acc_V_1431_fu_14134_p2   |         +|   0|  0|    30|          23|          23|
    |acc_V_1432_fu_14153_p2   |         +|   0|  0|    30|          23|          23|
    |acc_V_1433_fu_14172_p2   |         +|   0|  0|    30|          23|          23|
    |acc_V_1434_fu_14191_p2   |         +|   0|  0|    30|          23|          23|
    |acc_V_1435_fu_14210_p2   |         +|   0|  0|    30|          23|          23|
    |acc_V_1436_fu_14229_p2   |         +|   0|  0|    30|          23|          23|
    |acc_V_1437_fu_14248_p2   |         +|   0|  0|    30|          23|          23|
    |acc_V_1438_fu_14267_p2   |         +|   0|  0|    30|          23|          23|
    |acc_V_1439_fu_14286_p2   |         +|   0|  0|    30|          23|          23|
    |acc_V_1440_fu_14305_p2   |         +|   0|  0|    30|          23|          23|
    |acc_V_1441_fu_14324_p2   |         +|   0|  0|    30|          23|          23|
    |acc_V_1442_fu_14343_p2   |         +|   0|  0|    30|          23|          23|
    |acc_V_1443_fu_14362_p2   |         +|   0|  0|    30|          23|          23|
    |acc_V_1444_fu_14381_p2   |         +|   0|  0|    30|          23|          23|
    |acc_V_1445_fu_14400_p2   |         +|   0|  0|    30|          23|          23|
    |acc_V_1446_fu_14419_p2   |         +|   0|  0|    30|          23|          23|
    |acc_V_1447_fu_15882_p2   |         +|   0|  0|    30|          23|          23|
    |acc_V_1448_fu_14438_p2   |         +|   0|  0|    30|          23|          23|
    |acc_V_1449_fu_14457_p2   |         +|   0|  0|    30|          23|          23|
    |acc_V_1450_fu_14476_p2   |         +|   0|  0|    30|          23|          23|
    |acc_V_1451_fu_14495_p2   |         +|   0|  0|    30|          23|          23|
    |acc_V_1452_fu_14514_p2   |         +|   0|  0|    30|          23|          23|
    |acc_V_1453_fu_14533_p2   |         +|   0|  0|    30|          23|          23|
    |acc_V_1454_fu_14552_p2   |         +|   0|  0|    30|          23|          23|
    |acc_V_1455_fu_14571_p2   |         +|   0|  0|    30|          23|          23|
    |acc_V_1456_fu_14590_p2   |         +|   0|  0|    30|          23|          23|
    |acc_V_1457_fu_14609_p2   |         +|   0|  0|    30|          23|          23|
    |acc_V_1458_fu_14628_p2   |         +|   0|  0|    30|          23|          23|
    |acc_V_1459_fu_14647_p2   |         +|   0|  0|    30|          23|          23|
    |acc_V_1460_fu_14666_p2   |         +|   0|  0|    30|          23|          23|
    |acc_V_1461_fu_14685_p2   |         +|   0|  0|    30|          23|          23|
    |acc_V_1462_fu_14704_p2   |         +|   0|  0|    30|          23|          23|
    |acc_V_1463_fu_14723_p2   |         +|   0|  0|    30|          23|          23|
    |acc_V_1464_fu_14742_p2   |         +|   0|  0|    30|          23|          23|
    |acc_V_1465_fu_14761_p2   |         +|   0|  0|    30|          23|          23|
    |acc_V_1466_fu_14780_p2   |         +|   0|  0|    30|          23|          23|
    |acc_V_1467_fu_14799_p2   |         +|   0|  0|    30|          23|          23|
    |acc_V_1468_fu_14818_p2   |         +|   0|  0|    30|          23|          23|
    |acc_V_1469_fu_14837_p2   |         +|   0|  0|    30|          23|          23|
    |acc_V_1470_fu_14856_p2   |         +|   0|  0|    30|          23|          23|
    |acc_V_1471_fu_14875_p2   |         +|   0|  0|    30|          23|          23|
    |acc_V_1472_fu_14894_p2   |         +|   0|  0|    30|          23|          23|
    |acc_V_1473_fu_14913_p2   |         +|   0|  0|    30|          23|          23|
    |acc_V_1474_fu_14932_p2   |         +|   0|  0|    30|          23|          23|
    |acc_V_1475_fu_14951_p2   |         +|   0|  0|    30|          23|          23|
    |acc_V_1476_fu_14970_p2   |         +|   0|  0|    30|          23|          23|
    |acc_V_1477_fu_14989_p2   |         +|   0|  0|    30|          23|          23|
    |acc_V_1478_fu_15008_p2   |         +|   0|  0|    30|          23|          23|
    |acc_V_1479_fu_15027_p2   |         +|   0|  0|    30|          23|          23|
    |acc_V_1480_fu_15046_p2   |         +|   0|  0|    30|          23|          23|
    |acc_V_1481_fu_15065_p2   |         +|   0|  0|    30|          23|          23|
    |acc_V_1482_fu_15084_p2   |         +|   0|  0|    30|          23|          23|
    |acc_V_1483_fu_15103_p2   |         +|   0|  0|    30|          23|          23|
    |acc_V_1484_fu_15122_p2   |         +|   0|  0|    30|          23|          23|
    |acc_V_1485_fu_15141_p2   |         +|   0|  0|    30|          23|          23|
    |acc_V_1486_fu_15160_p2   |         +|   0|  0|    30|          23|          23|
    |acc_V_1487_fu_15179_p2   |         +|   0|  0|    30|          23|          23|
    |acc_V_1488_fu_15198_p2   |         +|   0|  0|    30|          23|          23|
    |acc_V_1489_fu_15217_p2   |         +|   0|  0|    30|          23|          23|
    |acc_V_1490_fu_15236_p2   |         +|   0|  0|    30|          23|          23|
    |acc_V_1491_fu_15255_p2   |         +|   0|  0|    30|          23|          23|
    |acc_V_1492_fu_15274_p2   |         +|   0|  0|    30|          23|          23|
    |acc_V_1493_fu_15293_p2   |         +|   0|  0|    30|          23|          23|
    |acc_V_1494_fu_15312_p2   |         +|   0|  0|    30|          23|          23|
    |acc_V_1495_fu_15901_p2   |         +|   0|  0|    30|          23|          23|
    |acc_V_1496_fu_15331_p2   |         +|   0|  0|    30|          23|          23|
    |acc_V_1497_fu_15350_p2   |         +|   0|  0|    30|          23|          23|
    |acc_V_1498_fu_15369_p2   |         +|   0|  0|    30|          23|          23|
    |acc_V_1499_fu_15388_p2   |         +|   0|  0|    30|          23|          23|
    |acc_V_1500_fu_15407_p2   |         +|   0|  0|    30|          23|          23|
    |acc_V_1501_fu_15426_p2   |         +|   0|  0|    30|          23|          23|
    |acc_V_1502_fu_15445_p2   |         +|   0|  0|    30|          23|          23|
    |acc_V_1503_fu_15464_p2   |         +|   0|  0|    30|          23|          23|
    |acc_V_1504_fu_15483_p2   |         +|   0|  0|    30|          23|          23|
    |acc_V_1505_fu_15502_p2   |         +|   0|  0|    30|          23|          23|
    |acc_V_1506_fu_15521_p2   |         +|   0|  0|    30|          23|          23|
    |acc_V_1507_fu_15540_p2   |         +|   0|  0|    30|          23|          23|
    |acc_V_1508_fu_15559_p2   |         +|   0|  0|    30|          23|          23|
    |acc_V_1509_fu_15578_p2   |         +|   0|  0|    30|          23|          23|
    |acc_V_1510_fu_15597_p2   |         +|   0|  0|    30|          23|          23|
    |acc_V_1511_fu_15616_p2   |         +|   0|  0|    30|          23|          23|
    |acc_V_1512_fu_15635_p2   |         +|   0|  0|    30|          23|          23|
    |acc_V_1513_fu_15654_p2   |         +|   0|  0|    30|          23|          23|
    |acc_V_1514_fu_15673_p2   |         +|   0|  0|    30|          23|          23|
    |acc_V_1515_fu_15692_p2   |         +|   0|  0|    30|          23|          23|
    |acc_V_1516_fu_15711_p2   |         +|   0|  0|    30|          23|          23|
    |acc_V_1517_fu_15730_p2   |         +|   0|  0|    30|          23|          23|
    |acc_V_1518_fu_15749_p2   |         +|   0|  0|    30|          23|          23|
    |acc_V_1519_fu_15768_p2   |         +|   0|  0|    30|          23|          23|
    |acc_V_1520_fu_15787_p2   |         +|   0|  0|    30|          23|          23|
    |acc_V_1521_fu_15806_p2   |         +|   0|  0|    30|          23|          23|
    |acc_V_1522_fu_15825_p2   |         +|   0|  0|    30|          23|          23|
    |acc_V_1523_fu_15844_p2   |         +|   0|  0|    30|          23|          23|
    |acc_V_1524_fu_15863_p2   |         +|   0|  0|    30|          23|          23|
    |w_index_fu_9548_p2       |         +|   0|  0|    14|           7|           1|
    |ap_condition_1617        |       and|   0|  0|     2|           1|           1|
    |ap_condition_2784        |       and|   0|  0|     2|           1|           1|
    |icmp_ln43_fu_9554_p2     |      icmp|   0|  0|    10|           7|           7|
    |empty_324_fu_9563_p2     |      lshr|   0|  0|  2171|        1120|        1120|
    |select_ln838_fu_8483_p3  |    select|   0|  0|     7|           1|           7|
    |ap_enable_pp0            |       xor|   0|  0|     2|           1|           2|
    +-------------------------+----------+----+---+------+------------+------------+
    |Total                    |          |   0|  0|  7968|        5554|        5555|
    +-------------------------+----------+----+---+------+------------+------------+

    * Multiplexer: 
    +---------------------------------------------+----+-----------+------+-----------+
    |                     Name                    | LUT| Input Size| Bits | Total Bits|
    +---------------------------------------------+----+-----------+------+-----------+
    |ap_done_int                                  |   9|          2|     1|          2|
    |ap_loop_exit_ready_pp0_iter4_reg             |   9|          2|     1|          2|
    |ap_phi_mux_do_init_phi_fu_2394_p6            |  14|          3|     1|          3|
    |ap_phi_mux_p_read389_phi_phi_fu_5287_p4      |   9|          2|  1120|       2240|
    |ap_phi_mux_w_index3_phi_fu_2409_p6           |  14|          3|     7|         21|
    |ap_phi_mux_x_V_628158_phi_fu_7199_p6         |   9|          2|    23|         46|
    |ap_phi_mux_x_V_67662_phi_fu_7213_p6          |   9|          2|    23|         46|
    |ap_phi_reg_pp0_iter1_p_read389_phi_reg_5283  |   9|          2|  1120|       2240|
    |ap_phi_reg_pp0_iter1_x_V386_reg_5295         |   9|          2|    23|         46|
    |ap_phi_reg_pp0_iter1_x_V_515384_reg_5305     |   9|          2|    23|         46|
    |ap_phi_reg_pp0_iter1_x_V_516382_reg_5315     |   9|          2|    23|         46|
    |ap_phi_reg_pp0_iter1_x_V_517380_reg_5325     |   9|          2|    23|         46|
    |ap_phi_reg_pp0_iter1_x_V_518378_reg_5335     |   9|          2|    23|         46|
    |ap_phi_reg_pp0_iter1_x_V_519376_reg_5345     |   9|          2|    23|         46|
    |ap_phi_reg_pp0_iter1_x_V_520374_reg_5355     |   9|          2|    23|         46|
    |ap_phi_reg_pp0_iter1_x_V_521372_reg_5365     |   9|          2|    23|         46|
    |ap_phi_reg_pp0_iter1_x_V_522370_reg_5375     |   9|          2|    23|         46|
    |ap_phi_reg_pp0_iter1_x_V_523368_reg_5385     |   9|          2|    23|         46|
    |ap_phi_reg_pp0_iter1_x_V_524366_reg_5395     |   9|          2|    23|         46|
    |ap_phi_reg_pp0_iter1_x_V_525364_reg_5405     |   9|          2|    23|         46|
    |ap_phi_reg_pp0_iter1_x_V_526362_reg_5415     |   9|          2|    23|         46|
    |ap_phi_reg_pp0_iter1_x_V_527360_reg_5425     |   9|          2|    23|         46|
    |ap_phi_reg_pp0_iter1_x_V_528358_reg_5435     |   9|          2|    23|         46|
    |ap_phi_reg_pp0_iter1_x_V_529356_reg_5445     |   9|          2|    23|         46|
    |ap_phi_reg_pp0_iter1_x_V_530354_reg_5455     |   9|          2|    23|         46|
    |ap_phi_reg_pp0_iter1_x_V_531352_reg_5465     |   9|          2|    23|         46|
    |ap_phi_reg_pp0_iter1_x_V_532350_reg_5475     |   9|          2|    23|         46|
    |ap_phi_reg_pp0_iter1_x_V_533348_reg_5485     |   9|          2|    23|         46|
    |ap_phi_reg_pp0_iter1_x_V_534346_reg_5495     |   9|          2|    23|         46|
    |ap_phi_reg_pp0_iter1_x_V_535344_reg_5505     |   9|          2|    23|         46|
    |ap_phi_reg_pp0_iter1_x_V_536342_reg_5515     |   9|          2|    23|         46|
    |ap_phi_reg_pp0_iter1_x_V_537340_reg_5525     |   9|          2|    23|         46|
    |ap_phi_reg_pp0_iter1_x_V_538338_reg_5535     |   9|          2|    23|         46|
    |ap_phi_reg_pp0_iter1_x_V_539336_reg_5545     |   9|          2|    23|         46|
    |ap_phi_reg_pp0_iter1_x_V_540334_reg_5555     |   9|          2|    23|         46|
    |ap_phi_reg_pp0_iter1_x_V_541332_reg_5565     |   9|          2|    23|         46|
    |ap_phi_reg_pp0_iter1_x_V_542330_reg_5575     |   9|          2|    23|         46|
    |ap_phi_reg_pp0_iter1_x_V_543328_reg_5585     |   9|          2|    23|         46|
    |ap_phi_reg_pp0_iter1_x_V_544326_reg_5595     |   9|          2|    23|         46|
    |ap_phi_reg_pp0_iter1_x_V_545324_reg_5605     |   9|          2|    23|         46|
    |ap_phi_reg_pp0_iter1_x_V_546322_reg_5615     |   9|          2|    23|         46|
    |ap_phi_reg_pp0_iter1_x_V_547320_reg_5625     |   9|          2|    23|         46|
    |ap_phi_reg_pp0_iter1_x_V_548318_reg_5635     |   9|          2|    23|         46|
    |ap_phi_reg_pp0_iter1_x_V_549316_reg_5645     |   9|          2|    23|         46|
    |ap_phi_reg_pp0_iter1_x_V_550314_reg_5655     |   9|          2|    23|         46|
    |ap_phi_reg_pp0_iter1_x_V_551312_reg_5665     |   9|          2|    23|         46|
    |ap_phi_reg_pp0_iter1_x_V_552310_reg_5675     |   9|          2|    23|         46|
    |ap_phi_reg_pp0_iter1_x_V_553308_reg_5685     |   9|          2|    23|         46|
    |ap_phi_reg_pp0_iter1_x_V_554306_reg_5695     |   9|          2|    23|         46|
    |ap_phi_reg_pp0_iter1_x_V_555304_reg_5705     |   9|          2|    23|         46|
    |ap_phi_reg_pp0_iter1_x_V_556302_reg_5715     |   9|          2|    23|         46|
    |ap_phi_reg_pp0_iter1_x_V_557300_reg_5725     |   9|          2|    23|         46|
    |ap_phi_reg_pp0_iter1_x_V_558298_reg_5735     |   9|          2|    23|         46|
    |ap_phi_reg_pp0_iter1_x_V_559296_reg_5745     |   9|          2|    23|         46|
    |ap_phi_reg_pp0_iter1_x_V_560294_reg_5755     |   9|          2|    23|         46|
    |ap_phi_reg_pp0_iter1_x_V_561292_reg_5765     |   9|          2|    23|         46|
    |ap_phi_reg_pp0_iter1_x_V_562290_reg_5775     |   9|          2|    23|         46|
    |ap_phi_reg_pp0_iter1_x_V_563288_reg_5785     |   9|          2|    23|         46|
    |ap_phi_reg_pp0_iter1_x_V_564286_reg_5795     |   9|          2|    23|         46|
    |ap_phi_reg_pp0_iter1_x_V_565284_reg_5805     |   9|          2|    23|         46|
    |ap_phi_reg_pp0_iter1_x_V_566282_reg_5815     |   9|          2|    23|         46|
    |ap_phi_reg_pp0_iter1_x_V_567280_reg_5825     |   9|          2|    23|         46|
    |ap_phi_reg_pp0_iter1_x_V_568278_reg_5835     |   9|          2|    23|         46|
    |ap_phi_reg_pp0_iter1_x_V_569276_reg_5845     |   9|          2|    23|         46|
    |ap_phi_reg_pp0_iter1_x_V_570274_reg_5855     |   9|          2|    23|         46|
    |ap_phi_reg_pp0_iter1_x_V_571272_reg_5865     |   9|          2|    23|         46|
    |ap_phi_reg_pp0_iter1_x_V_572270_reg_5875     |   9|          2|    23|         46|
    |ap_phi_reg_pp0_iter1_x_V_573268_reg_5885     |   9|          2|    23|         46|
    |ap_phi_reg_pp0_iter1_x_V_574266_reg_5895     |   9|          2|    23|         46|
    |ap_phi_reg_pp0_iter1_x_V_575264_reg_5905     |   9|          2|    23|         46|
    |ap_phi_reg_pp0_iter1_x_V_576262_reg_5915     |   9|          2|    23|         46|
    |ap_phi_reg_pp0_iter1_x_V_577260_reg_5925     |   9|          2|    23|         46|
    |ap_phi_reg_pp0_iter1_x_V_578258_reg_5935     |   9|          2|    23|         46|
    |ap_phi_reg_pp0_iter1_x_V_579256_reg_5945     |   9|          2|    23|         46|
    |ap_phi_reg_pp0_iter1_x_V_580254_reg_5955     |   9|          2|    23|         46|
    |ap_phi_reg_pp0_iter1_x_V_581252_reg_5965     |   9|          2|    23|         46|
    |ap_phi_reg_pp0_iter1_x_V_582250_reg_5975     |   9|          2|    23|         46|
    |ap_phi_reg_pp0_iter1_x_V_583248_reg_5985     |   9|          2|    23|         46|
    |ap_phi_reg_pp0_iter1_x_V_584246_reg_5995     |   9|          2|    23|         46|
    |ap_phi_reg_pp0_iter1_x_V_585244_reg_6005     |   9|          2|    23|         46|
    |ap_phi_reg_pp0_iter1_x_V_586242_reg_6015     |   9|          2|    23|         46|
    |ap_phi_reg_pp0_iter1_x_V_587240_reg_6025     |   9|          2|    23|         46|
    |ap_phi_reg_pp0_iter1_x_V_588238_reg_6035     |   9|          2|    23|         46|
    |ap_phi_reg_pp0_iter1_x_V_589236_reg_6045     |   9|          2|    23|         46|
    |ap_phi_reg_pp0_iter1_x_V_590234_reg_6055     |   9|          2|    23|         46|
    |ap_phi_reg_pp0_iter1_x_V_591232_reg_6065     |   9|          2|    23|         46|
    |ap_phi_reg_pp0_iter1_x_V_592230_reg_6075     |   9|          2|    23|         46|
    |ap_phi_reg_pp0_iter1_x_V_593228_reg_6085     |   9|          2|    23|         46|
    |ap_phi_reg_pp0_iter1_x_V_594226_reg_6095     |   9|          2|    23|         46|
    |ap_phi_reg_pp0_iter1_x_V_595224_reg_6105     |   9|          2|    23|         46|
    |ap_phi_reg_pp0_iter1_x_V_596222_reg_6115     |   9|          2|    23|         46|
    |ap_phi_reg_pp0_iter1_x_V_597220_reg_6125     |   9|          2|    23|         46|
    |ap_phi_reg_pp0_iter1_x_V_598218_reg_6135     |   9|          2|    23|         46|
    |ap_phi_reg_pp0_iter1_x_V_599216_reg_6145     |   9|          2|    23|         46|
    |ap_phi_reg_pp0_iter1_x_V_600214_reg_6155     |   9|          2|    23|         46|
    |ap_phi_reg_pp0_iter1_x_V_601212_reg_6165     |   9|          2|    23|         46|
    |ap_phi_reg_pp0_iter1_x_V_602210_reg_6175     |   9|          2|    23|         46|
    |ap_phi_reg_pp0_iter1_x_V_603208_reg_6185     |   9|          2|    23|         46|
    |ap_phi_reg_pp0_iter1_x_V_604206_reg_6195     |   9|          2|    23|         46|
    |ap_phi_reg_pp0_iter1_x_V_605204_reg_6205     |   9|          2|    23|         46|
    |ap_phi_reg_pp0_iter1_x_V_606202_reg_6215     |   9|          2|    23|         46|
    |ap_phi_reg_pp0_iter1_x_V_607200_reg_6225     |   9|          2|    23|         46|
    |ap_phi_reg_pp0_iter1_x_V_608198_reg_6235     |   9|          2|    23|         46|
    |ap_phi_reg_pp0_iter1_x_V_609196_reg_6245     |   9|          2|    23|         46|
    |ap_phi_reg_pp0_iter1_x_V_610194_reg_6255     |   9|          2|    23|         46|
    |ap_phi_reg_pp0_iter1_x_V_611192_reg_6265     |   9|          2|    23|         46|
    |ap_phi_reg_pp0_iter1_x_V_612190_reg_6275     |   9|          2|    23|         46|
    |ap_phi_reg_pp0_iter1_x_V_613188_reg_6285     |   9|          2|    23|         46|
    |ap_phi_reg_pp0_iter1_x_V_614186_reg_6295     |   9|          2|    23|         46|
    |ap_phi_reg_pp0_iter1_x_V_615184_reg_6305     |   9|          2|    23|         46|
    |ap_phi_reg_pp0_iter1_x_V_616182_reg_6315     |   9|          2|    23|         46|
    |ap_phi_reg_pp0_iter1_x_V_617180_reg_6325     |   9|          2|    23|         46|
    |ap_phi_reg_pp0_iter1_x_V_618178_reg_6335     |   9|          2|    23|         46|
    |ap_phi_reg_pp0_iter1_x_V_619176_reg_6345     |   9|          2|    23|         46|
    |ap_phi_reg_pp0_iter1_x_V_620174_reg_6355     |   9|          2|    23|         46|
    |ap_phi_reg_pp0_iter1_x_V_621172_reg_6365     |   9|          2|    23|         46|
    |ap_phi_reg_pp0_iter1_x_V_622170_reg_6375     |   9|          2|    23|         46|
    |ap_phi_reg_pp0_iter1_x_V_623168_reg_6385     |   9|          2|    23|         46|
    |ap_phi_reg_pp0_iter1_x_V_624166_reg_6395     |   9|          2|    23|         46|
    |ap_phi_reg_pp0_iter1_x_V_625164_reg_6405     |   9|          2|    23|         46|
    |ap_phi_reg_pp0_iter1_x_V_626162_reg_6415     |   9|          2|    23|         46|
    |ap_phi_reg_pp0_iter1_x_V_627160_reg_6425     |   9|          2|    23|         46|
    |ap_phi_reg_pp0_iter1_x_V_629156_reg_6435     |   9|          2|    23|         46|
    |ap_phi_reg_pp0_iter1_x_V_630154_reg_6445     |   9|          2|    23|         46|
    |ap_phi_reg_pp0_iter1_x_V_631152_reg_6455     |   9|          2|    23|         46|
    |ap_phi_reg_pp0_iter1_x_V_632150_reg_6465     |   9|          2|    23|         46|
    |ap_phi_reg_pp0_iter1_x_V_633148_reg_6475     |   9|          2|    23|         46|
    |ap_phi_reg_pp0_iter1_x_V_634146_reg_6485     |   9|          2|    23|         46|
    |ap_phi_reg_pp0_iter1_x_V_635144_reg_6495     |   9|          2|    23|         46|
    |ap_phi_reg_pp0_iter1_x_V_636142_reg_6505     |   9|          2|    23|         46|
    |ap_phi_reg_pp0_iter1_x_V_637140_reg_6515     |   9|          2|    23|         46|
    |ap_phi_reg_pp0_iter1_x_V_638138_reg_6525     |   9|          2|    23|         46|
    |ap_phi_reg_pp0_iter1_x_V_639136_reg_6535     |   9|          2|    23|         46|
    |ap_phi_reg_pp0_iter1_x_V_640134_reg_6545     |   9|          2|    23|         46|
    |ap_phi_reg_pp0_iter1_x_V_641132_reg_6555     |   9|          2|    23|         46|
    |ap_phi_reg_pp0_iter1_x_V_642130_reg_6565     |   9|          2|    23|         46|
    |ap_phi_reg_pp0_iter1_x_V_643128_reg_6575     |   9|          2|    23|         46|
    |ap_phi_reg_pp0_iter1_x_V_644126_reg_6585     |   9|          2|    23|         46|
    |ap_phi_reg_pp0_iter1_x_V_645124_reg_6595     |   9|          2|    23|         46|
    |ap_phi_reg_pp0_iter1_x_V_646122_reg_6605     |   9|          2|    23|         46|
    |ap_phi_reg_pp0_iter1_x_V_647120_reg_6615     |   9|          2|    23|         46|
    |ap_phi_reg_pp0_iter1_x_V_648118_reg_6625     |   9|          2|    23|         46|
    |ap_phi_reg_pp0_iter1_x_V_649116_reg_6635     |   9|          2|    23|         46|
    |ap_phi_reg_pp0_iter1_x_V_650114_reg_6645     |   9|          2|    23|         46|
    |ap_phi_reg_pp0_iter1_x_V_651112_reg_6655     |   9|          2|    23|         46|
    |ap_phi_reg_pp0_iter1_x_V_652110_reg_6665     |   9|          2|    23|         46|
    |ap_phi_reg_pp0_iter1_x_V_653108_reg_6675     |   9|          2|    23|         46|
    |ap_phi_reg_pp0_iter1_x_V_654106_reg_6685     |   9|          2|    23|         46|
    |ap_phi_reg_pp0_iter1_x_V_655104_reg_6695     |   9|          2|    23|         46|
    |ap_phi_reg_pp0_iter1_x_V_656102_reg_6705     |   9|          2|    23|         46|
    |ap_phi_reg_pp0_iter1_x_V_657100_reg_6715     |   9|          2|    23|         46|
    |ap_phi_reg_pp0_iter1_x_V_65898_reg_6725      |   9|          2|    23|         46|
    |ap_phi_reg_pp0_iter1_x_V_65996_reg_6735      |   9|          2|    23|         46|
    |ap_phi_reg_pp0_iter1_x_V_66094_reg_6745      |   9|          2|    23|         46|
    |ap_phi_reg_pp0_iter1_x_V_66192_reg_6755      |   9|          2|    23|         46|
    |ap_phi_reg_pp0_iter1_x_V_66290_reg_6765      |   9|          2|    23|         46|
    |ap_phi_reg_pp0_iter1_x_V_66388_reg_6775      |   9|          2|    23|         46|
    |ap_phi_reg_pp0_iter1_x_V_66486_reg_6785      |   9|          2|    23|         46|
    |ap_phi_reg_pp0_iter1_x_V_66584_reg_6795      |   9|          2|    23|         46|
    |ap_phi_reg_pp0_iter1_x_V_66682_reg_6805      |   9|          2|    23|         46|
    |ap_phi_reg_pp0_iter1_x_V_66780_reg_6815      |   9|          2|    23|         46|
    |ap_phi_reg_pp0_iter1_x_V_66878_reg_6825      |   9|          2|    23|         46|
    |ap_phi_reg_pp0_iter1_x_V_66976_reg_6835      |   9|          2|    23|         46|
    |ap_phi_reg_pp0_iter1_x_V_67074_reg_6845      |   9|          2|    23|         46|
    |ap_phi_reg_pp0_iter1_x_V_67172_reg_6855      |   9|          2|    23|         46|
    |ap_phi_reg_pp0_iter1_x_V_67270_reg_6865      |   9|          2|    23|         46|
    |ap_phi_reg_pp0_iter1_x_V_67368_reg_6875      |   9|          2|    23|         46|
    |ap_phi_reg_pp0_iter1_x_V_67466_reg_6885      |   9|          2|    23|         46|
    |ap_phi_reg_pp0_iter1_x_V_67564_reg_6895      |   9|          2|    23|         46|
    |ap_phi_reg_pp0_iter1_x_V_67760_reg_6905      |   9|          2|    23|         46|
    |ap_phi_reg_pp0_iter1_x_V_67858_reg_6915      |   9|          2|    23|         46|
    |ap_phi_reg_pp0_iter1_x_V_67956_reg_6925      |   9|          2|    23|         46|
    |ap_phi_reg_pp0_iter1_x_V_68054_reg_6935      |   9|          2|    23|         46|
    |ap_phi_reg_pp0_iter1_x_V_68152_reg_6945      |   9|          2|    23|         46|
    |ap_phi_reg_pp0_iter1_x_V_68250_reg_6955      |   9|          2|    23|         46|
    |ap_phi_reg_pp0_iter1_x_V_68348_reg_6965      |   9|          2|    23|         46|
    |ap_phi_reg_pp0_iter1_x_V_68446_reg_6975      |   9|          2|    23|         46|
    |ap_phi_reg_pp0_iter1_x_V_68544_reg_6985      |   9|          2|    23|         46|
    |ap_phi_reg_pp0_iter1_x_V_68642_reg_6995      |   9|          2|    23|         46|
    |ap_phi_reg_pp0_iter1_x_V_68740_reg_7005      |   9|          2|    23|         46|
    |ap_phi_reg_pp0_iter1_x_V_68838_reg_7015      |   9|          2|    23|         46|
    |ap_phi_reg_pp0_iter1_x_V_68936_reg_7025      |   9|          2|    23|         46|
    |ap_phi_reg_pp0_iter1_x_V_69034_reg_7035      |   9|          2|    23|         46|
    |ap_phi_reg_pp0_iter1_x_V_69132_reg_7045      |   9|          2|    23|         46|
    |ap_phi_reg_pp0_iter1_x_V_69230_reg_7055      |   9|          2|    23|         46|
    |ap_phi_reg_pp0_iter1_x_V_69328_reg_7065      |   9|          2|    23|         46|
    |ap_phi_reg_pp0_iter1_x_V_69426_reg_7075      |   9|          2|    23|         46|
    |ap_phi_reg_pp0_iter1_x_V_69524_reg_7085      |   9|          2|    23|         46|
    |ap_phi_reg_pp0_iter1_x_V_69622_reg_7095      |   9|          2|    23|         46|
    |ap_phi_reg_pp0_iter1_x_V_69720_reg_7105      |   9|          2|    23|         46|
    |ap_phi_reg_pp0_iter1_x_V_69818_reg_7115      |   9|          2|    23|         46|
    |ap_phi_reg_pp0_iter1_x_V_69916_reg_7125      |   9|          2|    23|         46|
    |ap_phi_reg_pp0_iter1_x_V_70014_reg_7135      |   9|          2|    23|         46|
    |ap_phi_reg_pp0_iter1_x_V_70112_reg_7145      |   9|          2|    23|         46|
    |ap_phi_reg_pp0_iter1_x_V_70210_reg_7155      |   9|          2|    23|         46|
    |ap_phi_reg_pp0_iter1_x_V_7038_reg_7165       |   9|          2|    23|         46|
    |ap_phi_reg_pp0_iter1_x_V_7046_reg_7175       |   9|          2|    23|         46|
    |ap_phi_reg_pp0_iter1_x_V_7054_reg_7185       |   9|          2|    23|         46|
    |ap_phi_reg_pp0_iter2_x_V386_reg_5295         |   9|          2|    23|         46|
    |ap_phi_reg_pp0_iter2_x_V_515384_reg_5305     |   9|          2|    23|         46|
    |ap_phi_reg_pp0_iter2_x_V_516382_reg_5315     |   9|          2|    23|         46|
    |ap_phi_reg_pp0_iter2_x_V_517380_reg_5325     |   9|          2|    23|         46|
    |ap_phi_reg_pp0_iter2_x_V_518378_reg_5335     |   9|          2|    23|         46|
    |ap_phi_reg_pp0_iter2_x_V_519376_reg_5345     |   9|          2|    23|         46|
    |ap_phi_reg_pp0_iter2_x_V_520374_reg_5355     |   9|          2|    23|         46|
    |ap_phi_reg_pp0_iter2_x_V_521372_reg_5365     |   9|          2|    23|         46|
    |ap_phi_reg_pp0_iter2_x_V_522370_reg_5375     |   9|          2|    23|         46|
    |ap_phi_reg_pp0_iter2_x_V_523368_reg_5385     |   9|          2|    23|         46|
    |ap_phi_reg_pp0_iter2_x_V_524366_reg_5395     |   9|          2|    23|         46|
    |ap_phi_reg_pp0_iter2_x_V_525364_reg_5405     |   9|          2|    23|         46|
    |ap_phi_reg_pp0_iter2_x_V_526362_reg_5415     |   9|          2|    23|         46|
    |ap_phi_reg_pp0_iter2_x_V_527360_reg_5425     |   9|          2|    23|         46|
    |ap_phi_reg_pp0_iter2_x_V_528358_reg_5435     |   9|          2|    23|         46|
    |ap_phi_reg_pp0_iter2_x_V_529356_reg_5445     |   9|          2|    23|         46|
    |ap_phi_reg_pp0_iter2_x_V_530354_reg_5455     |   9|          2|    23|         46|
    |ap_phi_reg_pp0_iter2_x_V_531352_reg_5465     |   9|          2|    23|         46|
    |ap_phi_reg_pp0_iter2_x_V_532350_reg_5475     |   9|          2|    23|         46|
    |ap_phi_reg_pp0_iter2_x_V_533348_reg_5485     |   9|          2|    23|         46|
    |ap_phi_reg_pp0_iter2_x_V_534346_reg_5495     |   9|          2|    23|         46|
    |ap_phi_reg_pp0_iter2_x_V_535344_reg_5505     |   9|          2|    23|         46|
    |ap_phi_reg_pp0_iter2_x_V_536342_reg_5515     |   9|          2|    23|         46|
    |ap_phi_reg_pp0_iter2_x_V_537340_reg_5525     |   9|          2|    23|         46|
    |ap_phi_reg_pp0_iter2_x_V_538338_reg_5535     |   9|          2|    23|         46|
    |ap_phi_reg_pp0_iter2_x_V_539336_reg_5545     |   9|          2|    23|         46|
    |ap_phi_reg_pp0_iter2_x_V_540334_reg_5555     |   9|          2|    23|         46|
    |ap_phi_reg_pp0_iter2_x_V_541332_reg_5565     |   9|          2|    23|         46|
    |ap_phi_reg_pp0_iter2_x_V_542330_reg_5575     |   9|          2|    23|         46|
    |ap_phi_reg_pp0_iter2_x_V_543328_reg_5585     |   9|          2|    23|         46|
    |ap_phi_reg_pp0_iter2_x_V_544326_reg_5595     |   9|          2|    23|         46|
    |ap_phi_reg_pp0_iter2_x_V_545324_reg_5605     |   9|          2|    23|         46|
    |ap_phi_reg_pp0_iter2_x_V_546322_reg_5615     |   9|          2|    23|         46|
    |ap_phi_reg_pp0_iter2_x_V_547320_reg_5625     |   9|          2|    23|         46|
    |ap_phi_reg_pp0_iter2_x_V_548318_reg_5635     |   9|          2|    23|         46|
    |ap_phi_reg_pp0_iter2_x_V_549316_reg_5645     |   9|          2|    23|         46|
    |ap_phi_reg_pp0_iter2_x_V_550314_reg_5655     |   9|          2|    23|         46|
    |ap_phi_reg_pp0_iter2_x_V_551312_reg_5665     |   9|          2|    23|         46|
    |ap_phi_reg_pp0_iter2_x_V_552310_reg_5675     |   9|          2|    23|         46|
    |ap_phi_reg_pp0_iter2_x_V_553308_reg_5685     |   9|          2|    23|         46|
    |ap_phi_reg_pp0_iter2_x_V_554306_reg_5695     |   9|          2|    23|         46|
    |ap_phi_reg_pp0_iter2_x_V_555304_reg_5705     |   9|          2|    23|         46|
    |ap_phi_reg_pp0_iter2_x_V_556302_reg_5715     |   9|          2|    23|         46|
    |ap_phi_reg_pp0_iter2_x_V_557300_reg_5725     |   9|          2|    23|         46|
    |ap_phi_reg_pp0_iter2_x_V_558298_reg_5735     |   9|          2|    23|         46|
    |ap_phi_reg_pp0_iter2_x_V_559296_reg_5745     |   9|          2|    23|         46|
    |ap_phi_reg_pp0_iter2_x_V_560294_reg_5755     |   9|          2|    23|         46|
    |ap_phi_reg_pp0_iter2_x_V_561292_reg_5765     |   9|          2|    23|         46|
    |ap_phi_reg_pp0_iter2_x_V_562290_reg_5775     |   9|          2|    23|         46|
    |ap_phi_reg_pp0_iter2_x_V_563288_reg_5785     |   9|          2|    23|         46|
    |ap_phi_reg_pp0_iter2_x_V_564286_reg_5795     |   9|          2|    23|         46|
    |ap_phi_reg_pp0_iter2_x_V_565284_reg_5805     |   9|          2|    23|         46|
    |ap_phi_reg_pp0_iter2_x_V_566282_reg_5815     |   9|          2|    23|         46|
    |ap_phi_reg_pp0_iter2_x_V_567280_reg_5825     |   9|          2|    23|         46|
    |ap_phi_reg_pp0_iter2_x_V_568278_reg_5835     |   9|          2|    23|         46|
    |ap_phi_reg_pp0_iter2_x_V_569276_reg_5845     |   9|          2|    23|         46|
    |ap_phi_reg_pp0_iter2_x_V_570274_reg_5855     |   9|          2|    23|         46|
    |ap_phi_reg_pp0_iter2_x_V_571272_reg_5865     |   9|          2|    23|         46|
    |ap_phi_reg_pp0_iter2_x_V_572270_reg_5875     |   9|          2|    23|         46|
    |ap_phi_reg_pp0_iter2_x_V_573268_reg_5885     |   9|          2|    23|         46|
    |ap_phi_reg_pp0_iter2_x_V_574266_reg_5895     |   9|          2|    23|         46|
    |ap_phi_reg_pp0_iter2_x_V_575264_reg_5905     |   9|          2|    23|         46|
    |ap_phi_reg_pp0_iter2_x_V_576262_reg_5915     |   9|          2|    23|         46|
    |ap_phi_reg_pp0_iter2_x_V_577260_reg_5925     |   9|          2|    23|         46|
    |ap_phi_reg_pp0_iter2_x_V_578258_reg_5935     |   9|          2|    23|         46|
    |ap_phi_reg_pp0_iter2_x_V_579256_reg_5945     |   9|          2|    23|         46|
    |ap_phi_reg_pp0_iter2_x_V_580254_reg_5955     |   9|          2|    23|         46|
    |ap_phi_reg_pp0_iter2_x_V_581252_reg_5965     |   9|          2|    23|         46|
    |ap_phi_reg_pp0_iter2_x_V_582250_reg_5975     |   9|          2|    23|         46|
    |ap_phi_reg_pp0_iter2_x_V_583248_reg_5985     |   9|          2|    23|         46|
    |ap_phi_reg_pp0_iter2_x_V_584246_reg_5995     |   9|          2|    23|         46|
    |ap_phi_reg_pp0_iter2_x_V_585244_reg_6005     |   9|          2|    23|         46|
    |ap_phi_reg_pp0_iter2_x_V_586242_reg_6015     |   9|          2|    23|         46|
    |ap_phi_reg_pp0_iter2_x_V_587240_reg_6025     |   9|          2|    23|         46|
    |ap_phi_reg_pp0_iter2_x_V_588238_reg_6035     |   9|          2|    23|         46|
    |ap_phi_reg_pp0_iter2_x_V_589236_reg_6045     |   9|          2|    23|         46|
    |ap_phi_reg_pp0_iter2_x_V_590234_reg_6055     |   9|          2|    23|         46|
    |ap_phi_reg_pp0_iter2_x_V_591232_reg_6065     |   9|          2|    23|         46|
    |ap_phi_reg_pp0_iter2_x_V_592230_reg_6075     |   9|          2|    23|         46|
    |ap_phi_reg_pp0_iter2_x_V_593228_reg_6085     |   9|          2|    23|         46|
    |ap_phi_reg_pp0_iter2_x_V_594226_reg_6095     |   9|          2|    23|         46|
    |ap_phi_reg_pp0_iter2_x_V_595224_reg_6105     |   9|          2|    23|         46|
    |ap_phi_reg_pp0_iter2_x_V_596222_reg_6115     |   9|          2|    23|         46|
    |ap_phi_reg_pp0_iter2_x_V_597220_reg_6125     |   9|          2|    23|         46|
    |ap_phi_reg_pp0_iter2_x_V_598218_reg_6135     |   9|          2|    23|         46|
    |ap_phi_reg_pp0_iter2_x_V_599216_reg_6145     |   9|          2|    23|         46|
    |ap_phi_reg_pp0_iter2_x_V_600214_reg_6155     |   9|          2|    23|         46|
    |ap_phi_reg_pp0_iter2_x_V_601212_reg_6165     |   9|          2|    23|         46|
    |ap_phi_reg_pp0_iter2_x_V_602210_reg_6175     |   9|          2|    23|         46|
    |ap_phi_reg_pp0_iter2_x_V_603208_reg_6185     |   9|          2|    23|         46|
    |ap_phi_reg_pp0_iter2_x_V_604206_reg_6195     |   9|          2|    23|         46|
    |ap_phi_reg_pp0_iter2_x_V_605204_reg_6205     |   9|          2|    23|         46|
    |ap_phi_reg_pp0_iter2_x_V_606202_reg_6215     |   9|          2|    23|         46|
    |ap_phi_reg_pp0_iter2_x_V_607200_reg_6225     |   9|          2|    23|         46|
    |ap_phi_reg_pp0_iter2_x_V_608198_reg_6235     |   9|          2|    23|         46|
    |ap_phi_reg_pp0_iter2_x_V_609196_reg_6245     |   9|          2|    23|         46|
    |ap_phi_reg_pp0_iter2_x_V_610194_reg_6255     |   9|          2|    23|         46|
    |ap_phi_reg_pp0_iter2_x_V_611192_reg_6265     |   9|          2|    23|         46|
    |ap_phi_reg_pp0_iter2_x_V_612190_reg_6275     |   9|          2|    23|         46|
    |ap_phi_reg_pp0_iter2_x_V_613188_reg_6285     |   9|          2|    23|         46|
    |ap_phi_reg_pp0_iter2_x_V_614186_reg_6295     |   9|          2|    23|         46|
    |ap_phi_reg_pp0_iter2_x_V_615184_reg_6305     |   9|          2|    23|         46|
    |ap_phi_reg_pp0_iter2_x_V_616182_reg_6315     |   9|          2|    23|         46|
    |ap_phi_reg_pp0_iter2_x_V_617180_reg_6325     |   9|          2|    23|         46|
    |ap_phi_reg_pp0_iter2_x_V_618178_reg_6335     |   9|          2|    23|         46|
    |ap_phi_reg_pp0_iter2_x_V_619176_reg_6345     |   9|          2|    23|         46|
    |ap_phi_reg_pp0_iter2_x_V_620174_reg_6355     |   9|          2|    23|         46|
    |ap_phi_reg_pp0_iter2_x_V_621172_reg_6365     |   9|          2|    23|         46|
    |ap_phi_reg_pp0_iter2_x_V_622170_reg_6375     |   9|          2|    23|         46|
    |ap_phi_reg_pp0_iter2_x_V_623168_reg_6385     |   9|          2|    23|         46|
    |ap_phi_reg_pp0_iter2_x_V_624166_reg_6395     |   9|          2|    23|         46|
    |ap_phi_reg_pp0_iter2_x_V_625164_reg_6405     |   9|          2|    23|         46|
    |ap_phi_reg_pp0_iter2_x_V_626162_reg_6415     |   9|          2|    23|         46|
    |ap_phi_reg_pp0_iter2_x_V_627160_reg_6425     |   9|          2|    23|         46|
    |ap_phi_reg_pp0_iter2_x_V_629156_reg_6435     |   9|          2|    23|         46|
    |ap_phi_reg_pp0_iter2_x_V_630154_reg_6445     |   9|          2|    23|         46|
    |ap_phi_reg_pp0_iter2_x_V_631152_reg_6455     |   9|          2|    23|         46|
    |ap_phi_reg_pp0_iter2_x_V_632150_reg_6465     |   9|          2|    23|         46|
    |ap_phi_reg_pp0_iter2_x_V_633148_reg_6475     |   9|          2|    23|         46|
    |ap_phi_reg_pp0_iter2_x_V_634146_reg_6485     |   9|          2|    23|         46|
    |ap_phi_reg_pp0_iter2_x_V_635144_reg_6495     |   9|          2|    23|         46|
    |ap_phi_reg_pp0_iter2_x_V_636142_reg_6505     |   9|          2|    23|         46|
    |ap_phi_reg_pp0_iter2_x_V_637140_reg_6515     |   9|          2|    23|         46|
    |ap_phi_reg_pp0_iter2_x_V_638138_reg_6525     |   9|          2|    23|         46|
    |ap_phi_reg_pp0_iter2_x_V_639136_reg_6535     |   9|          2|    23|         46|
    |ap_phi_reg_pp0_iter2_x_V_640134_reg_6545     |   9|          2|    23|         46|
    |ap_phi_reg_pp0_iter2_x_V_641132_reg_6555     |   9|          2|    23|         46|
    |ap_phi_reg_pp0_iter2_x_V_642130_reg_6565     |   9|          2|    23|         46|
    |ap_phi_reg_pp0_iter2_x_V_643128_reg_6575     |   9|          2|    23|         46|
    |ap_phi_reg_pp0_iter2_x_V_644126_reg_6585     |   9|          2|    23|         46|
    |ap_phi_reg_pp0_iter2_x_V_645124_reg_6595     |   9|          2|    23|         46|
    |ap_phi_reg_pp0_iter2_x_V_646122_reg_6605     |   9|          2|    23|         46|
    |ap_phi_reg_pp0_iter2_x_V_647120_reg_6615     |   9|          2|    23|         46|
    |ap_phi_reg_pp0_iter2_x_V_648118_reg_6625     |   9|          2|    23|         46|
    |ap_phi_reg_pp0_iter2_x_V_649116_reg_6635     |   9|          2|    23|         46|
    |ap_phi_reg_pp0_iter2_x_V_650114_reg_6645     |   9|          2|    23|         46|
    |ap_phi_reg_pp0_iter2_x_V_651112_reg_6655     |   9|          2|    23|         46|
    |ap_phi_reg_pp0_iter2_x_V_652110_reg_6665     |   9|          2|    23|         46|
    |ap_phi_reg_pp0_iter2_x_V_653108_reg_6675     |   9|          2|    23|         46|
    |ap_phi_reg_pp0_iter2_x_V_654106_reg_6685     |   9|          2|    23|         46|
    |ap_phi_reg_pp0_iter2_x_V_655104_reg_6695     |   9|          2|    23|         46|
    |ap_phi_reg_pp0_iter2_x_V_656102_reg_6705     |   9|          2|    23|         46|
    |ap_phi_reg_pp0_iter2_x_V_657100_reg_6715     |   9|          2|    23|         46|
    |ap_phi_reg_pp0_iter2_x_V_65898_reg_6725      |   9|          2|    23|         46|
    |ap_phi_reg_pp0_iter2_x_V_65996_reg_6735      |   9|          2|    23|         46|
    |ap_phi_reg_pp0_iter2_x_V_66094_reg_6745      |   9|          2|    23|         46|
    |ap_phi_reg_pp0_iter2_x_V_66192_reg_6755      |   9|          2|    23|         46|
    |ap_phi_reg_pp0_iter2_x_V_66290_reg_6765      |   9|          2|    23|         46|
    |ap_phi_reg_pp0_iter2_x_V_66388_reg_6775      |   9|          2|    23|         46|
    |ap_phi_reg_pp0_iter2_x_V_66486_reg_6785      |   9|          2|    23|         46|
    |ap_phi_reg_pp0_iter2_x_V_66584_reg_6795      |   9|          2|    23|         46|
    |ap_phi_reg_pp0_iter2_x_V_66682_reg_6805      |   9|          2|    23|         46|
    |ap_phi_reg_pp0_iter2_x_V_66780_reg_6815      |   9|          2|    23|         46|
    |ap_phi_reg_pp0_iter2_x_V_66878_reg_6825      |   9|          2|    23|         46|
    |ap_phi_reg_pp0_iter2_x_V_66976_reg_6835      |   9|          2|    23|         46|
    |ap_phi_reg_pp0_iter2_x_V_67074_reg_6845      |   9|          2|    23|         46|
    |ap_phi_reg_pp0_iter2_x_V_67172_reg_6855      |   9|          2|    23|         46|
    |ap_phi_reg_pp0_iter2_x_V_67270_reg_6865      |   9|          2|    23|         46|
    |ap_phi_reg_pp0_iter2_x_V_67368_reg_6875      |   9|          2|    23|         46|
    |ap_phi_reg_pp0_iter2_x_V_67466_reg_6885      |   9|          2|    23|         46|
    |ap_phi_reg_pp0_iter2_x_V_67564_reg_6895      |   9|          2|    23|         46|
    |ap_phi_reg_pp0_iter2_x_V_67760_reg_6905      |   9|          2|    23|         46|
    |ap_phi_reg_pp0_iter2_x_V_67858_reg_6915      |   9|          2|    23|         46|
    |ap_phi_reg_pp0_iter2_x_V_67956_reg_6925      |   9|          2|    23|         46|
    |ap_phi_reg_pp0_iter2_x_V_68054_reg_6935      |   9|          2|    23|         46|
    |ap_phi_reg_pp0_iter2_x_V_68152_reg_6945      |   9|          2|    23|         46|
    |ap_phi_reg_pp0_iter2_x_V_68250_reg_6955      |   9|          2|    23|         46|
    |ap_phi_reg_pp0_iter2_x_V_68348_reg_6965      |   9|          2|    23|         46|
    |ap_phi_reg_pp0_iter2_x_V_68446_reg_6975      |   9|          2|    23|         46|
    |ap_phi_reg_pp0_iter2_x_V_68544_reg_6985      |   9|          2|    23|         46|
    |ap_phi_reg_pp0_iter2_x_V_68642_reg_6995      |   9|          2|    23|         46|
    |ap_phi_reg_pp0_iter2_x_V_68740_reg_7005      |   9|          2|    23|         46|
    |ap_phi_reg_pp0_iter2_x_V_68838_reg_7015      |   9|          2|    23|         46|
    |ap_phi_reg_pp0_iter2_x_V_68936_reg_7025      |   9|          2|    23|         46|
    |ap_phi_reg_pp0_iter2_x_V_69034_reg_7035      |   9|          2|    23|         46|
    |ap_phi_reg_pp0_iter2_x_V_69132_reg_7045      |   9|          2|    23|         46|
    |ap_phi_reg_pp0_iter2_x_V_69230_reg_7055      |   9|          2|    23|         46|
    |ap_phi_reg_pp0_iter2_x_V_69328_reg_7065      |   9|          2|    23|         46|
    |ap_phi_reg_pp0_iter2_x_V_69426_reg_7075      |   9|          2|    23|         46|
    |ap_phi_reg_pp0_iter2_x_V_69524_reg_7085      |   9|          2|    23|         46|
    |ap_phi_reg_pp0_iter2_x_V_69622_reg_7095      |   9|          2|    23|         46|
    |ap_phi_reg_pp0_iter2_x_V_69720_reg_7105      |   9|          2|    23|         46|
    |ap_phi_reg_pp0_iter2_x_V_69818_reg_7115      |   9|          2|    23|         46|
    |ap_phi_reg_pp0_iter2_x_V_69916_reg_7125      |   9|          2|    23|         46|
    |ap_phi_reg_pp0_iter2_x_V_70014_reg_7135      |   9|          2|    23|         46|
    |ap_phi_reg_pp0_iter2_x_V_70112_reg_7145      |   9|          2|    23|         46|
    |ap_phi_reg_pp0_iter2_x_V_70210_reg_7155      |   9|          2|    23|         46|
    |ap_phi_reg_pp0_iter2_x_V_7038_reg_7165       |   9|          2|    23|         46|
    |ap_phi_reg_pp0_iter2_x_V_7046_reg_7175       |   9|          2|    23|         46|
    |ap_phi_reg_pp0_iter2_x_V_7054_reg_7185       |   9|          2|    23|         46|
    |ap_return_0                                  |   9|          2|    23|         46|
    |ap_return_1                                  |   9|          2|    23|         46|
    |ap_return_10                                 |   9|          2|    23|         46|
    |ap_return_100                                |   9|          2|    23|         46|
    |ap_return_101                                |   9|          2|    23|         46|
    |ap_return_102                                |   9|          2|    23|         46|
    |ap_return_103                                |   9|          2|    23|         46|
    |ap_return_104                                |   9|          2|    23|         46|
    |ap_return_105                                |   9|          2|    23|         46|
    |ap_return_106                                |   9|          2|    23|         46|
    |ap_return_107                                |   9|          2|    23|         46|
    |ap_return_108                                |   9|          2|    23|         46|
    |ap_return_109                                |   9|          2|    23|         46|
    |ap_return_11                                 |   9|          2|    23|         46|
    |ap_return_110                                |   9|          2|    23|         46|
    |ap_return_111                                |   9|          2|    23|         46|
    |ap_return_112                                |   9|          2|    23|         46|
    |ap_return_113                                |   9|          2|    23|         46|
    |ap_return_114                                |   9|          2|    23|         46|
    |ap_return_115                                |   9|          2|    23|         46|
    |ap_return_116                                |   9|          2|    23|         46|
    |ap_return_117                                |   9|          2|    23|         46|
    |ap_return_118                                |   9|          2|    23|         46|
    |ap_return_119                                |   9|          2|    23|         46|
    |ap_return_12                                 |   9|          2|    23|         46|
    |ap_return_120                                |   9|          2|    23|         46|
    |ap_return_121                                |   9|          2|    23|         46|
    |ap_return_122                                |   9|          2|    23|         46|
    |ap_return_123                                |   9|          2|    23|         46|
    |ap_return_124                                |   9|          2|    23|         46|
    |ap_return_125                                |   9|          2|    23|         46|
    |ap_return_126                                |   9|          2|    23|         46|
    |ap_return_127                                |   9|          2|    23|         46|
    |ap_return_128                                |   9|          2|    23|         46|
    |ap_return_129                                |   9|          2|    23|         46|
    |ap_return_13                                 |   9|          2|    23|         46|
    |ap_return_130                                |   9|          2|    23|         46|
    |ap_return_131                                |   9|          2|    23|         46|
    |ap_return_132                                |   9|          2|    23|         46|
    |ap_return_133                                |   9|          2|    23|         46|
    |ap_return_134                                |   9|          2|    23|         46|
    |ap_return_135                                |   9|          2|    23|         46|
    |ap_return_136                                |   9|          2|    23|         46|
    |ap_return_137                                |   9|          2|    23|         46|
    |ap_return_138                                |   9|          2|    23|         46|
    |ap_return_139                                |   9|          2|    23|         46|
    |ap_return_14                                 |   9|          2|    23|         46|
    |ap_return_140                                |   9|          2|    23|         46|
    |ap_return_141                                |   9|          2|    23|         46|
    |ap_return_142                                |   9|          2|    23|         46|
    |ap_return_143                                |   9|          2|    23|         46|
    |ap_return_144                                |   9|          2|    23|         46|
    |ap_return_145                                |   9|          2|    23|         46|
    |ap_return_146                                |   9|          2|    23|         46|
    |ap_return_147                                |   9|          2|    23|         46|
    |ap_return_148                                |   9|          2|    23|         46|
    |ap_return_149                                |   9|          2|    23|         46|
    |ap_return_15                                 |   9|          2|    23|         46|
    |ap_return_150                                |   9|          2|    23|         46|
    |ap_return_151                                |   9|          2|    23|         46|
    |ap_return_152                                |   9|          2|    23|         46|
    |ap_return_153                                |   9|          2|    23|         46|
    |ap_return_154                                |   9|          2|    23|         46|
    |ap_return_155                                |   9|          2|    23|         46|
    |ap_return_156                                |   9|          2|    23|         46|
    |ap_return_157                                |   9|          2|    23|         46|
    |ap_return_158                                |   9|          2|    23|         46|
    |ap_return_159                                |   9|          2|    23|         46|
    |ap_return_16                                 |   9|          2|    23|         46|
    |ap_return_160                                |   9|          2|    23|         46|
    |ap_return_161                                |   9|          2|    23|         46|
    |ap_return_162                                |   9|          2|    23|         46|
    |ap_return_163                                |   9|          2|    23|         46|
    |ap_return_164                                |   9|          2|    23|         46|
    |ap_return_165                                |   9|          2|    23|         46|
    |ap_return_166                                |   9|          2|    23|         46|
    |ap_return_167                                |   9|          2|    23|         46|
    |ap_return_168                                |   9|          2|    23|         46|
    |ap_return_169                                |   9|          2|    23|         46|
    |ap_return_17                                 |   9|          2|    23|         46|
    |ap_return_170                                |   9|          2|    23|         46|
    |ap_return_171                                |   9|          2|    23|         46|
    |ap_return_172                                |   9|          2|    23|         46|
    |ap_return_173                                |   9|          2|    23|         46|
    |ap_return_174                                |   9|          2|    23|         46|
    |ap_return_175                                |   9|          2|    23|         46|
    |ap_return_176                                |   9|          2|    23|         46|
    |ap_return_177                                |   9|          2|    23|         46|
    |ap_return_178                                |   9|          2|    23|         46|
    |ap_return_179                                |   9|          2|    23|         46|
    |ap_return_18                                 |   9|          2|    23|         46|
    |ap_return_180                                |   9|          2|    23|         46|
    |ap_return_181                                |   9|          2|    23|         46|
    |ap_return_182                                |   9|          2|    23|         46|
    |ap_return_183                                |   9|          2|    23|         46|
    |ap_return_184                                |   9|          2|    23|         46|
    |ap_return_185                                |   9|          2|    23|         46|
    |ap_return_186                                |   9|          2|    23|         46|
    |ap_return_187                                |   9|          2|    23|         46|
    |ap_return_188                                |   9|          2|    23|         46|
    |ap_return_189                                |   9|          2|    23|         46|
    |ap_return_19                                 |   9|          2|    23|         46|
    |ap_return_190                                |   9|          2|    23|         46|
    |ap_return_191                                |   9|          2|    23|         46|
    |ap_return_2                                  |   9|          2|    23|         46|
    |ap_return_20                                 |   9|          2|    23|         46|
    |ap_return_21                                 |   9|          2|    23|         46|
    |ap_return_22                                 |   9|          2|    23|         46|
    |ap_return_23                                 |   9|          2|    23|         46|
    |ap_return_24                                 |   9|          2|    23|         46|
    |ap_return_25                                 |   9|          2|    23|         46|
    |ap_return_26                                 |   9|          2|    23|         46|
    |ap_return_27                                 |   9|          2|    23|         46|
    |ap_return_28                                 |   9|          2|    23|         46|
    |ap_return_29                                 |   9|          2|    23|         46|
    |ap_return_3                                  |   9|          2|    23|         46|
    |ap_return_30                                 |   9|          2|    23|         46|
    |ap_return_31                                 |   9|          2|    23|         46|
    |ap_return_32                                 |   9|          2|    23|         46|
    |ap_return_33                                 |   9|          2|    23|         46|
    |ap_return_34                                 |   9|          2|    23|         46|
    |ap_return_35                                 |   9|          2|    23|         46|
    |ap_return_36                                 |   9|          2|    23|         46|
    |ap_return_37                                 |   9|          2|    23|         46|
    |ap_return_38                                 |   9|          2|    23|         46|
    |ap_return_39                                 |   9|          2|    23|         46|
    |ap_return_4                                  |   9|          2|    23|         46|
    |ap_return_40                                 |   9|          2|    23|         46|
    |ap_return_41                                 |   9|          2|    23|         46|
    |ap_return_42                                 |   9|          2|    23|         46|
    |ap_return_43                                 |   9|          2|    23|         46|
    |ap_return_44                                 |   9|          2|    23|         46|
    |ap_return_45                                 |   9|          2|    23|         46|
    |ap_return_46                                 |   9|          2|    23|         46|
    |ap_return_47                                 |   9|          2|    23|         46|
    |ap_return_48                                 |   9|          2|    23|         46|
    |ap_return_49                                 |   9|          2|    23|         46|
    |ap_return_5                                  |   9|          2|    23|         46|
    |ap_return_50                                 |   9|          2|    23|         46|
    |ap_return_51                                 |   9|          2|    23|         46|
    |ap_return_52                                 |   9|          2|    23|         46|
    |ap_return_53                                 |   9|          2|    23|         46|
    |ap_return_54                                 |   9|          2|    23|         46|
    |ap_return_55                                 |   9|          2|    23|         46|
    |ap_return_56                                 |   9|          2|    23|         46|
    |ap_return_57                                 |   9|          2|    23|         46|
    |ap_return_58                                 |   9|          2|    23|         46|
    |ap_return_59                                 |   9|          2|    23|         46|
    |ap_return_6                                  |   9|          2|    23|         46|
    |ap_return_60                                 |   9|          2|    23|         46|
    |ap_return_61                                 |   9|          2|    23|         46|
    |ap_return_62                                 |   9|          2|    23|         46|
    |ap_return_63                                 |   9|          2|    23|         46|
    |ap_return_64                                 |   9|          2|    23|         46|
    |ap_return_65                                 |   9|          2|    23|         46|
    |ap_return_66                                 |   9|          2|    23|         46|
    |ap_return_67                                 |   9|          2|    23|         46|
    |ap_return_68                                 |   9|          2|    23|         46|
    |ap_return_69                                 |   9|          2|    23|         46|
    |ap_return_7                                  |   9|          2|    23|         46|
    |ap_return_70                                 |   9|          2|    23|         46|
    |ap_return_71                                 |   9|          2|    23|         46|
    |ap_return_72                                 |   9|          2|    23|         46|
    |ap_return_73                                 |   9|          2|    23|         46|
    |ap_return_74                                 |   9|          2|    23|         46|
    |ap_return_75                                 |   9|          2|    23|         46|
    |ap_return_76                                 |   9|          2|    23|         46|
    |ap_return_77                                 |   9|          2|    23|         46|
    |ap_return_78                                 |   9|          2|    23|         46|
    |ap_return_79                                 |   9|          2|    23|         46|
    |ap_return_8                                  |   9|          2|    23|         46|
    |ap_return_80                                 |   9|          2|    23|         46|
    |ap_return_81                                 |   9|          2|    23|         46|
    |ap_return_82                                 |   9|          2|    23|         46|
    |ap_return_83                                 |   9|          2|    23|         46|
    |ap_return_84                                 |   9|          2|    23|         46|
    |ap_return_85                                 |   9|          2|    23|         46|
    |ap_return_86                                 |   9|          2|    23|         46|
    |ap_return_87                                 |   9|          2|    23|         46|
    |ap_return_88                                 |   9|          2|    23|         46|
    |ap_return_89                                 |   9|          2|    23|         46|
    |ap_return_9                                  |   9|          2|    23|         46|
    |ap_return_90                                 |   9|          2|    23|         46|
    |ap_return_91                                 |   9|          2|    23|         46|
    |ap_return_92                                 |   9|          2|    23|         46|
    |ap_return_93                                 |   9|          2|    23|         46|
    |ap_return_94                                 |   9|          2|    23|         46|
    |ap_return_95                                 |   9|          2|    23|         46|
    |ap_return_96                                 |   9|          2|    23|         46|
    |ap_return_97                                 |   9|          2|    23|         46|
    |ap_return_98                                 |   9|          2|    23|         46|
    |ap_return_99                                 |   9|          2|    23|         46|
    |p_read389_phi_reg_5283                       |   9|          2|  1120|       2240|
    |w_index3_reg_2406                            |   9|          2|     7|         14|
    |x_V_628158_reg_7195                          |   9|          2|    23|         46|
    |x_V_67662_reg_7209                           |   9|          2|    23|         46|
    +---------------------------------------------+----+-----------+------+-----------+
    |Total                                        |5266|       1170| 16625|      33258|
    +---------------------------------------------+----+-----------+------+-----------+

    * Register: 
    +---------------------------------------------+------+----+------+-----------+
    |                     Name                    |  FF  | LUT| Bits | Const Bits|
    +---------------------------------------------+------+----+------+-----------+
    |acc_V_1333_reg_20347                         |    23|   0|    23|          0|
    |acc_V_1333_reg_20347_pp0_iter3_reg           |    23|   0|    23|          0|
    |acc_V_1334_reg_20353                         |    23|   0|    23|          0|
    |acc_V_1334_reg_20353_pp0_iter3_reg           |    23|   0|    23|          0|
    |acc_V_1335_reg_20359                         |    23|   0|    23|          0|
    |acc_V_1335_reg_20359_pp0_iter3_reg           |    23|   0|    23|          0|
    |acc_V_1336_reg_20365                         |    23|   0|    23|          0|
    |acc_V_1336_reg_20365_pp0_iter3_reg           |    23|   0|    23|          0|
    |acc_V_1337_reg_20371                         |    23|   0|    23|          0|
    |acc_V_1337_reg_20371_pp0_iter3_reg           |    23|   0|    23|          0|
    |acc_V_1338_reg_20377                         |    23|   0|    23|          0|
    |acc_V_1338_reg_20377_pp0_iter3_reg           |    23|   0|    23|          0|
    |acc_V_1339_reg_20383                         |    23|   0|    23|          0|
    |acc_V_1339_reg_20383_pp0_iter3_reg           |    23|   0|    23|          0|
    |acc_V_1340_reg_20389                         |    23|   0|    23|          0|
    |acc_V_1340_reg_20389_pp0_iter3_reg           |    23|   0|    23|          0|
    |acc_V_1341_reg_20395                         |    23|   0|    23|          0|
    |acc_V_1341_reg_20395_pp0_iter3_reg           |    23|   0|    23|          0|
    |acc_V_1342_reg_20401                         |    23|   0|    23|          0|
    |acc_V_1342_reg_20401_pp0_iter3_reg           |    23|   0|    23|          0|
    |acc_V_1343_reg_20407                         |    23|   0|    23|          0|
    |acc_V_1343_reg_20407_pp0_iter3_reg           |    23|   0|    23|          0|
    |acc_V_1344_reg_20413                         |    23|   0|    23|          0|
    |acc_V_1344_reg_20413_pp0_iter3_reg           |    23|   0|    23|          0|
    |acc_V_1345_reg_20419                         |    23|   0|    23|          0|
    |acc_V_1345_reg_20419_pp0_iter3_reg           |    23|   0|    23|          0|
    |acc_V_1346_reg_20425                         |    23|   0|    23|          0|
    |acc_V_1346_reg_20425_pp0_iter3_reg           |    23|   0|    23|          0|
    |acc_V_1347_reg_20431                         |    23|   0|    23|          0|
    |acc_V_1347_reg_20431_pp0_iter3_reg           |    23|   0|    23|          0|
    |acc_V_1348_reg_20437                         |    23|   0|    23|          0|
    |acc_V_1348_reg_20437_pp0_iter3_reg           |    23|   0|    23|          0|
    |acc_V_1349_reg_20443                         |    23|   0|    23|          0|
    |acc_V_1349_reg_20443_pp0_iter3_reg           |    23|   0|    23|          0|
    |acc_V_1350_reg_20449                         |    23|   0|    23|          0|
    |acc_V_1350_reg_20449_pp0_iter3_reg           |    23|   0|    23|          0|
    |acc_V_1351_reg_20455                         |    23|   0|    23|          0|
    |acc_V_1351_reg_20455_pp0_iter3_reg           |    23|   0|    23|          0|
    |acc_V_1352_reg_20461                         |    23|   0|    23|          0|
    |acc_V_1352_reg_20461_pp0_iter3_reg           |    23|   0|    23|          0|
    |acc_V_1353_reg_20467                         |    23|   0|    23|          0|
    |acc_V_1353_reg_20467_pp0_iter3_reg           |    23|   0|    23|          0|
    |acc_V_1354_reg_20473                         |    23|   0|    23|          0|
    |acc_V_1354_reg_20473_pp0_iter3_reg           |    23|   0|    23|          0|
    |acc_V_1355_reg_20479                         |    23|   0|    23|          0|
    |acc_V_1355_reg_20479_pp0_iter3_reg           |    23|   0|    23|          0|
    |acc_V_1356_reg_20485                         |    23|   0|    23|          0|
    |acc_V_1356_reg_20485_pp0_iter3_reg           |    23|   0|    23|          0|
    |acc_V_1357_reg_20491                         |    23|   0|    23|          0|
    |acc_V_1357_reg_20491_pp0_iter3_reg           |    23|   0|    23|          0|
    |acc_V_1358_reg_20497                         |    23|   0|    23|          0|
    |acc_V_1358_reg_20497_pp0_iter3_reg           |    23|   0|    23|          0|
    |acc_V_1359_reg_20503                         |    23|   0|    23|          0|
    |acc_V_1359_reg_20503_pp0_iter3_reg           |    23|   0|    23|          0|
    |acc_V_1360_reg_20509                         |    23|   0|    23|          0|
    |acc_V_1360_reg_20509_pp0_iter3_reg           |    23|   0|    23|          0|
    |acc_V_1361_reg_20515                         |    23|   0|    23|          0|
    |acc_V_1361_reg_20515_pp0_iter3_reg           |    23|   0|    23|          0|
    |acc_V_1362_reg_20521                         |    23|   0|    23|          0|
    |acc_V_1362_reg_20521_pp0_iter3_reg           |    23|   0|    23|          0|
    |acc_V_1363_reg_20527                         |    23|   0|    23|          0|
    |acc_V_1363_reg_20527_pp0_iter3_reg           |    23|   0|    23|          0|
    |acc_V_1364_reg_20533                         |    23|   0|    23|          0|
    |acc_V_1364_reg_20533_pp0_iter3_reg           |    23|   0|    23|          0|
    |acc_V_1365_reg_20539                         |    23|   0|    23|          0|
    |acc_V_1365_reg_20539_pp0_iter3_reg           |    23|   0|    23|          0|
    |acc_V_1366_reg_20545                         |    23|   0|    23|          0|
    |acc_V_1366_reg_20545_pp0_iter3_reg           |    23|   0|    23|          0|
    |acc_V_1367_reg_20551                         |    23|   0|    23|          0|
    |acc_V_1367_reg_20551_pp0_iter3_reg           |    23|   0|    23|          0|
    |acc_V_1368_reg_20557                         |    23|   0|    23|          0|
    |acc_V_1368_reg_20557_pp0_iter3_reg           |    23|   0|    23|          0|
    |acc_V_1369_reg_20563                         |    23|   0|    23|          0|
    |acc_V_1369_reg_20563_pp0_iter3_reg           |    23|   0|    23|          0|
    |acc_V_1370_reg_20569                         |    23|   0|    23|          0|
    |acc_V_1370_reg_20569_pp0_iter3_reg           |    23|   0|    23|          0|
    |acc_V_1371_reg_20575                         |    23|   0|    23|          0|
    |acc_V_1371_reg_20575_pp0_iter3_reg           |    23|   0|    23|          0|
    |acc_V_1372_reg_20581                         |    23|   0|    23|          0|
    |acc_V_1372_reg_20581_pp0_iter3_reg           |    23|   0|    23|          0|
    |acc_V_1373_reg_20587                         |    23|   0|    23|          0|
    |acc_V_1373_reg_20587_pp0_iter3_reg           |    23|   0|    23|          0|
    |acc_V_1374_reg_20593                         |    23|   0|    23|          0|
    |acc_V_1374_reg_20593_pp0_iter3_reg           |    23|   0|    23|          0|
    |acc_V_1375_reg_20599                         |    23|   0|    23|          0|
    |acc_V_1375_reg_20599_pp0_iter3_reg           |    23|   0|    23|          0|
    |acc_V_1376_reg_20605                         |    23|   0|    23|          0|
    |acc_V_1376_reg_20605_pp0_iter3_reg           |    23|   0|    23|          0|
    |acc_V_1377_reg_20611                         |    23|   0|    23|          0|
    |acc_V_1377_reg_20611_pp0_iter3_reg           |    23|   0|    23|          0|
    |acc_V_1378_reg_20617                         |    23|   0|    23|          0|
    |acc_V_1378_reg_20617_pp0_iter3_reg           |    23|   0|    23|          0|
    |acc_V_1379_reg_20623                         |    23|   0|    23|          0|
    |acc_V_1379_reg_20623_pp0_iter3_reg           |    23|   0|    23|          0|
    |acc_V_1380_reg_20629                         |    23|   0|    23|          0|
    |acc_V_1380_reg_20629_pp0_iter3_reg           |    23|   0|    23|          0|
    |acc_V_1381_reg_20635                         |    23|   0|    23|          0|
    |acc_V_1381_reg_20635_pp0_iter3_reg           |    23|   0|    23|          0|
    |acc_V_1382_reg_20641                         |    23|   0|    23|          0|
    |acc_V_1382_reg_20641_pp0_iter3_reg           |    23|   0|    23|          0|
    |acc_V_1383_reg_20647                         |    23|   0|    23|          0|
    |acc_V_1383_reg_20647_pp0_iter3_reg           |    23|   0|    23|          0|
    |acc_V_1384_reg_20653                         |    23|   0|    23|          0|
    |acc_V_1384_reg_20653_pp0_iter3_reg           |    23|   0|    23|          0|
    |acc_V_1385_reg_20659                         |    23|   0|    23|          0|
    |acc_V_1385_reg_20659_pp0_iter3_reg           |    23|   0|    23|          0|
    |acc_V_1386_reg_20665                         |    23|   0|    23|          0|
    |acc_V_1386_reg_20665_pp0_iter3_reg           |    23|   0|    23|          0|
    |acc_V_1387_reg_20671                         |    23|   0|    23|          0|
    |acc_V_1387_reg_20671_pp0_iter3_reg           |    23|   0|    23|          0|
    |acc_V_1388_reg_20677                         |    23|   0|    23|          0|
    |acc_V_1388_reg_20677_pp0_iter3_reg           |    23|   0|    23|          0|
    |acc_V_1389_reg_20683                         |    23|   0|    23|          0|
    |acc_V_1389_reg_20683_pp0_iter3_reg           |    23|   0|    23|          0|
    |acc_V_1390_reg_20689                         |    23|   0|    23|          0|
    |acc_V_1390_reg_20689_pp0_iter3_reg           |    23|   0|    23|          0|
    |acc_V_1391_reg_20695                         |    23|   0|    23|          0|
    |acc_V_1391_reg_20695_pp0_iter3_reg           |    23|   0|    23|          0|
    |acc_V_1392_reg_20701                         |    23|   0|    23|          0|
    |acc_V_1392_reg_20701_pp0_iter3_reg           |    23|   0|    23|          0|
    |acc_V_1393_reg_20707                         |    23|   0|    23|          0|
    |acc_V_1393_reg_20707_pp0_iter3_reg           |    23|   0|    23|          0|
    |acc_V_1394_reg_20713                         |    23|   0|    23|          0|
    |acc_V_1394_reg_20713_pp0_iter3_reg           |    23|   0|    23|          0|
    |acc_V_1395_reg_20719                         |    23|   0|    23|          0|
    |acc_V_1395_reg_20719_pp0_iter3_reg           |    23|   0|    23|          0|
    |acc_V_1396_reg_20725                         |    23|   0|    23|          0|
    |acc_V_1396_reg_20725_pp0_iter3_reg           |    23|   0|    23|          0|
    |acc_V_1397_reg_20731                         |    23|   0|    23|          0|
    |acc_V_1397_reg_20731_pp0_iter3_reg           |    23|   0|    23|          0|
    |acc_V_1398_reg_20737                         |    23|   0|    23|          0|
    |acc_V_1398_reg_20737_pp0_iter3_reg           |    23|   0|    23|          0|
    |acc_V_1399_reg_20743                         |    23|   0|    23|          0|
    |acc_V_1399_reg_20743_pp0_iter3_reg           |    23|   0|    23|          0|
    |acc_V_1400_reg_20749                         |    23|   0|    23|          0|
    |acc_V_1400_reg_20749_pp0_iter3_reg           |    23|   0|    23|          0|
    |acc_V_1401_reg_20755                         |    23|   0|    23|          0|
    |acc_V_1401_reg_20755_pp0_iter3_reg           |    23|   0|    23|          0|
    |acc_V_1402_reg_20761                         |    23|   0|    23|          0|
    |acc_V_1402_reg_20761_pp0_iter3_reg           |    23|   0|    23|          0|
    |acc_V_1403_reg_20767                         |    23|   0|    23|          0|
    |acc_V_1403_reg_20767_pp0_iter3_reg           |    23|   0|    23|          0|
    |acc_V_1404_reg_20773                         |    23|   0|    23|          0|
    |acc_V_1404_reg_20773_pp0_iter3_reg           |    23|   0|    23|          0|
    |acc_V_1405_reg_20779                         |    23|   0|    23|          0|
    |acc_V_1405_reg_20779_pp0_iter3_reg           |    23|   0|    23|          0|
    |acc_V_1406_reg_20785                         |    23|   0|    23|          0|
    |acc_V_1406_reg_20785_pp0_iter3_reg           |    23|   0|    23|          0|
    |acc_V_1407_reg_20791                         |    23|   0|    23|          0|
    |acc_V_1407_reg_20791_pp0_iter3_reg           |    23|   0|    23|          0|
    |acc_V_1408_reg_20797                         |    23|   0|    23|          0|
    |acc_V_1408_reg_20797_pp0_iter3_reg           |    23|   0|    23|          0|
    |acc_V_1409_reg_20803                         |    23|   0|    23|          0|
    |acc_V_1409_reg_20803_pp0_iter3_reg           |    23|   0|    23|          0|
    |acc_V_1410_reg_20809                         |    23|   0|    23|          0|
    |acc_V_1410_reg_20809_pp0_iter3_reg           |    23|   0|    23|          0|
    |acc_V_1411_reg_20815                         |    23|   0|    23|          0|
    |acc_V_1411_reg_20815_pp0_iter3_reg           |    23|   0|    23|          0|
    |acc_V_1412_reg_20821                         |    23|   0|    23|          0|
    |acc_V_1412_reg_20821_pp0_iter3_reg           |    23|   0|    23|          0|
    |acc_V_1413_reg_20827                         |    23|   0|    23|          0|
    |acc_V_1413_reg_20827_pp0_iter3_reg           |    23|   0|    23|          0|
    |acc_V_1414_reg_20833                         |    23|   0|    23|          0|
    |acc_V_1414_reg_20833_pp0_iter3_reg           |    23|   0|    23|          0|
    |acc_V_1415_reg_20839                         |    23|   0|    23|          0|
    |acc_V_1415_reg_20839_pp0_iter3_reg           |    23|   0|    23|          0|
    |acc_V_1416_reg_20845                         |    23|   0|    23|          0|
    |acc_V_1416_reg_20845_pp0_iter3_reg           |    23|   0|    23|          0|
    |acc_V_1417_reg_20851                         |    23|   0|    23|          0|
    |acc_V_1417_reg_20851_pp0_iter3_reg           |    23|   0|    23|          0|
    |acc_V_1418_reg_20857                         |    23|   0|    23|          0|
    |acc_V_1418_reg_20857_pp0_iter3_reg           |    23|   0|    23|          0|
    |acc_V_1419_reg_20863                         |    23|   0|    23|          0|
    |acc_V_1419_reg_20863_pp0_iter3_reg           |    23|   0|    23|          0|
    |acc_V_1420_reg_20869                         |    23|   0|    23|          0|
    |acc_V_1420_reg_20869_pp0_iter3_reg           |    23|   0|    23|          0|
    |acc_V_1421_reg_20875                         |    23|   0|    23|          0|
    |acc_V_1421_reg_20875_pp0_iter3_reg           |    23|   0|    23|          0|
    |acc_V_1422_reg_20881                         |    23|   0|    23|          0|
    |acc_V_1422_reg_20881_pp0_iter3_reg           |    23|   0|    23|          0|
    |acc_V_1423_reg_20887                         |    23|   0|    23|          0|
    |acc_V_1423_reg_20887_pp0_iter3_reg           |    23|   0|    23|          0|
    |acc_V_1424_reg_20893                         |    23|   0|    23|          0|
    |acc_V_1424_reg_20893_pp0_iter3_reg           |    23|   0|    23|          0|
    |acc_V_1425_reg_20899                         |    23|   0|    23|          0|
    |acc_V_1425_reg_20899_pp0_iter3_reg           |    23|   0|    23|          0|
    |acc_V_1426_reg_20905                         |    23|   0|    23|          0|
    |acc_V_1426_reg_20905_pp0_iter3_reg           |    23|   0|    23|          0|
    |acc_V_1427_reg_20911                         |    23|   0|    23|          0|
    |acc_V_1427_reg_20911_pp0_iter3_reg           |    23|   0|    23|          0|
    |acc_V_1428_reg_20917                         |    23|   0|    23|          0|
    |acc_V_1428_reg_20917_pp0_iter3_reg           |    23|   0|    23|          0|
    |acc_V_1429_reg_20923                         |    23|   0|    23|          0|
    |acc_V_1429_reg_20923_pp0_iter3_reg           |    23|   0|    23|          0|
    |acc_V_1430_reg_20929                         |    23|   0|    23|          0|
    |acc_V_1430_reg_20929_pp0_iter3_reg           |    23|   0|    23|          0|
    |acc_V_1431_reg_20935                         |    23|   0|    23|          0|
    |acc_V_1431_reg_20935_pp0_iter3_reg           |    23|   0|    23|          0|
    |acc_V_1432_reg_20941                         |    23|   0|    23|          0|
    |acc_V_1432_reg_20941_pp0_iter3_reg           |    23|   0|    23|          0|
    |acc_V_1433_reg_20947                         |    23|   0|    23|          0|
    |acc_V_1433_reg_20947_pp0_iter3_reg           |    23|   0|    23|          0|
    |acc_V_1434_reg_20953                         |    23|   0|    23|          0|
    |acc_V_1434_reg_20953_pp0_iter3_reg           |    23|   0|    23|          0|
    |acc_V_1435_reg_20959                         |    23|   0|    23|          0|
    |acc_V_1435_reg_20959_pp0_iter3_reg           |    23|   0|    23|          0|
    |acc_V_1436_reg_20965                         |    23|   0|    23|          0|
    |acc_V_1436_reg_20965_pp0_iter3_reg           |    23|   0|    23|          0|
    |acc_V_1437_reg_20971                         |    23|   0|    23|          0|
    |acc_V_1437_reg_20971_pp0_iter3_reg           |    23|   0|    23|          0|
    |acc_V_1438_reg_20977                         |    23|   0|    23|          0|
    |acc_V_1438_reg_20977_pp0_iter3_reg           |    23|   0|    23|          0|
    |acc_V_1439_reg_20983                         |    23|   0|    23|          0|
    |acc_V_1439_reg_20983_pp0_iter3_reg           |    23|   0|    23|          0|
    |acc_V_1440_reg_20989                         |    23|   0|    23|          0|
    |acc_V_1440_reg_20989_pp0_iter3_reg           |    23|   0|    23|          0|
    |acc_V_1441_reg_20995                         |    23|   0|    23|          0|
    |acc_V_1441_reg_20995_pp0_iter3_reg           |    23|   0|    23|          0|
    |acc_V_1442_reg_21001                         |    23|   0|    23|          0|
    |acc_V_1442_reg_21001_pp0_iter3_reg           |    23|   0|    23|          0|
    |acc_V_1443_reg_21007                         |    23|   0|    23|          0|
    |acc_V_1443_reg_21007_pp0_iter3_reg           |    23|   0|    23|          0|
    |acc_V_1444_reg_21013                         |    23|   0|    23|          0|
    |acc_V_1444_reg_21013_pp0_iter3_reg           |    23|   0|    23|          0|
    |acc_V_1445_reg_21019                         |    23|   0|    23|          0|
    |acc_V_1445_reg_21019_pp0_iter3_reg           |    23|   0|    23|          0|
    |acc_V_1446_reg_21025                         |    23|   0|    23|          0|
    |acc_V_1446_reg_21025_pp0_iter3_reg           |    23|   0|    23|          0|
    |acc_V_1448_reg_21031                         |    23|   0|    23|          0|
    |acc_V_1448_reg_21031_pp0_iter3_reg           |    23|   0|    23|          0|
    |acc_V_1449_reg_21037                         |    23|   0|    23|          0|
    |acc_V_1449_reg_21037_pp0_iter3_reg           |    23|   0|    23|          0|
    |acc_V_1450_reg_21043                         |    23|   0|    23|          0|
    |acc_V_1450_reg_21043_pp0_iter3_reg           |    23|   0|    23|          0|
    |acc_V_1451_reg_21049                         |    23|   0|    23|          0|
    |acc_V_1451_reg_21049_pp0_iter3_reg           |    23|   0|    23|          0|
    |acc_V_1452_reg_21055                         |    23|   0|    23|          0|
    |acc_V_1452_reg_21055_pp0_iter3_reg           |    23|   0|    23|          0|
    |acc_V_1453_reg_21061                         |    23|   0|    23|          0|
    |acc_V_1453_reg_21061_pp0_iter3_reg           |    23|   0|    23|          0|
    |acc_V_1454_reg_21067                         |    23|   0|    23|          0|
    |acc_V_1454_reg_21067_pp0_iter3_reg           |    23|   0|    23|          0|
    |acc_V_1455_reg_21073                         |    23|   0|    23|          0|
    |acc_V_1455_reg_21073_pp0_iter3_reg           |    23|   0|    23|          0|
    |acc_V_1456_reg_21079                         |    23|   0|    23|          0|
    |acc_V_1456_reg_21079_pp0_iter3_reg           |    23|   0|    23|          0|
    |acc_V_1457_reg_21085                         |    23|   0|    23|          0|
    |acc_V_1457_reg_21085_pp0_iter3_reg           |    23|   0|    23|          0|
    |acc_V_1458_reg_21091                         |    23|   0|    23|          0|
    |acc_V_1458_reg_21091_pp0_iter3_reg           |    23|   0|    23|          0|
    |acc_V_1459_reg_21097                         |    23|   0|    23|          0|
    |acc_V_1459_reg_21097_pp0_iter3_reg           |    23|   0|    23|          0|
    |acc_V_1460_reg_21103                         |    23|   0|    23|          0|
    |acc_V_1460_reg_21103_pp0_iter3_reg           |    23|   0|    23|          0|
    |acc_V_1461_reg_21109                         |    23|   0|    23|          0|
    |acc_V_1461_reg_21109_pp0_iter3_reg           |    23|   0|    23|          0|
    |acc_V_1462_reg_21115                         |    23|   0|    23|          0|
    |acc_V_1462_reg_21115_pp0_iter3_reg           |    23|   0|    23|          0|
    |acc_V_1463_reg_21121                         |    23|   0|    23|          0|
    |acc_V_1463_reg_21121_pp0_iter3_reg           |    23|   0|    23|          0|
    |acc_V_1464_reg_21127                         |    23|   0|    23|          0|
    |acc_V_1464_reg_21127_pp0_iter3_reg           |    23|   0|    23|          0|
    |acc_V_1465_reg_21133                         |    23|   0|    23|          0|
    |acc_V_1465_reg_21133_pp0_iter3_reg           |    23|   0|    23|          0|
    |acc_V_1466_reg_21139                         |    23|   0|    23|          0|
    |acc_V_1466_reg_21139_pp0_iter3_reg           |    23|   0|    23|          0|
    |acc_V_1467_reg_21145                         |    23|   0|    23|          0|
    |acc_V_1467_reg_21145_pp0_iter3_reg           |    23|   0|    23|          0|
    |acc_V_1468_reg_21151                         |    23|   0|    23|          0|
    |acc_V_1468_reg_21151_pp0_iter3_reg           |    23|   0|    23|          0|
    |acc_V_1469_reg_21157                         |    23|   0|    23|          0|
    |acc_V_1469_reg_21157_pp0_iter3_reg           |    23|   0|    23|          0|
    |acc_V_1470_reg_21163                         |    23|   0|    23|          0|
    |acc_V_1470_reg_21163_pp0_iter3_reg           |    23|   0|    23|          0|
    |acc_V_1471_reg_21169                         |    23|   0|    23|          0|
    |acc_V_1471_reg_21169_pp0_iter3_reg           |    23|   0|    23|          0|
    |acc_V_1472_reg_21175                         |    23|   0|    23|          0|
    |acc_V_1472_reg_21175_pp0_iter3_reg           |    23|   0|    23|          0|
    |acc_V_1473_reg_21181                         |    23|   0|    23|          0|
    |acc_V_1473_reg_21181_pp0_iter3_reg           |    23|   0|    23|          0|
    |acc_V_1474_reg_21187                         |    23|   0|    23|          0|
    |acc_V_1474_reg_21187_pp0_iter3_reg           |    23|   0|    23|          0|
    |acc_V_1475_reg_21193                         |    23|   0|    23|          0|
    |acc_V_1475_reg_21193_pp0_iter3_reg           |    23|   0|    23|          0|
    |acc_V_1476_reg_21199                         |    23|   0|    23|          0|
    |acc_V_1476_reg_21199_pp0_iter3_reg           |    23|   0|    23|          0|
    |acc_V_1477_reg_21205                         |    23|   0|    23|          0|
    |acc_V_1477_reg_21205_pp0_iter3_reg           |    23|   0|    23|          0|
    |acc_V_1478_reg_21211                         |    23|   0|    23|          0|
    |acc_V_1478_reg_21211_pp0_iter3_reg           |    23|   0|    23|          0|
    |acc_V_1479_reg_21217                         |    23|   0|    23|          0|
    |acc_V_1479_reg_21217_pp0_iter3_reg           |    23|   0|    23|          0|
    |acc_V_1480_reg_21223                         |    23|   0|    23|          0|
    |acc_V_1480_reg_21223_pp0_iter3_reg           |    23|   0|    23|          0|
    |acc_V_1481_reg_21229                         |    23|   0|    23|          0|
    |acc_V_1481_reg_21229_pp0_iter3_reg           |    23|   0|    23|          0|
    |acc_V_1482_reg_21235                         |    23|   0|    23|          0|
    |acc_V_1482_reg_21235_pp0_iter3_reg           |    23|   0|    23|          0|
    |acc_V_1483_reg_21241                         |    23|   0|    23|          0|
    |acc_V_1483_reg_21241_pp0_iter3_reg           |    23|   0|    23|          0|
    |acc_V_1484_reg_21247                         |    23|   0|    23|          0|
    |acc_V_1484_reg_21247_pp0_iter3_reg           |    23|   0|    23|          0|
    |acc_V_1485_reg_21253                         |    23|   0|    23|          0|
    |acc_V_1485_reg_21253_pp0_iter3_reg           |    23|   0|    23|          0|
    |acc_V_1486_reg_21259                         |    23|   0|    23|          0|
    |acc_V_1486_reg_21259_pp0_iter3_reg           |    23|   0|    23|          0|
    |acc_V_1487_reg_21265                         |    23|   0|    23|          0|
    |acc_V_1487_reg_21265_pp0_iter3_reg           |    23|   0|    23|          0|
    |acc_V_1488_reg_21271                         |    23|   0|    23|          0|
    |acc_V_1488_reg_21271_pp0_iter3_reg           |    23|   0|    23|          0|
    |acc_V_1489_reg_21277                         |    23|   0|    23|          0|
    |acc_V_1489_reg_21277_pp0_iter3_reg           |    23|   0|    23|          0|
    |acc_V_1490_reg_21283                         |    23|   0|    23|          0|
    |acc_V_1490_reg_21283_pp0_iter3_reg           |    23|   0|    23|          0|
    |acc_V_1491_reg_21289                         |    23|   0|    23|          0|
    |acc_V_1491_reg_21289_pp0_iter3_reg           |    23|   0|    23|          0|
    |acc_V_1492_reg_21295                         |    23|   0|    23|          0|
    |acc_V_1492_reg_21295_pp0_iter3_reg           |    23|   0|    23|          0|
    |acc_V_1493_reg_21301                         |    23|   0|    23|          0|
    |acc_V_1493_reg_21301_pp0_iter3_reg           |    23|   0|    23|          0|
    |acc_V_1494_reg_21307                         |    23|   0|    23|          0|
    |acc_V_1494_reg_21307_pp0_iter3_reg           |    23|   0|    23|          0|
    |acc_V_1496_reg_21313                         |    23|   0|    23|          0|
    |acc_V_1496_reg_21313_pp0_iter3_reg           |    23|   0|    23|          0|
    |acc_V_1497_reg_21319                         |    23|   0|    23|          0|
    |acc_V_1497_reg_21319_pp0_iter3_reg           |    23|   0|    23|          0|
    |acc_V_1498_reg_21325                         |    23|   0|    23|          0|
    |acc_V_1498_reg_21325_pp0_iter3_reg           |    23|   0|    23|          0|
    |acc_V_1499_reg_21331                         |    23|   0|    23|          0|
    |acc_V_1499_reg_21331_pp0_iter3_reg           |    23|   0|    23|          0|
    |acc_V_1500_reg_21337                         |    23|   0|    23|          0|
    |acc_V_1500_reg_21337_pp0_iter3_reg           |    23|   0|    23|          0|
    |acc_V_1501_reg_21343                         |    23|   0|    23|          0|
    |acc_V_1501_reg_21343_pp0_iter3_reg           |    23|   0|    23|          0|
    |acc_V_1502_reg_21349                         |    23|   0|    23|          0|
    |acc_V_1502_reg_21349_pp0_iter3_reg           |    23|   0|    23|          0|
    |acc_V_1503_reg_21355                         |    23|   0|    23|          0|
    |acc_V_1503_reg_21355_pp0_iter3_reg           |    23|   0|    23|          0|
    |acc_V_1504_reg_21361                         |    23|   0|    23|          0|
    |acc_V_1504_reg_21361_pp0_iter3_reg           |    23|   0|    23|          0|
    |acc_V_1505_reg_21367                         |    23|   0|    23|          0|
    |acc_V_1505_reg_21367_pp0_iter3_reg           |    23|   0|    23|          0|
    |acc_V_1506_reg_21373                         |    23|   0|    23|          0|
    |acc_V_1506_reg_21373_pp0_iter3_reg           |    23|   0|    23|          0|
    |acc_V_1507_reg_21379                         |    23|   0|    23|          0|
    |acc_V_1507_reg_21379_pp0_iter3_reg           |    23|   0|    23|          0|
    |acc_V_1508_reg_21385                         |    23|   0|    23|          0|
    |acc_V_1508_reg_21385_pp0_iter3_reg           |    23|   0|    23|          0|
    |acc_V_1509_reg_21391                         |    23|   0|    23|          0|
    |acc_V_1509_reg_21391_pp0_iter3_reg           |    23|   0|    23|          0|
    |acc_V_1510_reg_21397                         |    23|   0|    23|          0|
    |acc_V_1510_reg_21397_pp0_iter3_reg           |    23|   0|    23|          0|
    |acc_V_1511_reg_21403                         |    23|   0|    23|          0|
    |acc_V_1511_reg_21403_pp0_iter3_reg           |    23|   0|    23|          0|
    |acc_V_1512_reg_21409                         |    23|   0|    23|          0|
    |acc_V_1512_reg_21409_pp0_iter3_reg           |    23|   0|    23|          0|
    |acc_V_1513_reg_21415                         |    23|   0|    23|          0|
    |acc_V_1513_reg_21415_pp0_iter3_reg           |    23|   0|    23|          0|
    |acc_V_1514_reg_21421                         |    23|   0|    23|          0|
    |acc_V_1514_reg_21421_pp0_iter3_reg           |    23|   0|    23|          0|
    |acc_V_1515_reg_21427                         |    23|   0|    23|          0|
    |acc_V_1515_reg_21427_pp0_iter3_reg           |    23|   0|    23|          0|
    |acc_V_1516_reg_21433                         |    23|   0|    23|          0|
    |acc_V_1516_reg_21433_pp0_iter3_reg           |    23|   0|    23|          0|
    |acc_V_1517_reg_21439                         |    23|   0|    23|          0|
    |acc_V_1517_reg_21439_pp0_iter3_reg           |    23|   0|    23|          0|
    |acc_V_1518_reg_21445                         |    23|   0|    23|          0|
    |acc_V_1518_reg_21445_pp0_iter3_reg           |    23|   0|    23|          0|
    |acc_V_1519_reg_21451                         |    23|   0|    23|          0|
    |acc_V_1519_reg_21451_pp0_iter3_reg           |    23|   0|    23|          0|
    |acc_V_1520_reg_21457                         |    23|   0|    23|          0|
    |acc_V_1520_reg_21457_pp0_iter3_reg           |    23|   0|    23|          0|
    |acc_V_1521_reg_21463                         |    23|   0|    23|          0|
    |acc_V_1521_reg_21463_pp0_iter3_reg           |    23|   0|    23|          0|
    |acc_V_1522_reg_21469                         |    23|   0|    23|          0|
    |acc_V_1522_reg_21469_pp0_iter3_reg           |    23|   0|    23|          0|
    |acc_V_1523_reg_21475                         |    23|   0|    23|          0|
    |acc_V_1523_reg_21475_pp0_iter3_reg           |    23|   0|    23|          0|
    |acc_V_1524_reg_21481                         |    23|   0|    23|          0|
    |acc_V_1524_reg_21481_pp0_iter3_reg           |    23|   0|    23|          0|
    |ap_CS_fsm                                    |     1|   0|     1|          0|
    |ap_done_reg                                  |     1|   0|     1|          0|
    |ap_enable_reg_pp0_iter1                      |     1|   0|     1|          0|
    |ap_enable_reg_pp0_iter2                      |     1|   0|     1|          0|
    |ap_enable_reg_pp0_iter3                      |     1|   0|     1|          0|
    |ap_enable_reg_pp0_iter4                      |     1|   0|     1|          0|
    |ap_loop_exit_ready_pp0_iter1_reg             |     1|   0|     1|          0|
    |ap_loop_exit_ready_pp0_iter2_reg             |     1|   0|     1|          0|
    |ap_loop_exit_ready_pp0_iter3_reg             |     1|   0|     1|          0|
    |ap_loop_exit_ready_pp0_iter4_reg             |     1|   0|     1|          0|
    |ap_loop_init_pp0_iter1_reg                   |     1|   0|     1|          0|
    |ap_loop_init_pp0_iter2_reg                   |     1|   0|     1|          0|
    |ap_loop_init_pp0_iter3_reg                   |     1|   0|     1|          0|
    |ap_loop_init_pp0_iter4_reg                   |     1|   0|     1|          0|
    |ap_phi_reg_pp0_iter1_p_read389_phi_reg_5283  |  1120|   0|  1120|          0|
    |ap_phi_reg_pp0_iter1_x_V386_reg_5295         |    23|   0|    23|          0|
    |ap_phi_reg_pp0_iter1_x_V_515384_reg_5305     |    23|   0|    23|          0|
    |ap_phi_reg_pp0_iter1_x_V_516382_reg_5315     |    23|   0|    23|          0|
    |ap_phi_reg_pp0_iter1_x_V_517380_reg_5325     |    23|   0|    23|          0|
    |ap_phi_reg_pp0_iter1_x_V_518378_reg_5335     |    23|   0|    23|          0|
    |ap_phi_reg_pp0_iter1_x_V_519376_reg_5345     |    23|   0|    23|          0|
    |ap_phi_reg_pp0_iter1_x_V_520374_reg_5355     |    23|   0|    23|          0|
    |ap_phi_reg_pp0_iter1_x_V_521372_reg_5365     |    23|   0|    23|          0|
    |ap_phi_reg_pp0_iter1_x_V_522370_reg_5375     |    23|   0|    23|          0|
    |ap_phi_reg_pp0_iter1_x_V_523368_reg_5385     |    23|   0|    23|          0|
    |ap_phi_reg_pp0_iter1_x_V_524366_reg_5395     |    23|   0|    23|          0|
    |ap_phi_reg_pp0_iter1_x_V_525364_reg_5405     |    23|   0|    23|          0|
    |ap_phi_reg_pp0_iter1_x_V_526362_reg_5415     |    23|   0|    23|          0|
    |ap_phi_reg_pp0_iter1_x_V_527360_reg_5425     |    23|   0|    23|          0|
    |ap_phi_reg_pp0_iter1_x_V_528358_reg_5435     |    23|   0|    23|          0|
    |ap_phi_reg_pp0_iter1_x_V_529356_reg_5445     |    23|   0|    23|          0|
    |ap_phi_reg_pp0_iter1_x_V_530354_reg_5455     |    23|   0|    23|          0|
    |ap_phi_reg_pp0_iter1_x_V_531352_reg_5465     |    23|   0|    23|          0|
    |ap_phi_reg_pp0_iter1_x_V_532350_reg_5475     |    23|   0|    23|          0|
    |ap_phi_reg_pp0_iter1_x_V_533348_reg_5485     |    23|   0|    23|          0|
    |ap_phi_reg_pp0_iter1_x_V_534346_reg_5495     |    23|   0|    23|          0|
    |ap_phi_reg_pp0_iter1_x_V_535344_reg_5505     |    23|   0|    23|          0|
    |ap_phi_reg_pp0_iter1_x_V_536342_reg_5515     |    23|   0|    23|          0|
    |ap_phi_reg_pp0_iter1_x_V_537340_reg_5525     |    23|   0|    23|          0|
    |ap_phi_reg_pp0_iter1_x_V_538338_reg_5535     |    23|   0|    23|          0|
    |ap_phi_reg_pp0_iter1_x_V_539336_reg_5545     |    23|   0|    23|          0|
    |ap_phi_reg_pp0_iter1_x_V_540334_reg_5555     |    23|   0|    23|          0|
    |ap_phi_reg_pp0_iter1_x_V_541332_reg_5565     |    23|   0|    23|          0|
    |ap_phi_reg_pp0_iter1_x_V_542330_reg_5575     |    23|   0|    23|          0|
    |ap_phi_reg_pp0_iter1_x_V_543328_reg_5585     |    23|   0|    23|          0|
    |ap_phi_reg_pp0_iter1_x_V_544326_reg_5595     |    23|   0|    23|          0|
    |ap_phi_reg_pp0_iter1_x_V_545324_reg_5605     |    23|   0|    23|          0|
    |ap_phi_reg_pp0_iter1_x_V_546322_reg_5615     |    23|   0|    23|          0|
    |ap_phi_reg_pp0_iter1_x_V_547320_reg_5625     |    23|   0|    23|          0|
    |ap_phi_reg_pp0_iter1_x_V_548318_reg_5635     |    23|   0|    23|          0|
    |ap_phi_reg_pp0_iter1_x_V_549316_reg_5645     |    23|   0|    23|          0|
    |ap_phi_reg_pp0_iter1_x_V_550314_reg_5655     |    23|   0|    23|          0|
    |ap_phi_reg_pp0_iter1_x_V_551312_reg_5665     |    23|   0|    23|          0|
    |ap_phi_reg_pp0_iter1_x_V_552310_reg_5675     |    23|   0|    23|          0|
    |ap_phi_reg_pp0_iter1_x_V_553308_reg_5685     |    23|   0|    23|          0|
    |ap_phi_reg_pp0_iter1_x_V_554306_reg_5695     |    23|   0|    23|          0|
    |ap_phi_reg_pp0_iter1_x_V_555304_reg_5705     |    23|   0|    23|          0|
    |ap_phi_reg_pp0_iter1_x_V_556302_reg_5715     |    23|   0|    23|          0|
    |ap_phi_reg_pp0_iter1_x_V_557300_reg_5725     |    23|   0|    23|          0|
    |ap_phi_reg_pp0_iter1_x_V_558298_reg_5735     |    23|   0|    23|          0|
    |ap_phi_reg_pp0_iter1_x_V_559296_reg_5745     |    23|   0|    23|          0|
    |ap_phi_reg_pp0_iter1_x_V_560294_reg_5755     |    23|   0|    23|          0|
    |ap_phi_reg_pp0_iter1_x_V_561292_reg_5765     |    23|   0|    23|          0|
    |ap_phi_reg_pp0_iter1_x_V_562290_reg_5775     |    23|   0|    23|          0|
    |ap_phi_reg_pp0_iter1_x_V_563288_reg_5785     |    23|   0|    23|          0|
    |ap_phi_reg_pp0_iter1_x_V_564286_reg_5795     |    23|   0|    23|          0|
    |ap_phi_reg_pp0_iter1_x_V_565284_reg_5805     |    23|   0|    23|          0|
    |ap_phi_reg_pp0_iter1_x_V_566282_reg_5815     |    23|   0|    23|          0|
    |ap_phi_reg_pp0_iter1_x_V_567280_reg_5825     |    23|   0|    23|          0|
    |ap_phi_reg_pp0_iter1_x_V_568278_reg_5835     |    23|   0|    23|          0|
    |ap_phi_reg_pp0_iter1_x_V_569276_reg_5845     |    23|   0|    23|          0|
    |ap_phi_reg_pp0_iter1_x_V_570274_reg_5855     |    23|   0|    23|          0|
    |ap_phi_reg_pp0_iter1_x_V_571272_reg_5865     |    23|   0|    23|          0|
    |ap_phi_reg_pp0_iter1_x_V_572270_reg_5875     |    23|   0|    23|          0|
    |ap_phi_reg_pp0_iter1_x_V_573268_reg_5885     |    23|   0|    23|          0|
    |ap_phi_reg_pp0_iter1_x_V_574266_reg_5895     |    23|   0|    23|          0|
    |ap_phi_reg_pp0_iter1_x_V_575264_reg_5905     |    23|   0|    23|          0|
    |ap_phi_reg_pp0_iter1_x_V_576262_reg_5915     |    23|   0|    23|          0|
    |ap_phi_reg_pp0_iter1_x_V_577260_reg_5925     |    23|   0|    23|          0|
    |ap_phi_reg_pp0_iter1_x_V_578258_reg_5935     |    23|   0|    23|          0|
    |ap_phi_reg_pp0_iter1_x_V_579256_reg_5945     |    23|   0|    23|          0|
    |ap_phi_reg_pp0_iter1_x_V_580254_reg_5955     |    23|   0|    23|          0|
    |ap_phi_reg_pp0_iter1_x_V_581252_reg_5965     |    23|   0|    23|          0|
    |ap_phi_reg_pp0_iter1_x_V_582250_reg_5975     |    23|   0|    23|          0|
    |ap_phi_reg_pp0_iter1_x_V_583248_reg_5985     |    23|   0|    23|          0|
    |ap_phi_reg_pp0_iter1_x_V_584246_reg_5995     |    23|   0|    23|          0|
    |ap_phi_reg_pp0_iter1_x_V_585244_reg_6005     |    23|   0|    23|          0|
    |ap_phi_reg_pp0_iter1_x_V_586242_reg_6015     |    23|   0|    23|          0|
    |ap_phi_reg_pp0_iter1_x_V_587240_reg_6025     |    23|   0|    23|          0|
    |ap_phi_reg_pp0_iter1_x_V_588238_reg_6035     |    23|   0|    23|          0|
    |ap_phi_reg_pp0_iter1_x_V_589236_reg_6045     |    23|   0|    23|          0|
    |ap_phi_reg_pp0_iter1_x_V_590234_reg_6055     |    23|   0|    23|          0|
    |ap_phi_reg_pp0_iter1_x_V_591232_reg_6065     |    23|   0|    23|          0|
    |ap_phi_reg_pp0_iter1_x_V_592230_reg_6075     |    23|   0|    23|          0|
    |ap_phi_reg_pp0_iter1_x_V_593228_reg_6085     |    23|   0|    23|          0|
    |ap_phi_reg_pp0_iter1_x_V_594226_reg_6095     |    23|   0|    23|          0|
    |ap_phi_reg_pp0_iter1_x_V_595224_reg_6105     |    23|   0|    23|          0|
    |ap_phi_reg_pp0_iter1_x_V_596222_reg_6115     |    23|   0|    23|          0|
    |ap_phi_reg_pp0_iter1_x_V_597220_reg_6125     |    23|   0|    23|          0|
    |ap_phi_reg_pp0_iter1_x_V_598218_reg_6135     |    23|   0|    23|          0|
    |ap_phi_reg_pp0_iter1_x_V_599216_reg_6145     |    23|   0|    23|          0|
    |ap_phi_reg_pp0_iter1_x_V_600214_reg_6155     |    23|   0|    23|          0|
    |ap_phi_reg_pp0_iter1_x_V_601212_reg_6165     |    23|   0|    23|          0|
    |ap_phi_reg_pp0_iter1_x_V_602210_reg_6175     |    23|   0|    23|          0|
    |ap_phi_reg_pp0_iter1_x_V_603208_reg_6185     |    23|   0|    23|          0|
    |ap_phi_reg_pp0_iter1_x_V_604206_reg_6195     |    23|   0|    23|          0|
    |ap_phi_reg_pp0_iter1_x_V_605204_reg_6205     |    23|   0|    23|          0|
    |ap_phi_reg_pp0_iter1_x_V_606202_reg_6215     |    23|   0|    23|          0|
    |ap_phi_reg_pp0_iter1_x_V_607200_reg_6225     |    23|   0|    23|          0|
    |ap_phi_reg_pp0_iter1_x_V_608198_reg_6235     |    23|   0|    23|          0|
    |ap_phi_reg_pp0_iter1_x_V_609196_reg_6245     |    23|   0|    23|          0|
    |ap_phi_reg_pp0_iter1_x_V_610194_reg_6255     |    23|   0|    23|          0|
    |ap_phi_reg_pp0_iter1_x_V_611192_reg_6265     |    23|   0|    23|          0|
    |ap_phi_reg_pp0_iter1_x_V_612190_reg_6275     |    23|   0|    23|          0|
    |ap_phi_reg_pp0_iter1_x_V_613188_reg_6285     |    23|   0|    23|          0|
    |ap_phi_reg_pp0_iter1_x_V_614186_reg_6295     |    23|   0|    23|          0|
    |ap_phi_reg_pp0_iter1_x_V_615184_reg_6305     |    23|   0|    23|          0|
    |ap_phi_reg_pp0_iter1_x_V_616182_reg_6315     |    23|   0|    23|          0|
    |ap_phi_reg_pp0_iter1_x_V_617180_reg_6325     |    23|   0|    23|          0|
    |ap_phi_reg_pp0_iter1_x_V_618178_reg_6335     |    23|   0|    23|          0|
    |ap_phi_reg_pp0_iter1_x_V_619176_reg_6345     |    23|   0|    23|          0|
    |ap_phi_reg_pp0_iter1_x_V_620174_reg_6355     |    23|   0|    23|          0|
    |ap_phi_reg_pp0_iter1_x_V_621172_reg_6365     |    23|   0|    23|          0|
    |ap_phi_reg_pp0_iter1_x_V_622170_reg_6375     |    23|   0|    23|          0|
    |ap_phi_reg_pp0_iter1_x_V_623168_reg_6385     |    23|   0|    23|          0|
    |ap_phi_reg_pp0_iter1_x_V_624166_reg_6395     |    23|   0|    23|          0|
    |ap_phi_reg_pp0_iter1_x_V_625164_reg_6405     |    23|   0|    23|          0|
    |ap_phi_reg_pp0_iter1_x_V_626162_reg_6415     |    23|   0|    23|          0|
    |ap_phi_reg_pp0_iter1_x_V_627160_reg_6425     |    23|   0|    23|          0|
    |ap_phi_reg_pp0_iter1_x_V_629156_reg_6435     |    23|   0|    23|          0|
    |ap_phi_reg_pp0_iter1_x_V_630154_reg_6445     |    23|   0|    23|          0|
    |ap_phi_reg_pp0_iter1_x_V_631152_reg_6455     |    23|   0|    23|          0|
    |ap_phi_reg_pp0_iter1_x_V_632150_reg_6465     |    23|   0|    23|          0|
    |ap_phi_reg_pp0_iter1_x_V_633148_reg_6475     |    23|   0|    23|          0|
    |ap_phi_reg_pp0_iter1_x_V_634146_reg_6485     |    23|   0|    23|          0|
    |ap_phi_reg_pp0_iter1_x_V_635144_reg_6495     |    23|   0|    23|          0|
    |ap_phi_reg_pp0_iter1_x_V_636142_reg_6505     |    23|   0|    23|          0|
    |ap_phi_reg_pp0_iter1_x_V_637140_reg_6515     |    23|   0|    23|          0|
    |ap_phi_reg_pp0_iter1_x_V_638138_reg_6525     |    23|   0|    23|          0|
    |ap_phi_reg_pp0_iter1_x_V_639136_reg_6535     |    23|   0|    23|          0|
    |ap_phi_reg_pp0_iter1_x_V_640134_reg_6545     |    23|   0|    23|          0|
    |ap_phi_reg_pp0_iter1_x_V_641132_reg_6555     |    23|   0|    23|          0|
    |ap_phi_reg_pp0_iter1_x_V_642130_reg_6565     |    23|   0|    23|          0|
    |ap_phi_reg_pp0_iter1_x_V_643128_reg_6575     |    23|   0|    23|          0|
    |ap_phi_reg_pp0_iter1_x_V_644126_reg_6585     |    23|   0|    23|          0|
    |ap_phi_reg_pp0_iter1_x_V_645124_reg_6595     |    23|   0|    23|          0|
    |ap_phi_reg_pp0_iter1_x_V_646122_reg_6605     |    23|   0|    23|          0|
    |ap_phi_reg_pp0_iter1_x_V_647120_reg_6615     |    23|   0|    23|          0|
    |ap_phi_reg_pp0_iter1_x_V_648118_reg_6625     |    23|   0|    23|          0|
    |ap_phi_reg_pp0_iter1_x_V_649116_reg_6635     |    23|   0|    23|          0|
    |ap_phi_reg_pp0_iter1_x_V_650114_reg_6645     |    23|   0|    23|          0|
    |ap_phi_reg_pp0_iter1_x_V_651112_reg_6655     |    23|   0|    23|          0|
    |ap_phi_reg_pp0_iter1_x_V_652110_reg_6665     |    23|   0|    23|          0|
    |ap_phi_reg_pp0_iter1_x_V_653108_reg_6675     |    23|   0|    23|          0|
    |ap_phi_reg_pp0_iter1_x_V_654106_reg_6685     |    23|   0|    23|          0|
    |ap_phi_reg_pp0_iter1_x_V_655104_reg_6695     |    23|   0|    23|          0|
    |ap_phi_reg_pp0_iter1_x_V_656102_reg_6705     |    23|   0|    23|          0|
    |ap_phi_reg_pp0_iter1_x_V_657100_reg_6715     |    23|   0|    23|          0|
    |ap_phi_reg_pp0_iter1_x_V_65898_reg_6725      |    23|   0|    23|          0|
    |ap_phi_reg_pp0_iter1_x_V_65996_reg_6735      |    23|   0|    23|          0|
    |ap_phi_reg_pp0_iter1_x_V_66094_reg_6745      |    23|   0|    23|          0|
    |ap_phi_reg_pp0_iter1_x_V_66192_reg_6755      |    23|   0|    23|          0|
    |ap_phi_reg_pp0_iter1_x_V_66290_reg_6765      |    23|   0|    23|          0|
    |ap_phi_reg_pp0_iter1_x_V_66388_reg_6775      |    23|   0|    23|          0|
    |ap_phi_reg_pp0_iter1_x_V_66486_reg_6785      |    23|   0|    23|          0|
    |ap_phi_reg_pp0_iter1_x_V_66584_reg_6795      |    23|   0|    23|          0|
    |ap_phi_reg_pp0_iter1_x_V_66682_reg_6805      |    23|   0|    23|          0|
    |ap_phi_reg_pp0_iter1_x_V_66780_reg_6815      |    23|   0|    23|          0|
    |ap_phi_reg_pp0_iter1_x_V_66878_reg_6825      |    23|   0|    23|          0|
    |ap_phi_reg_pp0_iter1_x_V_66976_reg_6835      |    23|   0|    23|          0|
    |ap_phi_reg_pp0_iter1_x_V_67074_reg_6845      |    23|   0|    23|          0|
    |ap_phi_reg_pp0_iter1_x_V_67172_reg_6855      |    23|   0|    23|          0|
    |ap_phi_reg_pp0_iter1_x_V_67270_reg_6865      |    23|   0|    23|          0|
    |ap_phi_reg_pp0_iter1_x_V_67368_reg_6875      |    23|   0|    23|          0|
    |ap_phi_reg_pp0_iter1_x_V_67466_reg_6885      |    23|   0|    23|          0|
    |ap_phi_reg_pp0_iter1_x_V_67564_reg_6895      |    23|   0|    23|          0|
    |ap_phi_reg_pp0_iter1_x_V_67760_reg_6905      |    23|   0|    23|          0|
    |ap_phi_reg_pp0_iter1_x_V_67858_reg_6915      |    23|   0|    23|          0|
    |ap_phi_reg_pp0_iter1_x_V_67956_reg_6925      |    23|   0|    23|          0|
    |ap_phi_reg_pp0_iter1_x_V_68054_reg_6935      |    23|   0|    23|          0|
    |ap_phi_reg_pp0_iter1_x_V_68152_reg_6945      |    23|   0|    23|          0|
    |ap_phi_reg_pp0_iter1_x_V_68250_reg_6955      |    23|   0|    23|          0|
    |ap_phi_reg_pp0_iter1_x_V_68348_reg_6965      |    23|   0|    23|          0|
    |ap_phi_reg_pp0_iter1_x_V_68446_reg_6975      |    23|   0|    23|          0|
    |ap_phi_reg_pp0_iter1_x_V_68544_reg_6985      |    23|   0|    23|          0|
    |ap_phi_reg_pp0_iter1_x_V_68642_reg_6995      |    23|   0|    23|          0|
    |ap_phi_reg_pp0_iter1_x_V_68740_reg_7005      |    23|   0|    23|          0|
    |ap_phi_reg_pp0_iter1_x_V_68838_reg_7015      |    23|   0|    23|          0|
    |ap_phi_reg_pp0_iter1_x_V_68936_reg_7025      |    23|   0|    23|          0|
    |ap_phi_reg_pp0_iter1_x_V_69034_reg_7035      |    23|   0|    23|          0|
    |ap_phi_reg_pp0_iter1_x_V_69132_reg_7045      |    23|   0|    23|          0|
    |ap_phi_reg_pp0_iter1_x_V_69230_reg_7055      |    23|   0|    23|          0|
    |ap_phi_reg_pp0_iter1_x_V_69328_reg_7065      |    23|   0|    23|          0|
    |ap_phi_reg_pp0_iter1_x_V_69426_reg_7075      |    23|   0|    23|          0|
    |ap_phi_reg_pp0_iter1_x_V_69524_reg_7085      |    23|   0|    23|          0|
    |ap_phi_reg_pp0_iter1_x_V_69622_reg_7095      |    23|   0|    23|          0|
    |ap_phi_reg_pp0_iter1_x_V_69720_reg_7105      |    23|   0|    23|          0|
    |ap_phi_reg_pp0_iter1_x_V_69818_reg_7115      |    23|   0|    23|          0|
    |ap_phi_reg_pp0_iter1_x_V_69916_reg_7125      |    23|   0|    23|          0|
    |ap_phi_reg_pp0_iter1_x_V_70014_reg_7135      |    23|   0|    23|          0|
    |ap_phi_reg_pp0_iter1_x_V_70112_reg_7145      |    23|   0|    23|          0|
    |ap_phi_reg_pp0_iter1_x_V_70210_reg_7155      |    23|   0|    23|          0|
    |ap_phi_reg_pp0_iter1_x_V_7038_reg_7165       |    23|   0|    23|          0|
    |ap_phi_reg_pp0_iter1_x_V_7046_reg_7175       |    23|   0|    23|          0|
    |ap_phi_reg_pp0_iter1_x_V_7054_reg_7185       |    23|   0|    23|          0|
    |ap_phi_reg_pp0_iter2_x_V386_reg_5295         |    23|   0|    23|          0|
    |ap_phi_reg_pp0_iter2_x_V_515384_reg_5305     |    23|   0|    23|          0|
    |ap_phi_reg_pp0_iter2_x_V_516382_reg_5315     |    23|   0|    23|          0|
    |ap_phi_reg_pp0_iter2_x_V_517380_reg_5325     |    23|   0|    23|          0|
    |ap_phi_reg_pp0_iter2_x_V_518378_reg_5335     |    23|   0|    23|          0|
    |ap_phi_reg_pp0_iter2_x_V_519376_reg_5345     |    23|   0|    23|          0|
    |ap_phi_reg_pp0_iter2_x_V_520374_reg_5355     |    23|   0|    23|          0|
    |ap_phi_reg_pp0_iter2_x_V_521372_reg_5365     |    23|   0|    23|          0|
    |ap_phi_reg_pp0_iter2_x_V_522370_reg_5375     |    23|   0|    23|          0|
    |ap_phi_reg_pp0_iter2_x_V_523368_reg_5385     |    23|   0|    23|          0|
    |ap_phi_reg_pp0_iter2_x_V_524366_reg_5395     |    23|   0|    23|          0|
    |ap_phi_reg_pp0_iter2_x_V_525364_reg_5405     |    23|   0|    23|          0|
    |ap_phi_reg_pp0_iter2_x_V_526362_reg_5415     |    23|   0|    23|          0|
    |ap_phi_reg_pp0_iter2_x_V_527360_reg_5425     |    23|   0|    23|          0|
    |ap_phi_reg_pp0_iter2_x_V_528358_reg_5435     |    23|   0|    23|          0|
    |ap_phi_reg_pp0_iter2_x_V_529356_reg_5445     |    23|   0|    23|          0|
    |ap_phi_reg_pp0_iter2_x_V_530354_reg_5455     |    23|   0|    23|          0|
    |ap_phi_reg_pp0_iter2_x_V_531352_reg_5465     |    23|   0|    23|          0|
    |ap_phi_reg_pp0_iter2_x_V_532350_reg_5475     |    23|   0|    23|          0|
    |ap_phi_reg_pp0_iter2_x_V_533348_reg_5485     |    23|   0|    23|          0|
    |ap_phi_reg_pp0_iter2_x_V_534346_reg_5495     |    23|   0|    23|          0|
    |ap_phi_reg_pp0_iter2_x_V_535344_reg_5505     |    23|   0|    23|          0|
    |ap_phi_reg_pp0_iter2_x_V_536342_reg_5515     |    23|   0|    23|          0|
    |ap_phi_reg_pp0_iter2_x_V_537340_reg_5525     |    23|   0|    23|          0|
    |ap_phi_reg_pp0_iter2_x_V_538338_reg_5535     |    23|   0|    23|          0|
    |ap_phi_reg_pp0_iter2_x_V_539336_reg_5545     |    23|   0|    23|          0|
    |ap_phi_reg_pp0_iter2_x_V_540334_reg_5555     |    23|   0|    23|          0|
    |ap_phi_reg_pp0_iter2_x_V_541332_reg_5565     |    23|   0|    23|          0|
    |ap_phi_reg_pp0_iter2_x_V_542330_reg_5575     |    23|   0|    23|          0|
    |ap_phi_reg_pp0_iter2_x_V_543328_reg_5585     |    23|   0|    23|          0|
    |ap_phi_reg_pp0_iter2_x_V_544326_reg_5595     |    23|   0|    23|          0|
    |ap_phi_reg_pp0_iter2_x_V_545324_reg_5605     |    23|   0|    23|          0|
    |ap_phi_reg_pp0_iter2_x_V_546322_reg_5615     |    23|   0|    23|          0|
    |ap_phi_reg_pp0_iter2_x_V_547320_reg_5625     |    23|   0|    23|          0|
    |ap_phi_reg_pp0_iter2_x_V_548318_reg_5635     |    23|   0|    23|          0|
    |ap_phi_reg_pp0_iter2_x_V_549316_reg_5645     |    23|   0|    23|          0|
    |ap_phi_reg_pp0_iter2_x_V_550314_reg_5655     |    23|   0|    23|          0|
    |ap_phi_reg_pp0_iter2_x_V_551312_reg_5665     |    23|   0|    23|          0|
    |ap_phi_reg_pp0_iter2_x_V_552310_reg_5675     |    23|   0|    23|          0|
    |ap_phi_reg_pp0_iter2_x_V_553308_reg_5685     |    23|   0|    23|          0|
    |ap_phi_reg_pp0_iter2_x_V_554306_reg_5695     |    23|   0|    23|          0|
    |ap_phi_reg_pp0_iter2_x_V_555304_reg_5705     |    23|   0|    23|          0|
    |ap_phi_reg_pp0_iter2_x_V_556302_reg_5715     |    23|   0|    23|          0|
    |ap_phi_reg_pp0_iter2_x_V_557300_reg_5725     |    23|   0|    23|          0|
    |ap_phi_reg_pp0_iter2_x_V_558298_reg_5735     |    23|   0|    23|          0|
    |ap_phi_reg_pp0_iter2_x_V_559296_reg_5745     |    23|   0|    23|          0|
    |ap_phi_reg_pp0_iter2_x_V_560294_reg_5755     |    23|   0|    23|          0|
    |ap_phi_reg_pp0_iter2_x_V_561292_reg_5765     |    23|   0|    23|          0|
    |ap_phi_reg_pp0_iter2_x_V_562290_reg_5775     |    23|   0|    23|          0|
    |ap_phi_reg_pp0_iter2_x_V_563288_reg_5785     |    23|   0|    23|          0|
    |ap_phi_reg_pp0_iter2_x_V_564286_reg_5795     |    23|   0|    23|          0|
    |ap_phi_reg_pp0_iter2_x_V_565284_reg_5805     |    23|   0|    23|          0|
    |ap_phi_reg_pp0_iter2_x_V_566282_reg_5815     |    23|   0|    23|          0|
    |ap_phi_reg_pp0_iter2_x_V_567280_reg_5825     |    23|   0|    23|          0|
    |ap_phi_reg_pp0_iter2_x_V_568278_reg_5835     |    23|   0|    23|          0|
    |ap_phi_reg_pp0_iter2_x_V_569276_reg_5845     |    23|   0|    23|          0|
    |ap_phi_reg_pp0_iter2_x_V_570274_reg_5855     |    23|   0|    23|          0|
    |ap_phi_reg_pp0_iter2_x_V_571272_reg_5865     |    23|   0|    23|          0|
    |ap_phi_reg_pp0_iter2_x_V_572270_reg_5875     |    23|   0|    23|          0|
    |ap_phi_reg_pp0_iter2_x_V_573268_reg_5885     |    23|   0|    23|          0|
    |ap_phi_reg_pp0_iter2_x_V_574266_reg_5895     |    23|   0|    23|          0|
    |ap_phi_reg_pp0_iter2_x_V_575264_reg_5905     |    23|   0|    23|          0|
    |ap_phi_reg_pp0_iter2_x_V_576262_reg_5915     |    23|   0|    23|          0|
    |ap_phi_reg_pp0_iter2_x_V_577260_reg_5925     |    23|   0|    23|          0|
    |ap_phi_reg_pp0_iter2_x_V_578258_reg_5935     |    23|   0|    23|          0|
    |ap_phi_reg_pp0_iter2_x_V_579256_reg_5945     |    23|   0|    23|          0|
    |ap_phi_reg_pp0_iter2_x_V_580254_reg_5955     |    23|   0|    23|          0|
    |ap_phi_reg_pp0_iter2_x_V_581252_reg_5965     |    23|   0|    23|          0|
    |ap_phi_reg_pp0_iter2_x_V_582250_reg_5975     |    23|   0|    23|          0|
    |ap_phi_reg_pp0_iter2_x_V_583248_reg_5985     |    23|   0|    23|          0|
    |ap_phi_reg_pp0_iter2_x_V_584246_reg_5995     |    23|   0|    23|          0|
    |ap_phi_reg_pp0_iter2_x_V_585244_reg_6005     |    23|   0|    23|          0|
    |ap_phi_reg_pp0_iter2_x_V_586242_reg_6015     |    23|   0|    23|          0|
    |ap_phi_reg_pp0_iter2_x_V_587240_reg_6025     |    23|   0|    23|          0|
    |ap_phi_reg_pp0_iter2_x_V_588238_reg_6035     |    23|   0|    23|          0|
    |ap_phi_reg_pp0_iter2_x_V_589236_reg_6045     |    23|   0|    23|          0|
    |ap_phi_reg_pp0_iter2_x_V_590234_reg_6055     |    23|   0|    23|          0|
    |ap_phi_reg_pp0_iter2_x_V_591232_reg_6065     |    23|   0|    23|          0|
    |ap_phi_reg_pp0_iter2_x_V_592230_reg_6075     |    23|   0|    23|          0|
    |ap_phi_reg_pp0_iter2_x_V_593228_reg_6085     |    23|   0|    23|          0|
    |ap_phi_reg_pp0_iter2_x_V_594226_reg_6095     |    23|   0|    23|          0|
    |ap_phi_reg_pp0_iter2_x_V_595224_reg_6105     |    23|   0|    23|          0|
    |ap_phi_reg_pp0_iter2_x_V_596222_reg_6115     |    23|   0|    23|          0|
    |ap_phi_reg_pp0_iter2_x_V_597220_reg_6125     |    23|   0|    23|          0|
    |ap_phi_reg_pp0_iter2_x_V_598218_reg_6135     |    23|   0|    23|          0|
    |ap_phi_reg_pp0_iter2_x_V_599216_reg_6145     |    23|   0|    23|          0|
    |ap_phi_reg_pp0_iter2_x_V_600214_reg_6155     |    23|   0|    23|          0|
    |ap_phi_reg_pp0_iter2_x_V_601212_reg_6165     |    23|   0|    23|          0|
    |ap_phi_reg_pp0_iter2_x_V_602210_reg_6175     |    23|   0|    23|          0|
    |ap_phi_reg_pp0_iter2_x_V_603208_reg_6185     |    23|   0|    23|          0|
    |ap_phi_reg_pp0_iter2_x_V_604206_reg_6195     |    23|   0|    23|          0|
    |ap_phi_reg_pp0_iter2_x_V_605204_reg_6205     |    23|   0|    23|          0|
    |ap_phi_reg_pp0_iter2_x_V_606202_reg_6215     |    23|   0|    23|          0|
    |ap_phi_reg_pp0_iter2_x_V_607200_reg_6225     |    23|   0|    23|          0|
    |ap_phi_reg_pp0_iter2_x_V_608198_reg_6235     |    23|   0|    23|          0|
    |ap_phi_reg_pp0_iter2_x_V_609196_reg_6245     |    23|   0|    23|          0|
    |ap_phi_reg_pp0_iter2_x_V_610194_reg_6255     |    23|   0|    23|          0|
    |ap_phi_reg_pp0_iter2_x_V_611192_reg_6265     |    23|   0|    23|          0|
    |ap_phi_reg_pp0_iter2_x_V_612190_reg_6275     |    23|   0|    23|          0|
    |ap_phi_reg_pp0_iter2_x_V_613188_reg_6285     |    23|   0|    23|          0|
    |ap_phi_reg_pp0_iter2_x_V_614186_reg_6295     |    23|   0|    23|          0|
    |ap_phi_reg_pp0_iter2_x_V_615184_reg_6305     |    23|   0|    23|          0|
    |ap_phi_reg_pp0_iter2_x_V_616182_reg_6315     |    23|   0|    23|          0|
    |ap_phi_reg_pp0_iter2_x_V_617180_reg_6325     |    23|   0|    23|          0|
    |ap_phi_reg_pp0_iter2_x_V_618178_reg_6335     |    23|   0|    23|          0|
    |ap_phi_reg_pp0_iter2_x_V_619176_reg_6345     |    23|   0|    23|          0|
    |ap_phi_reg_pp0_iter2_x_V_620174_reg_6355     |    23|   0|    23|          0|
    |ap_phi_reg_pp0_iter2_x_V_621172_reg_6365     |    23|   0|    23|          0|
    |ap_phi_reg_pp0_iter2_x_V_622170_reg_6375     |    23|   0|    23|          0|
    |ap_phi_reg_pp0_iter2_x_V_623168_reg_6385     |    23|   0|    23|          0|
    |ap_phi_reg_pp0_iter2_x_V_624166_reg_6395     |    23|   0|    23|          0|
    |ap_phi_reg_pp0_iter2_x_V_625164_reg_6405     |    23|   0|    23|          0|
    |ap_phi_reg_pp0_iter2_x_V_626162_reg_6415     |    23|   0|    23|          0|
    |ap_phi_reg_pp0_iter2_x_V_627160_reg_6425     |    23|   0|    23|          0|
    |ap_phi_reg_pp0_iter2_x_V_629156_reg_6435     |    23|   0|    23|          0|
    |ap_phi_reg_pp0_iter2_x_V_630154_reg_6445     |    23|   0|    23|          0|
    |ap_phi_reg_pp0_iter2_x_V_631152_reg_6455     |    23|   0|    23|          0|
    |ap_phi_reg_pp0_iter2_x_V_632150_reg_6465     |    23|   0|    23|          0|
    |ap_phi_reg_pp0_iter2_x_V_633148_reg_6475     |    23|   0|    23|          0|
    |ap_phi_reg_pp0_iter2_x_V_634146_reg_6485     |    23|   0|    23|          0|
    |ap_phi_reg_pp0_iter2_x_V_635144_reg_6495     |    23|   0|    23|          0|
    |ap_phi_reg_pp0_iter2_x_V_636142_reg_6505     |    23|   0|    23|          0|
    |ap_phi_reg_pp0_iter2_x_V_637140_reg_6515     |    23|   0|    23|          0|
    |ap_phi_reg_pp0_iter2_x_V_638138_reg_6525     |    23|   0|    23|          0|
    |ap_phi_reg_pp0_iter2_x_V_639136_reg_6535     |    23|   0|    23|          0|
    |ap_phi_reg_pp0_iter2_x_V_640134_reg_6545     |    23|   0|    23|          0|
    |ap_phi_reg_pp0_iter2_x_V_641132_reg_6555     |    23|   0|    23|          0|
    |ap_phi_reg_pp0_iter2_x_V_642130_reg_6565     |    23|   0|    23|          0|
    |ap_phi_reg_pp0_iter2_x_V_643128_reg_6575     |    23|   0|    23|          0|
    |ap_phi_reg_pp0_iter2_x_V_644126_reg_6585     |    23|   0|    23|          0|
    |ap_phi_reg_pp0_iter2_x_V_645124_reg_6595     |    23|   0|    23|          0|
    |ap_phi_reg_pp0_iter2_x_V_646122_reg_6605     |    23|   0|    23|          0|
    |ap_phi_reg_pp0_iter2_x_V_647120_reg_6615     |    23|   0|    23|          0|
    |ap_phi_reg_pp0_iter2_x_V_648118_reg_6625     |    23|   0|    23|          0|
    |ap_phi_reg_pp0_iter2_x_V_649116_reg_6635     |    23|   0|    23|          0|
    |ap_phi_reg_pp0_iter2_x_V_650114_reg_6645     |    23|   0|    23|          0|
    |ap_phi_reg_pp0_iter2_x_V_651112_reg_6655     |    23|   0|    23|          0|
    |ap_phi_reg_pp0_iter2_x_V_652110_reg_6665     |    23|   0|    23|          0|
    |ap_phi_reg_pp0_iter2_x_V_653108_reg_6675     |    23|   0|    23|          0|
    |ap_phi_reg_pp0_iter2_x_V_654106_reg_6685     |    23|   0|    23|          0|
    |ap_phi_reg_pp0_iter2_x_V_655104_reg_6695     |    23|   0|    23|          0|
    |ap_phi_reg_pp0_iter2_x_V_656102_reg_6705     |    23|   0|    23|          0|
    |ap_phi_reg_pp0_iter2_x_V_657100_reg_6715     |    23|   0|    23|          0|
    |ap_phi_reg_pp0_iter2_x_V_65898_reg_6725      |    23|   0|    23|          0|
    |ap_phi_reg_pp0_iter2_x_V_65996_reg_6735      |    23|   0|    23|          0|
    |ap_phi_reg_pp0_iter2_x_V_66094_reg_6745      |    23|   0|    23|          0|
    |ap_phi_reg_pp0_iter2_x_V_66192_reg_6755      |    23|   0|    23|          0|
    |ap_phi_reg_pp0_iter2_x_V_66290_reg_6765      |    23|   0|    23|          0|
    |ap_phi_reg_pp0_iter2_x_V_66388_reg_6775      |    23|   0|    23|          0|
    |ap_phi_reg_pp0_iter2_x_V_66486_reg_6785      |    23|   0|    23|          0|
    |ap_phi_reg_pp0_iter2_x_V_66584_reg_6795      |    23|   0|    23|          0|
    |ap_phi_reg_pp0_iter2_x_V_66682_reg_6805      |    23|   0|    23|          0|
    |ap_phi_reg_pp0_iter2_x_V_66780_reg_6815      |    23|   0|    23|          0|
    |ap_phi_reg_pp0_iter2_x_V_66878_reg_6825      |    23|   0|    23|          0|
    |ap_phi_reg_pp0_iter2_x_V_66976_reg_6835      |    23|   0|    23|          0|
    |ap_phi_reg_pp0_iter2_x_V_67074_reg_6845      |    23|   0|    23|          0|
    |ap_phi_reg_pp0_iter2_x_V_67172_reg_6855      |    23|   0|    23|          0|
    |ap_phi_reg_pp0_iter2_x_V_67270_reg_6865      |    23|   0|    23|          0|
    |ap_phi_reg_pp0_iter2_x_V_67368_reg_6875      |    23|   0|    23|          0|
    |ap_phi_reg_pp0_iter2_x_V_67466_reg_6885      |    23|   0|    23|          0|
    |ap_phi_reg_pp0_iter2_x_V_67564_reg_6895      |    23|   0|    23|          0|
    |ap_phi_reg_pp0_iter2_x_V_67760_reg_6905      |    23|   0|    23|          0|
    |ap_phi_reg_pp0_iter2_x_V_67858_reg_6915      |    23|   0|    23|          0|
    |ap_phi_reg_pp0_iter2_x_V_67956_reg_6925      |    23|   0|    23|          0|
    |ap_phi_reg_pp0_iter2_x_V_68054_reg_6935      |    23|   0|    23|          0|
    |ap_phi_reg_pp0_iter2_x_V_68152_reg_6945      |    23|   0|    23|          0|
    |ap_phi_reg_pp0_iter2_x_V_68250_reg_6955      |    23|   0|    23|          0|
    |ap_phi_reg_pp0_iter2_x_V_68348_reg_6965      |    23|   0|    23|          0|
    |ap_phi_reg_pp0_iter2_x_V_68446_reg_6975      |    23|   0|    23|          0|
    |ap_phi_reg_pp0_iter2_x_V_68544_reg_6985      |    23|   0|    23|          0|
    |ap_phi_reg_pp0_iter2_x_V_68642_reg_6995      |    23|   0|    23|          0|
    |ap_phi_reg_pp0_iter2_x_V_68740_reg_7005      |    23|   0|    23|          0|
    |ap_phi_reg_pp0_iter2_x_V_68838_reg_7015      |    23|   0|    23|          0|
    |ap_phi_reg_pp0_iter2_x_V_68936_reg_7025      |    23|   0|    23|          0|
    |ap_phi_reg_pp0_iter2_x_V_69034_reg_7035      |    23|   0|    23|          0|
    |ap_phi_reg_pp0_iter2_x_V_69132_reg_7045      |    23|   0|    23|          0|
    |ap_phi_reg_pp0_iter2_x_V_69230_reg_7055      |    23|   0|    23|          0|
    |ap_phi_reg_pp0_iter2_x_V_69328_reg_7065      |    23|   0|    23|          0|
    |ap_phi_reg_pp0_iter2_x_V_69426_reg_7075      |    23|   0|    23|          0|
    |ap_phi_reg_pp0_iter2_x_V_69524_reg_7085      |    23|   0|    23|          0|
    |ap_phi_reg_pp0_iter2_x_V_69622_reg_7095      |    23|   0|    23|          0|
    |ap_phi_reg_pp0_iter2_x_V_69720_reg_7105      |    23|   0|    23|          0|
    |ap_phi_reg_pp0_iter2_x_V_69818_reg_7115      |    23|   0|    23|          0|
    |ap_phi_reg_pp0_iter2_x_V_69916_reg_7125      |    23|   0|    23|          0|
    |ap_phi_reg_pp0_iter2_x_V_70014_reg_7135      |    23|   0|    23|          0|
    |ap_phi_reg_pp0_iter2_x_V_70112_reg_7145      |    23|   0|    23|          0|
    |ap_phi_reg_pp0_iter2_x_V_70210_reg_7155      |    23|   0|    23|          0|
    |ap_phi_reg_pp0_iter2_x_V_7038_reg_7165       |    23|   0|    23|          0|
    |ap_phi_reg_pp0_iter2_x_V_7046_reg_7175       |    23|   0|    23|          0|
    |ap_phi_reg_pp0_iter2_x_V_7054_reg_7185       |    23|   0|    23|          0|
    |ap_return_0_preg                             |    23|   0|    23|          0|
    |ap_return_100_preg                           |    23|   0|    23|          0|
    |ap_return_101_preg                           |    23|   0|    23|          0|
    |ap_return_102_preg                           |    23|   0|    23|          0|
    |ap_return_103_preg                           |    23|   0|    23|          0|
    |ap_return_104_preg                           |    23|   0|    23|          0|
    |ap_return_105_preg                           |    23|   0|    23|          0|
    |ap_return_106_preg                           |    23|   0|    23|          0|
    |ap_return_107_preg                           |    23|   0|    23|          0|
    |ap_return_108_preg                           |    23|   0|    23|          0|
    |ap_return_109_preg                           |    23|   0|    23|          0|
    |ap_return_10_preg                            |    23|   0|    23|          0|
    |ap_return_110_preg                           |    23|   0|    23|          0|
    |ap_return_111_preg                           |    23|   0|    23|          0|
    |ap_return_112_preg                           |    23|   0|    23|          0|
    |ap_return_113_preg                           |    23|   0|    23|          0|
    |ap_return_114_preg                           |    23|   0|    23|          0|
    |ap_return_115_preg                           |    23|   0|    23|          0|
    |ap_return_116_preg                           |    23|   0|    23|          0|
    |ap_return_117_preg                           |    23|   0|    23|          0|
    |ap_return_118_preg                           |    23|   0|    23|          0|
    |ap_return_119_preg                           |    23|   0|    23|          0|
    |ap_return_11_preg                            |    23|   0|    23|          0|
    |ap_return_120_preg                           |    23|   0|    23|          0|
    |ap_return_121_preg                           |    23|   0|    23|          0|
    |ap_return_122_preg                           |    23|   0|    23|          0|
    |ap_return_123_preg                           |    23|   0|    23|          0|
    |ap_return_124_preg                           |    23|   0|    23|          0|
    |ap_return_125_preg                           |    23|   0|    23|          0|
    |ap_return_126_preg                           |    23|   0|    23|          0|
    |ap_return_127_preg                           |    23|   0|    23|          0|
    |ap_return_128_preg                           |    23|   0|    23|          0|
    |ap_return_129_preg                           |    23|   0|    23|          0|
    |ap_return_12_preg                            |    23|   0|    23|          0|
    |ap_return_130_preg                           |    23|   0|    23|          0|
    |ap_return_131_preg                           |    23|   0|    23|          0|
    |ap_return_132_preg                           |    23|   0|    23|          0|
    |ap_return_133_preg                           |    23|   0|    23|          0|
    |ap_return_134_preg                           |    23|   0|    23|          0|
    |ap_return_135_preg                           |    23|   0|    23|          0|
    |ap_return_136_preg                           |    23|   0|    23|          0|
    |ap_return_137_preg                           |    23|   0|    23|          0|
    |ap_return_138_preg                           |    23|   0|    23|          0|
    |ap_return_139_preg                           |    23|   0|    23|          0|
    |ap_return_13_preg                            |    23|   0|    23|          0|
    |ap_return_140_preg                           |    23|   0|    23|          0|
    |ap_return_141_preg                           |    23|   0|    23|          0|
    |ap_return_142_preg                           |    23|   0|    23|          0|
    |ap_return_143_preg                           |    23|   0|    23|          0|
    |ap_return_144_preg                           |    23|   0|    23|          0|
    |ap_return_145_preg                           |    23|   0|    23|          0|
    |ap_return_146_preg                           |    23|   0|    23|          0|
    |ap_return_147_preg                           |    23|   0|    23|          0|
    |ap_return_148_preg                           |    23|   0|    23|          0|
    |ap_return_149_preg                           |    23|   0|    23|          0|
    |ap_return_14_preg                            |    23|   0|    23|          0|
    |ap_return_150_preg                           |    23|   0|    23|          0|
    |ap_return_151_preg                           |    23|   0|    23|          0|
    |ap_return_152_preg                           |    23|   0|    23|          0|
    |ap_return_153_preg                           |    23|   0|    23|          0|
    |ap_return_154_preg                           |    23|   0|    23|          0|
    |ap_return_155_preg                           |    23|   0|    23|          0|
    |ap_return_156_preg                           |    23|   0|    23|          0|
    |ap_return_157_preg                           |    23|   0|    23|          0|
    |ap_return_158_preg                           |    23|   0|    23|          0|
    |ap_return_159_preg                           |    23|   0|    23|          0|
    |ap_return_15_preg                            |    23|   0|    23|          0|
    |ap_return_160_preg                           |    23|   0|    23|          0|
    |ap_return_161_preg                           |    23|   0|    23|          0|
    |ap_return_162_preg                           |    23|   0|    23|          0|
    |ap_return_163_preg                           |    23|   0|    23|          0|
    |ap_return_164_preg                           |    23|   0|    23|          0|
    |ap_return_165_preg                           |    23|   0|    23|          0|
    |ap_return_166_preg                           |    23|   0|    23|          0|
    |ap_return_167_preg                           |    23|   0|    23|          0|
    |ap_return_168_preg                           |    23|   0|    23|          0|
    |ap_return_169_preg                           |    23|   0|    23|          0|
    |ap_return_16_preg                            |    23|   0|    23|          0|
    |ap_return_170_preg                           |    23|   0|    23|          0|
    |ap_return_171_preg                           |    23|   0|    23|          0|
    |ap_return_172_preg                           |    23|   0|    23|          0|
    |ap_return_173_preg                           |    23|   0|    23|          0|
    |ap_return_174_preg                           |    23|   0|    23|          0|
    |ap_return_175_preg                           |    23|   0|    23|          0|
    |ap_return_176_preg                           |    23|   0|    23|          0|
    |ap_return_177_preg                           |    23|   0|    23|          0|
    |ap_return_178_preg                           |    23|   0|    23|          0|
    |ap_return_179_preg                           |    23|   0|    23|          0|
    |ap_return_17_preg                            |    23|   0|    23|          0|
    |ap_return_180_preg                           |    23|   0|    23|          0|
    |ap_return_181_preg                           |    23|   0|    23|          0|
    |ap_return_182_preg                           |    23|   0|    23|          0|
    |ap_return_183_preg                           |    23|   0|    23|          0|
    |ap_return_184_preg                           |    23|   0|    23|          0|
    |ap_return_185_preg                           |    23|   0|    23|          0|
    |ap_return_186_preg                           |    23|   0|    23|          0|
    |ap_return_187_preg                           |    23|   0|    23|          0|
    |ap_return_188_preg                           |    23|   0|    23|          0|
    |ap_return_189_preg                           |    23|   0|    23|          0|
    |ap_return_18_preg                            |    23|   0|    23|          0|
    |ap_return_190_preg                           |    23|   0|    23|          0|
    |ap_return_191_preg                           |    23|   0|    23|          0|
    |ap_return_19_preg                            |    23|   0|    23|          0|
    |ap_return_1_preg                             |    23|   0|    23|          0|
    |ap_return_20_preg                            |    23|   0|    23|          0|
    |ap_return_21_preg                            |    23|   0|    23|          0|
    |ap_return_22_preg                            |    23|   0|    23|          0|
    |ap_return_23_preg                            |    23|   0|    23|          0|
    |ap_return_24_preg                            |    23|   0|    23|          0|
    |ap_return_25_preg                            |    23|   0|    23|          0|
    |ap_return_26_preg                            |    23|   0|    23|          0|
    |ap_return_27_preg                            |    23|   0|    23|          0|
    |ap_return_28_preg                            |    23|   0|    23|          0|
    |ap_return_29_preg                            |    23|   0|    23|          0|
    |ap_return_2_preg                             |    23|   0|    23|          0|
    |ap_return_30_preg                            |    23|   0|    23|          0|
    |ap_return_31_preg                            |    23|   0|    23|          0|
    |ap_return_32_preg                            |    23|   0|    23|          0|
    |ap_return_33_preg                            |    23|   0|    23|          0|
    |ap_return_34_preg                            |    23|   0|    23|          0|
    |ap_return_35_preg                            |    23|   0|    23|          0|
    |ap_return_36_preg                            |    23|   0|    23|          0|
    |ap_return_37_preg                            |    23|   0|    23|          0|
    |ap_return_38_preg                            |    23|   0|    23|          0|
    |ap_return_39_preg                            |    23|   0|    23|          0|
    |ap_return_3_preg                             |    23|   0|    23|          0|
    |ap_return_40_preg                            |    23|   0|    23|          0|
    |ap_return_41_preg                            |    23|   0|    23|          0|
    |ap_return_42_preg                            |    23|   0|    23|          0|
    |ap_return_43_preg                            |    23|   0|    23|          0|
    |ap_return_44_preg                            |    23|   0|    23|          0|
    |ap_return_45_preg                            |    23|   0|    23|          0|
    |ap_return_46_preg                            |    23|   0|    23|          0|
    |ap_return_47_preg                            |    23|   0|    23|          0|
    |ap_return_48_preg                            |    23|   0|    23|          0|
    |ap_return_49_preg                            |    23|   0|    23|          0|
    |ap_return_4_preg                             |    23|   0|    23|          0|
    |ap_return_50_preg                            |    23|   0|    23|          0|
    |ap_return_51_preg                            |    23|   0|    23|          0|
    |ap_return_52_preg                            |    23|   0|    23|          0|
    |ap_return_53_preg                            |    23|   0|    23|          0|
    |ap_return_54_preg                            |    23|   0|    23|          0|
    |ap_return_55_preg                            |    23|   0|    23|          0|
    |ap_return_56_preg                            |    23|   0|    23|          0|
    |ap_return_57_preg                            |    23|   0|    23|          0|
    |ap_return_58_preg                            |    23|   0|    23|          0|
    |ap_return_59_preg                            |    23|   0|    23|          0|
    |ap_return_5_preg                             |    23|   0|    23|          0|
    |ap_return_60_preg                            |    23|   0|    23|          0|
    |ap_return_61_preg                            |    23|   0|    23|          0|
    |ap_return_62_preg                            |    23|   0|    23|          0|
    |ap_return_63_preg                            |    23|   0|    23|          0|
    |ap_return_64_preg                            |    23|   0|    23|          0|
    |ap_return_65_preg                            |    23|   0|    23|          0|
    |ap_return_66_preg                            |    23|   0|    23|          0|
    |ap_return_67_preg                            |    23|   0|    23|          0|
    |ap_return_68_preg                            |    23|   0|    23|          0|
    |ap_return_69_preg                            |    23|   0|    23|          0|
    |ap_return_6_preg                             |    23|   0|    23|          0|
    |ap_return_70_preg                            |    23|   0|    23|          0|
    |ap_return_71_preg                            |    23|   0|    23|          0|
    |ap_return_72_preg                            |    23|   0|    23|          0|
    |ap_return_73_preg                            |    23|   0|    23|          0|
    |ap_return_74_preg                            |    23|   0|    23|          0|
    |ap_return_75_preg                            |    23|   0|    23|          0|
    |ap_return_76_preg                            |    23|   0|    23|          0|
    |ap_return_77_preg                            |    23|   0|    23|          0|
    |ap_return_78_preg                            |    23|   0|    23|          0|
    |ap_return_79_preg                            |    23|   0|    23|          0|
    |ap_return_7_preg                             |    23|   0|    23|          0|
    |ap_return_80_preg                            |    23|   0|    23|          0|
    |ap_return_81_preg                            |    23|   0|    23|          0|
    |ap_return_82_preg                            |    23|   0|    23|          0|
    |ap_return_83_preg                            |    23|   0|    23|          0|
    |ap_return_84_preg                            |    23|   0|    23|          0|
    |ap_return_85_preg                            |    23|   0|    23|          0|
    |ap_return_86_preg                            |    23|   0|    23|          0|
    |ap_return_87_preg                            |    23|   0|    23|          0|
    |ap_return_88_preg                            |    23|   0|    23|          0|
    |ap_return_89_preg                            |    23|   0|    23|          0|
    |ap_return_8_preg                             |    23|   0|    23|          0|
    |ap_return_90_preg                            |    23|   0|    23|          0|
    |ap_return_91_preg                            |    23|   0|    23|          0|
    |ap_return_92_preg                            |    23|   0|    23|          0|
    |ap_return_93_preg                            |    23|   0|    23|          0|
    |ap_return_94_preg                            |    23|   0|    23|          0|
    |ap_return_95_preg                            |    23|   0|    23|          0|
    |ap_return_96_preg                            |    23|   0|    23|          0|
    |ap_return_97_preg                            |    23|   0|    23|          0|
    |ap_return_98_preg                            |    23|   0|    23|          0|
    |ap_return_99_preg                            |    23|   0|    23|          0|
    |ap_return_9_preg                             |    23|   0|    23|          0|
    |do_init_reg_2391                             |     1|   0|     1|          0|
    |icmp_ln43_reg_19187                          |     1|   0|     1|          0|
    |p_read389_phi_reg_5283                       |  1120|   0|  1120|          0|
    |shl_ln_reg_19172                             |     7|   0|    11|          4|
    |w_index3_reg_2406                            |     7|   0|     7|          0|
    |w_index_reg_19182                            |     7|   0|     7|          0|
    |x_V_628158_reg_7195                          |    23|   0|    23|          0|
    |x_V_67662_reg_7209                           |    23|   0|    23|          0|
    |icmp_ln43_reg_19187                          |    64|  32|     1|          0|
    +---------------------------------------------+------+----+------+-----------+
    |Total                                        | 24283|  32| 24224|          4|
    +---------------------------------------------+------+----+------+-----------+



================================================================
== Interface
================================================================
* Summary: 
+------------------+-----+------+------------+--------------------------------------------------------------------------------+--------------+
|     RTL Ports    | Dir | Bits |  Protocol  |                                  Source Object                                 |    C Type    |
+------------------+-----+------+------------+--------------------------------------------------------------------------------+--------------+
|ap_clk            |   in|     1|  ap_ctrl_hs|  dense_resource<ap_fixed<16, 6, 5, 3, 0>, ap_fixed<23, 12, 5, 3, 0>, config2_1>|  return value|
|ap_rst            |   in|     1|  ap_ctrl_hs|  dense_resource<ap_fixed<16, 6, 5, 3, 0>, ap_fixed<23, 12, 5, 3, 0>, config2_1>|  return value|
|ap_start          |   in|     1|  ap_ctrl_hs|  dense_resource<ap_fixed<16, 6, 5, 3, 0>, ap_fixed<23, 12, 5, 3, 0>, config2_1>|  return value|
|ap_done           |  out|     1|  ap_ctrl_hs|  dense_resource<ap_fixed<16, 6, 5, 3, 0>, ap_fixed<23, 12, 5, 3, 0>, config2_1>|  return value|
|ap_idle           |  out|     1|  ap_ctrl_hs|  dense_resource<ap_fixed<16, 6, 5, 3, 0>, ap_fixed<23, 12, 5, 3, 0>, config2_1>|  return value|
|ap_ready          |  out|     1|  ap_ctrl_hs|  dense_resource<ap_fixed<16, 6, 5, 3, 0>, ap_fixed<23, 12, 5, 3, 0>, config2_1>|  return value|
|ap_return_0       |  out|    23|  ap_ctrl_hs|  dense_resource<ap_fixed<16, 6, 5, 3, 0>, ap_fixed<23, 12, 5, 3, 0>, config2_1>|  return value|
|ap_return_1       |  out|    23|  ap_ctrl_hs|  dense_resource<ap_fixed<16, 6, 5, 3, 0>, ap_fixed<23, 12, 5, 3, 0>, config2_1>|  return value|
|ap_return_2       |  out|    23|  ap_ctrl_hs|  dense_resource<ap_fixed<16, 6, 5, 3, 0>, ap_fixed<23, 12, 5, 3, 0>, config2_1>|  return value|
|ap_return_3       |  out|    23|  ap_ctrl_hs|  dense_resource<ap_fixed<16, 6, 5, 3, 0>, ap_fixed<23, 12, 5, 3, 0>, config2_1>|  return value|
|ap_return_4       |  out|    23|  ap_ctrl_hs|  dense_resource<ap_fixed<16, 6, 5, 3, 0>, ap_fixed<23, 12, 5, 3, 0>, config2_1>|  return value|
|ap_return_5       |  out|    23|  ap_ctrl_hs|  dense_resource<ap_fixed<16, 6, 5, 3, 0>, ap_fixed<23, 12, 5, 3, 0>, config2_1>|  return value|
|ap_return_6       |  out|    23|  ap_ctrl_hs|  dense_resource<ap_fixed<16, 6, 5, 3, 0>, ap_fixed<23, 12, 5, 3, 0>, config2_1>|  return value|
|ap_return_7       |  out|    23|  ap_ctrl_hs|  dense_resource<ap_fixed<16, 6, 5, 3, 0>, ap_fixed<23, 12, 5, 3, 0>, config2_1>|  return value|
|ap_return_8       |  out|    23|  ap_ctrl_hs|  dense_resource<ap_fixed<16, 6, 5, 3, 0>, ap_fixed<23, 12, 5, 3, 0>, config2_1>|  return value|
|ap_return_9       |  out|    23|  ap_ctrl_hs|  dense_resource<ap_fixed<16, 6, 5, 3, 0>, ap_fixed<23, 12, 5, 3, 0>, config2_1>|  return value|
|ap_return_10      |  out|    23|  ap_ctrl_hs|  dense_resource<ap_fixed<16, 6, 5, 3, 0>, ap_fixed<23, 12, 5, 3, 0>, config2_1>|  return value|
|ap_return_11      |  out|    23|  ap_ctrl_hs|  dense_resource<ap_fixed<16, 6, 5, 3, 0>, ap_fixed<23, 12, 5, 3, 0>, config2_1>|  return value|
|ap_return_12      |  out|    23|  ap_ctrl_hs|  dense_resource<ap_fixed<16, 6, 5, 3, 0>, ap_fixed<23, 12, 5, 3, 0>, config2_1>|  return value|
|ap_return_13      |  out|    23|  ap_ctrl_hs|  dense_resource<ap_fixed<16, 6, 5, 3, 0>, ap_fixed<23, 12, 5, 3, 0>, config2_1>|  return value|
|ap_return_14      |  out|    23|  ap_ctrl_hs|  dense_resource<ap_fixed<16, 6, 5, 3, 0>, ap_fixed<23, 12, 5, 3, 0>, config2_1>|  return value|
|ap_return_15      |  out|    23|  ap_ctrl_hs|  dense_resource<ap_fixed<16, 6, 5, 3, 0>, ap_fixed<23, 12, 5, 3, 0>, config2_1>|  return value|
|ap_return_16      |  out|    23|  ap_ctrl_hs|  dense_resource<ap_fixed<16, 6, 5, 3, 0>, ap_fixed<23, 12, 5, 3, 0>, config2_1>|  return value|
|ap_return_17      |  out|    23|  ap_ctrl_hs|  dense_resource<ap_fixed<16, 6, 5, 3, 0>, ap_fixed<23, 12, 5, 3, 0>, config2_1>|  return value|
|ap_return_18      |  out|    23|  ap_ctrl_hs|  dense_resource<ap_fixed<16, 6, 5, 3, 0>, ap_fixed<23, 12, 5, 3, 0>, config2_1>|  return value|
|ap_return_19      |  out|    23|  ap_ctrl_hs|  dense_resource<ap_fixed<16, 6, 5, 3, 0>, ap_fixed<23, 12, 5, 3, 0>, config2_1>|  return value|
|ap_return_20      |  out|    23|  ap_ctrl_hs|  dense_resource<ap_fixed<16, 6, 5, 3, 0>, ap_fixed<23, 12, 5, 3, 0>, config2_1>|  return value|
|ap_return_21      |  out|    23|  ap_ctrl_hs|  dense_resource<ap_fixed<16, 6, 5, 3, 0>, ap_fixed<23, 12, 5, 3, 0>, config2_1>|  return value|
|ap_return_22      |  out|    23|  ap_ctrl_hs|  dense_resource<ap_fixed<16, 6, 5, 3, 0>, ap_fixed<23, 12, 5, 3, 0>, config2_1>|  return value|
|ap_return_23      |  out|    23|  ap_ctrl_hs|  dense_resource<ap_fixed<16, 6, 5, 3, 0>, ap_fixed<23, 12, 5, 3, 0>, config2_1>|  return value|
|ap_return_24      |  out|    23|  ap_ctrl_hs|  dense_resource<ap_fixed<16, 6, 5, 3, 0>, ap_fixed<23, 12, 5, 3, 0>, config2_1>|  return value|
|ap_return_25      |  out|    23|  ap_ctrl_hs|  dense_resource<ap_fixed<16, 6, 5, 3, 0>, ap_fixed<23, 12, 5, 3, 0>, config2_1>|  return value|
|ap_return_26      |  out|    23|  ap_ctrl_hs|  dense_resource<ap_fixed<16, 6, 5, 3, 0>, ap_fixed<23, 12, 5, 3, 0>, config2_1>|  return value|
|ap_return_27      |  out|    23|  ap_ctrl_hs|  dense_resource<ap_fixed<16, 6, 5, 3, 0>, ap_fixed<23, 12, 5, 3, 0>, config2_1>|  return value|
|ap_return_28      |  out|    23|  ap_ctrl_hs|  dense_resource<ap_fixed<16, 6, 5, 3, 0>, ap_fixed<23, 12, 5, 3, 0>, config2_1>|  return value|
|ap_return_29      |  out|    23|  ap_ctrl_hs|  dense_resource<ap_fixed<16, 6, 5, 3, 0>, ap_fixed<23, 12, 5, 3, 0>, config2_1>|  return value|
|ap_return_30      |  out|    23|  ap_ctrl_hs|  dense_resource<ap_fixed<16, 6, 5, 3, 0>, ap_fixed<23, 12, 5, 3, 0>, config2_1>|  return value|
|ap_return_31      |  out|    23|  ap_ctrl_hs|  dense_resource<ap_fixed<16, 6, 5, 3, 0>, ap_fixed<23, 12, 5, 3, 0>, config2_1>|  return value|
|ap_return_32      |  out|    23|  ap_ctrl_hs|  dense_resource<ap_fixed<16, 6, 5, 3, 0>, ap_fixed<23, 12, 5, 3, 0>, config2_1>|  return value|
|ap_return_33      |  out|    23|  ap_ctrl_hs|  dense_resource<ap_fixed<16, 6, 5, 3, 0>, ap_fixed<23, 12, 5, 3, 0>, config2_1>|  return value|
|ap_return_34      |  out|    23|  ap_ctrl_hs|  dense_resource<ap_fixed<16, 6, 5, 3, 0>, ap_fixed<23, 12, 5, 3, 0>, config2_1>|  return value|
|ap_return_35      |  out|    23|  ap_ctrl_hs|  dense_resource<ap_fixed<16, 6, 5, 3, 0>, ap_fixed<23, 12, 5, 3, 0>, config2_1>|  return value|
|ap_return_36      |  out|    23|  ap_ctrl_hs|  dense_resource<ap_fixed<16, 6, 5, 3, 0>, ap_fixed<23, 12, 5, 3, 0>, config2_1>|  return value|
|ap_return_37      |  out|    23|  ap_ctrl_hs|  dense_resource<ap_fixed<16, 6, 5, 3, 0>, ap_fixed<23, 12, 5, 3, 0>, config2_1>|  return value|
|ap_return_38      |  out|    23|  ap_ctrl_hs|  dense_resource<ap_fixed<16, 6, 5, 3, 0>, ap_fixed<23, 12, 5, 3, 0>, config2_1>|  return value|
|ap_return_39      |  out|    23|  ap_ctrl_hs|  dense_resource<ap_fixed<16, 6, 5, 3, 0>, ap_fixed<23, 12, 5, 3, 0>, config2_1>|  return value|
|ap_return_40      |  out|    23|  ap_ctrl_hs|  dense_resource<ap_fixed<16, 6, 5, 3, 0>, ap_fixed<23, 12, 5, 3, 0>, config2_1>|  return value|
|ap_return_41      |  out|    23|  ap_ctrl_hs|  dense_resource<ap_fixed<16, 6, 5, 3, 0>, ap_fixed<23, 12, 5, 3, 0>, config2_1>|  return value|
|ap_return_42      |  out|    23|  ap_ctrl_hs|  dense_resource<ap_fixed<16, 6, 5, 3, 0>, ap_fixed<23, 12, 5, 3, 0>, config2_1>|  return value|
|ap_return_43      |  out|    23|  ap_ctrl_hs|  dense_resource<ap_fixed<16, 6, 5, 3, 0>, ap_fixed<23, 12, 5, 3, 0>, config2_1>|  return value|
|ap_return_44      |  out|    23|  ap_ctrl_hs|  dense_resource<ap_fixed<16, 6, 5, 3, 0>, ap_fixed<23, 12, 5, 3, 0>, config2_1>|  return value|
|ap_return_45      |  out|    23|  ap_ctrl_hs|  dense_resource<ap_fixed<16, 6, 5, 3, 0>, ap_fixed<23, 12, 5, 3, 0>, config2_1>|  return value|
|ap_return_46      |  out|    23|  ap_ctrl_hs|  dense_resource<ap_fixed<16, 6, 5, 3, 0>, ap_fixed<23, 12, 5, 3, 0>, config2_1>|  return value|
|ap_return_47      |  out|    23|  ap_ctrl_hs|  dense_resource<ap_fixed<16, 6, 5, 3, 0>, ap_fixed<23, 12, 5, 3, 0>, config2_1>|  return value|
|ap_return_48      |  out|    23|  ap_ctrl_hs|  dense_resource<ap_fixed<16, 6, 5, 3, 0>, ap_fixed<23, 12, 5, 3, 0>, config2_1>|  return value|
|ap_return_49      |  out|    23|  ap_ctrl_hs|  dense_resource<ap_fixed<16, 6, 5, 3, 0>, ap_fixed<23, 12, 5, 3, 0>, config2_1>|  return value|
|ap_return_50      |  out|    23|  ap_ctrl_hs|  dense_resource<ap_fixed<16, 6, 5, 3, 0>, ap_fixed<23, 12, 5, 3, 0>, config2_1>|  return value|
|ap_return_51      |  out|    23|  ap_ctrl_hs|  dense_resource<ap_fixed<16, 6, 5, 3, 0>, ap_fixed<23, 12, 5, 3, 0>, config2_1>|  return value|
|ap_return_52      |  out|    23|  ap_ctrl_hs|  dense_resource<ap_fixed<16, 6, 5, 3, 0>, ap_fixed<23, 12, 5, 3, 0>, config2_1>|  return value|
|ap_return_53      |  out|    23|  ap_ctrl_hs|  dense_resource<ap_fixed<16, 6, 5, 3, 0>, ap_fixed<23, 12, 5, 3, 0>, config2_1>|  return value|
|ap_return_54      |  out|    23|  ap_ctrl_hs|  dense_resource<ap_fixed<16, 6, 5, 3, 0>, ap_fixed<23, 12, 5, 3, 0>, config2_1>|  return value|
|ap_return_55      |  out|    23|  ap_ctrl_hs|  dense_resource<ap_fixed<16, 6, 5, 3, 0>, ap_fixed<23, 12, 5, 3, 0>, config2_1>|  return value|
|ap_return_56      |  out|    23|  ap_ctrl_hs|  dense_resource<ap_fixed<16, 6, 5, 3, 0>, ap_fixed<23, 12, 5, 3, 0>, config2_1>|  return value|
|ap_return_57      |  out|    23|  ap_ctrl_hs|  dense_resource<ap_fixed<16, 6, 5, 3, 0>, ap_fixed<23, 12, 5, 3, 0>, config2_1>|  return value|
|ap_return_58      |  out|    23|  ap_ctrl_hs|  dense_resource<ap_fixed<16, 6, 5, 3, 0>, ap_fixed<23, 12, 5, 3, 0>, config2_1>|  return value|
|ap_return_59      |  out|    23|  ap_ctrl_hs|  dense_resource<ap_fixed<16, 6, 5, 3, 0>, ap_fixed<23, 12, 5, 3, 0>, config2_1>|  return value|
|ap_return_60      |  out|    23|  ap_ctrl_hs|  dense_resource<ap_fixed<16, 6, 5, 3, 0>, ap_fixed<23, 12, 5, 3, 0>, config2_1>|  return value|
|ap_return_61      |  out|    23|  ap_ctrl_hs|  dense_resource<ap_fixed<16, 6, 5, 3, 0>, ap_fixed<23, 12, 5, 3, 0>, config2_1>|  return value|
|ap_return_62      |  out|    23|  ap_ctrl_hs|  dense_resource<ap_fixed<16, 6, 5, 3, 0>, ap_fixed<23, 12, 5, 3, 0>, config2_1>|  return value|
|ap_return_63      |  out|    23|  ap_ctrl_hs|  dense_resource<ap_fixed<16, 6, 5, 3, 0>, ap_fixed<23, 12, 5, 3, 0>, config2_1>|  return value|
|ap_return_64      |  out|    23|  ap_ctrl_hs|  dense_resource<ap_fixed<16, 6, 5, 3, 0>, ap_fixed<23, 12, 5, 3, 0>, config2_1>|  return value|
|ap_return_65      |  out|    23|  ap_ctrl_hs|  dense_resource<ap_fixed<16, 6, 5, 3, 0>, ap_fixed<23, 12, 5, 3, 0>, config2_1>|  return value|
|ap_return_66      |  out|    23|  ap_ctrl_hs|  dense_resource<ap_fixed<16, 6, 5, 3, 0>, ap_fixed<23, 12, 5, 3, 0>, config2_1>|  return value|
|ap_return_67      |  out|    23|  ap_ctrl_hs|  dense_resource<ap_fixed<16, 6, 5, 3, 0>, ap_fixed<23, 12, 5, 3, 0>, config2_1>|  return value|
|ap_return_68      |  out|    23|  ap_ctrl_hs|  dense_resource<ap_fixed<16, 6, 5, 3, 0>, ap_fixed<23, 12, 5, 3, 0>, config2_1>|  return value|
|ap_return_69      |  out|    23|  ap_ctrl_hs|  dense_resource<ap_fixed<16, 6, 5, 3, 0>, ap_fixed<23, 12, 5, 3, 0>, config2_1>|  return value|
|ap_return_70      |  out|    23|  ap_ctrl_hs|  dense_resource<ap_fixed<16, 6, 5, 3, 0>, ap_fixed<23, 12, 5, 3, 0>, config2_1>|  return value|
|ap_return_71      |  out|    23|  ap_ctrl_hs|  dense_resource<ap_fixed<16, 6, 5, 3, 0>, ap_fixed<23, 12, 5, 3, 0>, config2_1>|  return value|
|ap_return_72      |  out|    23|  ap_ctrl_hs|  dense_resource<ap_fixed<16, 6, 5, 3, 0>, ap_fixed<23, 12, 5, 3, 0>, config2_1>|  return value|
|ap_return_73      |  out|    23|  ap_ctrl_hs|  dense_resource<ap_fixed<16, 6, 5, 3, 0>, ap_fixed<23, 12, 5, 3, 0>, config2_1>|  return value|
|ap_return_74      |  out|    23|  ap_ctrl_hs|  dense_resource<ap_fixed<16, 6, 5, 3, 0>, ap_fixed<23, 12, 5, 3, 0>, config2_1>|  return value|
|ap_return_75      |  out|    23|  ap_ctrl_hs|  dense_resource<ap_fixed<16, 6, 5, 3, 0>, ap_fixed<23, 12, 5, 3, 0>, config2_1>|  return value|
|ap_return_76      |  out|    23|  ap_ctrl_hs|  dense_resource<ap_fixed<16, 6, 5, 3, 0>, ap_fixed<23, 12, 5, 3, 0>, config2_1>|  return value|
|ap_return_77      |  out|    23|  ap_ctrl_hs|  dense_resource<ap_fixed<16, 6, 5, 3, 0>, ap_fixed<23, 12, 5, 3, 0>, config2_1>|  return value|
|ap_return_78      |  out|    23|  ap_ctrl_hs|  dense_resource<ap_fixed<16, 6, 5, 3, 0>, ap_fixed<23, 12, 5, 3, 0>, config2_1>|  return value|
|ap_return_79      |  out|    23|  ap_ctrl_hs|  dense_resource<ap_fixed<16, 6, 5, 3, 0>, ap_fixed<23, 12, 5, 3, 0>, config2_1>|  return value|
|ap_return_80      |  out|    23|  ap_ctrl_hs|  dense_resource<ap_fixed<16, 6, 5, 3, 0>, ap_fixed<23, 12, 5, 3, 0>, config2_1>|  return value|
|ap_return_81      |  out|    23|  ap_ctrl_hs|  dense_resource<ap_fixed<16, 6, 5, 3, 0>, ap_fixed<23, 12, 5, 3, 0>, config2_1>|  return value|
|ap_return_82      |  out|    23|  ap_ctrl_hs|  dense_resource<ap_fixed<16, 6, 5, 3, 0>, ap_fixed<23, 12, 5, 3, 0>, config2_1>|  return value|
|ap_return_83      |  out|    23|  ap_ctrl_hs|  dense_resource<ap_fixed<16, 6, 5, 3, 0>, ap_fixed<23, 12, 5, 3, 0>, config2_1>|  return value|
|ap_return_84      |  out|    23|  ap_ctrl_hs|  dense_resource<ap_fixed<16, 6, 5, 3, 0>, ap_fixed<23, 12, 5, 3, 0>, config2_1>|  return value|
|ap_return_85      |  out|    23|  ap_ctrl_hs|  dense_resource<ap_fixed<16, 6, 5, 3, 0>, ap_fixed<23, 12, 5, 3, 0>, config2_1>|  return value|
|ap_return_86      |  out|    23|  ap_ctrl_hs|  dense_resource<ap_fixed<16, 6, 5, 3, 0>, ap_fixed<23, 12, 5, 3, 0>, config2_1>|  return value|
|ap_return_87      |  out|    23|  ap_ctrl_hs|  dense_resource<ap_fixed<16, 6, 5, 3, 0>, ap_fixed<23, 12, 5, 3, 0>, config2_1>|  return value|
|ap_return_88      |  out|    23|  ap_ctrl_hs|  dense_resource<ap_fixed<16, 6, 5, 3, 0>, ap_fixed<23, 12, 5, 3, 0>, config2_1>|  return value|
|ap_return_89      |  out|    23|  ap_ctrl_hs|  dense_resource<ap_fixed<16, 6, 5, 3, 0>, ap_fixed<23, 12, 5, 3, 0>, config2_1>|  return value|
|ap_return_90      |  out|    23|  ap_ctrl_hs|  dense_resource<ap_fixed<16, 6, 5, 3, 0>, ap_fixed<23, 12, 5, 3, 0>, config2_1>|  return value|
|ap_return_91      |  out|    23|  ap_ctrl_hs|  dense_resource<ap_fixed<16, 6, 5, 3, 0>, ap_fixed<23, 12, 5, 3, 0>, config2_1>|  return value|
|ap_return_92      |  out|    23|  ap_ctrl_hs|  dense_resource<ap_fixed<16, 6, 5, 3, 0>, ap_fixed<23, 12, 5, 3, 0>, config2_1>|  return value|
|ap_return_93      |  out|    23|  ap_ctrl_hs|  dense_resource<ap_fixed<16, 6, 5, 3, 0>, ap_fixed<23, 12, 5, 3, 0>, config2_1>|  return value|
|ap_return_94      |  out|    23|  ap_ctrl_hs|  dense_resource<ap_fixed<16, 6, 5, 3, 0>, ap_fixed<23, 12, 5, 3, 0>, config2_1>|  return value|
|ap_return_95      |  out|    23|  ap_ctrl_hs|  dense_resource<ap_fixed<16, 6, 5, 3, 0>, ap_fixed<23, 12, 5, 3, 0>, config2_1>|  return value|
|ap_return_96      |  out|    23|  ap_ctrl_hs|  dense_resource<ap_fixed<16, 6, 5, 3, 0>, ap_fixed<23, 12, 5, 3, 0>, config2_1>|  return value|
|ap_return_97      |  out|    23|  ap_ctrl_hs|  dense_resource<ap_fixed<16, 6, 5, 3, 0>, ap_fixed<23, 12, 5, 3, 0>, config2_1>|  return value|
|ap_return_98      |  out|    23|  ap_ctrl_hs|  dense_resource<ap_fixed<16, 6, 5, 3, 0>, ap_fixed<23, 12, 5, 3, 0>, config2_1>|  return value|
|ap_return_99      |  out|    23|  ap_ctrl_hs|  dense_resource<ap_fixed<16, 6, 5, 3, 0>, ap_fixed<23, 12, 5, 3, 0>, config2_1>|  return value|
|ap_return_100     |  out|    23|  ap_ctrl_hs|  dense_resource<ap_fixed<16, 6, 5, 3, 0>, ap_fixed<23, 12, 5, 3, 0>, config2_1>|  return value|
|ap_return_101     |  out|    23|  ap_ctrl_hs|  dense_resource<ap_fixed<16, 6, 5, 3, 0>, ap_fixed<23, 12, 5, 3, 0>, config2_1>|  return value|
|ap_return_102     |  out|    23|  ap_ctrl_hs|  dense_resource<ap_fixed<16, 6, 5, 3, 0>, ap_fixed<23, 12, 5, 3, 0>, config2_1>|  return value|
|ap_return_103     |  out|    23|  ap_ctrl_hs|  dense_resource<ap_fixed<16, 6, 5, 3, 0>, ap_fixed<23, 12, 5, 3, 0>, config2_1>|  return value|
|ap_return_104     |  out|    23|  ap_ctrl_hs|  dense_resource<ap_fixed<16, 6, 5, 3, 0>, ap_fixed<23, 12, 5, 3, 0>, config2_1>|  return value|
|ap_return_105     |  out|    23|  ap_ctrl_hs|  dense_resource<ap_fixed<16, 6, 5, 3, 0>, ap_fixed<23, 12, 5, 3, 0>, config2_1>|  return value|
|ap_return_106     |  out|    23|  ap_ctrl_hs|  dense_resource<ap_fixed<16, 6, 5, 3, 0>, ap_fixed<23, 12, 5, 3, 0>, config2_1>|  return value|
|ap_return_107     |  out|    23|  ap_ctrl_hs|  dense_resource<ap_fixed<16, 6, 5, 3, 0>, ap_fixed<23, 12, 5, 3, 0>, config2_1>|  return value|
|ap_return_108     |  out|    23|  ap_ctrl_hs|  dense_resource<ap_fixed<16, 6, 5, 3, 0>, ap_fixed<23, 12, 5, 3, 0>, config2_1>|  return value|
|ap_return_109     |  out|    23|  ap_ctrl_hs|  dense_resource<ap_fixed<16, 6, 5, 3, 0>, ap_fixed<23, 12, 5, 3, 0>, config2_1>|  return value|
|ap_return_110     |  out|    23|  ap_ctrl_hs|  dense_resource<ap_fixed<16, 6, 5, 3, 0>, ap_fixed<23, 12, 5, 3, 0>, config2_1>|  return value|
|ap_return_111     |  out|    23|  ap_ctrl_hs|  dense_resource<ap_fixed<16, 6, 5, 3, 0>, ap_fixed<23, 12, 5, 3, 0>, config2_1>|  return value|
|ap_return_112     |  out|    23|  ap_ctrl_hs|  dense_resource<ap_fixed<16, 6, 5, 3, 0>, ap_fixed<23, 12, 5, 3, 0>, config2_1>|  return value|
|ap_return_113     |  out|    23|  ap_ctrl_hs|  dense_resource<ap_fixed<16, 6, 5, 3, 0>, ap_fixed<23, 12, 5, 3, 0>, config2_1>|  return value|
|ap_return_114     |  out|    23|  ap_ctrl_hs|  dense_resource<ap_fixed<16, 6, 5, 3, 0>, ap_fixed<23, 12, 5, 3, 0>, config2_1>|  return value|
|ap_return_115     |  out|    23|  ap_ctrl_hs|  dense_resource<ap_fixed<16, 6, 5, 3, 0>, ap_fixed<23, 12, 5, 3, 0>, config2_1>|  return value|
|ap_return_116     |  out|    23|  ap_ctrl_hs|  dense_resource<ap_fixed<16, 6, 5, 3, 0>, ap_fixed<23, 12, 5, 3, 0>, config2_1>|  return value|
|ap_return_117     |  out|    23|  ap_ctrl_hs|  dense_resource<ap_fixed<16, 6, 5, 3, 0>, ap_fixed<23, 12, 5, 3, 0>, config2_1>|  return value|
|ap_return_118     |  out|    23|  ap_ctrl_hs|  dense_resource<ap_fixed<16, 6, 5, 3, 0>, ap_fixed<23, 12, 5, 3, 0>, config2_1>|  return value|
|ap_return_119     |  out|    23|  ap_ctrl_hs|  dense_resource<ap_fixed<16, 6, 5, 3, 0>, ap_fixed<23, 12, 5, 3, 0>, config2_1>|  return value|
|ap_return_120     |  out|    23|  ap_ctrl_hs|  dense_resource<ap_fixed<16, 6, 5, 3, 0>, ap_fixed<23, 12, 5, 3, 0>, config2_1>|  return value|
|ap_return_121     |  out|    23|  ap_ctrl_hs|  dense_resource<ap_fixed<16, 6, 5, 3, 0>, ap_fixed<23, 12, 5, 3, 0>, config2_1>|  return value|
|ap_return_122     |  out|    23|  ap_ctrl_hs|  dense_resource<ap_fixed<16, 6, 5, 3, 0>, ap_fixed<23, 12, 5, 3, 0>, config2_1>|  return value|
|ap_return_123     |  out|    23|  ap_ctrl_hs|  dense_resource<ap_fixed<16, 6, 5, 3, 0>, ap_fixed<23, 12, 5, 3, 0>, config2_1>|  return value|
|ap_return_124     |  out|    23|  ap_ctrl_hs|  dense_resource<ap_fixed<16, 6, 5, 3, 0>, ap_fixed<23, 12, 5, 3, 0>, config2_1>|  return value|
|ap_return_125     |  out|    23|  ap_ctrl_hs|  dense_resource<ap_fixed<16, 6, 5, 3, 0>, ap_fixed<23, 12, 5, 3, 0>, config2_1>|  return value|
|ap_return_126     |  out|    23|  ap_ctrl_hs|  dense_resource<ap_fixed<16, 6, 5, 3, 0>, ap_fixed<23, 12, 5, 3, 0>, config2_1>|  return value|
|ap_return_127     |  out|    23|  ap_ctrl_hs|  dense_resource<ap_fixed<16, 6, 5, 3, 0>, ap_fixed<23, 12, 5, 3, 0>, config2_1>|  return value|
|ap_return_128     |  out|    23|  ap_ctrl_hs|  dense_resource<ap_fixed<16, 6, 5, 3, 0>, ap_fixed<23, 12, 5, 3, 0>, config2_1>|  return value|
|ap_return_129     |  out|    23|  ap_ctrl_hs|  dense_resource<ap_fixed<16, 6, 5, 3, 0>, ap_fixed<23, 12, 5, 3, 0>, config2_1>|  return value|
|ap_return_130     |  out|    23|  ap_ctrl_hs|  dense_resource<ap_fixed<16, 6, 5, 3, 0>, ap_fixed<23, 12, 5, 3, 0>, config2_1>|  return value|
|ap_return_131     |  out|    23|  ap_ctrl_hs|  dense_resource<ap_fixed<16, 6, 5, 3, 0>, ap_fixed<23, 12, 5, 3, 0>, config2_1>|  return value|
|ap_return_132     |  out|    23|  ap_ctrl_hs|  dense_resource<ap_fixed<16, 6, 5, 3, 0>, ap_fixed<23, 12, 5, 3, 0>, config2_1>|  return value|
|ap_return_133     |  out|    23|  ap_ctrl_hs|  dense_resource<ap_fixed<16, 6, 5, 3, 0>, ap_fixed<23, 12, 5, 3, 0>, config2_1>|  return value|
|ap_return_134     |  out|    23|  ap_ctrl_hs|  dense_resource<ap_fixed<16, 6, 5, 3, 0>, ap_fixed<23, 12, 5, 3, 0>, config2_1>|  return value|
|ap_return_135     |  out|    23|  ap_ctrl_hs|  dense_resource<ap_fixed<16, 6, 5, 3, 0>, ap_fixed<23, 12, 5, 3, 0>, config2_1>|  return value|
|ap_return_136     |  out|    23|  ap_ctrl_hs|  dense_resource<ap_fixed<16, 6, 5, 3, 0>, ap_fixed<23, 12, 5, 3, 0>, config2_1>|  return value|
|ap_return_137     |  out|    23|  ap_ctrl_hs|  dense_resource<ap_fixed<16, 6, 5, 3, 0>, ap_fixed<23, 12, 5, 3, 0>, config2_1>|  return value|
|ap_return_138     |  out|    23|  ap_ctrl_hs|  dense_resource<ap_fixed<16, 6, 5, 3, 0>, ap_fixed<23, 12, 5, 3, 0>, config2_1>|  return value|
|ap_return_139     |  out|    23|  ap_ctrl_hs|  dense_resource<ap_fixed<16, 6, 5, 3, 0>, ap_fixed<23, 12, 5, 3, 0>, config2_1>|  return value|
|ap_return_140     |  out|    23|  ap_ctrl_hs|  dense_resource<ap_fixed<16, 6, 5, 3, 0>, ap_fixed<23, 12, 5, 3, 0>, config2_1>|  return value|
|ap_return_141     |  out|    23|  ap_ctrl_hs|  dense_resource<ap_fixed<16, 6, 5, 3, 0>, ap_fixed<23, 12, 5, 3, 0>, config2_1>|  return value|
|ap_return_142     |  out|    23|  ap_ctrl_hs|  dense_resource<ap_fixed<16, 6, 5, 3, 0>, ap_fixed<23, 12, 5, 3, 0>, config2_1>|  return value|
|ap_return_143     |  out|    23|  ap_ctrl_hs|  dense_resource<ap_fixed<16, 6, 5, 3, 0>, ap_fixed<23, 12, 5, 3, 0>, config2_1>|  return value|
|ap_return_144     |  out|    23|  ap_ctrl_hs|  dense_resource<ap_fixed<16, 6, 5, 3, 0>, ap_fixed<23, 12, 5, 3, 0>, config2_1>|  return value|
|ap_return_145     |  out|    23|  ap_ctrl_hs|  dense_resource<ap_fixed<16, 6, 5, 3, 0>, ap_fixed<23, 12, 5, 3, 0>, config2_1>|  return value|
|ap_return_146     |  out|    23|  ap_ctrl_hs|  dense_resource<ap_fixed<16, 6, 5, 3, 0>, ap_fixed<23, 12, 5, 3, 0>, config2_1>|  return value|
|ap_return_147     |  out|    23|  ap_ctrl_hs|  dense_resource<ap_fixed<16, 6, 5, 3, 0>, ap_fixed<23, 12, 5, 3, 0>, config2_1>|  return value|
|ap_return_148     |  out|    23|  ap_ctrl_hs|  dense_resource<ap_fixed<16, 6, 5, 3, 0>, ap_fixed<23, 12, 5, 3, 0>, config2_1>|  return value|
|ap_return_149     |  out|    23|  ap_ctrl_hs|  dense_resource<ap_fixed<16, 6, 5, 3, 0>, ap_fixed<23, 12, 5, 3, 0>, config2_1>|  return value|
|ap_return_150     |  out|    23|  ap_ctrl_hs|  dense_resource<ap_fixed<16, 6, 5, 3, 0>, ap_fixed<23, 12, 5, 3, 0>, config2_1>|  return value|
|ap_return_151     |  out|    23|  ap_ctrl_hs|  dense_resource<ap_fixed<16, 6, 5, 3, 0>, ap_fixed<23, 12, 5, 3, 0>, config2_1>|  return value|
|ap_return_152     |  out|    23|  ap_ctrl_hs|  dense_resource<ap_fixed<16, 6, 5, 3, 0>, ap_fixed<23, 12, 5, 3, 0>, config2_1>|  return value|
|ap_return_153     |  out|    23|  ap_ctrl_hs|  dense_resource<ap_fixed<16, 6, 5, 3, 0>, ap_fixed<23, 12, 5, 3, 0>, config2_1>|  return value|
|ap_return_154     |  out|    23|  ap_ctrl_hs|  dense_resource<ap_fixed<16, 6, 5, 3, 0>, ap_fixed<23, 12, 5, 3, 0>, config2_1>|  return value|
|ap_return_155     |  out|    23|  ap_ctrl_hs|  dense_resource<ap_fixed<16, 6, 5, 3, 0>, ap_fixed<23, 12, 5, 3, 0>, config2_1>|  return value|
|ap_return_156     |  out|    23|  ap_ctrl_hs|  dense_resource<ap_fixed<16, 6, 5, 3, 0>, ap_fixed<23, 12, 5, 3, 0>, config2_1>|  return value|
|ap_return_157     |  out|    23|  ap_ctrl_hs|  dense_resource<ap_fixed<16, 6, 5, 3, 0>, ap_fixed<23, 12, 5, 3, 0>, config2_1>|  return value|
|ap_return_158     |  out|    23|  ap_ctrl_hs|  dense_resource<ap_fixed<16, 6, 5, 3, 0>, ap_fixed<23, 12, 5, 3, 0>, config2_1>|  return value|
|ap_return_159     |  out|    23|  ap_ctrl_hs|  dense_resource<ap_fixed<16, 6, 5, 3, 0>, ap_fixed<23, 12, 5, 3, 0>, config2_1>|  return value|
|ap_return_160     |  out|    23|  ap_ctrl_hs|  dense_resource<ap_fixed<16, 6, 5, 3, 0>, ap_fixed<23, 12, 5, 3, 0>, config2_1>|  return value|
|ap_return_161     |  out|    23|  ap_ctrl_hs|  dense_resource<ap_fixed<16, 6, 5, 3, 0>, ap_fixed<23, 12, 5, 3, 0>, config2_1>|  return value|
|ap_return_162     |  out|    23|  ap_ctrl_hs|  dense_resource<ap_fixed<16, 6, 5, 3, 0>, ap_fixed<23, 12, 5, 3, 0>, config2_1>|  return value|
|ap_return_163     |  out|    23|  ap_ctrl_hs|  dense_resource<ap_fixed<16, 6, 5, 3, 0>, ap_fixed<23, 12, 5, 3, 0>, config2_1>|  return value|
|ap_return_164     |  out|    23|  ap_ctrl_hs|  dense_resource<ap_fixed<16, 6, 5, 3, 0>, ap_fixed<23, 12, 5, 3, 0>, config2_1>|  return value|
|ap_return_165     |  out|    23|  ap_ctrl_hs|  dense_resource<ap_fixed<16, 6, 5, 3, 0>, ap_fixed<23, 12, 5, 3, 0>, config2_1>|  return value|
|ap_return_166     |  out|    23|  ap_ctrl_hs|  dense_resource<ap_fixed<16, 6, 5, 3, 0>, ap_fixed<23, 12, 5, 3, 0>, config2_1>|  return value|
|ap_return_167     |  out|    23|  ap_ctrl_hs|  dense_resource<ap_fixed<16, 6, 5, 3, 0>, ap_fixed<23, 12, 5, 3, 0>, config2_1>|  return value|
|ap_return_168     |  out|    23|  ap_ctrl_hs|  dense_resource<ap_fixed<16, 6, 5, 3, 0>, ap_fixed<23, 12, 5, 3, 0>, config2_1>|  return value|
|ap_return_169     |  out|    23|  ap_ctrl_hs|  dense_resource<ap_fixed<16, 6, 5, 3, 0>, ap_fixed<23, 12, 5, 3, 0>, config2_1>|  return value|
|ap_return_170     |  out|    23|  ap_ctrl_hs|  dense_resource<ap_fixed<16, 6, 5, 3, 0>, ap_fixed<23, 12, 5, 3, 0>, config2_1>|  return value|
|ap_return_171     |  out|    23|  ap_ctrl_hs|  dense_resource<ap_fixed<16, 6, 5, 3, 0>, ap_fixed<23, 12, 5, 3, 0>, config2_1>|  return value|
|ap_return_172     |  out|    23|  ap_ctrl_hs|  dense_resource<ap_fixed<16, 6, 5, 3, 0>, ap_fixed<23, 12, 5, 3, 0>, config2_1>|  return value|
|ap_return_173     |  out|    23|  ap_ctrl_hs|  dense_resource<ap_fixed<16, 6, 5, 3, 0>, ap_fixed<23, 12, 5, 3, 0>, config2_1>|  return value|
|ap_return_174     |  out|    23|  ap_ctrl_hs|  dense_resource<ap_fixed<16, 6, 5, 3, 0>, ap_fixed<23, 12, 5, 3, 0>, config2_1>|  return value|
|ap_return_175     |  out|    23|  ap_ctrl_hs|  dense_resource<ap_fixed<16, 6, 5, 3, 0>, ap_fixed<23, 12, 5, 3, 0>, config2_1>|  return value|
|ap_return_176     |  out|    23|  ap_ctrl_hs|  dense_resource<ap_fixed<16, 6, 5, 3, 0>, ap_fixed<23, 12, 5, 3, 0>, config2_1>|  return value|
|ap_return_177     |  out|    23|  ap_ctrl_hs|  dense_resource<ap_fixed<16, 6, 5, 3, 0>, ap_fixed<23, 12, 5, 3, 0>, config2_1>|  return value|
|ap_return_178     |  out|    23|  ap_ctrl_hs|  dense_resource<ap_fixed<16, 6, 5, 3, 0>, ap_fixed<23, 12, 5, 3, 0>, config2_1>|  return value|
|ap_return_179     |  out|    23|  ap_ctrl_hs|  dense_resource<ap_fixed<16, 6, 5, 3, 0>, ap_fixed<23, 12, 5, 3, 0>, config2_1>|  return value|
|ap_return_180     |  out|    23|  ap_ctrl_hs|  dense_resource<ap_fixed<16, 6, 5, 3, 0>, ap_fixed<23, 12, 5, 3, 0>, config2_1>|  return value|
|ap_return_181     |  out|    23|  ap_ctrl_hs|  dense_resource<ap_fixed<16, 6, 5, 3, 0>, ap_fixed<23, 12, 5, 3, 0>, config2_1>|  return value|
|ap_return_182     |  out|    23|  ap_ctrl_hs|  dense_resource<ap_fixed<16, 6, 5, 3, 0>, ap_fixed<23, 12, 5, 3, 0>, config2_1>|  return value|
|ap_return_183     |  out|    23|  ap_ctrl_hs|  dense_resource<ap_fixed<16, 6, 5, 3, 0>, ap_fixed<23, 12, 5, 3, 0>, config2_1>|  return value|
|ap_return_184     |  out|    23|  ap_ctrl_hs|  dense_resource<ap_fixed<16, 6, 5, 3, 0>, ap_fixed<23, 12, 5, 3, 0>, config2_1>|  return value|
|ap_return_185     |  out|    23|  ap_ctrl_hs|  dense_resource<ap_fixed<16, 6, 5, 3, 0>, ap_fixed<23, 12, 5, 3, 0>, config2_1>|  return value|
|ap_return_186     |  out|    23|  ap_ctrl_hs|  dense_resource<ap_fixed<16, 6, 5, 3, 0>, ap_fixed<23, 12, 5, 3, 0>, config2_1>|  return value|
|ap_return_187     |  out|    23|  ap_ctrl_hs|  dense_resource<ap_fixed<16, 6, 5, 3, 0>, ap_fixed<23, 12, 5, 3, 0>, config2_1>|  return value|
|ap_return_188     |  out|    23|  ap_ctrl_hs|  dense_resource<ap_fixed<16, 6, 5, 3, 0>, ap_fixed<23, 12, 5, 3, 0>, config2_1>|  return value|
|ap_return_189     |  out|    23|  ap_ctrl_hs|  dense_resource<ap_fixed<16, 6, 5, 3, 0>, ap_fixed<23, 12, 5, 3, 0>, config2_1>|  return value|
|ap_return_190     |  out|    23|  ap_ctrl_hs|  dense_resource<ap_fixed<16, 6, 5, 3, 0>, ap_fixed<23, 12, 5, 3, 0>, config2_1>|  return value|
|ap_return_191     |  out|    23|  ap_ctrl_hs|  dense_resource<ap_fixed<16, 6, 5, 3, 0>, ap_fixed<23, 12, 5, 3, 0>, config2_1>|  return value|
|p_read            |   in|  1120|     ap_none|                                                                          p_read|        scalar|
|weights_address0  |  out|     7|   ap_memory|                                                                         weights|         array|
|weights_ce0       |  out|     1|   ap_memory|                                                                         weights|         array|
|weights_q0        |   in|  1536|   ap_memory|                                                                         weights|         array|
|p_read579         |   in|     6|     ap_none|                                                                       p_read579|        scalar|
|p_read580         |   in|     7|     ap_none|                                                                       p_read580|        scalar|
|p_read581         |   in|     7|     ap_none|                                                                       p_read581|        scalar|
|p_read582         |   in|     7|     ap_none|                                                                       p_read582|        scalar|
|p_read583         |   in|     7|     ap_none|                                                                       p_read583|        scalar|
|p_read584         |   in|     7|     ap_none|                                                                       p_read584|        scalar|
|p_read585         |   in|     7|     ap_none|                                                                       p_read585|        scalar|
|p_read586         |   in|     7|     ap_none|                                                                       p_read586|        scalar|
|p_read587         |   in|     7|     ap_none|                                                                       p_read587|        scalar|
|p_read588         |   in|     7|     ap_none|                                                                       p_read588|        scalar|
|p_read589         |   in|     7|     ap_none|                                                                       p_read589|        scalar|
|p_read590         |   in|     7|     ap_none|                                                                       p_read590|        scalar|
|p_read591         |   in|     7|     ap_none|                                                                       p_read591|        scalar|
|p_read592         |   in|     7|     ap_none|                                                                       p_read592|        scalar|
|p_read593         |   in|     7|     ap_none|                                                                       p_read593|        scalar|
|p_read594         |   in|     7|     ap_none|                                                                       p_read594|        scalar|
|p_read595         |   in|     6|     ap_none|                                                                       p_read595|        scalar|
|p_read596         |   in|     7|     ap_none|                                                                       p_read596|        scalar|
|p_read597         |   in|     7|     ap_none|                                                                       p_read597|        scalar|
|p_read598         |   in|     7|     ap_none|                                                                       p_read598|        scalar|
|p_read599         |   in|     7|     ap_none|                                                                       p_read599|        scalar|
|p_read600         |   in|     7|     ap_none|                                                                       p_read600|        scalar|
|p_read601         |   in|     7|     ap_none|                                                                       p_read601|        scalar|
|p_read602         |   in|     7|     ap_none|                                                                       p_read602|        scalar|
|p_read603         |   in|     7|     ap_none|                                                                       p_read603|        scalar|
|p_read604         |   in|     7|     ap_none|                                                                       p_read604|        scalar|
|p_read605         |   in|     7|     ap_none|                                                                       p_read605|        scalar|
|p_read606         |   in|     7|     ap_none|                                                                       p_read606|        scalar|
|p_read607         |   in|     7|     ap_none|                                                                       p_read607|        scalar|
|p_read608         |   in|     7|     ap_none|                                                                       p_read608|        scalar|
|p_read609         |   in|     7|     ap_none|                                                                       p_read609|        scalar|
|p_read610         |   in|     7|     ap_none|                                                                       p_read610|        scalar|
|p_read611         |   in|     6|     ap_none|                                                                       p_read611|        scalar|
|p_read612         |   in|     7|     ap_none|                                                                       p_read612|        scalar|
|p_read613         |   in|     7|     ap_none|                                                                       p_read613|        scalar|
|p_read614         |   in|     7|     ap_none|                                                                       p_read614|        scalar|
|p_read615         |   in|     7|     ap_none|                                                                       p_read615|        scalar|
|p_read616         |   in|     7|     ap_none|                                                                       p_read616|        scalar|
|p_read617         |   in|     7|     ap_none|                                                                       p_read617|        scalar|
|p_read618         |   in|     7|     ap_none|                                                                       p_read618|        scalar|
|p_read619         |   in|     7|     ap_none|                                                                       p_read619|        scalar|
|p_read620         |   in|     7|     ap_none|                                                                       p_read620|        scalar|
|p_read621         |   in|     7|     ap_none|                                                                       p_read621|        scalar|
|p_read622         |   in|     7|     ap_none|                                                                       p_read622|        scalar|
|p_read623         |   in|     7|     ap_none|                                                                       p_read623|        scalar|
|p_read624         |   in|     7|     ap_none|                                                                       p_read624|        scalar|
|p_read625         |   in|     7|     ap_none|                                                                       p_read625|        scalar|
|p_read626         |   in|     7|     ap_none|                                                                       p_read626|        scalar|
|p_read627         |   in|     6|     ap_none|                                                                       p_read627|        scalar|
|p_read628         |   in|     5|     ap_none|                                                                       p_read628|        scalar|
|p_read629         |   in|     7|     ap_none|                                                                       p_read629|        scalar|
|p_read630         |   in|     7|     ap_none|                                                                       p_read630|        scalar|
|p_read631         |   in|     7|     ap_none|                                                                       p_read631|        scalar|
|p_read632         |   in|     7|     ap_none|                                                                       p_read632|        scalar|
|p_read633         |   in|     7|     ap_none|                                                                       p_read633|        scalar|
|p_read634         |   in|     7|     ap_none|                                                                       p_read634|        scalar|
|p_read635         |   in|     7|     ap_none|                                                                       p_read635|        scalar|
|p_read636         |   in|     6|     ap_none|                                                                       p_read636|        scalar|
|p_read637         |   in|     7|     ap_none|                                                                       p_read637|        scalar|
|p_read638         |   in|     7|     ap_none|                                                                       p_read638|        scalar|
|p_read639         |   in|     7|     ap_none|                                                                       p_read639|        scalar|
|p_read640         |   in|     7|     ap_none|                                                                       p_read640|        scalar|
|p_read641         |   in|     7|     ap_none|                                                                       p_read641|        scalar|
|p_read642         |   in|     7|     ap_none|                                                                       p_read642|        scalar|
|p_read643         |   in|     6|     ap_none|                                                                       p_read643|        scalar|
|p_read644         |   in|     5|     ap_none|                                                                       p_read644|        scalar|
|p_read645         |   in|     3|     ap_none|                                                                       p_read645|        scalar|
|p_read646         |   in|     3|     ap_none|                                                                       p_read646|        scalar|
|p_read647         |   in|     5|     ap_none|                                                                       p_read647|        scalar|
|p_read648         |   in|     5|     ap_none|                                                                       p_read648|        scalar|
|p_read649         |   in|     6|     ap_none|                                                                       p_read649|        scalar|
|p_read650         |   in|     7|     ap_none|                                                                       p_read650|        scalar|
|p_read651         |   in|     6|     ap_none|                                                                       p_read651|        scalar|
|p_read652         |   in|     5|     ap_none|                                                                       p_read652|        scalar|
|p_read653         |   in|     7|     ap_none|                                                                       p_read653|        scalar|
|p_read654         |   in|     6|     ap_none|                                                                       p_read654|        scalar|
|p_read655         |   in|     5|     ap_none|                                                                       p_read655|        scalar|
|p_read656         |   in|     6|     ap_none|                                                                       p_read656|        scalar|
|p_read657         |   in|     6|     ap_none|                                                                       p_read657|        scalar|
|p_read658         |   in|     4|     ap_none|                                                                       p_read658|        scalar|
|p_read659         |   in|     3|     ap_none|                                                                       p_read659|        scalar|
|p_read660         |   in|     6|     ap_none|                                                                       p_read660|        scalar|
|p_read661         |   in|     6|     ap_none|                                                                       p_read661|        scalar|
|p_read662         |   in|     6|     ap_none|                                                                       p_read662|        scalar|
|p_read663         |   in|     2|     ap_none|                                                                       p_read663|        scalar|
|p_read664         |   in|     6|     ap_none|                                                                       p_read664|        scalar|
|p_read665         |   in|     7|     ap_none|                                                                       p_read665|        scalar|
|p_read666         |   in|     6|     ap_none|                                                                       p_read666|        scalar|
|p_read667         |   in|     6|     ap_none|                                                                       p_read667|        scalar|
|p_read668         |   in|     5|     ap_none|                                                                       p_read668|        scalar|
|p_read669         |   in|     5|     ap_none|                                                                       p_read669|        scalar|
|p_read670         |   in|     3|     ap_none|                                                                       p_read670|        scalar|
|p_read671         |   in|     6|     ap_none|                                                                       p_read671|        scalar|
|p_read672         |   in|     3|     ap_none|                                                                       p_read672|        scalar|
|p_read673         |   in|     6|     ap_none|                                                                       p_read673|        scalar|
|p_read674         |   in|     6|     ap_none|                                                                       p_read674|        scalar|
|p_read675         |   in|     6|     ap_none|                                                                       p_read675|        scalar|
|p_read676         |   in|     3|     ap_none|                                                                       p_read676|        scalar|
|p_read677         |   in|     4|     ap_none|                                                                       p_read677|        scalar|
|p_read678         |   in|     4|     ap_none|                                                                       p_read678|        scalar|
|p_read679         |   in|     5|     ap_none|                                                                       p_read679|        scalar|
|p_read680         |   in|     6|     ap_none|                                                                       p_read680|        scalar|
|p_read681         |   in|     1|     ap_none|                                                                       p_read681|        scalar|
|p_read682         |   in|     7|     ap_none|                                                                       p_read682|        scalar|
|p_read683         |   in|     7|     ap_none|                                                                       p_read683|        scalar|
|p_read684         |   in|     6|     ap_none|                                                                       p_read684|        scalar|
|p_read685         |   in|     6|     ap_none|                                                                       p_read685|        scalar|
|p_read686         |   in|     6|     ap_none|                                                                       p_read686|        scalar|
|p_read687         |   in|     7|     ap_none|                                                                       p_read687|        scalar|
|p_read688         |   in|     5|     ap_none|                                                                       p_read688|        scalar|
|p_read689         |   in|     6|     ap_none|                                                                       p_read689|        scalar|
|p_read690         |   in|     6|     ap_none|                                                                       p_read690|        scalar|
|p_read691         |   in|     6|     ap_none|                                                                       p_read691|        scalar|
|p_read692         |   in|     5|     ap_none|                                                                       p_read692|        scalar|
|p_read694         |   in|     6|     ap_none|                                                                       p_read694|        scalar|
|p_read695         |   in|     5|     ap_none|                                                                       p_read695|        scalar|
|p_read696         |   in|     5|     ap_none|                                                                       p_read696|        scalar|
|p_read697         |   in|     4|     ap_none|                                                                       p_read697|        scalar|
|p_read698         |   in|     6|     ap_none|                                                                       p_read698|        scalar|
|p_read699         |   in|     6|     ap_none|                                                                       p_read699|        scalar|
|p_read700         |   in|     5|     ap_none|                                                                       p_read700|        scalar|
|p_read701         |   in|     6|     ap_none|                                                                       p_read701|        scalar|
|p_read702         |   in|     3|     ap_none|                                                                       p_read702|        scalar|
|p_read703         |   in|     4|     ap_none|                                                                       p_read703|        scalar|
|p_read704         |   in|     5|     ap_none|                                                                       p_read704|        scalar|
|p_read705         |   in|     6|     ap_none|                                                                       p_read705|        scalar|
|p_read706         |   in|     6|     ap_none|                                                                       p_read706|        scalar|
|p_read707         |   in|     5|     ap_none|                                                                       p_read707|        scalar|
|p_read708         |   in|     4|     ap_none|                                                                       p_read708|        scalar|
|p_read709         |   in|     4|     ap_none|                                                                       p_read709|        scalar|
|p_read710         |   in|     6|     ap_none|                                                                       p_read710|        scalar|
|p_read711         |   in|     5|     ap_none|                                                                       p_read711|        scalar|
|p_read712         |   in|     4|     ap_none|                                                                       p_read712|        scalar|
|p_read713         |   in|     6|     ap_none|                                                                       p_read713|        scalar|
|p_read714         |   in|     4|     ap_none|                                                                       p_read714|        scalar|
|p_read715         |   in|     5|     ap_none|                                                                       p_read715|        scalar|
|p_read716         |   in|     5|     ap_none|                                                                       p_read716|        scalar|
|p_read717         |   in|     6|     ap_none|                                                                       p_read717|        scalar|
|p_read718         |   in|     4|     ap_none|                                                                       p_read718|        scalar|
|p_read719         |   in|     5|     ap_none|                                                                       p_read719|        scalar|
|p_read720         |   in|     4|     ap_none|                                                                       p_read720|        scalar|
|p_read721         |   in|     5|     ap_none|                                                                       p_read721|        scalar|
|p_read722         |   in|     5|     ap_none|                                                                       p_read722|        scalar|
|p_read723         |   in|     5|     ap_none|                                                                       p_read723|        scalar|
|p_read724         |   in|     5|     ap_none|                                                                       p_read724|        scalar|
|p_read725         |   in|     3|     ap_none|                                                                       p_read725|        scalar|
|p_read726         |   in|     3|     ap_none|                                                                       p_read726|        scalar|
|p_read727         |   in|     2|     ap_none|                                                                       p_read727|        scalar|
|p_read728         |   in|     5|     ap_none|                                                                       p_read728|        scalar|
|p_read729         |   in|     4|     ap_none|                                                                       p_read729|        scalar|
|p_read730         |   in|     5|     ap_none|                                                                       p_read730|        scalar|
|p_read731         |   in|     5|     ap_none|                                                                       p_read731|        scalar|
|p_read732         |   in|     5|     ap_none|                                                                       p_read732|        scalar|
|p_read733         |   in|     5|     ap_none|                                                                       p_read733|        scalar|
|p_read734         |   in|     6|     ap_none|                                                                       p_read734|        scalar|
|p_read735         |   in|     5|     ap_none|                                                                       p_read735|        scalar|
|p_read736         |   in|     4|     ap_none|                                                                       p_read736|        scalar|
|p_read737         |   in|     5|     ap_none|                                                                       p_read737|        scalar|
|p_read738         |   in|     4|     ap_none|                                                                       p_read738|        scalar|
|p_read739         |   in|     5|     ap_none|                                                                       p_read739|        scalar|
|p_read740         |   in|     5|     ap_none|                                                                       p_read740|        scalar|
|p_read742         |   in|     5|     ap_none|                                                                       p_read742|        scalar|
|p_read743         |   in|     6|     ap_none|                                                                       p_read743|        scalar|
|p_read744         |   in|     5|     ap_none|                                                                       p_read744|        scalar|
|p_read745         |   in|     4|     ap_none|                                                                       p_read745|        scalar|
|p_read746         |   in|     5|     ap_none|                                                                       p_read746|        scalar|
|p_read747         |   in|     4|     ap_none|                                                                       p_read747|        scalar|
|p_read748         |   in|     3|     ap_none|                                                                       p_read748|        scalar|
|p_read749         |   in|     4|     ap_none|                                                                       p_read749|        scalar|
|p_read750         |   in|     5|     ap_none|                                                                       p_read750|        scalar|
|p_read751         |   in|     5|     ap_none|                                                                       p_read751|        scalar|
|p_read752         |   in|     4|     ap_none|                                                                       p_read752|        scalar|
|p_read753         |   in|     4|     ap_none|                                                                       p_read753|        scalar|
|p_read754         |   in|     5|     ap_none|                                                                       p_read754|        scalar|
|p_read755         |   in|     4|     ap_none|                                                                       p_read755|        scalar|
|p_read756         |   in|     5|     ap_none|                                                                       p_read756|        scalar|
|p_read757         |   in|     1|     ap_none|                                                                       p_read757|        scalar|
|p_read758         |   in|     5|     ap_none|                                                                       p_read758|        scalar|
|p_read759         |   in|     5|     ap_none|                                                                       p_read759|        scalar|
|p_read760         |   in|     4|     ap_none|                                                                       p_read760|        scalar|
|p_read761         |   in|     4|     ap_none|                                                                       p_read761|        scalar|
|p_read762         |   in|     5|     ap_none|                                                                       p_read762|        scalar|
|p_read763         |   in|     5|     ap_none|                                                                       p_read763|        scalar|
|p_read764         |   in|     6|     ap_none|                                                                       p_read764|        scalar|
|p_read765         |   in|     4|     ap_none|                                                                       p_read765|        scalar|
|p_read766         |   in|     4|     ap_none|                                                                       p_read766|        scalar|
|p_read767         |   in|     5|     ap_none|                                                                       p_read767|        scalar|
|p_read768         |   in|     4|     ap_none|                                                                       p_read768|        scalar|
|p_read769         |   in|     4|     ap_none|                                                                       p_read769|        scalar|
|p_read770         |   in|     5|     ap_none|                                                                       p_read770|        scalar|
+------------------+-----+------+------------+--------------------------------------------------------------------------------+--------------+

