

================================================================
== Vitis HLS Report for 'gru_static_ap_fixed_16_6_5_3_0_ap_fixed_17_4_5_3_0_config2_b_s'
================================================================
* Date:           Thu Feb 15 14:50:24 2024

* Version:        2022.2 (Build 3670227 on Oct 13 2022)
* Project:        alveo_hls4ml
* Solution:       solution (Vitis Kernel Flow Target)
* Product family: virtexuplus
* Target device:  xcu55c-fsvh2892-2L-e


================================================================
== Performance Estimates
================================================================
+ Timing: 
    * Summary: 
    +--------+---------+----------+------------+
    |  Clock |  Target | Estimated| Uncertainty|
    +--------+---------+----------+------------+
    |ap_clk  |  4.00 ns|  4.019 ns|     1.08 ns|
    +--------+---------+----------+------------+

+ Latency: 
    * Summary: 
    +---------+---------+----------+----------+-----+-----+---------+
    |  Latency (cycles) |  Latency (absolute) |  Interval | Pipeline|
    |   min   |   max   |    min   |    max   | min | max |   Type  |
    +---------+---------+----------+----------+-----+-----+---------+
    |      337|      338|  1.354 us|  1.358 us|  337|  338|       no|
    +---------+---------+----------+----------+-----+-----+---------+

    + Detail: 
        * Instance: 
        +-----------------------------------------------------------------------------------+-----------------------------------------------------------------------+---------+---------+----------+----------+-----+-----+------------------------------------------+
        |                                                                                   |                                                                       |  Latency (cycles) |  Latency (absolute) |  Interval |                 Pipeline                 |
        |                                      Instance                                     |                                 Module                                |   min   |   max   |    min   |    max   | min | max |                   Type                   |
        +-----------------------------------------------------------------------------------+-----------------------------------------------------------------------+---------+---------+----------+----------+-----+-----+------------------------------------------+
        |grp_dense_resource_ap_fixed_16_6_5_3_0_ap_fixed_23_12_5_3_0_config2_1_s_fu_1987    |dense_resource_ap_fixed_16_6_5_3_0_ap_fixed_23_12_5_3_0_config2_1_s    |       73|       74|  0.293 us|  0.297 us|   70|   70|  loop rewind stp(delay=0 clock cycles(s))|
        |grp_dense_resource_ap_fixed_8_3_4_0_0_ap_fixed_23_12_5_3_0_config2_2_s_fu_2375     |dense_resource_ap_fixed_8_3_4_0_0_ap_fixed_23_12_5_3_0_config2_2_s     |       67|       68|  0.268 us|  0.272 us|   64|   64|  loop rewind stp(delay=0 clock cycles(s))|
        |grp_hard_sigmoid_ap_fixed_ap_ufixed_8_0_4_0_0_hard_sigmoid_config2_recr_s_fu_2760  |hard_sigmoid_ap_fixed_ap_ufixed_8_0_4_0_0_hard_sigmoid_config2_recr_s  |        1|        1|  4.000 ns|  4.000 ns|    1|    1|                                       yes|
        +-----------------------------------------------------------------------------------+-----------------------------------------------------------------------+---------+---------+----------+----------+-----+-----+------------------------------------------+

        * Loop: 
        +--------------------+---------+---------+----------+-----------+-----------+------+----------+
        |                    |  Latency (cycles) | Iteration|  Initiation Interval  | Trip |          |
        |      Loop Name     |   min   |   max   |  Latency |  achieved |   target  | Count| Pipelined|
        +--------------------+---------+---------+----------+-----------+-----------+------+----------+
        |- VITIS_LOOP_485_1  |      192|      192|         3|          -|          -|    64|        no|
        +--------------------+---------+---------+----------+-----------+-----------+------+----------+



================================================================
== Utilization Estimates
================================================================
* Summary: 
+---------------------+---------+------+---------+---------+-----+
|         Name        | BRAM_18K|  DSP |    FF   |   LUT   | URAM|
+---------------------+---------+------+---------+---------+-----+
|DSP                  |        -|   128|        -|        -|    -|
|Expression           |        -|     -|        0|    11168|    -|
|FIFO                 |        -|     -|        -|        -|    -|
|Instance             |        -|   384|    43670|    39876|    -|
|Memory               |       16|     -|        8|        9|    0|
|Multiplexer          |        -|     -|        -|     1806|    -|
|Register             |        -|     -|    12183|        -|    -|
+---------------------+---------+------+---------+---------+-----+
|Total                |       16|   512|    55861|    52859|    0|
+---------------------+---------+------+---------+---------+-----+
|Available SLR        |     1344|  3008|   869120|   434560|  320|
+---------------------+---------+------+---------+---------+-----+
|Utilization SLR (%)  |        1|    17|        6|       12|    0|
+---------------------+---------+------+---------+---------+-----+
|Available            |     4032|  9024|  2607360|  1303680|  960|
+---------------------+---------+------+---------+---------+-----+
|Utilization (%)      |       ~0|     5|        2|        4|    0|
+---------------------+---------+------+---------+---------+-----+

+ Detail: 
    * Instance: 
    +-----------------------------------------------------------------------------------+-----------------------------------------------------------------------+---------+-----+-------+-------+-----+
    |                                      Instance                                     |                                 Module                                | BRAM_18K| DSP |   FF  |  LUT  | URAM|
    +-----------------------------------------------------------------------------------+-----------------------------------------------------------------------+---------+-----+-------+-------+-----+
    |grp_dense_resource_ap_fixed_16_6_5_3_0_ap_fixed_23_12_5_3_0_config2_1_s_fu_1987    |dense_resource_ap_fixed_16_6_5_3_0_ap_fixed_23_12_5_3_0_config2_1_s    |        0|  192|  24283|  13266|    0|
    |grp_dense_resource_ap_fixed_8_3_4_0_0_ap_fixed_23_12_5_3_0_config2_2_s_fu_2375     |dense_resource_ap_fixed_8_3_4_0_0_ap_fixed_23_12_5_3_0_config2_2_s     |        0|  192|  17595|   5345|    0|
    |grp_hard_sigmoid_ap_fixed_ap_ufixed_8_0_4_0_0_hard_sigmoid_config2_recr_s_fu_2760  |hard_sigmoid_ap_fixed_ap_ufixed_8_0_4_0_0_hard_sigmoid_config2_recr_s  |        0|    0|   1792|  18432|    0|
    |mul_8s_8ns_16_1_1_U1611                                                            |mul_8s_8ns_16_1_1                                                      |        0|    0|      0|     40|    0|
    |mul_8s_8ns_16_1_1_U1612                                                            |mul_8s_8ns_16_1_1                                                      |        0|    0|      0|     40|    0|
    |mul_8s_8ns_16_1_1_U1613                                                            |mul_8s_8ns_16_1_1                                                      |        0|    0|      0|     40|    0|
    |mul_8s_8ns_16_1_1_U1614                                                            |mul_8s_8ns_16_1_1                                                      |        0|    0|      0|     40|    0|
    |mul_8s_8ns_16_1_1_U1615                                                            |mul_8s_8ns_16_1_1                                                      |        0|    0|      0|     40|    0|
    |mul_8s_8ns_16_1_1_U1616                                                            |mul_8s_8ns_16_1_1                                                      |        0|    0|      0|     40|    0|
    |mul_8s_8ns_16_1_1_U1617                                                            |mul_8s_8ns_16_1_1                                                      |        0|    0|      0|     40|    0|
    |mul_8s_8ns_16_1_1_U1618                                                            |mul_8s_8ns_16_1_1                                                      |        0|    0|      0|     40|    0|
    |mul_8s_8ns_16_1_1_U1619                                                            |mul_8s_8ns_16_1_1                                                      |        0|    0|      0|     40|    0|
    |mul_8s_8ns_16_1_1_U1620                                                            |mul_8s_8ns_16_1_1                                                      |        0|    0|      0|     40|    0|
    |mul_8s_8ns_16_1_1_U1621                                                            |mul_8s_8ns_16_1_1                                                      |        0|    0|      0|     40|    0|
    |mul_8s_8ns_16_1_1_U1622                                                            |mul_8s_8ns_16_1_1                                                      |        0|    0|      0|     40|    0|
    |mul_8s_8ns_16_1_1_U1623                                                            |mul_8s_8ns_16_1_1                                                      |        0|    0|      0|     40|    0|
    |mul_8s_8ns_16_1_1_U1624                                                            |mul_8s_8ns_16_1_1                                                      |        0|    0|      0|     40|    0|
    |mul_8s_8ns_16_1_1_U1625                                                            |mul_8s_8ns_16_1_1                                                      |        0|    0|      0|     40|    0|
    |mul_8s_8ns_16_1_1_U1626                                                            |mul_8s_8ns_16_1_1                                                      |        0|    0|      0|     40|    0|
    |mul_8s_8ns_16_1_1_U1627                                                            |mul_8s_8ns_16_1_1                                                      |        0|    0|      0|     40|    0|
    |mul_8s_8ns_16_1_1_U1628                                                            |mul_8s_8ns_16_1_1                                                      |        0|    0|      0|     40|    0|
    |mul_8s_8ns_16_1_1_U1629                                                            |mul_8s_8ns_16_1_1                                                      |        0|    0|      0|     40|    0|
    |mul_8s_8ns_16_1_1_U1630                                                            |mul_8s_8ns_16_1_1                                                      |        0|    0|      0|     40|    0|
    |mul_8s_8ns_16_1_1_U1631                                                            |mul_8s_8ns_16_1_1                                                      |        0|    0|      0|     40|    0|
    |mul_8s_8ns_16_1_1_U1632                                                            |mul_8s_8ns_16_1_1                                                      |        0|    0|      0|     40|    0|
    |mul_8s_8ns_16_1_1_U1633                                                            |mul_8s_8ns_16_1_1                                                      |        0|    0|      0|     40|    0|
    |mul_8s_8ns_16_1_1_U1634                                                            |mul_8s_8ns_16_1_1                                                      |        0|    0|      0|     40|    0|
    |mul_8s_8ns_16_1_1_U1635                                                            |mul_8s_8ns_16_1_1                                                      |        0|    0|      0|     40|    0|
    |mul_8s_8ns_16_1_1_U1636                                                            |mul_8s_8ns_16_1_1                                                      |        0|    0|      0|     40|    0|
    |mul_8s_8ns_16_1_1_U1637                                                            |mul_8s_8ns_16_1_1                                                      |        0|    0|      0|     40|    0|
    |mul_8s_8ns_16_1_1_U1638                                                            |mul_8s_8ns_16_1_1                                                      |        0|    0|      0|     40|    0|
    |mul_8s_8ns_16_1_1_U1639                                                            |mul_8s_8ns_16_1_1                                                      |        0|    0|      0|     40|    0|
    |mul_8s_8ns_16_1_1_U1640                                                            |mul_8s_8ns_16_1_1                                                      |        0|    0|      0|     40|    0|
    |mul_8s_8ns_16_1_1_U1641                                                            |mul_8s_8ns_16_1_1                                                      |        0|    0|      0|     40|    0|
    |mul_8s_8ns_16_1_1_U1642                                                            |mul_8s_8ns_16_1_1                                                      |        0|    0|      0|     40|    0|
    |mul_8s_8ns_16_1_1_U1643                                                            |mul_8s_8ns_16_1_1                                                      |        0|    0|      0|     40|    0|
    |mul_8s_8ns_16_1_1_U1644                                                            |mul_8s_8ns_16_1_1                                                      |        0|    0|      0|     40|    0|
    |mul_8s_8ns_16_1_1_U1645                                                            |mul_8s_8ns_16_1_1                                                      |        0|    0|      0|     40|    0|
    |mul_8s_8ns_16_1_1_U1646                                                            |mul_8s_8ns_16_1_1                                                      |        0|    0|      0|     40|    0|
    |mul_8s_8ns_16_1_1_U1647                                                            |mul_8s_8ns_16_1_1                                                      |        0|    0|      0|     40|    0|
    |mul_8s_8ns_16_1_1_U1648                                                            |mul_8s_8ns_16_1_1                                                      |        0|    0|      0|     40|    0|
    |mul_8s_8ns_16_1_1_U1649                                                            |mul_8s_8ns_16_1_1                                                      |        0|    0|      0|     40|    0|
    |mul_8s_8ns_16_1_1_U1650                                                            |mul_8s_8ns_16_1_1                                                      |        0|    0|      0|     40|    0|
    |mul_8s_8ns_16_1_1_U1651                                                            |mul_8s_8ns_16_1_1                                                      |        0|    0|      0|     40|    0|
    |mul_8s_8ns_16_1_1_U1652                                                            |mul_8s_8ns_16_1_1                                                      |        0|    0|      0|     40|    0|
    |mul_8s_8ns_16_1_1_U1653                                                            |mul_8s_8ns_16_1_1                                                      |        0|    0|      0|     40|    0|
    |mul_8s_8ns_16_1_1_U1654                                                            |mul_8s_8ns_16_1_1                                                      |        0|    0|      0|     40|    0|
    |mul_8s_8ns_16_1_1_U1655                                                            |mul_8s_8ns_16_1_1                                                      |        0|    0|      0|     40|    0|
    |mul_8s_8ns_16_1_1_U1656                                                            |mul_8s_8ns_16_1_1                                                      |        0|    0|      0|     40|    0|
    |mul_8s_8ns_16_1_1_U1657                                                            |mul_8s_8ns_16_1_1                                                      |        0|    0|      0|     40|    0|
    |mul_8s_8ns_16_1_1_U1658                                                            |mul_8s_8ns_16_1_1                                                      |        0|    0|      0|     40|    0|
    |mul_8s_8ns_16_1_1_U1659                                                            |mul_8s_8ns_16_1_1                                                      |        0|    0|      0|     40|    0|
    |mul_8s_8ns_16_1_1_U1660                                                            |mul_8s_8ns_16_1_1                                                      |        0|    0|      0|     40|    0|
    |mul_8s_8ns_16_1_1_U1661                                                            |mul_8s_8ns_16_1_1                                                      |        0|    0|      0|     40|    0|
    |mul_8s_8ns_16_1_1_U1662                                                            |mul_8s_8ns_16_1_1                                                      |        0|    0|      0|     40|    0|
    |mul_8s_8ns_16_1_1_U1663                                                            |mul_8s_8ns_16_1_1                                                      |        0|    0|      0|     40|    0|
    |mul_8s_8ns_16_1_1_U1664                                                            |mul_8s_8ns_16_1_1                                                      |        0|    0|      0|     40|    0|
    |mul_8s_8ns_16_1_1_U1665                                                            |mul_8s_8ns_16_1_1                                                      |        0|    0|      0|     40|    0|
    |mul_8s_8ns_16_1_1_U1666                                                            |mul_8s_8ns_16_1_1                                                      |        0|    0|      0|     40|    0|
    |mul_8s_8ns_16_1_1_U1667                                                            |mul_8s_8ns_16_1_1                                                      |        0|    0|      0|     40|    0|
    |mul_8s_8ns_16_1_1_U1668                                                            |mul_8s_8ns_16_1_1                                                      |        0|    0|      0|     40|    0|
    |mul_8s_8ns_16_1_1_U1669                                                            |mul_8s_8ns_16_1_1                                                      |        0|    0|      0|     40|    0|
    |mul_8s_8ns_16_1_1_U1670                                                            |mul_8s_8ns_16_1_1                                                      |        0|    0|      0|     40|    0|
    |mul_8s_8ns_16_1_1_U1671                                                            |mul_8s_8ns_16_1_1                                                      |        0|    0|      0|     40|    0|
    |mul_8s_8ns_16_1_1_U1672                                                            |mul_8s_8ns_16_1_1                                                      |        0|    0|      0|     40|    0|
    |mul_8s_8ns_16_1_1_U1673                                                            |mul_8s_8ns_16_1_1                                                      |        0|    0|      0|     40|    0|
    |mul_8s_8ns_16_1_1_U1674                                                            |mul_8s_8ns_16_1_1                                                      |        0|    0|      0|     40|    0|
    |mux_646_31_1_1_U1610                                                               |mux_646_31_1_1                                                         |        0|    0|      0|    273|    0|
    +-----------------------------------------------------------------------------------+-----------------------------------------------------------------------+---------+-----+-------+-------+-----+
    |Total                                                                              |                                                                       |        0|  384|  43670|  39876|    0|
    +-----------------------------------------------------------------------------------+-----------------------------------------------------------------------+---------+-----+-------+-------+-----+

    * DSP: 
    +--------------------------------------+--------------------------------+--------------+
    |               Instance               |             Module             |  Expression  |
    +--------------------------------------+--------------------------------+--------------+
    |mac_muladd_23s_8ns_31ns_31_4_1_U1675  |mac_muladd_23s_8ns_31ns_31_4_1  |  i0 + i1 * i2|
    |mac_muladd_23s_8ns_31ns_31_4_1_U1676  |mac_muladd_23s_8ns_31ns_31_4_1  |  i0 + i1 * i2|
    |mac_muladd_23s_8ns_31ns_31_4_1_U1677  |mac_muladd_23s_8ns_31ns_31_4_1  |  i0 + i1 * i2|
    |mac_muladd_23s_8ns_31ns_31_4_1_U1678  |mac_muladd_23s_8ns_31ns_31_4_1  |  i0 + i1 * i2|
    |mac_muladd_23s_8ns_31ns_31_4_1_U1679  |mac_muladd_23s_8ns_31ns_31_4_1  |  i0 + i1 * i2|
    |mac_muladd_23s_8ns_31ns_31_4_1_U1680  |mac_muladd_23s_8ns_31ns_31_4_1  |  i0 + i1 * i2|
    |mac_muladd_23s_8ns_31ns_31_4_1_U1681  |mac_muladd_23s_8ns_31ns_31_4_1  |  i0 + i1 * i2|
    |mac_muladd_23s_8ns_31ns_31_4_1_U1682  |mac_muladd_23s_8ns_31ns_31_4_1  |  i0 + i1 * i2|
    |mac_muladd_23s_8ns_31ns_31_4_1_U1683  |mac_muladd_23s_8ns_31ns_31_4_1  |  i0 + i1 * i2|
    |mac_muladd_23s_8ns_31ns_31_4_1_U1684  |mac_muladd_23s_8ns_31ns_31_4_1  |  i0 + i1 * i2|
    |mac_muladd_23s_8ns_31ns_31_4_1_U1685  |mac_muladd_23s_8ns_31ns_31_4_1  |  i0 + i1 * i2|
    |mac_muladd_23s_8ns_31ns_31_4_1_U1686  |mac_muladd_23s_8ns_31ns_31_4_1  |  i0 + i1 * i2|
    |mac_muladd_23s_8ns_31ns_31_4_1_U1687  |mac_muladd_23s_8ns_31ns_31_4_1  |  i0 + i1 * i2|
    |mac_muladd_23s_8ns_31ns_31_4_1_U1688  |mac_muladd_23s_8ns_31ns_31_4_1  |  i0 + i1 * i2|
    |mac_muladd_23s_8ns_31ns_31_4_1_U1689  |mac_muladd_23s_8ns_31ns_31_4_1  |  i0 + i1 * i2|
    |mac_muladd_23s_8ns_31ns_31_4_1_U1690  |mac_muladd_23s_8ns_31ns_31_4_1  |  i0 + i1 * i2|
    |mac_muladd_23s_8ns_31ns_31_4_1_U1691  |mac_muladd_23s_8ns_31ns_31_4_1  |  i0 + i1 * i2|
    |mac_muladd_23s_8ns_31ns_31_4_1_U1692  |mac_muladd_23s_8ns_31ns_31_4_1  |  i0 + i1 * i2|
    |mac_muladd_23s_8ns_31ns_31_4_1_U1693  |mac_muladd_23s_8ns_31ns_31_4_1  |  i0 + i1 * i2|
    |mac_muladd_23s_8ns_31ns_31_4_1_U1694  |mac_muladd_23s_8ns_31ns_31_4_1  |  i0 + i1 * i2|
    |mac_muladd_23s_8ns_31ns_31_4_1_U1695  |mac_muladd_23s_8ns_31ns_31_4_1  |  i0 + i1 * i2|
    |mac_muladd_23s_8ns_31ns_31_4_1_U1696  |mac_muladd_23s_8ns_31ns_31_4_1  |  i0 + i1 * i2|
    |mac_muladd_23s_8ns_31ns_31_4_1_U1697  |mac_muladd_23s_8ns_31ns_31_4_1  |  i0 + i1 * i2|
    |mac_muladd_23s_8ns_31ns_31_4_1_U1698  |mac_muladd_23s_8ns_31ns_31_4_1  |  i0 + i1 * i2|
    |mac_muladd_23s_8ns_31ns_31_4_1_U1699  |mac_muladd_23s_8ns_31ns_31_4_1  |  i0 + i1 * i2|
    |mac_muladd_23s_8ns_31ns_31_4_1_U1700  |mac_muladd_23s_8ns_31ns_31_4_1  |  i0 + i1 * i2|
    |mac_muladd_23s_8ns_31ns_31_4_1_U1701  |mac_muladd_23s_8ns_31ns_31_4_1  |  i0 + i1 * i2|
    |mac_muladd_23s_8ns_31ns_31_4_1_U1702  |mac_muladd_23s_8ns_31ns_31_4_1  |  i0 + i1 * i2|
    |mac_muladd_23s_8ns_31ns_31_4_1_U1703  |mac_muladd_23s_8ns_31ns_31_4_1  |  i0 + i1 * i2|
    |mac_muladd_23s_8ns_31ns_31_4_1_U1704  |mac_muladd_23s_8ns_31ns_31_4_1  |  i0 + i1 * i2|
    |mac_muladd_23s_8ns_31ns_31_4_1_U1705  |mac_muladd_23s_8ns_31ns_31_4_1  |  i0 + i1 * i2|
    |mac_muladd_23s_8ns_31ns_31_4_1_U1706  |mac_muladd_23s_8ns_31ns_31_4_1  |  i0 + i1 * i2|
    |mac_muladd_23s_8ns_31ns_31_4_1_U1707  |mac_muladd_23s_8ns_31ns_31_4_1  |  i0 + i1 * i2|
    |mac_muladd_23s_8ns_31ns_31_4_1_U1708  |mac_muladd_23s_8ns_31ns_31_4_1  |  i0 + i1 * i2|
    |mac_muladd_23s_8ns_31ns_31_4_1_U1709  |mac_muladd_23s_8ns_31ns_31_4_1  |  i0 + i1 * i2|
    |mac_muladd_23s_8ns_31ns_31_4_1_U1710  |mac_muladd_23s_8ns_31ns_31_4_1  |  i0 + i1 * i2|
    |mac_muladd_23s_8ns_31ns_31_4_1_U1711  |mac_muladd_23s_8ns_31ns_31_4_1  |  i0 + i1 * i2|
    |mac_muladd_23s_8ns_31ns_31_4_1_U1712  |mac_muladd_23s_8ns_31ns_31_4_1  |  i0 + i1 * i2|
    |mac_muladd_23s_8ns_31ns_31_4_1_U1713  |mac_muladd_23s_8ns_31ns_31_4_1  |  i0 + i1 * i2|
    |mac_muladd_23s_8ns_31ns_31_4_1_U1714  |mac_muladd_23s_8ns_31ns_31_4_1  |  i0 + i1 * i2|
    |mac_muladd_23s_8ns_31ns_31_4_1_U1715  |mac_muladd_23s_8ns_31ns_31_4_1  |  i0 + i1 * i2|
    |mac_muladd_23s_8ns_31ns_31_4_1_U1716  |mac_muladd_23s_8ns_31ns_31_4_1  |  i0 + i1 * i2|
    |mac_muladd_23s_8ns_31ns_31_4_1_U1717  |mac_muladd_23s_8ns_31ns_31_4_1  |  i0 + i1 * i2|
    |mac_muladd_23s_8ns_31ns_31_4_1_U1718  |mac_muladd_23s_8ns_31ns_31_4_1  |  i0 + i1 * i2|
    |mac_muladd_23s_8ns_31ns_31_4_1_U1719  |mac_muladd_23s_8ns_31ns_31_4_1  |  i0 + i1 * i2|
    |mac_muladd_23s_8ns_31ns_31_4_1_U1720  |mac_muladd_23s_8ns_31ns_31_4_1  |  i0 + i1 * i2|
    |mac_muladd_23s_8ns_31ns_31_4_1_U1721  |mac_muladd_23s_8ns_31ns_31_4_1  |  i0 + i1 * i2|
    |mac_muladd_23s_8ns_31ns_31_4_1_U1722  |mac_muladd_23s_8ns_31ns_31_4_1  |  i0 + i1 * i2|
    |mac_muladd_23s_8ns_31ns_31_4_1_U1723  |mac_muladd_23s_8ns_31ns_31_4_1  |  i0 + i1 * i2|
    |mac_muladd_23s_8ns_31ns_31_4_1_U1724  |mac_muladd_23s_8ns_31ns_31_4_1  |  i0 + i1 * i2|
    |mac_muladd_23s_8ns_31ns_31_4_1_U1725  |mac_muladd_23s_8ns_31ns_31_4_1  |  i0 + i1 * i2|
    |mac_muladd_23s_8ns_31ns_31_4_1_U1726  |mac_muladd_23s_8ns_31ns_31_4_1  |  i0 + i1 * i2|
    |mac_muladd_23s_8ns_31ns_31_4_1_U1727  |mac_muladd_23s_8ns_31ns_31_4_1  |  i0 + i1 * i2|
    |mac_muladd_23s_8ns_31ns_31_4_1_U1728  |mac_muladd_23s_8ns_31ns_31_4_1  |  i0 + i1 * i2|
    |mac_muladd_23s_8ns_31ns_31_4_1_U1729  |mac_muladd_23s_8ns_31ns_31_4_1  |  i0 + i1 * i2|
    |mac_muladd_23s_8ns_31ns_31_4_1_U1730  |mac_muladd_23s_8ns_31ns_31_4_1  |  i0 + i1 * i2|
    |mac_muladd_23s_8ns_31ns_31_4_1_U1731  |mac_muladd_23s_8ns_31ns_31_4_1  |  i0 + i1 * i2|
    |mac_muladd_23s_8ns_31ns_31_4_1_U1732  |mac_muladd_23s_8ns_31ns_31_4_1  |  i0 + i1 * i2|
    |mac_muladd_23s_8ns_31ns_31_4_1_U1733  |mac_muladd_23s_8ns_31ns_31_4_1  |  i0 + i1 * i2|
    |mac_muladd_23s_8ns_31ns_31_4_1_U1734  |mac_muladd_23s_8ns_31ns_31_4_1  |  i0 + i1 * i2|
    |mac_muladd_23s_8ns_31ns_31_4_1_U1735  |mac_muladd_23s_8ns_31ns_31_4_1  |  i0 + i1 * i2|
    |mac_muladd_23s_8ns_31ns_31_4_1_U1736  |mac_muladd_23s_8ns_31ns_31_4_1  |  i0 + i1 * i2|
    |mac_muladd_23s_8ns_31ns_31_4_1_U1737  |mac_muladd_23s_8ns_31ns_31_4_1  |  i0 + i1 * i2|
    |mac_muladd_23s_8ns_31ns_31_4_1_U1738  |mac_muladd_23s_8ns_31ns_31_4_1  |  i0 + i1 * i2|
    |mac_muladd_9ns_8s_18s_19_4_1_U1739    |mac_muladd_9ns_8s_18s_19_4_1    |  i0 + i1 * i2|
    |mac_muladd_9ns_8s_18s_19_4_1_U1740    |mac_muladd_9ns_8s_18s_19_4_1    |  i0 + i1 * i2|
    |mac_muladd_9ns_8s_18s_19_4_1_U1741    |mac_muladd_9ns_8s_18s_19_4_1    |  i0 + i1 * i2|
    |mac_muladd_9ns_8s_18s_19_4_1_U1742    |mac_muladd_9ns_8s_18s_19_4_1    |  i0 + i1 * i2|
    |mac_muladd_9ns_8s_18s_19_4_1_U1743    |mac_muladd_9ns_8s_18s_19_4_1    |  i0 + i1 * i2|
    |mac_muladd_9ns_8s_18s_19_4_1_U1744    |mac_muladd_9ns_8s_18s_19_4_1    |  i0 + i1 * i2|
    |mac_muladd_9ns_8s_18s_19_4_1_U1745    |mac_muladd_9ns_8s_18s_19_4_1    |  i0 + i1 * i2|
    |mac_muladd_9ns_8s_18s_19_4_1_U1746    |mac_muladd_9ns_8s_18s_19_4_1    |  i0 + i1 * i2|
    |mac_muladd_9ns_8s_18s_19_4_1_U1747    |mac_muladd_9ns_8s_18s_19_4_1    |  i0 + i1 * i2|
    |mac_muladd_9ns_8s_18s_19_4_1_U1748    |mac_muladd_9ns_8s_18s_19_4_1    |  i0 + i1 * i2|
    |mac_muladd_9ns_8s_18s_19_4_1_U1749    |mac_muladd_9ns_8s_18s_19_4_1    |  i0 + i1 * i2|
    |mac_muladd_9ns_8s_18s_19_4_1_U1750    |mac_muladd_9ns_8s_18s_19_4_1    |  i0 + i1 * i2|
    |mac_muladd_9ns_8s_18s_19_4_1_U1751    |mac_muladd_9ns_8s_18s_19_4_1    |  i0 + i1 * i2|
    |mac_muladd_9ns_8s_18s_19_4_1_U1752    |mac_muladd_9ns_8s_18s_19_4_1    |  i0 + i1 * i2|
    |mac_muladd_9ns_8s_18s_19_4_1_U1753    |mac_muladd_9ns_8s_18s_19_4_1    |  i0 + i1 * i2|
    |mac_muladd_9ns_8s_18s_19_4_1_U1754    |mac_muladd_9ns_8s_18s_19_4_1    |  i0 + i1 * i2|
    |mac_muladd_9ns_8s_18s_19_4_1_U1755    |mac_muladd_9ns_8s_18s_19_4_1    |  i0 + i1 * i2|
    |mac_muladd_9ns_8s_18s_19_4_1_U1756    |mac_muladd_9ns_8s_18s_19_4_1    |  i0 + i1 * i2|
    |mac_muladd_9ns_8s_18s_19_4_1_U1757    |mac_muladd_9ns_8s_18s_19_4_1    |  i0 + i1 * i2|
    |mac_muladd_9ns_8s_18s_19_4_1_U1758    |mac_muladd_9ns_8s_18s_19_4_1    |  i0 + i1 * i2|
    |mac_muladd_9ns_8s_18s_19_4_1_U1759    |mac_muladd_9ns_8s_18s_19_4_1    |  i0 + i1 * i2|
    |mac_muladd_9ns_8s_18s_19_4_1_U1760    |mac_muladd_9ns_8s_18s_19_4_1    |  i0 + i1 * i2|
    |mac_muladd_9ns_8s_18s_19_4_1_U1761    |mac_muladd_9ns_8s_18s_19_4_1    |  i0 + i1 * i2|
    |mac_muladd_9ns_8s_18s_19_4_1_U1762    |mac_muladd_9ns_8s_18s_19_4_1    |  i0 + i1 * i2|
    |mac_muladd_9ns_8s_18s_19_4_1_U1763    |mac_muladd_9ns_8s_18s_19_4_1    |  i0 + i1 * i2|
    |mac_muladd_9ns_8s_18s_19_4_1_U1764    |mac_muladd_9ns_8s_18s_19_4_1    |  i0 + i1 * i2|
    |mac_muladd_9ns_8s_18s_19_4_1_U1765    |mac_muladd_9ns_8s_18s_19_4_1    |  i0 + i1 * i2|
    |mac_muladd_9ns_8s_18s_19_4_1_U1766    |mac_muladd_9ns_8s_18s_19_4_1    |  i0 + i1 * i2|
    |mac_muladd_9ns_8s_18s_19_4_1_U1767    |mac_muladd_9ns_8s_18s_19_4_1    |  i0 + i1 * i2|
    |mac_muladd_9ns_8s_18s_19_4_1_U1768    |mac_muladd_9ns_8s_18s_19_4_1    |  i0 + i1 * i2|
    |mac_muladd_9ns_8s_18s_19_4_1_U1769    |mac_muladd_9ns_8s_18s_19_4_1    |  i0 + i1 * i2|
    |mac_muladd_9ns_8s_18s_19_4_1_U1770    |mac_muladd_9ns_8s_18s_19_4_1    |  i0 + i1 * i2|
    |mac_muladd_9ns_8s_18s_19_4_1_U1771    |mac_muladd_9ns_8s_18s_19_4_1    |  i0 + i1 * i2|
    |mac_muladd_9ns_8s_18s_19_4_1_U1772    |mac_muladd_9ns_8s_18s_19_4_1    |  i0 + i1 * i2|
    |mac_muladd_9ns_8s_18s_19_4_1_U1773    |mac_muladd_9ns_8s_18s_19_4_1    |  i0 + i1 * i2|
    |mac_muladd_9ns_8s_18s_19_4_1_U1774    |mac_muladd_9ns_8s_18s_19_4_1    |  i0 + i1 * i2|
    |mac_muladd_9ns_8s_18s_19_4_1_U1775    |mac_muladd_9ns_8s_18s_19_4_1    |  i0 + i1 * i2|
    |mac_muladd_9ns_8s_18s_19_4_1_U1776    |mac_muladd_9ns_8s_18s_19_4_1    |  i0 + i1 * i2|
    |mac_muladd_9ns_8s_18s_19_4_1_U1777    |mac_muladd_9ns_8s_18s_19_4_1    |  i0 + i1 * i2|
    |mac_muladd_9ns_8s_18s_19_4_1_U1778    |mac_muladd_9ns_8s_18s_19_4_1    |  i0 + i1 * i2|
    |mac_muladd_9ns_8s_18s_19_4_1_U1779    |mac_muladd_9ns_8s_18s_19_4_1    |  i0 + i1 * i2|
    |mac_muladd_9ns_8s_18s_19_4_1_U1780    |mac_muladd_9ns_8s_18s_19_4_1    |  i0 + i1 * i2|
    |mac_muladd_9ns_8s_18s_19_4_1_U1781    |mac_muladd_9ns_8s_18s_19_4_1    |  i0 + i1 * i2|
    |mac_muladd_9ns_8s_18s_19_4_1_U1782    |mac_muladd_9ns_8s_18s_19_4_1    |  i0 + i1 * i2|
    |mac_muladd_9ns_8s_18s_19_4_1_U1783    |mac_muladd_9ns_8s_18s_19_4_1    |  i0 + i1 * i2|
    |mac_muladd_9ns_8s_18s_19_4_1_U1784    |mac_muladd_9ns_8s_18s_19_4_1    |  i0 + i1 * i2|
    |mac_muladd_9ns_8s_18s_19_4_1_U1785    |mac_muladd_9ns_8s_18s_19_4_1    |  i0 + i1 * i2|
    |mac_muladd_9ns_8s_18s_19_4_1_U1786    |mac_muladd_9ns_8s_18s_19_4_1    |  i0 + i1 * i2|
    |mac_muladd_9ns_8s_18s_19_4_1_U1787    |mac_muladd_9ns_8s_18s_19_4_1    |  i0 + i1 * i2|
    |mac_muladd_9ns_8s_18s_19_4_1_U1788    |mac_muladd_9ns_8s_18s_19_4_1    |  i0 + i1 * i2|
    |mac_muladd_9ns_8s_18s_19_4_1_U1789    |mac_muladd_9ns_8s_18s_19_4_1    |  i0 + i1 * i2|
    |mac_muladd_9ns_8s_18s_19_4_1_U1790    |mac_muladd_9ns_8s_18s_19_4_1    |  i0 + i1 * i2|
    |mac_muladd_9ns_8s_18s_19_4_1_U1791    |mac_muladd_9ns_8s_18s_19_4_1    |  i0 + i1 * i2|
    |mac_muladd_9ns_8s_18s_19_4_1_U1792    |mac_muladd_9ns_8s_18s_19_4_1    |  i0 + i1 * i2|
    |mac_muladd_9ns_8s_18s_19_4_1_U1793    |mac_muladd_9ns_8s_18s_19_4_1    |  i0 + i1 * i2|
    |mac_muladd_9ns_8s_18s_19_4_1_U1794    |mac_muladd_9ns_8s_18s_19_4_1    |  i0 + i1 * i2|
    |mac_muladd_9ns_8s_18s_19_4_1_U1795    |mac_muladd_9ns_8s_18s_19_4_1    |  i0 + i1 * i2|
    |mac_muladd_9ns_8s_18s_19_4_1_U1796    |mac_muladd_9ns_8s_18s_19_4_1    |  i0 + i1 * i2|
    |mac_muladd_9ns_8s_18s_19_4_1_U1797    |mac_muladd_9ns_8s_18s_19_4_1    |  i0 + i1 * i2|
    |mac_muladd_9ns_8s_18s_19_4_1_U1798    |mac_muladd_9ns_8s_18s_19_4_1    |  i0 + i1 * i2|
    |mac_muladd_9ns_8s_18s_19_4_1_U1799    |mac_muladd_9ns_8s_18s_19_4_1    |  i0 + i1 * i2|
    |mac_muladd_9ns_8s_18s_19_4_1_U1800    |mac_muladd_9ns_8s_18s_19_4_1    |  i0 + i1 * i2|
    |mac_muladd_9ns_8s_18s_19_4_1_U1801    |mac_muladd_9ns_8s_18s_19_4_1    |  i0 + i1 * i2|
    |mac_muladd_9ns_8s_18s_19_4_1_U1802    |mac_muladd_9ns_8s_18s_19_4_1    |  i0 + i1 * i2|
    +--------------------------------------+--------------------------------+--------------+

    * Memory: 
    +--------------+----------------------------------------------------------------------------------+---------+---+----+-----+------+------+------+-------------+
    |    Memory    |                                      Module                                      | BRAM_18K| FF| LUT| URAM| Words| Bits | Banks| W*Bits*Banks|
    +--------------+----------------------------------------------------------------------------------+---------+---+----+-----+------+------+------+-------------+
    |bw2_U         |gru_static_ap_fixed_16_6_5_3_0_ap_fixed_17_4_5_3_0_config2_b_s_bw2_ROM_AUTO_1R    |        8|  0|   0|    0|    70|  1536|     1|       107520|
    |bwr2_U        |gru_static_ap_fixed_16_6_5_3_0_ap_fixed_17_4_5_3_0_config2_b_s_bwr2_ROM_AUTO_1R   |        8|  0|   0|    0|    64|  1536|     1|        98304|
    |qh_state_V_U  |gru_static_ap_fixed_16_6_5_3_0_ap_fixed_17_4_5_3_0_config2_f_s_qh_state_V_RAMbkb  |        0|  8|   9|    0|    64|     8|     1|          512|
    +--------------+----------------------------------------------------------------------------------+---------+---+----+-----+------+------+------+-------------+
    |Total         |                                                                                  |       16|  8|   9|    0|   198|  3080|     3|       206336|
    +--------------+----------------------------------------------------------------------------------+---------+---+----+-----+------+------+------+-------------+

    * FIFO: 
    N/A

    * Expression: 
    +----------------------------------+----------+----+---+-----+------------+------------+
    |           Variable Name          | Operation| DSP| FF| LUT | Bitwidth P0| Bitwidth P1|
    +----------------------------------+----------+----+---+-----+------------+------------+
    |add_ln1347_259_fu_19722_p2        |         +|   0|  0|   29|          22|          21|
    |add_ln485_fu_19612_p2             |         +|   0|  0|   14|           7|           1|
    |inputacc_zr_V_255_fu_17433_p2     |         +|   0|  0|   30|          23|          23|
    |inputacc_zr_V_256_fu_17439_p2     |         +|   0|  0|   30|          23|          23|
    |inputacc_zr_V_257_fu_17445_p2     |         +|   0|  0|   30|          23|          23|
    |inputacc_zr_V_258_fu_17451_p2     |         +|   0|  0|   30|          23|          23|
    |inputacc_zr_V_259_fu_17457_p2     |         +|   0|  0|   30|          23|          23|
    |inputacc_zr_V_260_fu_17463_p2     |         +|   0|  0|   30|          23|          23|
    |inputacc_zr_V_261_fu_17469_p2     |         +|   0|  0|   30|          23|          23|
    |inputacc_zr_V_262_fu_17475_p2     |         +|   0|  0|   30|          23|          23|
    |inputacc_zr_V_263_fu_17481_p2     |         +|   0|  0|   30|          23|          23|
    |inputacc_zr_V_264_fu_17487_p2     |         +|   0|  0|   30|          23|          23|
    |inputacc_zr_V_265_fu_17493_p2     |         +|   0|  0|   30|          23|          23|
    |inputacc_zr_V_266_fu_17499_p2     |         +|   0|  0|   30|          23|          23|
    |inputacc_zr_V_267_fu_17505_p2     |         +|   0|  0|   30|          23|          23|
    |inputacc_zr_V_268_fu_17511_p2     |         +|   0|  0|   30|          23|          23|
    |inputacc_zr_V_269_fu_17517_p2     |         +|   0|  0|   30|          23|          23|
    |inputacc_zr_V_270_fu_17523_p2     |         +|   0|  0|   30|          23|          23|
    |inputacc_zr_V_271_fu_17529_p2     |         +|   0|  0|   30|          23|          23|
    |inputacc_zr_V_272_fu_17535_p2     |         +|   0|  0|   30|          23|          23|
    |inputacc_zr_V_273_fu_17541_p2     |         +|   0|  0|   30|          23|          23|
    |inputacc_zr_V_274_fu_17547_p2     |         +|   0|  0|   30|          23|          23|
    |inputacc_zr_V_275_fu_17553_p2     |         +|   0|  0|   30|          23|          23|
    |inputacc_zr_V_276_fu_17559_p2     |         +|   0|  0|   30|          23|          23|
    |inputacc_zr_V_277_fu_17565_p2     |         +|   0|  0|   30|          23|          23|
    |inputacc_zr_V_278_fu_17571_p2     |         +|   0|  0|   30|          23|          23|
    |inputacc_zr_V_279_fu_17577_p2     |         +|   0|  0|   30|          23|          23|
    |inputacc_zr_V_280_fu_17583_p2     |         +|   0|  0|   30|          23|          23|
    |inputacc_zr_V_281_fu_17589_p2     |         +|   0|  0|   30|          23|          23|
    |inputacc_zr_V_282_fu_17595_p2     |         +|   0|  0|   30|          23|          23|
    |inputacc_zr_V_283_fu_17601_p2     |         +|   0|  0|   30|          23|          23|
    |inputacc_zr_V_284_fu_17607_p2     |         +|   0|  0|   30|          23|          23|
    |inputacc_zr_V_285_fu_17613_p2     |         +|   0|  0|   30|          23|          23|
    |inputacc_zr_V_286_fu_17619_p2     |         +|   0|  0|   30|          23|          23|
    |inputacc_zr_V_287_fu_17625_p2     |         +|   0|  0|   30|          23|          23|
    |inputacc_zr_V_288_fu_17631_p2     |         +|   0|  0|   30|          23|          23|
    |inputacc_zr_V_289_fu_17637_p2     |         +|   0|  0|   30|          23|          23|
    |inputacc_zr_V_290_fu_17643_p2     |         +|   0|  0|   30|          23|          23|
    |inputacc_zr_V_291_fu_17649_p2     |         +|   0|  0|   30|          23|          23|
    |inputacc_zr_V_292_fu_17655_p2     |         +|   0|  0|   30|          23|          23|
    |inputacc_zr_V_293_fu_17661_p2     |         +|   0|  0|   30|          23|          23|
    |inputacc_zr_V_294_fu_17667_p2     |         +|   0|  0|   30|          23|          23|
    |inputacc_zr_V_295_fu_17673_p2     |         +|   0|  0|   30|          23|          23|
    |inputacc_zr_V_296_fu_17679_p2     |         +|   0|  0|   30|          23|          23|
    |inputacc_zr_V_297_fu_17685_p2     |         +|   0|  0|   30|          23|          23|
    |inputacc_zr_V_298_fu_17691_p2     |         +|   0|  0|   30|          23|          23|
    |inputacc_zr_V_299_fu_17697_p2     |         +|   0|  0|   30|          23|          23|
    |inputacc_zr_V_300_fu_17703_p2     |         +|   0|  0|   30|          23|          23|
    |inputacc_zr_V_301_fu_17709_p2     |         +|   0|  0|   30|          23|          23|
    |inputacc_zr_V_302_fu_17715_p2     |         +|   0|  0|   30|          23|          23|
    |inputacc_zr_V_303_fu_17721_p2     |         +|   0|  0|   30|          23|          23|
    |inputacc_zr_V_304_fu_17727_p2     |         +|   0|  0|   30|          23|          23|
    |inputacc_zr_V_305_fu_17733_p2     |         +|   0|  0|   30|          23|          23|
    |inputacc_zr_V_306_fu_17739_p2     |         +|   0|  0|   30|          23|          23|
    |inputacc_zr_V_307_fu_17745_p2     |         +|   0|  0|   30|          23|          23|
    |inputacc_zr_V_308_fu_17751_p2     |         +|   0|  0|   30|          23|          23|
    |inputacc_zr_V_309_fu_17757_p2     |         +|   0|  0|   30|          23|          23|
    |inputacc_zr_V_310_fu_17763_p2     |         +|   0|  0|   30|          23|          23|
    |inputacc_zr_V_311_fu_17769_p2     |         +|   0|  0|   30|          23|          23|
    |inputacc_zr_V_312_fu_17775_p2     |         +|   0|  0|   30|          23|          23|
    |inputacc_zr_V_313_fu_17781_p2     |         +|   0|  0|   30|          23|          23|
    |inputacc_zr_V_314_fu_17787_p2     |         +|   0|  0|   30|          23|          23|
    |inputacc_zr_V_315_fu_17793_p2     |         +|   0|  0|   30|          23|          23|
    |inputacc_zr_V_316_fu_17799_p2     |         +|   0|  0|   30|          23|          23|
    |inputacc_zr_V_317_fu_17805_p2     |         +|   0|  0|   30|          23|          23|
    |inputacc_zr_V_318_fu_17811_p2     |         +|   0|  0|   30|          23|          23|
    |inputacc_zr_V_319_fu_17817_p2     |         +|   0|  0|   30|          23|          23|
    |inputacc_zr_V_320_fu_17823_p2     |         +|   0|  0|   30|          23|          23|
    |inputacc_zr_V_321_fu_17829_p2     |         +|   0|  0|   30|          23|          23|
    |inputacc_zr_V_322_fu_17835_p2     |         +|   0|  0|   30|          23|          23|
    |inputacc_zr_V_323_fu_17841_p2     |         +|   0|  0|   30|          23|          23|
    |inputacc_zr_V_324_fu_17847_p2     |         +|   0|  0|   30|          23|          23|
    |inputacc_zr_V_325_fu_17853_p2     |         +|   0|  0|   30|          23|          23|
    |inputacc_zr_V_326_fu_17859_p2     |         +|   0|  0|   30|          23|          23|
    |inputacc_zr_V_327_fu_17865_p2     |         +|   0|  0|   30|          23|          23|
    |inputacc_zr_V_328_fu_17871_p2     |         +|   0|  0|   30|          23|          23|
    |inputacc_zr_V_329_fu_17877_p2     |         +|   0|  0|   30|          23|          23|
    |inputacc_zr_V_330_fu_17883_p2     |         +|   0|  0|   30|          23|          23|
    |inputacc_zr_V_331_fu_17889_p2     |         +|   0|  0|   30|          23|          23|
    |inputacc_zr_V_332_fu_17895_p2     |         +|   0|  0|   30|          23|          23|
    |inputacc_zr_V_333_fu_17901_p2     |         +|   0|  0|   30|          23|          23|
    |inputacc_zr_V_334_fu_17907_p2     |         +|   0|  0|   30|          23|          23|
    |inputacc_zr_V_335_fu_17913_p2     |         +|   0|  0|   30|          23|          23|
    |inputacc_zr_V_336_fu_17919_p2     |         +|   0|  0|   30|          23|          23|
    |inputacc_zr_V_337_fu_17925_p2     |         +|   0|  0|   30|          23|          23|
    |inputacc_zr_V_338_fu_17931_p2     |         +|   0|  0|   30|          23|          23|
    |inputacc_zr_V_339_fu_17937_p2     |         +|   0|  0|   30|          23|          23|
    |inputacc_zr_V_340_fu_17943_p2     |         +|   0|  0|   30|          23|          23|
    |inputacc_zr_V_341_fu_17949_p2     |         +|   0|  0|   30|          23|          23|
    |inputacc_zr_V_342_fu_17955_p2     |         +|   0|  0|   30|          23|          23|
    |inputacc_zr_V_343_fu_17961_p2     |         +|   0|  0|   30|          23|          23|
    |inputacc_zr_V_344_fu_17967_p2     |         +|   0|  0|   30|          23|          23|
    |inputacc_zr_V_345_fu_17973_p2     |         +|   0|  0|   30|          23|          23|
    |inputacc_zr_V_346_fu_17979_p2     |         +|   0|  0|   30|          23|          23|
    |inputacc_zr_V_347_fu_17985_p2     |         +|   0|  0|   30|          23|          23|
    |inputacc_zr_V_348_fu_17991_p2     |         +|   0|  0|   30|          23|          23|
    |inputacc_zr_V_349_fu_17997_p2     |         +|   0|  0|   30|          23|          23|
    |inputacc_zr_V_350_fu_18003_p2     |         +|   0|  0|   30|          23|          23|
    |inputacc_zr_V_351_fu_18009_p2     |         +|   0|  0|   30|          23|          23|
    |inputacc_zr_V_352_fu_18015_p2     |         +|   0|  0|   30|          23|          23|
    |inputacc_zr_V_353_fu_18021_p2     |         +|   0|  0|   30|          23|          23|
    |inputacc_zr_V_354_fu_18027_p2     |         +|   0|  0|   30|          23|          23|
    |inputacc_zr_V_355_fu_18033_p2     |         +|   0|  0|   30|          23|          23|
    |inputacc_zr_V_356_fu_18039_p2     |         +|   0|  0|   30|          23|          23|
    |inputacc_zr_V_357_fu_18045_p2     |         +|   0|  0|   30|          23|          23|
    |inputacc_zr_V_358_fu_18051_p2     |         +|   0|  0|   30|          23|          23|
    |inputacc_zr_V_359_fu_18057_p2     |         +|   0|  0|   30|          23|          23|
    |inputacc_zr_V_360_fu_18063_p2     |         +|   0|  0|   30|          23|          23|
    |inputacc_zr_V_361_fu_18069_p2     |         +|   0|  0|   30|          23|          23|
    |inputacc_zr_V_362_fu_18075_p2     |         +|   0|  0|   30|          23|          23|
    |inputacc_zr_V_363_fu_18081_p2     |         +|   0|  0|   30|          23|          23|
    |inputacc_zr_V_364_fu_18087_p2     |         +|   0|  0|   30|          23|          23|
    |inputacc_zr_V_365_fu_18093_p2     |         +|   0|  0|   30|          23|          23|
    |inputacc_zr_V_366_fu_18099_p2     |         +|   0|  0|   30|          23|          23|
    |inputacc_zr_V_367_fu_18105_p2     |         +|   0|  0|   30|          23|          23|
    |inputacc_zr_V_368_fu_18111_p2     |         +|   0|  0|   30|          23|          23|
    |inputacc_zr_V_369_fu_18117_p2     |         +|   0|  0|   30|          23|          23|
    |inputacc_zr_V_370_fu_18123_p2     |         +|   0|  0|   30|          23|          23|
    |inputacc_zr_V_371_fu_18129_p2     |         +|   0|  0|   30|          23|          23|
    |inputacc_zr_V_372_fu_18135_p2     |         +|   0|  0|   30|          23|          23|
    |inputacc_zr_V_373_fu_18141_p2     |         +|   0|  0|   30|          23|          23|
    |inputacc_zr_V_374_fu_18147_p2     |         +|   0|  0|   30|          23|          23|
    |inputacc_zr_V_375_fu_18153_p2     |         +|   0|  0|   30|          23|          23|
    |inputacc_zr_V_376_fu_18159_p2     |         +|   0|  0|   30|          23|          23|
    |inputacc_zr_V_377_fu_18165_p2     |         +|   0|  0|   30|          23|          23|
    |inputacc_zr_V_378_fu_18171_p2     |         +|   0|  0|   30|          23|          23|
    |inputacc_zr_V_379_fu_18177_p2     |         +|   0|  0|   30|          23|          23|
    |inputacc_zr_V_380_fu_18183_p2     |         +|   0|  0|   30|          23|          23|
    |inputacc_zr_V_381_fu_18189_p2     |         +|   0|  0|   30|          23|          23|
    |inputacc_zr_V_fu_17427_p2         |         +|   0|  0|   30|          23|          23|
    |p_Val2_1804_fu_2984_p2            |         +|   0|  0|   15|           8|           8|
    |p_Val2_1807_fu_3176_p2            |         +|   0|  0|   15|           8|           8|
    |p_Val2_1810_fu_3395_p2            |         +|   0|  0|   15|           8|           8|
    |p_Val2_1813_fu_3587_p2            |         +|   0|  0|   15|           8|           8|
    |p_Val2_1816_fu_3801_p2            |         +|   0|  0|   15|           8|           8|
    |p_Val2_1819_fu_3993_p2            |         +|   0|  0|   15|           8|           8|
    |p_Val2_1822_fu_4207_p2            |         +|   0|  0|   15|           8|           8|
    |p_Val2_1825_fu_4399_p2            |         +|   0|  0|   15|           8|           8|
    |p_Val2_1828_fu_4613_p2            |         +|   0|  0|   15|           8|           8|
    |p_Val2_1831_fu_4805_p2            |         +|   0|  0|   15|           8|           8|
    |p_Val2_1834_fu_5019_p2            |         +|   0|  0|   15|           8|           8|
    |p_Val2_1837_fu_5211_p2            |         +|   0|  0|   15|           8|           8|
    |p_Val2_1840_fu_5425_p2            |         +|   0|  0|   15|           8|           8|
    |p_Val2_1843_fu_5617_p2            |         +|   0|  0|   15|           8|           8|
    |p_Val2_1846_fu_5831_p2            |         +|   0|  0|   15|           8|           8|
    |p_Val2_1849_fu_6023_p2            |         +|   0|  0|   15|           8|           8|
    |p_Val2_1852_fu_6237_p2            |         +|   0|  0|   15|           8|           8|
    |p_Val2_1855_fu_6429_p2            |         +|   0|  0|   15|           8|           8|
    |p_Val2_1858_fu_6643_p2            |         +|   0|  0|   15|           8|           8|
    |p_Val2_1861_fu_6835_p2            |         +|   0|  0|   15|           8|           8|
    |p_Val2_1864_fu_7049_p2            |         +|   0|  0|   15|           8|           8|
    |p_Val2_1867_fu_7241_p2            |         +|   0|  0|   15|           8|           8|
    |p_Val2_1870_fu_7455_p2            |         +|   0|  0|   15|           8|           8|
    |p_Val2_1873_fu_7647_p2            |         +|   0|  0|   15|           8|           8|
    |p_Val2_1876_fu_7861_p2            |         +|   0|  0|   15|           8|           8|
    |p_Val2_1879_fu_8053_p2            |         +|   0|  0|   15|           8|           8|
    |p_Val2_1882_fu_8267_p2            |         +|   0|  0|   15|           8|           8|
    |p_Val2_1885_fu_8459_p2            |         +|   0|  0|   15|           8|           8|
    |p_Val2_1888_fu_8673_p2            |         +|   0|  0|   15|           8|           8|
    |p_Val2_1891_fu_8865_p2            |         +|   0|  0|   15|           8|           8|
    |p_Val2_1894_fu_9079_p2            |         +|   0|  0|   15|           8|           8|
    |p_Val2_1897_fu_9271_p2            |         +|   0|  0|   15|           8|           8|
    |p_Val2_1900_fu_9485_p2            |         +|   0|  0|   15|           8|           8|
    |p_Val2_1903_fu_9677_p2            |         +|   0|  0|   15|           8|           8|
    |p_Val2_1906_fu_9891_p2            |         +|   0|  0|   15|           8|           8|
    |p_Val2_1909_fu_10083_p2           |         +|   0|  0|   15|           8|           8|
    |p_Val2_1912_fu_10297_p2           |         +|   0|  0|   15|           8|           8|
    |p_Val2_1915_fu_10489_p2           |         +|   0|  0|   15|           8|           8|
    |p_Val2_1918_fu_10703_p2           |         +|   0|  0|   15|           8|           8|
    |p_Val2_1921_fu_10895_p2           |         +|   0|  0|   15|           8|           8|
    |p_Val2_1924_fu_11109_p2           |         +|   0|  0|   15|           8|           8|
    |p_Val2_1927_fu_11301_p2           |         +|   0|  0|   15|           8|           8|
    |p_Val2_1930_fu_11515_p2           |         +|   0|  0|   15|           8|           8|
    |p_Val2_1933_fu_11707_p2           |         +|   0|  0|   15|           8|           8|
    |p_Val2_1936_fu_11921_p2           |         +|   0|  0|   15|           8|           8|
    |p_Val2_1939_fu_12113_p2           |         +|   0|  0|   15|           8|           8|
    |p_Val2_1942_fu_12327_p2           |         +|   0|  0|   15|           8|           8|
    |p_Val2_1945_fu_12519_p2           |         +|   0|  0|   15|           8|           8|
    |p_Val2_1948_fu_12733_p2           |         +|   0|  0|   15|           8|           8|
    |p_Val2_1951_fu_12925_p2           |         +|   0|  0|   15|           8|           8|
    |p_Val2_1954_fu_13139_p2           |         +|   0|  0|   15|           8|           8|
    |p_Val2_1957_fu_13331_p2           |         +|   0|  0|   15|           8|           8|
    |p_Val2_1960_fu_13545_p2           |         +|   0|  0|   15|           8|           8|
    |p_Val2_1963_fu_13737_p2           |         +|   0|  0|   15|           8|           8|
    |p_Val2_1966_fu_13951_p2           |         +|   0|  0|   15|           8|           8|
    |p_Val2_1969_fu_14143_p2           |         +|   0|  0|   15|           8|           8|
    |p_Val2_1972_fu_14357_p2           |         +|   0|  0|   15|           8|           8|
    |p_Val2_1975_fu_14549_p2           |         +|   0|  0|   15|           8|           8|
    |p_Val2_1978_fu_14763_p2           |         +|   0|  0|   15|           8|           8|
    |p_Val2_1981_fu_14955_p2           |         +|   0|  0|   15|           8|           8|
    |p_Val2_1984_fu_15169_p2           |         +|   0|  0|   15|           8|           8|
    |p_Val2_1987_fu_15361_p2           |         +|   0|  0|   15|           8|           8|
    |p_Val2_1990_fu_15575_p2           |         +|   0|  0|   15|           8|           8|
    |p_Val2_1993_fu_15767_p2           |         +|   0|  0|   15|           8|           8|
    |p_Val2_1996_fu_19853_p2           |         +|   0|  0|   15|           8|           8|
    |ret_V_646_fu_19716_p2             |         +|   0|  0|   40|          33|          21|
    |ret_V_647_fu_19779_p2             |         +|   0|  0|   30|          23|          23|
    |ret_V_518_fu_20541_p2             |         -|   0|  0|   17|          10|           9|
    |ret_V_520_fu_20558_p2             |         -|   0|  0|   17|          10|           9|
    |ret_V_522_fu_20575_p2             |         -|   0|  0|   17|          10|           9|
    |ret_V_524_fu_20592_p2             |         -|   0|  0|   17|          10|           9|
    |ret_V_526_fu_20609_p2             |         -|   0|  0|   17|          10|           9|
    |ret_V_528_fu_20626_p2             |         -|   0|  0|   17|          10|           9|
    |ret_V_530_fu_20643_p2             |         -|   0|  0|   17|          10|           9|
    |ret_V_532_fu_20660_p2             |         -|   0|  0|   17|          10|           9|
    |ret_V_534_fu_20677_p2             |         -|   0|  0|   17|          10|           9|
    |ret_V_536_fu_20694_p2             |         -|   0|  0|   17|          10|           9|
    |ret_V_538_fu_20711_p2             |         -|   0|  0|   17|          10|           9|
    |ret_V_540_fu_20728_p2             |         -|   0|  0|   17|          10|           9|
    |ret_V_542_fu_20745_p2             |         -|   0|  0|   17|          10|           9|
    |ret_V_544_fu_20762_p2             |         -|   0|  0|   17|          10|           9|
    |ret_V_546_fu_20779_p2             |         -|   0|  0|   17|          10|           9|
    |ret_V_548_fu_20796_p2             |         -|   0|  0|   17|          10|           9|
    |ret_V_550_fu_20813_p2             |         -|   0|  0|   17|          10|           9|
    |ret_V_552_fu_20830_p2             |         -|   0|  0|   17|          10|           9|
    |ret_V_554_fu_20847_p2             |         -|   0|  0|   17|          10|           9|
    |ret_V_556_fu_20864_p2             |         -|   0|  0|   17|          10|           9|
    |ret_V_558_fu_20881_p2             |         -|   0|  0|   17|          10|           9|
    |ret_V_560_fu_20898_p2             |         -|   0|  0|   17|          10|           9|
    |ret_V_562_fu_20915_p2             |         -|   0|  0|   17|          10|           9|
    |ret_V_564_fu_20932_p2             |         -|   0|  0|   17|          10|           9|
    |ret_V_566_fu_20949_p2             |         -|   0|  0|   17|          10|           9|
    |ret_V_568_fu_20966_p2             |         -|   0|  0|   17|          10|           9|
    |ret_V_570_fu_20983_p2             |         -|   0|  0|   17|          10|           9|
    |ret_V_572_fu_21000_p2             |         -|   0|  0|   17|          10|           9|
    |ret_V_574_fu_21017_p2             |         -|   0|  0|   17|          10|           9|
    |ret_V_576_fu_21034_p2             |         -|   0|  0|   17|          10|           9|
    |ret_V_578_fu_21051_p2             |         -|   0|  0|   17|          10|           9|
    |ret_V_580_fu_21068_p2             |         -|   0|  0|   17|          10|           9|
    |ret_V_582_fu_21085_p2             |         -|   0|  0|   17|          10|           9|
    |ret_V_584_fu_21102_p2             |         -|   0|  0|   17|          10|           9|
    |ret_V_586_fu_21119_p2             |         -|   0|  0|   17|          10|           9|
    |ret_V_588_fu_21136_p2             |         -|   0|  0|   17|          10|           9|
    |ret_V_590_fu_21153_p2             |         -|   0|  0|   17|          10|           9|
    |ret_V_592_fu_21170_p2             |         -|   0|  0|   17|          10|           9|
    |ret_V_594_fu_21187_p2             |         -|   0|  0|   17|          10|           9|
    |ret_V_596_fu_21204_p2             |         -|   0|  0|   17|          10|           9|
    |ret_V_598_fu_21221_p2             |         -|   0|  0|   17|          10|           9|
    |ret_V_600_fu_21238_p2             |         -|   0|  0|   17|          10|           9|
    |ret_V_602_fu_21255_p2             |         -|   0|  0|   17|          10|           9|
    |ret_V_604_fu_21272_p2             |         -|   0|  0|   17|          10|           9|
    |ret_V_606_fu_21289_p2             |         -|   0|  0|   17|          10|           9|
    |ret_V_608_fu_21306_p2             |         -|   0|  0|   17|          10|           9|
    |ret_V_610_fu_21323_p2             |         -|   0|  0|   17|          10|           9|
    |ret_V_612_fu_21340_p2             |         -|   0|  0|   17|          10|           9|
    |ret_V_614_fu_21357_p2             |         -|   0|  0|   17|          10|           9|
    |ret_V_616_fu_21374_p2             |         -|   0|  0|   17|          10|           9|
    |ret_V_618_fu_21391_p2             |         -|   0|  0|   17|          10|           9|
    |ret_V_620_fu_21408_p2             |         -|   0|  0|   17|          10|           9|
    |ret_V_622_fu_21425_p2             |         -|   0|  0|   17|          10|           9|
    |ret_V_624_fu_21442_p2             |         -|   0|  0|   17|          10|           9|
    |ret_V_626_fu_21459_p2             |         -|   0|  0|   17|          10|           9|
    |ret_V_628_fu_21476_p2             |         -|   0|  0|   17|          10|           9|
    |ret_V_630_fu_21493_p2             |         -|   0|  0|   17|          10|           9|
    |ret_V_632_fu_21510_p2             |         -|   0|  0|   17|          10|           9|
    |ret_V_634_fu_21527_p2             |         -|   0|  0|   17|          10|           9|
    |ret_V_636_fu_21544_p2             |         -|   0|  0|   17|          10|           9|
    |ret_V_638_fu_21561_p2             |         -|   0|  0|   17|          10|           9|
    |ret_V_640_fu_21578_p2             |         -|   0|  0|   17|          10|           9|
    |ret_V_642_fu_21595_p2             |         -|   0|  0|   17|          10|           9|
    |ret_V_fu_20524_p2                 |         -|   0|  0|   17|          10|           9|
    |and_ln374_576_fu_3166_p2          |       and|   0|  0|    2|           1|           1|
    |and_ln374_577_fu_3385_p2          |       and|   0|  0|    2|           1|           1|
    |and_ln374_578_fu_3577_p2          |       and|   0|  0|    2|           1|           1|
    |and_ln374_579_fu_3791_p2          |       and|   0|  0|    2|           1|           1|
    |and_ln374_580_fu_3983_p2          |       and|   0|  0|    2|           1|           1|
    |and_ln374_581_fu_4197_p2          |       and|   0|  0|    2|           1|           1|
    |and_ln374_582_fu_4389_p2          |       and|   0|  0|    2|           1|           1|
    |and_ln374_583_fu_4603_p2          |       and|   0|  0|    2|           1|           1|
    |and_ln374_584_fu_4795_p2          |       and|   0|  0|    2|           1|           1|
    |and_ln374_585_fu_5009_p2          |       and|   0|  0|    2|           1|           1|
    |and_ln374_586_fu_5201_p2          |       and|   0|  0|    2|           1|           1|
    |and_ln374_587_fu_5415_p2          |       and|   0|  0|    2|           1|           1|
    |and_ln374_588_fu_5607_p2          |       and|   0|  0|    2|           1|           1|
    |and_ln374_589_fu_5821_p2          |       and|   0|  0|    2|           1|           1|
    |and_ln374_590_fu_6013_p2          |       and|   0|  0|    2|           1|           1|
    |and_ln374_591_fu_6227_p2          |       and|   0|  0|    2|           1|           1|
    |and_ln374_592_fu_6419_p2          |       and|   0|  0|    2|           1|           1|
    |and_ln374_593_fu_6633_p2          |       and|   0|  0|    2|           1|           1|
    |and_ln374_594_fu_6825_p2          |       and|   0|  0|    2|           1|           1|
    |and_ln374_595_fu_7039_p2          |       and|   0|  0|    2|           1|           1|
    |and_ln374_596_fu_7231_p2          |       and|   0|  0|    2|           1|           1|
    |and_ln374_597_fu_7445_p2          |       and|   0|  0|    2|           1|           1|
    |and_ln374_598_fu_7637_p2          |       and|   0|  0|    2|           1|           1|
    |and_ln374_599_fu_7851_p2          |       and|   0|  0|    2|           1|           1|
    |and_ln374_600_fu_8043_p2          |       and|   0|  0|    2|           1|           1|
    |and_ln374_601_fu_8257_p2          |       and|   0|  0|    2|           1|           1|
    |and_ln374_602_fu_8449_p2          |       and|   0|  0|    2|           1|           1|
    |and_ln374_603_fu_8663_p2          |       and|   0|  0|    2|           1|           1|
    |and_ln374_604_fu_8855_p2          |       and|   0|  0|    2|           1|           1|
    |and_ln374_605_fu_9069_p2          |       and|   0|  0|    2|           1|           1|
    |and_ln374_606_fu_9261_p2          |       and|   0|  0|    2|           1|           1|
    |and_ln374_607_fu_9475_p2          |       and|   0|  0|    2|           1|           1|
    |and_ln374_608_fu_9667_p2          |       and|   0|  0|    2|           1|           1|
    |and_ln374_609_fu_9881_p2          |       and|   0|  0|    2|           1|           1|
    |and_ln374_610_fu_10073_p2         |       and|   0|  0|    2|           1|           1|
    |and_ln374_611_fu_10287_p2         |       and|   0|  0|    2|           1|           1|
    |and_ln374_612_fu_10479_p2         |       and|   0|  0|    2|           1|           1|
    |and_ln374_613_fu_10693_p2         |       and|   0|  0|    2|           1|           1|
    |and_ln374_614_fu_10885_p2         |       and|   0|  0|    2|           1|           1|
    |and_ln374_615_fu_11099_p2         |       and|   0|  0|    2|           1|           1|
    |and_ln374_616_fu_11291_p2         |       and|   0|  0|    2|           1|           1|
    |and_ln374_617_fu_11505_p2         |       and|   0|  0|    2|           1|           1|
    |and_ln374_618_fu_11697_p2         |       and|   0|  0|    2|           1|           1|
    |and_ln374_619_fu_11911_p2         |       and|   0|  0|    2|           1|           1|
    |and_ln374_620_fu_12103_p2         |       and|   0|  0|    2|           1|           1|
    |and_ln374_621_fu_12317_p2         |       and|   0|  0|    2|           1|           1|
    |and_ln374_622_fu_12509_p2         |       and|   0|  0|    2|           1|           1|
    |and_ln374_623_fu_12723_p2         |       and|   0|  0|    2|           1|           1|
    |and_ln374_624_fu_12915_p2         |       and|   0|  0|    2|           1|           1|
    |and_ln374_625_fu_13129_p2         |       and|   0|  0|    2|           1|           1|
    |and_ln374_626_fu_13321_p2         |       and|   0|  0|    2|           1|           1|
    |and_ln374_627_fu_13535_p2         |       and|   0|  0|    2|           1|           1|
    |and_ln374_628_fu_13727_p2         |       and|   0|  0|    2|           1|           1|
    |and_ln374_629_fu_13941_p2         |       and|   0|  0|    2|           1|           1|
    |and_ln374_630_fu_14133_p2         |       and|   0|  0|    2|           1|           1|
    |and_ln374_631_fu_14347_p2         |       and|   0|  0|    2|           1|           1|
    |and_ln374_632_fu_14539_p2         |       and|   0|  0|    2|           1|           1|
    |and_ln374_633_fu_14753_p2         |       and|   0|  0|    2|           1|           1|
    |and_ln374_634_fu_14945_p2         |       and|   0|  0|    2|           1|           1|
    |and_ln374_635_fu_15159_p2         |       and|   0|  0|    2|           1|           1|
    |and_ln374_636_fu_15351_p2         |       and|   0|  0|    2|           1|           1|
    |and_ln374_637_fu_15565_p2         |       and|   0|  0|    2|           1|           1|
    |and_ln374_638_fu_15757_p2         |       and|   0|  0|    2|           1|           1|
    |and_ln374_639_fu_19843_p2         |       and|   0|  0|    2|           1|           1|
    |and_ln374_fu_2974_p2              |       and|   0|  0|    2|           1|           1|
    |and_ln891_70_fu_19917_p2          |       and|   0|  0|    2|           1|           1|
    |and_ln891_fu_19923_p2             |       and|   0|  0|    2|           1|           1|
    |and_ln896_385_fu_3266_p2          |       and|   0|  0|    2|           1|           1|
    |and_ln896_387_fu_3485_p2          |       and|   0|  0|    2|           1|           1|
    |and_ln896_389_fu_3677_p2          |       and|   0|  0|    2|           1|           1|
    |and_ln896_391_fu_3891_p2          |       and|   0|  0|    2|           1|           1|
    |and_ln896_393_fu_4083_p2          |       and|   0|  0|    2|           1|           1|
    |and_ln896_395_fu_4297_p2          |       and|   0|  0|    2|           1|           1|
    |and_ln896_397_fu_4489_p2          |       and|   0|  0|    2|           1|           1|
    |and_ln896_399_fu_4703_p2          |       and|   0|  0|    2|           1|           1|
    |and_ln896_401_fu_4895_p2          |       and|   0|  0|    2|           1|           1|
    |and_ln896_403_fu_5109_p2          |       and|   0|  0|    2|           1|           1|
    |and_ln896_405_fu_5301_p2          |       and|   0|  0|    2|           1|           1|
    |and_ln896_407_fu_5515_p2          |       and|   0|  0|    2|           1|           1|
    |and_ln896_409_fu_5707_p2          |       and|   0|  0|    2|           1|           1|
    |and_ln896_411_fu_5921_p2          |       and|   0|  0|    2|           1|           1|
    |and_ln896_413_fu_6113_p2          |       and|   0|  0|    2|           1|           1|
    |and_ln896_415_fu_6327_p2          |       and|   0|  0|    2|           1|           1|
    |and_ln896_417_fu_6519_p2          |       and|   0|  0|    2|           1|           1|
    |and_ln896_419_fu_6733_p2          |       and|   0|  0|    2|           1|           1|
    |and_ln896_421_fu_6925_p2          |       and|   0|  0|    2|           1|           1|
    |and_ln896_423_fu_7139_p2          |       and|   0|  0|    2|           1|           1|
    |and_ln896_425_fu_7331_p2          |       and|   0|  0|    2|           1|           1|
    |and_ln896_427_fu_7545_p2          |       and|   0|  0|    2|           1|           1|
    |and_ln896_429_fu_7737_p2          |       and|   0|  0|    2|           1|           1|
    |and_ln896_431_fu_7951_p2          |       and|   0|  0|    2|           1|           1|
    |and_ln896_433_fu_8143_p2          |       and|   0|  0|    2|           1|           1|
    |and_ln896_435_fu_8357_p2          |       and|   0|  0|    2|           1|           1|
    |and_ln896_437_fu_8549_p2          |       and|   0|  0|    2|           1|           1|
    |and_ln896_439_fu_8763_p2          |       and|   0|  0|    2|           1|           1|
    |and_ln896_441_fu_8955_p2          |       and|   0|  0|    2|           1|           1|
    |and_ln896_443_fu_9169_p2          |       and|   0|  0|    2|           1|           1|
    |and_ln896_445_fu_9361_p2          |       and|   0|  0|    2|           1|           1|
    |and_ln896_447_fu_9575_p2          |       and|   0|  0|    2|           1|           1|
    |and_ln896_449_fu_9767_p2          |       and|   0|  0|    2|           1|           1|
    |and_ln896_451_fu_9981_p2          |       and|   0|  0|    2|           1|           1|
    |and_ln896_453_fu_10173_p2         |       and|   0|  0|    2|           1|           1|
    |and_ln896_455_fu_10387_p2         |       and|   0|  0|    2|           1|           1|
    |and_ln896_457_fu_10579_p2         |       and|   0|  0|    2|           1|           1|
    |and_ln896_459_fu_10793_p2         |       and|   0|  0|    2|           1|           1|
    |and_ln896_461_fu_10985_p2         |       and|   0|  0|    2|           1|           1|
    |and_ln896_463_fu_11199_p2         |       and|   0|  0|    2|           1|           1|
    |and_ln896_465_fu_11391_p2         |       and|   0|  0|    2|           1|           1|
    |and_ln896_467_fu_11605_p2         |       and|   0|  0|    2|           1|           1|
    |and_ln896_469_fu_11797_p2         |       and|   0|  0|    2|           1|           1|
    |and_ln896_471_fu_12011_p2         |       and|   0|  0|    2|           1|           1|
    |and_ln896_473_fu_12203_p2         |       and|   0|  0|    2|           1|           1|
    |and_ln896_475_fu_12417_p2         |       and|   0|  0|    2|           1|           1|
    |and_ln896_477_fu_12609_p2         |       and|   0|  0|    2|           1|           1|
    |and_ln896_479_fu_12823_p2         |       and|   0|  0|    2|           1|           1|
    |and_ln896_481_fu_13015_p2         |       and|   0|  0|    2|           1|           1|
    |and_ln896_483_fu_13229_p2         |       and|   0|  0|    2|           1|           1|
    |and_ln896_485_fu_13421_p2         |       and|   0|  0|    2|           1|           1|
    |and_ln896_487_fu_13635_p2         |       and|   0|  0|    2|           1|           1|
    |and_ln896_489_fu_13827_p2         |       and|   0|  0|    2|           1|           1|
    |and_ln896_491_fu_14041_p2         |       and|   0|  0|    2|           1|           1|
    |and_ln896_493_fu_14233_p2         |       and|   0|  0|    2|           1|           1|
    |and_ln896_495_fu_14447_p2         |       and|   0|  0|    2|           1|           1|
    |and_ln896_497_fu_14639_p2         |       and|   0|  0|    2|           1|           1|
    |and_ln896_499_fu_14853_p2         |       and|   0|  0|    2|           1|           1|
    |and_ln896_501_fu_15045_p2         |       and|   0|  0|    2|           1|           1|
    |and_ln896_503_fu_15259_p2         |       and|   0|  0|    2|           1|           1|
    |and_ln896_505_fu_15451_p2         |       and|   0|  0|    2|           1|           1|
    |and_ln896_507_fu_15665_p2         |       and|   0|  0|    2|           1|           1|
    |and_ln896_509_fu_15857_p2         |       and|   0|  0|    2|           1|           1|
    |and_ln896_fu_3074_p2              |       and|   0|  0|    2|           1|           1|
    |carry_519_fu_3004_p2              |       and|   0|  0|    2|           1|           1|
    |carry_521_fu_3196_p2              |       and|   0|  0|    2|           1|           1|
    |carry_523_fu_3415_p2              |       and|   0|  0|    2|           1|           1|
    |carry_525_fu_3607_p2              |       and|   0|  0|    2|           1|           1|
    |carry_527_fu_3821_p2              |       and|   0|  0|    2|           1|           1|
    |carry_529_fu_4013_p2              |       and|   0|  0|    2|           1|           1|
    |carry_531_fu_4227_p2              |       and|   0|  0|    2|           1|           1|
    |carry_533_fu_4419_p2              |       and|   0|  0|    2|           1|           1|
    |carry_535_fu_4633_p2              |       and|   0|  0|    2|           1|           1|
    |carry_537_fu_4825_p2              |       and|   0|  0|    2|           1|           1|
    |carry_539_fu_5039_p2              |       and|   0|  0|    2|           1|           1|
    |carry_541_fu_5231_p2              |       and|   0|  0|    2|           1|           1|
    |carry_543_fu_5445_p2              |       and|   0|  0|    2|           1|           1|
    |carry_545_fu_5637_p2              |       and|   0|  0|    2|           1|           1|
    |carry_547_fu_5851_p2              |       and|   0|  0|    2|           1|           1|
    |carry_549_fu_6043_p2              |       and|   0|  0|    2|           1|           1|
    |carry_551_fu_6257_p2              |       and|   0|  0|    2|           1|           1|
    |carry_553_fu_6449_p2              |       and|   0|  0|    2|           1|           1|
    |carry_555_fu_6663_p2              |       and|   0|  0|    2|           1|           1|
    |carry_557_fu_6855_p2              |       and|   0|  0|    2|           1|           1|
    |carry_559_fu_7069_p2              |       and|   0|  0|    2|           1|           1|
    |carry_561_fu_7261_p2              |       and|   0|  0|    2|           1|           1|
    |carry_563_fu_7475_p2              |       and|   0|  0|    2|           1|           1|
    |carry_565_fu_7667_p2              |       and|   0|  0|    2|           1|           1|
    |carry_567_fu_7881_p2              |       and|   0|  0|    2|           1|           1|
    |carry_569_fu_8073_p2              |       and|   0|  0|    2|           1|           1|
    |carry_571_fu_8287_p2              |       and|   0|  0|    2|           1|           1|
    |carry_573_fu_8479_p2              |       and|   0|  0|    2|           1|           1|
    |carry_575_fu_8693_p2              |       and|   0|  0|    2|           1|           1|
    |carry_577_fu_8885_p2              |       and|   0|  0|    2|           1|           1|
    |carry_579_fu_9099_p2              |       and|   0|  0|    2|           1|           1|
    |carry_581_fu_9291_p2              |       and|   0|  0|    2|           1|           1|
    |carry_583_fu_9505_p2              |       and|   0|  0|    2|           1|           1|
    |carry_585_fu_9697_p2              |       and|   0|  0|    2|           1|           1|
    |carry_587_fu_9911_p2              |       and|   0|  0|    2|           1|           1|
    |carry_589_fu_10103_p2             |       and|   0|  0|    2|           1|           1|
    |carry_591_fu_10317_p2             |       and|   0|  0|    2|           1|           1|
    |carry_593_fu_10509_p2             |       and|   0|  0|    2|           1|           1|
    |carry_595_fu_10723_p2             |       and|   0|  0|    2|           1|           1|
    |carry_597_fu_10915_p2             |       and|   0|  0|    2|           1|           1|
    |carry_599_fu_11129_p2             |       and|   0|  0|    2|           1|           1|
    |carry_601_fu_11321_p2             |       and|   0|  0|    2|           1|           1|
    |carry_603_fu_11535_p2             |       and|   0|  0|    2|           1|           1|
    |carry_605_fu_11727_p2             |       and|   0|  0|    2|           1|           1|
    |carry_607_fu_11941_p2             |       and|   0|  0|    2|           1|           1|
    |carry_609_fu_12133_p2             |       and|   0|  0|    2|           1|           1|
    |carry_611_fu_12347_p2             |       and|   0|  0|    2|           1|           1|
    |carry_613_fu_12539_p2             |       and|   0|  0|    2|           1|           1|
    |carry_615_fu_12753_p2             |       and|   0|  0|    2|           1|           1|
    |carry_617_fu_12945_p2             |       and|   0|  0|    2|           1|           1|
    |carry_619_fu_13159_p2             |       and|   0|  0|    2|           1|           1|
    |carry_621_fu_13351_p2             |       and|   0|  0|    2|           1|           1|
    |carry_623_fu_13565_p2             |       and|   0|  0|    2|           1|           1|
    |carry_625_fu_13757_p2             |       and|   0|  0|    2|           1|           1|
    |carry_627_fu_13971_p2             |       and|   0|  0|    2|           1|           1|
    |carry_629_fu_14163_p2             |       and|   0|  0|    2|           1|           1|
    |carry_631_fu_14377_p2             |       and|   0|  0|    2|           1|           1|
    |carry_633_fu_14569_p2             |       and|   0|  0|    2|           1|           1|
    |carry_635_fu_14783_p2             |       and|   0|  0|    2|           1|           1|
    |carry_637_fu_14975_p2             |       and|   0|  0|    2|           1|           1|
    |carry_639_fu_15189_p2             |       and|   0|  0|    2|           1|           1|
    |carry_641_fu_15381_p2             |       and|   0|  0|    2|           1|           1|
    |carry_643_fu_15595_p2             |       and|   0|  0|    2|           1|           1|
    |carry_645_fu_15787_p2             |       and|   0|  0|    2|           1|           1|
    |deleted_ones_322_fu_19911_p2      |       and|   0|  0|    2|           1|           1|
    |overflow_259_fu_3248_p2           |       and|   0|  0|    2|           1|           1|
    |overflow_260_fu_3467_p2           |       and|   0|  0|    2|           1|           1|
    |overflow_261_fu_3659_p2           |       and|   0|  0|    2|           1|           1|
    |overflow_262_fu_3873_p2           |       and|   0|  0|    2|           1|           1|
    |overflow_263_fu_4065_p2           |       and|   0|  0|    2|           1|           1|
    |overflow_264_fu_4279_p2           |       and|   0|  0|    2|           1|           1|
    |overflow_265_fu_4471_p2           |       and|   0|  0|    2|           1|           1|
    |overflow_266_fu_4685_p2           |       and|   0|  0|    2|           1|           1|
    |overflow_267_fu_4877_p2           |       and|   0|  0|    2|           1|           1|
    |overflow_268_fu_5091_p2           |       and|   0|  0|    2|           1|           1|
    |overflow_269_fu_5283_p2           |       and|   0|  0|    2|           1|           1|
    |overflow_270_fu_5497_p2           |       and|   0|  0|    2|           1|           1|
    |overflow_271_fu_5689_p2           |       and|   0|  0|    2|           1|           1|
    |overflow_272_fu_5903_p2           |       and|   0|  0|    2|           1|           1|
    |overflow_273_fu_6095_p2           |       and|   0|  0|    2|           1|           1|
    |overflow_274_fu_6309_p2           |       and|   0|  0|    2|           1|           1|
    |overflow_275_fu_6501_p2           |       and|   0|  0|    2|           1|           1|
    |overflow_276_fu_6715_p2           |       and|   0|  0|    2|           1|           1|
    |overflow_277_fu_6907_p2           |       and|   0|  0|    2|           1|           1|
    |overflow_278_fu_7121_p2           |       and|   0|  0|    2|           1|           1|
    |overflow_279_fu_7313_p2           |       and|   0|  0|    2|           1|           1|
    |overflow_280_fu_7527_p2           |       and|   0|  0|    2|           1|           1|
    |overflow_281_fu_7719_p2           |       and|   0|  0|    2|           1|           1|
    |overflow_282_fu_7933_p2           |       and|   0|  0|    2|           1|           1|
    |overflow_283_fu_8125_p2           |       and|   0|  0|    2|           1|           1|
    |overflow_284_fu_8339_p2           |       and|   0|  0|    2|           1|           1|
    |overflow_285_fu_8531_p2           |       and|   0|  0|    2|           1|           1|
    |overflow_286_fu_8745_p2           |       and|   0|  0|    2|           1|           1|
    |overflow_287_fu_8937_p2           |       and|   0|  0|    2|           1|           1|
    |overflow_288_fu_9151_p2           |       and|   0|  0|    2|           1|           1|
    |overflow_289_fu_9343_p2           |       and|   0|  0|    2|           1|           1|
    |overflow_290_fu_9557_p2           |       and|   0|  0|    2|           1|           1|
    |overflow_291_fu_9749_p2           |       and|   0|  0|    2|           1|           1|
    |overflow_292_fu_9963_p2           |       and|   0|  0|    2|           1|           1|
    |overflow_293_fu_10155_p2          |       and|   0|  0|    2|           1|           1|
    |overflow_294_fu_10369_p2          |       and|   0|  0|    2|           1|           1|
    |overflow_295_fu_10561_p2          |       and|   0|  0|    2|           1|           1|
    |overflow_296_fu_10775_p2          |       and|   0|  0|    2|           1|           1|
    |overflow_297_fu_10967_p2          |       and|   0|  0|    2|           1|           1|
    |overflow_298_fu_11181_p2          |       and|   0|  0|    2|           1|           1|
    |overflow_299_fu_11373_p2          |       and|   0|  0|    2|           1|           1|
    |overflow_300_fu_11587_p2          |       and|   0|  0|    2|           1|           1|
    |overflow_301_fu_11779_p2          |       and|   0|  0|    2|           1|           1|
    |overflow_302_fu_11993_p2          |       and|   0|  0|    2|           1|           1|
    |overflow_303_fu_12185_p2          |       and|   0|  0|    2|           1|           1|
    |overflow_304_fu_12399_p2          |       and|   0|  0|    2|           1|           1|
    |overflow_305_fu_12591_p2          |       and|   0|  0|    2|           1|           1|
    |overflow_306_fu_12805_p2          |       and|   0|  0|    2|           1|           1|
    |overflow_307_fu_12997_p2          |       and|   0|  0|    2|           1|           1|
    |overflow_308_fu_13211_p2          |       and|   0|  0|    2|           1|           1|
    |overflow_309_fu_13403_p2          |       and|   0|  0|    2|           1|           1|
    |overflow_310_fu_13617_p2          |       and|   0|  0|    2|           1|           1|
    |overflow_311_fu_13809_p2          |       and|   0|  0|    2|           1|           1|
    |overflow_312_fu_14023_p2          |       and|   0|  0|    2|           1|           1|
    |overflow_313_fu_14215_p2          |       and|   0|  0|    2|           1|           1|
    |overflow_314_fu_14429_p2          |       and|   0|  0|    2|           1|           1|
    |overflow_315_fu_14621_p2          |       and|   0|  0|    2|           1|           1|
    |overflow_316_fu_14835_p2          |       and|   0|  0|    2|           1|           1|
    |overflow_317_fu_15027_p2          |       and|   0|  0|    2|           1|           1|
    |overflow_318_fu_15241_p2          |       and|   0|  0|    2|           1|           1|
    |overflow_319_fu_15433_p2          |       and|   0|  0|    2|           1|           1|
    |overflow_320_fu_15647_p2          |       and|   0|  0|    2|           1|           1|
    |overflow_321_fu_15839_p2          |       and|   0|  0|    2|           1|           1|
    |overflow_322_fu_19953_p2          |       and|   0|  0|    2|           1|           1|
    |overflow_fu_3056_p2               |       and|   0|  0|    2|           1|           1|
    |underflow_259_fu_3272_p2          |       and|   0|  0|    2|           1|           1|
    |underflow_260_fu_3491_p2          |       and|   0|  0|    2|           1|           1|
    |underflow_261_fu_3683_p2          |       and|   0|  0|    2|           1|           1|
    |underflow_262_fu_3897_p2          |       and|   0|  0|    2|           1|           1|
    |underflow_263_fu_4089_p2          |       and|   0|  0|    2|           1|           1|
    |underflow_264_fu_4303_p2          |       and|   0|  0|    2|           1|           1|
    |underflow_265_fu_4495_p2          |       and|   0|  0|    2|           1|           1|
    |underflow_266_fu_4709_p2          |       and|   0|  0|    2|           1|           1|
    |underflow_267_fu_4901_p2          |       and|   0|  0|    2|           1|           1|
    |underflow_268_fu_5115_p2          |       and|   0|  0|    2|           1|           1|
    |underflow_269_fu_5307_p2          |       and|   0|  0|    2|           1|           1|
    |underflow_270_fu_5521_p2          |       and|   0|  0|    2|           1|           1|
    |underflow_271_fu_5713_p2          |       and|   0|  0|    2|           1|           1|
    |underflow_272_fu_5927_p2          |       and|   0|  0|    2|           1|           1|
    |underflow_273_fu_6119_p2          |       and|   0|  0|    2|           1|           1|
    |underflow_274_fu_6333_p2          |       and|   0|  0|    2|           1|           1|
    |underflow_275_fu_6525_p2          |       and|   0|  0|    2|           1|           1|
    |underflow_276_fu_6739_p2          |       and|   0|  0|    2|           1|           1|
    |underflow_277_fu_6931_p2          |       and|   0|  0|    2|           1|           1|
    |underflow_278_fu_7145_p2          |       and|   0|  0|    2|           1|           1|
    |underflow_279_fu_7337_p2          |       and|   0|  0|    2|           1|           1|
    |underflow_280_fu_7551_p2          |       and|   0|  0|    2|           1|           1|
    |underflow_281_fu_7743_p2          |       and|   0|  0|    2|           1|           1|
    |underflow_282_fu_7957_p2          |       and|   0|  0|    2|           1|           1|
    |underflow_283_fu_8149_p2          |       and|   0|  0|    2|           1|           1|
    |underflow_284_fu_8363_p2          |       and|   0|  0|    2|           1|           1|
    |underflow_285_fu_8555_p2          |       and|   0|  0|    2|           1|           1|
    |underflow_286_fu_8769_p2          |       and|   0|  0|    2|           1|           1|
    |underflow_287_fu_8961_p2          |       and|   0|  0|    2|           1|           1|
    |underflow_288_fu_9175_p2          |       and|   0|  0|    2|           1|           1|
    |underflow_289_fu_9367_p2          |       and|   0|  0|    2|           1|           1|
    |underflow_290_fu_9581_p2          |       and|   0|  0|    2|           1|           1|
    |underflow_291_fu_9773_p2          |       and|   0|  0|    2|           1|           1|
    |underflow_292_fu_9987_p2          |       and|   0|  0|    2|           1|           1|
    |underflow_293_fu_10179_p2         |       and|   0|  0|    2|           1|           1|
    |underflow_294_fu_10393_p2         |       and|   0|  0|    2|           1|           1|
    |underflow_295_fu_10585_p2         |       and|   0|  0|    2|           1|           1|
    |underflow_296_fu_10799_p2         |       and|   0|  0|    2|           1|           1|
    |underflow_297_fu_10991_p2         |       and|   0|  0|    2|           1|           1|
    |underflow_298_fu_11205_p2         |       and|   0|  0|    2|           1|           1|
    |underflow_299_fu_11397_p2         |       and|   0|  0|    2|           1|           1|
    |underflow_300_fu_11611_p2         |       and|   0|  0|    2|           1|           1|
    |underflow_301_fu_11803_p2         |       and|   0|  0|    2|           1|           1|
    |underflow_302_fu_12017_p2         |       and|   0|  0|    2|           1|           1|
    |underflow_303_fu_12209_p2         |       and|   0|  0|    2|           1|           1|
    |underflow_304_fu_12423_p2         |       and|   0|  0|    2|           1|           1|
    |underflow_305_fu_12615_p2         |       and|   0|  0|    2|           1|           1|
    |underflow_306_fu_12829_p2         |       and|   0|  0|    2|           1|           1|
    |underflow_307_fu_13021_p2         |       and|   0|  0|    2|           1|           1|
    |underflow_308_fu_13235_p2         |       and|   0|  0|    2|           1|           1|
    |underflow_309_fu_13427_p2         |       and|   0|  0|    2|           1|           1|
    |underflow_310_fu_13641_p2         |       and|   0|  0|    2|           1|           1|
    |underflow_311_fu_13833_p2         |       and|   0|  0|    2|           1|           1|
    |underflow_312_fu_14047_p2         |       and|   0|  0|    2|           1|           1|
    |underflow_313_fu_14239_p2         |       and|   0|  0|    2|           1|           1|
    |underflow_314_fu_14453_p2         |       and|   0|  0|    2|           1|           1|
    |underflow_315_fu_14645_p2         |       and|   0|  0|    2|           1|           1|
    |underflow_316_fu_14859_p2         |       and|   0|  0|    2|           1|           1|
    |underflow_317_fu_15051_p2         |       and|   0|  0|    2|           1|           1|
    |underflow_318_fu_15265_p2         |       and|   0|  0|    2|           1|           1|
    |underflow_319_fu_15457_p2         |       and|   0|  0|    2|           1|           1|
    |underflow_320_fu_15671_p2         |       and|   0|  0|    2|           1|           1|
    |underflow_321_fu_15863_p2         |       and|   0|  0|    2|           1|           1|
    |underflow_322_fu_19977_p2         |       and|   0|  0|    2|           1|           1|
    |underflow_fu_3080_p2              |       and|   0|  0|    2|           1|           1|
    |icmp_ln1649_fu_19728_p2           |      icmp|   0|  0|   20|          33|          22|
    |icmp_ln485_fu_19606_p2            |      icmp|   0|  0|   11|           7|           8|
    |r_576_fu_3146_p2                  |      icmp|   0|  0|   10|           7|           1|
    |r_577_fu_3365_p2                  |      icmp|   0|  0|   10|           7|           1|
    |r_578_fu_3557_p2                  |      icmp|   0|  0|   10|           7|           1|
    |r_579_fu_3771_p2                  |      icmp|   0|  0|   10|           7|           1|
    |r_580_fu_3963_p2                  |      icmp|   0|  0|   10|           7|           1|
    |r_581_fu_4177_p2                  |      icmp|   0|  0|   10|           7|           1|
    |r_582_fu_4369_p2                  |      icmp|   0|  0|   10|           7|           1|
    |r_583_fu_4583_p2                  |      icmp|   0|  0|   10|           7|           1|
    |r_584_fu_4775_p2                  |      icmp|   0|  0|   10|           7|           1|
    |r_585_fu_4989_p2                  |      icmp|   0|  0|   10|           7|           1|
    |r_586_fu_5181_p2                  |      icmp|   0|  0|   10|           7|           1|
    |r_587_fu_5395_p2                  |      icmp|   0|  0|   10|           7|           1|
    |r_588_fu_5587_p2                  |      icmp|   0|  0|   10|           7|           1|
    |r_589_fu_5801_p2                  |      icmp|   0|  0|   10|           7|           1|
    |r_590_fu_5993_p2                  |      icmp|   0|  0|   10|           7|           1|
    |r_591_fu_6207_p2                  |      icmp|   0|  0|   10|           7|           1|
    |r_592_fu_6399_p2                  |      icmp|   0|  0|   10|           7|           1|
    |r_593_fu_6613_p2                  |      icmp|   0|  0|   10|           7|           1|
    |r_594_fu_6805_p2                  |      icmp|   0|  0|   10|           7|           1|
    |r_595_fu_7019_p2                  |      icmp|   0|  0|   10|           7|           1|
    |r_596_fu_7211_p2                  |      icmp|   0|  0|   10|           7|           1|
    |r_597_fu_7425_p2                  |      icmp|   0|  0|   10|           7|           1|
    |r_598_fu_7617_p2                  |      icmp|   0|  0|   10|           7|           1|
    |r_599_fu_7831_p2                  |      icmp|   0|  0|   10|           7|           1|
    |r_600_fu_8023_p2                  |      icmp|   0|  0|   10|           7|           1|
    |r_601_fu_8237_p2                  |      icmp|   0|  0|   10|           7|           1|
    |r_602_fu_8429_p2                  |      icmp|   0|  0|   10|           7|           1|
    |r_603_fu_8643_p2                  |      icmp|   0|  0|   10|           7|           1|
    |r_604_fu_8835_p2                  |      icmp|   0|  0|   10|           7|           1|
    |r_605_fu_9049_p2                  |      icmp|   0|  0|   10|           7|           1|
    |r_606_fu_9241_p2                  |      icmp|   0|  0|   10|           7|           1|
    |r_607_fu_9455_p2                  |      icmp|   0|  0|   10|           7|           1|
    |r_608_fu_9647_p2                  |      icmp|   0|  0|   10|           7|           1|
    |r_609_fu_9861_p2                  |      icmp|   0|  0|   10|           7|           1|
    |r_610_fu_10053_p2                 |      icmp|   0|  0|   10|           7|           1|
    |r_611_fu_10267_p2                 |      icmp|   0|  0|   10|           7|           1|
    |r_612_fu_10459_p2                 |      icmp|   0|  0|   10|           7|           1|
    |r_613_fu_10673_p2                 |      icmp|   0|  0|   10|           7|           1|
    |r_614_fu_10865_p2                 |      icmp|   0|  0|   10|           7|           1|
    |r_615_fu_11079_p2                 |      icmp|   0|  0|   10|           7|           1|
    |r_616_fu_11271_p2                 |      icmp|   0|  0|   10|           7|           1|
    |r_617_fu_11485_p2                 |      icmp|   0|  0|   10|           7|           1|
    |r_618_fu_11677_p2                 |      icmp|   0|  0|   10|           7|           1|
    |r_619_fu_11891_p2                 |      icmp|   0|  0|   10|           7|           1|
    |r_620_fu_12083_p2                 |      icmp|   0|  0|   10|           7|           1|
    |r_621_fu_12297_p2                 |      icmp|   0|  0|   10|           7|           1|
    |r_622_fu_12489_p2                 |      icmp|   0|  0|   10|           7|           1|
    |r_623_fu_12703_p2                 |      icmp|   0|  0|   10|           7|           1|
    |r_624_fu_12895_p2                 |      icmp|   0|  0|   10|           7|           1|
    |r_625_fu_13109_p2                 |      icmp|   0|  0|   10|           7|           1|
    |r_626_fu_13301_p2                 |      icmp|   0|  0|   10|           7|           1|
    |r_627_fu_13515_p2                 |      icmp|   0|  0|   10|           7|           1|
    |r_628_fu_13707_p2                 |      icmp|   0|  0|   10|           7|           1|
    |r_629_fu_13921_p2                 |      icmp|   0|  0|   10|           7|           1|
    |r_630_fu_14113_p2                 |      icmp|   0|  0|   10|           7|           1|
    |r_631_fu_14327_p2                 |      icmp|   0|  0|   10|           7|           1|
    |r_632_fu_14519_p2                 |      icmp|   0|  0|   10|           7|           1|
    |r_633_fu_14733_p2                 |      icmp|   0|  0|   10|           7|           1|
    |r_634_fu_14925_p2                 |      icmp|   0|  0|   10|           7|           1|
    |r_635_fu_15139_p2                 |      icmp|   0|  0|   10|           7|           1|
    |r_636_fu_15331_p2                 |      icmp|   0|  0|   10|           7|           1|
    |r_637_fu_15545_p2                 |      icmp|   0|  0|   10|           7|           1|
    |r_638_fu_15737_p2                 |      icmp|   0|  0|   10|           7|           1|
    |r_639_fu_19826_p2                 |      icmp|   0|  0|   12|          13|           1|
    |r_fu_2954_p2                      |      icmp|   0|  0|   10|           7|           1|
    |ap_block_state35_on_subcall_done  |        or|   0|  0|    2|           1|           1|
    |or_ln346_259_fu_3286_p2           |        or|   0|  0|    2|           1|           1|
    |or_ln346_260_fu_3505_p2           |        or|   0|  0|    2|           1|           1|
    |or_ln346_261_fu_3697_p2           |        or|   0|  0|    2|           1|           1|
    |or_ln346_262_fu_3911_p2           |        or|   0|  0|    2|           1|           1|
    |or_ln346_263_fu_4103_p2           |        or|   0|  0|    2|           1|           1|
    |or_ln346_264_fu_4317_p2           |        or|   0|  0|    2|           1|           1|
    |or_ln346_265_fu_4509_p2           |        or|   0|  0|    2|           1|           1|
    |or_ln346_266_fu_4723_p2           |        or|   0|  0|    2|           1|           1|
    |or_ln346_267_fu_4915_p2           |        or|   0|  0|    2|           1|           1|
    |or_ln346_268_fu_5129_p2           |        or|   0|  0|    2|           1|           1|
    |or_ln346_269_fu_5321_p2           |        or|   0|  0|    2|           1|           1|
    |or_ln346_270_fu_5535_p2           |        or|   0|  0|    2|           1|           1|
    |or_ln346_271_fu_5727_p2           |        or|   0|  0|    2|           1|           1|
    |or_ln346_272_fu_5941_p2           |        or|   0|  0|    2|           1|           1|
    |or_ln346_273_fu_6133_p2           |        or|   0|  0|    2|           1|           1|
    |or_ln346_274_fu_6347_p2           |        or|   0|  0|    2|           1|           1|
    |or_ln346_275_fu_6539_p2           |        or|   0|  0|    2|           1|           1|
    |or_ln346_276_fu_6753_p2           |        or|   0|  0|    2|           1|           1|
    |or_ln346_277_fu_6945_p2           |        or|   0|  0|    2|           1|           1|
    |or_ln346_278_fu_7159_p2           |        or|   0|  0|    2|           1|           1|
    |or_ln346_279_fu_7351_p2           |        or|   0|  0|    2|           1|           1|
    |or_ln346_280_fu_7565_p2           |        or|   0|  0|    2|           1|           1|
    |or_ln346_281_fu_7757_p2           |        or|   0|  0|    2|           1|           1|
    |or_ln346_282_fu_7971_p2           |        or|   0|  0|    2|           1|           1|
    |or_ln346_283_fu_8163_p2           |        or|   0|  0|    2|           1|           1|
    |or_ln346_284_fu_8377_p2           |        or|   0|  0|    2|           1|           1|
    |or_ln346_285_fu_8569_p2           |        or|   0|  0|    2|           1|           1|
    |or_ln346_286_fu_8783_p2           |        or|   0|  0|    2|           1|           1|
    |or_ln346_287_fu_8975_p2           |        or|   0|  0|    2|           1|           1|
    |or_ln346_288_fu_9189_p2           |        or|   0|  0|    2|           1|           1|
    |or_ln346_289_fu_9381_p2           |        or|   0|  0|    2|           1|           1|
    |or_ln346_290_fu_9595_p2           |        or|   0|  0|    2|           1|           1|
    |or_ln346_291_fu_9787_p2           |        or|   0|  0|    2|           1|           1|
    |or_ln346_292_fu_10001_p2          |        or|   0|  0|    2|           1|           1|
    |or_ln346_293_fu_10193_p2          |        or|   0|  0|    2|           1|           1|
    |or_ln346_294_fu_10407_p2          |        or|   0|  0|    2|           1|           1|
    |or_ln346_295_fu_10599_p2          |        or|   0|  0|    2|           1|           1|
    |or_ln346_296_fu_10813_p2          |        or|   0|  0|    2|           1|           1|
    |or_ln346_297_fu_11005_p2          |        or|   0|  0|    2|           1|           1|
    |or_ln346_298_fu_11219_p2          |        or|   0|  0|    2|           1|           1|
    |or_ln346_299_fu_11411_p2          |        or|   0|  0|    2|           1|           1|
    |or_ln346_300_fu_11625_p2          |        or|   0|  0|    2|           1|           1|
    |or_ln346_301_fu_11817_p2          |        or|   0|  0|    2|           1|           1|
    |or_ln346_302_fu_12031_p2          |        or|   0|  0|    2|           1|           1|
    |or_ln346_303_fu_12223_p2          |        or|   0|  0|    2|           1|           1|
    |or_ln346_304_fu_12437_p2          |        or|   0|  0|    2|           1|           1|
    |or_ln346_305_fu_12629_p2          |        or|   0|  0|    2|           1|           1|
    |or_ln346_306_fu_12843_p2          |        or|   0|  0|    2|           1|           1|
    |or_ln346_307_fu_13035_p2          |        or|   0|  0|    2|           1|           1|
    |or_ln346_308_fu_13249_p2          |        or|   0|  0|    2|           1|           1|
    |or_ln346_309_fu_13441_p2          |        or|   0|  0|    2|           1|           1|
    |or_ln346_310_fu_13655_p2          |        or|   0|  0|    2|           1|           1|
    |or_ln346_311_fu_13847_p2          |        or|   0|  0|    2|           1|           1|
    |or_ln346_312_fu_14061_p2          |        or|   0|  0|    2|           1|           1|
    |or_ln346_313_fu_14253_p2          |        or|   0|  0|    2|           1|           1|
    |or_ln346_314_fu_14467_p2          |        or|   0|  0|    2|           1|           1|
    |or_ln346_315_fu_14659_p2          |        or|   0|  0|    2|           1|           1|
    |or_ln346_316_fu_14873_p2          |        or|   0|  0|    2|           1|           1|
    |or_ln346_317_fu_15065_p2          |        or|   0|  0|    2|           1|           1|
    |or_ln346_318_fu_15279_p2          |        or|   0|  0|    2|           1|           1|
    |or_ln346_319_fu_15471_p2          |        or|   0|  0|    2|           1|           1|
    |or_ln346_320_fu_15685_p2          |        or|   0|  0|    2|           1|           1|
    |or_ln346_321_fu_15877_p2          |        or|   0|  0|    2|           1|           1|
    |or_ln346_322_fu_19991_p2          |        or|   0|  0|    2|           1|           1|
    |or_ln346_fu_3094_p2               |        or|   0|  0|    2|           1|           1|
    |or_ln374_576_fu_3160_p2           |        or|   0|  0|    2|           1|           1|
    |or_ln374_577_fu_3379_p2           |        or|   0|  0|    2|           1|           1|
    |or_ln374_578_fu_3571_p2           |        or|   0|  0|    2|           1|           1|
    |or_ln374_579_fu_3785_p2           |        or|   0|  0|    2|           1|           1|
    |or_ln374_580_fu_3977_p2           |        or|   0|  0|    2|           1|           1|
    |or_ln374_581_fu_4191_p2           |        or|   0|  0|    2|           1|           1|
    |or_ln374_582_fu_4383_p2           |        or|   0|  0|    2|           1|           1|
    |or_ln374_583_fu_4597_p2           |        or|   0|  0|    2|           1|           1|
    |or_ln374_584_fu_4789_p2           |        or|   0|  0|    2|           1|           1|
    |or_ln374_585_fu_5003_p2           |        or|   0|  0|    2|           1|           1|
    |or_ln374_586_fu_5195_p2           |        or|   0|  0|    2|           1|           1|
    |or_ln374_587_fu_5409_p2           |        or|   0|  0|    2|           1|           1|
    |or_ln374_588_fu_5601_p2           |        or|   0|  0|    2|           1|           1|
    |or_ln374_589_fu_5815_p2           |        or|   0|  0|    2|           1|           1|
    |or_ln374_590_fu_6007_p2           |        or|   0|  0|    2|           1|           1|
    |or_ln374_591_fu_6221_p2           |        or|   0|  0|    2|           1|           1|
    |or_ln374_592_fu_6413_p2           |        or|   0|  0|    2|           1|           1|
    |or_ln374_593_fu_6627_p2           |        or|   0|  0|    2|           1|           1|
    |or_ln374_594_fu_6819_p2           |        or|   0|  0|    2|           1|           1|
    |or_ln374_595_fu_7033_p2           |        or|   0|  0|    2|           1|           1|
    |or_ln374_596_fu_7225_p2           |        or|   0|  0|    2|           1|           1|
    |or_ln374_597_fu_7439_p2           |        or|   0|  0|    2|           1|           1|
    |or_ln374_598_fu_7631_p2           |        or|   0|  0|    2|           1|           1|
    |or_ln374_599_fu_7845_p2           |        or|   0|  0|    2|           1|           1|
    |or_ln374_600_fu_8037_p2           |        or|   0|  0|    2|           1|           1|
    |or_ln374_601_fu_8251_p2           |        or|   0|  0|    2|           1|           1|
    |or_ln374_602_fu_8443_p2           |        or|   0|  0|    2|           1|           1|
    |or_ln374_603_fu_8657_p2           |        or|   0|  0|    2|           1|           1|
    |or_ln374_604_fu_8849_p2           |        or|   0|  0|    2|           1|           1|
    |or_ln374_605_fu_9063_p2           |        or|   0|  0|    2|           1|           1|
    |or_ln374_606_fu_9255_p2           |        or|   0|  0|    2|           1|           1|
    |or_ln374_607_fu_9469_p2           |        or|   0|  0|    2|           1|           1|
    |or_ln374_608_fu_9661_p2           |        or|   0|  0|    2|           1|           1|
    |or_ln374_609_fu_9875_p2           |        or|   0|  0|    2|           1|           1|
    |or_ln374_610_fu_10067_p2          |        or|   0|  0|    2|           1|           1|
    |or_ln374_611_fu_10281_p2          |        or|   0|  0|    2|           1|           1|
    |or_ln374_612_fu_10473_p2          |        or|   0|  0|    2|           1|           1|
    |or_ln374_613_fu_10687_p2          |        or|   0|  0|    2|           1|           1|
    |or_ln374_614_fu_10879_p2          |        or|   0|  0|    2|           1|           1|
    |or_ln374_615_fu_11093_p2          |        or|   0|  0|    2|           1|           1|
    |or_ln374_616_fu_11285_p2          |        or|   0|  0|    2|           1|           1|
    |or_ln374_617_fu_11499_p2          |        or|   0|  0|    2|           1|           1|
    |or_ln374_618_fu_11691_p2          |        or|   0|  0|    2|           1|           1|
    |or_ln374_619_fu_11905_p2          |        or|   0|  0|    2|           1|           1|
    |or_ln374_620_fu_12097_p2          |        or|   0|  0|    2|           1|           1|
    |or_ln374_621_fu_12311_p2          |        or|   0|  0|    2|           1|           1|
    |or_ln374_622_fu_12503_p2          |        or|   0|  0|    2|           1|           1|
    |or_ln374_623_fu_12717_p2          |        or|   0|  0|    2|           1|           1|
    |or_ln374_624_fu_12909_p2          |        or|   0|  0|    2|           1|           1|
    |or_ln374_625_fu_13123_p2          |        or|   0|  0|    2|           1|           1|
    |or_ln374_626_fu_13315_p2          |        or|   0|  0|    2|           1|           1|
    |or_ln374_627_fu_13529_p2          |        or|   0|  0|    2|           1|           1|
    |or_ln374_628_fu_13721_p2          |        or|   0|  0|    2|           1|           1|
    |or_ln374_629_fu_13935_p2          |        or|   0|  0|    2|           1|           1|
    |or_ln374_630_fu_14127_p2          |        or|   0|  0|    2|           1|           1|
    |or_ln374_631_fu_14341_p2          |        or|   0|  0|    2|           1|           1|
    |or_ln374_632_fu_14533_p2          |        or|   0|  0|    2|           1|           1|
    |or_ln374_633_fu_14747_p2          |        or|   0|  0|    2|           1|           1|
    |or_ln374_634_fu_14939_p2          |        or|   0|  0|    2|           1|           1|
    |or_ln374_635_fu_15153_p2          |        or|   0|  0|    2|           1|           1|
    |or_ln374_636_fu_15345_p2          |        or|   0|  0|    2|           1|           1|
    |or_ln374_637_fu_15559_p2          |        or|   0|  0|    2|           1|           1|
    |or_ln374_638_fu_15751_p2          |        or|   0|  0|    2|           1|           1|
    |or_ln374_639_fu_19837_p2          |        or|   0|  0|    2|           1|           1|
    |or_ln374_fu_2968_p2               |        or|   0|  0|    2|           1|           1|
    |or_ln487_fu_19750_p2              |        or|   0|  0|    2|           1|           1|
    |or_ln888_fu_19881_p2              |        or|   0|  0|    2|           1|           1|
    |or_ln890_3_fu_19905_p2            |        or|   0|  0|    2|           1|           1|
    |or_ln890_fu_19900_p2              |        or|   0|  0|    2|           1|           1|
    |or_ln891_191_fu_3230_p2           |        or|   0|  0|    2|           1|           1|
    |or_ln891_192_fu_3449_p2           |        or|   0|  0|    2|           1|           1|
    |or_ln891_193_fu_3641_p2           |        or|   0|  0|    2|           1|           1|
    |or_ln891_194_fu_3855_p2           |        or|   0|  0|    2|           1|           1|
    |or_ln891_195_fu_4047_p2           |        or|   0|  0|    2|           1|           1|
    |or_ln891_196_fu_4261_p2           |        or|   0|  0|    2|           1|           1|
    |or_ln891_197_fu_4453_p2           |        or|   0|  0|    2|           1|           1|
    |or_ln891_198_fu_4667_p2           |        or|   0|  0|    2|           1|           1|
    |or_ln891_199_fu_4859_p2           |        or|   0|  0|    2|           1|           1|
    |or_ln891_200_fu_5073_p2           |        or|   0|  0|    2|           1|           1|
    |or_ln891_201_fu_5265_p2           |        or|   0|  0|    2|           1|           1|
    |or_ln891_202_fu_5479_p2           |        or|   0|  0|    2|           1|           1|
    |or_ln891_203_fu_5671_p2           |        or|   0|  0|    2|           1|           1|
    |or_ln891_204_fu_5885_p2           |        or|   0|  0|    2|           1|           1|
    |or_ln891_205_fu_6077_p2           |        or|   0|  0|    2|           1|           1|
    |or_ln891_206_fu_6291_p2           |        or|   0|  0|    2|           1|           1|
    |or_ln891_207_fu_6483_p2           |        or|   0|  0|    2|           1|           1|
    |or_ln891_208_fu_6697_p2           |        or|   0|  0|    2|           1|           1|
    |or_ln891_209_fu_6889_p2           |        or|   0|  0|    2|           1|           1|
    |or_ln891_210_fu_7103_p2           |        or|   0|  0|    2|           1|           1|
    |or_ln891_211_fu_7295_p2           |        or|   0|  0|    2|           1|           1|
    |or_ln891_212_fu_7509_p2           |        or|   0|  0|    2|           1|           1|
    |or_ln891_213_fu_7701_p2           |        or|   0|  0|    2|           1|           1|
    |or_ln891_214_fu_7915_p2           |        or|   0|  0|    2|           1|           1|
    |or_ln891_215_fu_8107_p2           |        or|   0|  0|    2|           1|           1|
    |or_ln891_216_fu_8321_p2           |        or|   0|  0|    2|           1|           1|
    |or_ln891_217_fu_8513_p2           |        or|   0|  0|    2|           1|           1|
    |or_ln891_218_fu_8727_p2           |        or|   0|  0|    2|           1|           1|
    |or_ln891_219_fu_8919_p2           |        or|   0|  0|    2|           1|           1|
    |or_ln891_220_fu_9133_p2           |        or|   0|  0|    2|           1|           1|
    |or_ln891_221_fu_9325_p2           |        or|   0|  0|    2|           1|           1|
    |or_ln891_222_fu_9539_p2           |        or|   0|  0|    2|           1|           1|
    |or_ln891_223_fu_9731_p2           |        or|   0|  0|    2|           1|           1|
    |or_ln891_224_fu_9945_p2           |        or|   0|  0|    2|           1|           1|
    |or_ln891_225_fu_10137_p2          |        or|   0|  0|    2|           1|           1|
    |or_ln891_226_fu_10351_p2          |        or|   0|  0|    2|           1|           1|
    |or_ln891_227_fu_10543_p2          |        or|   0|  0|    2|           1|           1|
    |or_ln891_228_fu_10757_p2          |        or|   0|  0|    2|           1|           1|
    |or_ln891_229_fu_10949_p2          |        or|   0|  0|    2|           1|           1|
    |or_ln891_230_fu_11163_p2          |        or|   0|  0|    2|           1|           1|
    |or_ln891_231_fu_11355_p2          |        or|   0|  0|    2|           1|           1|
    |or_ln891_232_fu_11569_p2          |        or|   0|  0|    2|           1|           1|
    |or_ln891_233_fu_11761_p2          |        or|   0|  0|    2|           1|           1|
    |or_ln891_234_fu_11975_p2          |        or|   0|  0|    2|           1|           1|
    |or_ln891_235_fu_12167_p2          |        or|   0|  0|    2|           1|           1|
    |or_ln891_236_fu_12381_p2          |        or|   0|  0|    2|           1|           1|
    |or_ln891_237_fu_12573_p2          |        or|   0|  0|    2|           1|           1|
    |or_ln891_238_fu_12787_p2          |        or|   0|  0|    2|           1|           1|
    |or_ln891_239_fu_12979_p2          |        or|   0|  0|    2|           1|           1|
    |or_ln891_240_fu_13193_p2          |        or|   0|  0|    2|           1|           1|
    |or_ln891_241_fu_13385_p2          |        or|   0|  0|    2|           1|           1|
    |or_ln891_242_fu_13599_p2          |        or|   0|  0|    2|           1|           1|
    |or_ln891_243_fu_13791_p2          |        or|   0|  0|    2|           1|           1|
    |or_ln891_244_fu_14005_p2          |        or|   0|  0|    2|           1|           1|
    |or_ln891_245_fu_14197_p2          |        or|   0|  0|    2|           1|           1|
    |or_ln891_246_fu_14411_p2          |        or|   0|  0|    2|           1|           1|
    |or_ln891_247_fu_14603_p2          |        or|   0|  0|    2|           1|           1|
    |or_ln891_248_fu_14817_p2          |        or|   0|  0|    2|           1|           1|
    |or_ln891_249_fu_15009_p2          |        or|   0|  0|    2|           1|           1|
    |or_ln891_250_fu_15223_p2          |        or|   0|  0|    2|           1|           1|
    |or_ln891_251_fu_15415_p2          |        or|   0|  0|    2|           1|           1|
    |or_ln891_252_fu_15629_p2          |        or|   0|  0|    2|           1|           1|
    |or_ln891_253_fu_15821_p2          |        or|   0|  0|    2|           1|           1|
    |or_ln891_fu_3038_p2               |        or|   0|  0|    2|           1|           1|
    |or_ln895_259_fu_3242_p2           |        or|   0|  0|    2|           1|           1|
    |or_ln895_260_fu_3461_p2           |        or|   0|  0|    2|           1|           1|
    |or_ln895_261_fu_3653_p2           |        or|   0|  0|    2|           1|           1|
    |or_ln895_262_fu_3867_p2           |        or|   0|  0|    2|           1|           1|
    |or_ln895_263_fu_4059_p2           |        or|   0|  0|    2|           1|           1|
    |or_ln895_264_fu_4273_p2           |        or|   0|  0|    2|           1|           1|
    |or_ln895_265_fu_4465_p2           |        or|   0|  0|    2|           1|           1|
    |or_ln895_266_fu_4679_p2           |        or|   0|  0|    2|           1|           1|
    |or_ln895_267_fu_4871_p2           |        or|   0|  0|    2|           1|           1|
    |or_ln895_268_fu_5085_p2           |        or|   0|  0|    2|           1|           1|
    |or_ln895_269_fu_5277_p2           |        or|   0|  0|    2|           1|           1|
    |or_ln895_270_fu_5491_p2           |        or|   0|  0|    2|           1|           1|
    |or_ln895_271_fu_5683_p2           |        or|   0|  0|    2|           1|           1|
    |or_ln895_272_fu_5897_p2           |        or|   0|  0|    2|           1|           1|
    |or_ln895_273_fu_6089_p2           |        or|   0|  0|    2|           1|           1|
    |or_ln895_274_fu_6303_p2           |        or|   0|  0|    2|           1|           1|
    |or_ln895_275_fu_6495_p2           |        or|   0|  0|    2|           1|           1|
    |or_ln895_276_fu_6709_p2           |        or|   0|  0|    2|           1|           1|
    |or_ln895_277_fu_6901_p2           |        or|   0|  0|    2|           1|           1|
    |or_ln895_278_fu_7115_p2           |        or|   0|  0|    2|           1|           1|
    |or_ln895_279_fu_7307_p2           |        or|   0|  0|    2|           1|           1|
    |or_ln895_280_fu_7521_p2           |        or|   0|  0|    2|           1|           1|
    |or_ln895_281_fu_7713_p2           |        or|   0|  0|    2|           1|           1|
    |or_ln895_282_fu_7927_p2           |        or|   0|  0|    2|           1|           1|
    |or_ln895_283_fu_8119_p2           |        or|   0|  0|    2|           1|           1|
    |or_ln895_284_fu_8333_p2           |        or|   0|  0|    2|           1|           1|
    |or_ln895_285_fu_8525_p2           |        or|   0|  0|    2|           1|           1|
    |or_ln895_286_fu_8739_p2           |        or|   0|  0|    2|           1|           1|
    |or_ln895_287_fu_8931_p2           |        or|   0|  0|    2|           1|           1|
    |or_ln895_288_fu_9145_p2           |        or|   0|  0|    2|           1|           1|
    |or_ln895_289_fu_9337_p2           |        or|   0|  0|    2|           1|           1|
    |or_ln895_290_fu_9551_p2           |        or|   0|  0|    2|           1|           1|
    |or_ln895_291_fu_9743_p2           |        or|   0|  0|    2|           1|           1|
    |or_ln895_292_fu_9957_p2           |        or|   0|  0|    2|           1|           1|
    |or_ln895_293_fu_10149_p2          |        or|   0|  0|    2|           1|           1|
    |or_ln895_294_fu_10363_p2          |        or|   0|  0|    2|           1|           1|
    |or_ln895_295_fu_10555_p2          |        or|   0|  0|    2|           1|           1|
    |or_ln895_296_fu_10769_p2          |        or|   0|  0|    2|           1|           1|
    |or_ln895_297_fu_10961_p2          |        or|   0|  0|    2|           1|           1|
    |or_ln895_298_fu_11175_p2          |        or|   0|  0|    2|           1|           1|
    |or_ln895_299_fu_11367_p2          |        or|   0|  0|    2|           1|           1|
    |or_ln895_300_fu_11581_p2          |        or|   0|  0|    2|           1|           1|
    |or_ln895_301_fu_11773_p2          |        or|   0|  0|    2|           1|           1|
    |or_ln895_302_fu_11987_p2          |        or|   0|  0|    2|           1|           1|
    |or_ln895_303_fu_12179_p2          |        or|   0|  0|    2|           1|           1|
    |or_ln895_304_fu_12393_p2          |        or|   0|  0|    2|           1|           1|
    |or_ln895_305_fu_12585_p2          |        or|   0|  0|    2|           1|           1|
    |or_ln895_306_fu_12799_p2          |        or|   0|  0|    2|           1|           1|
    |or_ln895_307_fu_12991_p2          |        or|   0|  0|    2|           1|           1|
    |or_ln895_308_fu_13205_p2          |        or|   0|  0|    2|           1|           1|
    |or_ln895_309_fu_13397_p2          |        or|   0|  0|    2|           1|           1|
    |or_ln895_310_fu_13611_p2          |        or|   0|  0|    2|           1|           1|
    |or_ln895_311_fu_13803_p2          |        or|   0|  0|    2|           1|           1|
    |or_ln895_312_fu_14017_p2          |        or|   0|  0|    2|           1|           1|
    |or_ln895_313_fu_14209_p2          |        or|   0|  0|    2|           1|           1|
    |or_ln895_314_fu_14423_p2          |        or|   0|  0|    2|           1|           1|
    |or_ln895_315_fu_14615_p2          |        or|   0|  0|    2|           1|           1|
    |or_ln895_316_fu_14829_p2          |        or|   0|  0|    2|           1|           1|
    |or_ln895_317_fu_15021_p2          |        or|   0|  0|    2|           1|           1|
    |or_ln895_318_fu_15235_p2          |        or|   0|  0|    2|           1|           1|
    |or_ln895_319_fu_15427_p2          |        or|   0|  0|    2|           1|           1|
    |or_ln895_320_fu_15641_p2          |        or|   0|  0|    2|           1|           1|
    |or_ln895_321_fu_15833_p2          |        or|   0|  0|    2|           1|           1|
    |or_ln895_322_fu_19941_p2          |        or|   0|  0|    2|           1|           1|
    |or_ln895_fu_3050_p2               |        or|   0|  0|    2|           1|           1|
    |or_ln896_259_fu_3260_p2           |        or|   0|  0|    2|           1|           1|
    |or_ln896_260_fu_3479_p2           |        or|   0|  0|    2|           1|           1|
    |or_ln896_261_fu_3671_p2           |        or|   0|  0|    2|           1|           1|
    |or_ln896_262_fu_3885_p2           |        or|   0|  0|    2|           1|           1|
    |or_ln896_263_fu_4077_p2           |        or|   0|  0|    2|           1|           1|
    |or_ln896_264_fu_4291_p2           |        or|   0|  0|    2|           1|           1|
    |or_ln896_265_fu_4483_p2           |        or|   0|  0|    2|           1|           1|
    |or_ln896_266_fu_4697_p2           |        or|   0|  0|    2|           1|           1|
    |or_ln896_267_fu_4889_p2           |        or|   0|  0|    2|           1|           1|
    |or_ln896_268_fu_5103_p2           |        or|   0|  0|    2|           1|           1|
    |or_ln896_269_fu_5295_p2           |        or|   0|  0|    2|           1|           1|
    |or_ln896_270_fu_5509_p2           |        or|   0|  0|    2|           1|           1|
    |or_ln896_271_fu_5701_p2           |        or|   0|  0|    2|           1|           1|
    |or_ln896_272_fu_5915_p2           |        or|   0|  0|    2|           1|           1|
    |or_ln896_273_fu_6107_p2           |        or|   0|  0|    2|           1|           1|
    |or_ln896_274_fu_6321_p2           |        or|   0|  0|    2|           1|           1|
    |or_ln896_275_fu_6513_p2           |        or|   0|  0|    2|           1|           1|
    |or_ln896_276_fu_6727_p2           |        or|   0|  0|    2|           1|           1|
    |or_ln896_277_fu_6919_p2           |        or|   0|  0|    2|           1|           1|
    |or_ln896_278_fu_7133_p2           |        or|   0|  0|    2|           1|           1|
    |or_ln896_279_fu_7325_p2           |        or|   0|  0|    2|           1|           1|
    |or_ln896_280_fu_7539_p2           |        or|   0|  0|    2|           1|           1|
    |or_ln896_281_fu_7731_p2           |        or|   0|  0|    2|           1|           1|
    |or_ln896_282_fu_7945_p2           |        or|   0|  0|    2|           1|           1|
    |or_ln896_283_fu_8137_p2           |        or|   0|  0|    2|           1|           1|
    |or_ln896_284_fu_8351_p2           |        or|   0|  0|    2|           1|           1|
    |or_ln896_285_fu_8543_p2           |        or|   0|  0|    2|           1|           1|
    |or_ln896_286_fu_8757_p2           |        or|   0|  0|    2|           1|           1|
    |or_ln896_287_fu_8949_p2           |        or|   0|  0|    2|           1|           1|
    |or_ln896_288_fu_9163_p2           |        or|   0|  0|    2|           1|           1|
    |or_ln896_289_fu_9355_p2           |        or|   0|  0|    2|           1|           1|
    |or_ln896_290_fu_9569_p2           |        or|   0|  0|    2|           1|           1|
    |or_ln896_291_fu_9761_p2           |        or|   0|  0|    2|           1|           1|
    |or_ln896_292_fu_9975_p2           |        or|   0|  0|    2|           1|           1|
    |or_ln896_293_fu_10167_p2          |        or|   0|  0|    2|           1|           1|
    |or_ln896_294_fu_10381_p2          |        or|   0|  0|    2|           1|           1|
    |or_ln896_295_fu_10573_p2          |        or|   0|  0|    2|           1|           1|
    |or_ln896_296_fu_10787_p2          |        or|   0|  0|    2|           1|           1|
    |or_ln896_297_fu_10979_p2          |        or|   0|  0|    2|           1|           1|
    |or_ln896_298_fu_11193_p2          |        or|   0|  0|    2|           1|           1|
    |or_ln896_299_fu_11385_p2          |        or|   0|  0|    2|           1|           1|
    |or_ln896_300_fu_11599_p2          |        or|   0|  0|    2|           1|           1|
    |or_ln896_301_fu_11791_p2          |        or|   0|  0|    2|           1|           1|
    |or_ln896_302_fu_12005_p2          |        or|   0|  0|    2|           1|           1|
    |or_ln896_303_fu_12197_p2          |        or|   0|  0|    2|           1|           1|
    |or_ln896_304_fu_12411_p2          |        or|   0|  0|    2|           1|           1|
    |or_ln896_305_fu_12603_p2          |        or|   0|  0|    2|           1|           1|
    |or_ln896_306_fu_12817_p2          |        or|   0|  0|    2|           1|           1|
    |or_ln896_307_fu_13009_p2          |        or|   0|  0|    2|           1|           1|
    |or_ln896_308_fu_13223_p2          |        or|   0|  0|    2|           1|           1|
    |or_ln896_309_fu_13415_p2          |        or|   0|  0|    2|           1|           1|
    |or_ln896_310_fu_13629_p2          |        or|   0|  0|    2|           1|           1|
    |or_ln896_311_fu_13821_p2          |        or|   0|  0|    2|           1|           1|
    |or_ln896_312_fu_14035_p2          |        or|   0|  0|    2|           1|           1|
    |or_ln896_313_fu_14227_p2          |        or|   0|  0|    2|           1|           1|
    |or_ln896_314_fu_14441_p2          |        or|   0|  0|    2|           1|           1|
    |or_ln896_315_fu_14633_p2          |        or|   0|  0|    2|           1|           1|
    |or_ln896_316_fu_14847_p2          |        or|   0|  0|    2|           1|           1|
    |or_ln896_317_fu_15039_p2          |        or|   0|  0|    2|           1|           1|
    |or_ln896_318_fu_15253_p2          |        or|   0|  0|    2|           1|           1|
    |or_ln896_319_fu_15445_p2          |        or|   0|  0|    2|           1|           1|
    |or_ln896_320_fu_15659_p2          |        or|   0|  0|    2|           1|           1|
    |or_ln896_321_fu_15851_p2          |        or|   0|  0|    2|           1|           1|
    |or_ln896_322_fu_19965_p2          |        or|   0|  0|    2|           1|           1|
    |or_ln896_fu_3068_p2               |        or|   0|  0|    2|           1|           1|
    |deleted_ones_259_fu_3216_p3       |    select|   0|  0|    2|           1|           1|
    |deleted_ones_260_fu_3435_p3       |    select|   0|  0|    2|           1|           1|
    |deleted_ones_261_fu_3627_p3       |    select|   0|  0|    2|           1|           1|
    |deleted_ones_262_fu_3841_p3       |    select|   0|  0|    2|           1|           1|
    |deleted_ones_263_fu_4033_p3       |    select|   0|  0|    2|           1|           1|
    |deleted_ones_264_fu_4247_p3       |    select|   0|  0|    2|           1|           1|
    |deleted_ones_265_fu_4439_p3       |    select|   0|  0|    2|           1|           1|
    |deleted_ones_266_fu_4653_p3       |    select|   0|  0|    2|           1|           1|
    |deleted_ones_267_fu_4845_p3       |    select|   0|  0|    2|           1|           1|
    |deleted_ones_268_fu_5059_p3       |    select|   0|  0|    2|           1|           1|
    |deleted_ones_269_fu_5251_p3       |    select|   0|  0|    2|           1|           1|
    |deleted_ones_270_fu_5465_p3       |    select|   0|  0|    2|           1|           1|
    |deleted_ones_271_fu_5657_p3       |    select|   0|  0|    2|           1|           1|
    |deleted_ones_272_fu_5871_p3       |    select|   0|  0|    2|           1|           1|
    |deleted_ones_273_fu_6063_p3       |    select|   0|  0|    2|           1|           1|
    |deleted_ones_274_fu_6277_p3       |    select|   0|  0|    2|           1|           1|
    |deleted_ones_275_fu_6469_p3       |    select|   0|  0|    2|           1|           1|
    |deleted_ones_276_fu_6683_p3       |    select|   0|  0|    2|           1|           1|
    |deleted_ones_277_fu_6875_p3       |    select|   0|  0|    2|           1|           1|
    |deleted_ones_278_fu_7089_p3       |    select|   0|  0|    2|           1|           1|
    |deleted_ones_279_fu_7281_p3       |    select|   0|  0|    2|           1|           1|
    |deleted_ones_280_fu_7495_p3       |    select|   0|  0|    2|           1|           1|
    |deleted_ones_281_fu_7687_p3       |    select|   0|  0|    2|           1|           1|
    |deleted_ones_282_fu_7901_p3       |    select|   0|  0|    2|           1|           1|
    |deleted_ones_283_fu_8093_p3       |    select|   0|  0|    2|           1|           1|
    |deleted_ones_284_fu_8307_p3       |    select|   0|  0|    2|           1|           1|
    |deleted_ones_285_fu_8499_p3       |    select|   0|  0|    2|           1|           1|
    |deleted_ones_286_fu_8713_p3       |    select|   0|  0|    2|           1|           1|
    |deleted_ones_287_fu_8905_p3       |    select|   0|  0|    2|           1|           1|
    |deleted_ones_288_fu_9119_p3       |    select|   0|  0|    2|           1|           1|
    |deleted_ones_289_fu_9311_p3       |    select|   0|  0|    2|           1|           1|
    |deleted_ones_290_fu_9525_p3       |    select|   0|  0|    2|           1|           1|
    |deleted_ones_291_fu_9717_p3       |    select|   0|  0|    2|           1|           1|
    |deleted_ones_292_fu_9931_p3       |    select|   0|  0|    2|           1|           1|
    |deleted_ones_293_fu_10123_p3      |    select|   0|  0|    2|           1|           1|
    |deleted_ones_294_fu_10337_p3      |    select|   0|  0|    2|           1|           1|
    |deleted_ones_295_fu_10529_p3      |    select|   0|  0|    2|           1|           1|
    |deleted_ones_296_fu_10743_p3      |    select|   0|  0|    2|           1|           1|
    |deleted_ones_297_fu_10935_p3      |    select|   0|  0|    2|           1|           1|
    |deleted_ones_298_fu_11149_p3      |    select|   0|  0|    2|           1|           1|
    |deleted_ones_299_fu_11341_p3      |    select|   0|  0|    2|           1|           1|
    |deleted_ones_300_fu_11555_p3      |    select|   0|  0|    2|           1|           1|
    |deleted_ones_301_fu_11747_p3      |    select|   0|  0|    2|           1|           1|
    |deleted_ones_302_fu_11961_p3      |    select|   0|  0|    2|           1|           1|
    |deleted_ones_303_fu_12153_p3      |    select|   0|  0|    2|           1|           1|
    |deleted_ones_304_fu_12367_p3      |    select|   0|  0|    2|           1|           1|
    |deleted_ones_305_fu_12559_p3      |    select|   0|  0|    2|           1|           1|
    |deleted_ones_306_fu_12773_p3      |    select|   0|  0|    2|           1|           1|
    |deleted_ones_307_fu_12965_p3      |    select|   0|  0|    2|           1|           1|
    |deleted_ones_308_fu_13179_p3      |    select|   0|  0|    2|           1|           1|
    |deleted_ones_309_fu_13371_p3      |    select|   0|  0|    2|           1|           1|
    |deleted_ones_310_fu_13585_p3      |    select|   0|  0|    2|           1|           1|
    |deleted_ones_311_fu_13777_p3      |    select|   0|  0|    2|           1|           1|
    |deleted_ones_312_fu_13991_p3      |    select|   0|  0|    2|           1|           1|
    |deleted_ones_313_fu_14183_p3      |    select|   0|  0|    2|           1|           1|
    |deleted_ones_314_fu_14397_p3      |    select|   0|  0|    2|           1|           1|
    |deleted_ones_315_fu_14589_p3      |    select|   0|  0|    2|           1|           1|
    |deleted_ones_316_fu_14803_p3      |    select|   0|  0|    2|           1|           1|
    |deleted_ones_317_fu_14995_p3      |    select|   0|  0|    2|           1|           1|
    |deleted_ones_318_fu_15209_p3      |    select|   0|  0|    2|           1|           1|
    |deleted_ones_319_fu_15401_p3      |    select|   0|  0|    2|           1|           1|
    |deleted_ones_320_fu_15615_p3      |    select|   0|  0|    2|           1|           1|
    |deleted_ones_321_fu_15807_p3      |    select|   0|  0|    2|           1|           1|
    |deleted_ones_fu_3024_p3           |    select|   0|  0|    2|           1|           1|
    |deleted_zeros_511_fu_3208_p3      |    select|   0|  0|    2|           1|           1|
    |deleted_zeros_512_fu_3427_p3      |    select|   0|  0|    2|           1|           1|
    |deleted_zeros_513_fu_3619_p3      |    select|   0|  0|    2|           1|           1|
    |deleted_zeros_514_fu_3833_p3      |    select|   0|  0|    2|           1|           1|
    |deleted_zeros_515_fu_4025_p3      |    select|   0|  0|    2|           1|           1|
    |deleted_zeros_516_fu_4239_p3      |    select|   0|  0|    2|           1|           1|
    |deleted_zeros_517_fu_4431_p3      |    select|   0|  0|    2|           1|           1|
    |deleted_zeros_518_fu_4645_p3      |    select|   0|  0|    2|           1|           1|
    |deleted_zeros_519_fu_4837_p3      |    select|   0|  0|    2|           1|           1|
    |deleted_zeros_520_fu_5051_p3      |    select|   0|  0|    2|           1|           1|
    |deleted_zeros_521_fu_5243_p3      |    select|   0|  0|    2|           1|           1|
    |deleted_zeros_522_fu_5457_p3      |    select|   0|  0|    2|           1|           1|
    |deleted_zeros_523_fu_5649_p3      |    select|   0|  0|    2|           1|           1|
    |deleted_zeros_524_fu_5863_p3      |    select|   0|  0|    2|           1|           1|
    |deleted_zeros_525_fu_6055_p3      |    select|   0|  0|    2|           1|           1|
    |deleted_zeros_526_fu_6269_p3      |    select|   0|  0|    2|           1|           1|
    |deleted_zeros_527_fu_6461_p3      |    select|   0|  0|    2|           1|           1|
    |deleted_zeros_528_fu_6675_p3      |    select|   0|  0|    2|           1|           1|
    |deleted_zeros_529_fu_6867_p3      |    select|   0|  0|    2|           1|           1|
    |deleted_zeros_530_fu_7081_p3      |    select|   0|  0|    2|           1|           1|
    |deleted_zeros_531_fu_7273_p3      |    select|   0|  0|    2|           1|           1|
    |deleted_zeros_532_fu_7487_p3      |    select|   0|  0|    2|           1|           1|
    |deleted_zeros_533_fu_7679_p3      |    select|   0|  0|    2|           1|           1|
    |deleted_zeros_534_fu_7893_p3      |    select|   0|  0|    2|           1|           1|
    |deleted_zeros_535_fu_8085_p3      |    select|   0|  0|    2|           1|           1|
    |deleted_zeros_536_fu_8299_p3      |    select|   0|  0|    2|           1|           1|
    |deleted_zeros_537_fu_8491_p3      |    select|   0|  0|    2|           1|           1|
    |deleted_zeros_538_fu_8705_p3      |    select|   0|  0|    2|           1|           1|
    |deleted_zeros_539_fu_8897_p3      |    select|   0|  0|    2|           1|           1|
    |deleted_zeros_540_fu_9111_p3      |    select|   0|  0|    2|           1|           1|
    |deleted_zeros_541_fu_9303_p3      |    select|   0|  0|    2|           1|           1|
    |deleted_zeros_542_fu_9517_p3      |    select|   0|  0|    2|           1|           1|
    |deleted_zeros_543_fu_9709_p3      |    select|   0|  0|    2|           1|           1|
    |deleted_zeros_544_fu_9923_p3      |    select|   0|  0|    2|           1|           1|
    |deleted_zeros_545_fu_10115_p3     |    select|   0|  0|    2|           1|           1|
    |deleted_zeros_546_fu_10329_p3     |    select|   0|  0|    2|           1|           1|
    |deleted_zeros_547_fu_10521_p3     |    select|   0|  0|    2|           1|           1|
    |deleted_zeros_548_fu_10735_p3     |    select|   0|  0|    2|           1|           1|
    |deleted_zeros_549_fu_10927_p3     |    select|   0|  0|    2|           1|           1|
    |deleted_zeros_550_fu_11141_p3     |    select|   0|  0|    2|           1|           1|
    |deleted_zeros_551_fu_11333_p3     |    select|   0|  0|    2|           1|           1|
    |deleted_zeros_552_fu_11547_p3     |    select|   0|  0|    2|           1|           1|
    |deleted_zeros_553_fu_11739_p3     |    select|   0|  0|    2|           1|           1|
    |deleted_zeros_554_fu_11953_p3     |    select|   0|  0|    2|           1|           1|
    |deleted_zeros_555_fu_12145_p3     |    select|   0|  0|    2|           1|           1|
    |deleted_zeros_556_fu_12359_p3     |    select|   0|  0|    2|           1|           1|
    |deleted_zeros_557_fu_12551_p3     |    select|   0|  0|    2|           1|           1|
    |deleted_zeros_558_fu_12765_p3     |    select|   0|  0|    2|           1|           1|
    |deleted_zeros_559_fu_12957_p3     |    select|   0|  0|    2|           1|           1|
    |deleted_zeros_560_fu_13171_p3     |    select|   0|  0|    2|           1|           1|
    |deleted_zeros_561_fu_13363_p3     |    select|   0|  0|    2|           1|           1|
    |deleted_zeros_562_fu_13577_p3     |    select|   0|  0|    2|           1|           1|
    |deleted_zeros_563_fu_13769_p3     |    select|   0|  0|    2|           1|           1|
    |deleted_zeros_564_fu_13983_p3     |    select|   0|  0|    2|           1|           1|
    |deleted_zeros_565_fu_14175_p3     |    select|   0|  0|    2|           1|           1|
    |deleted_zeros_566_fu_14389_p3     |    select|   0|  0|    2|           1|           1|
    |deleted_zeros_567_fu_14581_p3     |    select|   0|  0|    2|           1|           1|
    |deleted_zeros_568_fu_14795_p3     |    select|   0|  0|    2|           1|           1|
    |deleted_zeros_569_fu_14987_p3     |    select|   0|  0|    2|           1|           1|
    |deleted_zeros_570_fu_15201_p3     |    select|   0|  0|    2|           1|           1|
    |deleted_zeros_571_fu_15393_p3     |    select|   0|  0|    2|           1|           1|
    |deleted_zeros_572_fu_15607_p3     |    select|   0|  0|    2|           1|           1|
    |deleted_zeros_573_fu_15799_p3     |    select|   0|  0|    2|           1|           1|
    |deleted_zeros_fu_3016_p3          |    select|   0|  0|    2|           1|           1|
    |p_Val2_1805_fu_2908_p3            |    select|   0|  0|   17|           1|          17|
    |p_Val2_1808_fu_3313_p3            |    select|   0|  0|   17|           1|          17|
    |p_Val2_1811_fu_3320_p3            |    select|   0|  0|   17|           1|          17|
    |p_Val2_1814_fu_3719_p3            |    select|   0|  0|   17|           1|          17|
    |p_Val2_1817_fu_3726_p3            |    select|   0|  0|   17|           1|          17|
    |p_Val2_1820_fu_4125_p3            |    select|   0|  0|   17|           1|          17|
    |p_Val2_1823_fu_4132_p3            |    select|   0|  0|   17|           1|          17|
    |p_Val2_1826_fu_4531_p3            |    select|   0|  0|   17|           1|          17|
    |p_Val2_1829_fu_4538_p3            |    select|   0|  0|   17|           1|          17|
    |p_Val2_1832_fu_4937_p3            |    select|   0|  0|   17|           1|          17|
    |p_Val2_1835_fu_4944_p3            |    select|   0|  0|   17|           1|          17|
    |p_Val2_1838_fu_5343_p3            |    select|   0|  0|   17|           1|          17|
    |p_Val2_1841_fu_5350_p3            |    select|   0|  0|   17|           1|          17|
    |p_Val2_1844_fu_5749_p3            |    select|   0|  0|   17|           1|          17|
    |p_Val2_1847_fu_5756_p3            |    select|   0|  0|   17|           1|          17|
    |p_Val2_1850_fu_6155_p3            |    select|   0|  0|   17|           1|          17|
    |p_Val2_1853_fu_6162_p3            |    select|   0|  0|   17|           1|          17|
    |p_Val2_1856_fu_6561_p3            |    select|   0|  0|   17|           1|          17|
    |p_Val2_1859_fu_6568_p3            |    select|   0|  0|   17|           1|          17|
    |p_Val2_1862_fu_6967_p3            |    select|   0|  0|   17|           1|          17|
    |p_Val2_1865_fu_6974_p3            |    select|   0|  0|   17|           1|          17|
    |p_Val2_1868_fu_7373_p3            |    select|   0|  0|   17|           1|          17|
    |p_Val2_1871_fu_7380_p3            |    select|   0|  0|   17|           1|          17|
    |p_Val2_1874_fu_7779_p3            |    select|   0|  0|   17|           1|          17|
    |p_Val2_1877_fu_7786_p3            |    select|   0|  0|   17|           1|          17|
    |p_Val2_1880_fu_8185_p3            |    select|   0|  0|   17|           1|          17|
    |p_Val2_1883_fu_8192_p3            |    select|   0|  0|   17|           1|          17|
    |p_Val2_1886_fu_8591_p3            |    select|   0|  0|   17|           1|          17|
    |p_Val2_1889_fu_8598_p3            |    select|   0|  0|   17|           1|          17|
    |p_Val2_1892_fu_8997_p3            |    select|   0|  0|   17|           1|          17|
    |p_Val2_1895_fu_9004_p3            |    select|   0|  0|   17|           1|          17|
    |p_Val2_1898_fu_9403_p3            |    select|   0|  0|   17|           1|          17|
    |p_Val2_1901_fu_9410_p3            |    select|   0|  0|   17|           1|          17|
    |p_Val2_1904_fu_9809_p3            |    select|   0|  0|   17|           1|          17|
    |p_Val2_1907_fu_9816_p3            |    select|   0|  0|   17|           1|          17|
    |p_Val2_1910_fu_10215_p3           |    select|   0|  0|   17|           1|          17|
    |p_Val2_1913_fu_10222_p3           |    select|   0|  0|   17|           1|          17|
    |p_Val2_1916_fu_10621_p3           |    select|   0|  0|   17|           1|          17|
    |p_Val2_1919_fu_10628_p3           |    select|   0|  0|   17|           1|          17|
    |p_Val2_1922_fu_11027_p3           |    select|   0|  0|   17|           1|          17|
    |p_Val2_1925_fu_11034_p3           |    select|   0|  0|   17|           1|          17|
    |p_Val2_1928_fu_11433_p3           |    select|   0|  0|   17|           1|          17|
    |p_Val2_1931_fu_11440_p3           |    select|   0|  0|   17|           1|          17|
    |p_Val2_1934_fu_11839_p3           |    select|   0|  0|   17|           1|          17|
    |p_Val2_1937_fu_11846_p3           |    select|   0|  0|   17|           1|          17|
    |p_Val2_1940_fu_12245_p3           |    select|   0|  0|   17|           1|          17|
    |p_Val2_1943_fu_12252_p3           |    select|   0|  0|   17|           1|          17|
    |p_Val2_1946_fu_12651_p3           |    select|   0|  0|   17|           1|          17|
    |p_Val2_1949_fu_12658_p3           |    select|   0|  0|   17|           1|          17|
    |p_Val2_1952_fu_13057_p3           |    select|   0|  0|   17|           1|          17|
    |p_Val2_1955_fu_13064_p3           |    select|   0|  0|   17|           1|          17|
    |p_Val2_1958_fu_13463_p3           |    select|   0|  0|   17|           1|          17|
    |p_Val2_1961_fu_13470_p3           |    select|   0|  0|   17|           1|          17|
    |p_Val2_1964_fu_13869_p3           |    select|   0|  0|   17|           1|          17|
    |p_Val2_1967_fu_13876_p3           |    select|   0|  0|   17|           1|          17|
    |p_Val2_1970_fu_14275_p3           |    select|   0|  0|   17|           1|          17|
    |p_Val2_1973_fu_14282_p3           |    select|   0|  0|   17|           1|          17|
    |p_Val2_1976_fu_14681_p3           |    select|   0|  0|   17|           1|          17|
    |p_Val2_1979_fu_14688_p3           |    select|   0|  0|   17|           1|          17|
    |p_Val2_1982_fu_15087_p3           |    select|   0|  0|   17|           1|          17|
    |p_Val2_1985_fu_15094_p3           |    select|   0|  0|   17|           1|          17|
    |p_Val2_1988_fu_15493_p3           |    select|   0|  0|   17|           1|          17|
    |p_Val2_1991_fu_15500_p3           |    select|   0|  0|   17|           1|          17|
    |p_Val2_s_fu_2900_p3               |    select|   0|  0|   17|           1|          17|
    |r_V_1980_fu_15691_p3              |    select|   0|  0|    8|           1|           8|
    |r_V_1983_fu_15883_p3              |    select|   0|  0|    8|           1|           8|
    |select_ln346_259_fu_3292_p3       |    select|   0|  0|    8|           1|           8|
    |select_ln346_260_fu_3511_p3       |    select|   0|  0|    8|           1|           8|
    |select_ln346_261_fu_3703_p3       |    select|   0|  0|    8|           1|           8|
    |select_ln346_262_fu_3917_p3       |    select|   0|  0|    8|           1|           8|
    |select_ln346_263_fu_4109_p3       |    select|   0|  0|    8|           1|           8|
    |select_ln346_264_fu_4323_p3       |    select|   0|  0|    8|           1|           8|
    |select_ln346_265_fu_4515_p3       |    select|   0|  0|    8|           1|           8|
    |select_ln346_266_fu_4729_p3       |    select|   0|  0|    8|           1|           8|
    |select_ln346_267_fu_4921_p3       |    select|   0|  0|    8|           1|           8|
    |select_ln346_268_fu_5135_p3       |    select|   0|  0|    8|           1|           8|
    |select_ln346_269_fu_5327_p3       |    select|   0|  0|    8|           1|           8|
    |select_ln346_270_fu_5541_p3       |    select|   0|  0|    8|           1|           8|
    |select_ln346_271_fu_5733_p3       |    select|   0|  0|    8|           1|           8|
    |select_ln346_272_fu_5947_p3       |    select|   0|  0|    8|           1|           8|
    |select_ln346_273_fu_6139_p3       |    select|   0|  0|    8|           1|           8|
    |select_ln346_274_fu_6353_p3       |    select|   0|  0|    8|           1|           8|
    |select_ln346_275_fu_6545_p3       |    select|   0|  0|    8|           1|           8|
    |select_ln346_276_fu_6759_p3       |    select|   0|  0|    8|           1|           8|
    |select_ln346_277_fu_6951_p3       |    select|   0|  0|    8|           1|           8|
    |select_ln346_278_fu_7165_p3       |    select|   0|  0|    8|           1|           8|
    |select_ln346_279_fu_7357_p3       |    select|   0|  0|    8|           1|           8|
    |select_ln346_280_fu_7571_p3       |    select|   0|  0|    8|           1|           8|
    |select_ln346_281_fu_7763_p3       |    select|   0|  0|    8|           1|           8|
    |select_ln346_282_fu_7977_p3       |    select|   0|  0|    8|           1|           8|
    |select_ln346_283_fu_8169_p3       |    select|   0|  0|    8|           1|           8|
    |select_ln346_284_fu_8383_p3       |    select|   0|  0|    8|           1|           8|
    |select_ln346_285_fu_8575_p3       |    select|   0|  0|    8|           1|           8|
    |select_ln346_286_fu_8789_p3       |    select|   0|  0|    8|           1|           8|
    |select_ln346_287_fu_8981_p3       |    select|   0|  0|    8|           1|           8|
    |select_ln346_288_fu_9195_p3       |    select|   0|  0|    8|           1|           8|
    |select_ln346_289_fu_9387_p3       |    select|   0|  0|    8|           1|           8|
    |select_ln346_290_fu_9601_p3       |    select|   0|  0|    8|           1|           8|
    |select_ln346_291_fu_9793_p3       |    select|   0|  0|    8|           1|           8|
    |select_ln346_292_fu_10007_p3      |    select|   0|  0|    8|           1|           8|
    |select_ln346_293_fu_10199_p3      |    select|   0|  0|    8|           1|           8|
    |select_ln346_294_fu_10413_p3      |    select|   0|  0|    8|           1|           8|
    |select_ln346_295_fu_10605_p3      |    select|   0|  0|    8|           1|           8|
    |select_ln346_296_fu_10819_p3      |    select|   0|  0|    8|           1|           8|
    |select_ln346_297_fu_11011_p3      |    select|   0|  0|    8|           1|           8|
    |select_ln346_298_fu_11225_p3      |    select|   0|  0|    8|           1|           8|
    |select_ln346_299_fu_11417_p3      |    select|   0|  0|    8|           1|           8|
    |select_ln346_300_fu_11631_p3      |    select|   0|  0|    8|           1|           8|
    |select_ln346_301_fu_11823_p3      |    select|   0|  0|    8|           1|           8|
    |select_ln346_302_fu_12037_p3      |    select|   0|  0|    8|           1|           8|
    |select_ln346_303_fu_12229_p3      |    select|   0|  0|    8|           1|           8|
    |select_ln346_304_fu_12443_p3      |    select|   0|  0|    8|           1|           8|
    |select_ln346_305_fu_12635_p3      |    select|   0|  0|    8|           1|           8|
    |select_ln346_306_fu_12849_p3      |    select|   0|  0|    8|           1|           8|
    |select_ln346_307_fu_13041_p3      |    select|   0|  0|    8|           1|           8|
    |select_ln346_308_fu_13255_p3      |    select|   0|  0|    8|           1|           8|
    |select_ln346_309_fu_13447_p3      |    select|   0|  0|    8|           1|           8|
    |select_ln346_310_fu_13661_p3      |    select|   0|  0|    8|           1|           8|
    |select_ln346_311_fu_13853_p3      |    select|   0|  0|    8|           1|           8|
    |select_ln346_312_fu_14067_p3      |    select|   0|  0|    8|           1|           8|
    |select_ln346_313_fu_14259_p3      |    select|   0|  0|    8|           1|           8|
    |select_ln346_314_fu_14473_p3      |    select|   0|  0|    8|           1|           8|
    |select_ln346_315_fu_14665_p3      |    select|   0|  0|    8|           1|           8|
    |select_ln346_316_fu_14879_p3      |    select|   0|  0|    8|           1|           8|
    |select_ln346_317_fu_15071_p3      |    select|   0|  0|    8|           1|           8|
    |select_ln346_318_fu_15285_p3      |    select|   0|  0|    8|           1|           8|
    |select_ln346_319_fu_15477_p3      |    select|   0|  0|    8|           1|           8|
    |select_ln346_388_fu_3086_p3       |    select|   0|  0|    9|           1|           7|
    |select_ln346_389_fu_3278_p3       |    select|   0|  0|    9|           1|           7|
    |select_ln346_390_fu_3497_p3       |    select|   0|  0|    9|           1|           7|
    |select_ln346_391_fu_3689_p3       |    select|   0|  0|    9|           1|           7|
    |select_ln346_392_fu_3903_p3       |    select|   0|  0|    9|           1|           7|
    |select_ln346_393_fu_4095_p3       |    select|   0|  0|    9|           1|           7|
    |select_ln346_394_fu_4309_p3       |    select|   0|  0|    9|           1|           7|
    |select_ln346_395_fu_4501_p3       |    select|   0|  0|    9|           1|           7|
    |select_ln346_396_fu_4715_p3       |    select|   0|  0|    9|           1|           7|
    |select_ln346_397_fu_4907_p3       |    select|   0|  0|    9|           1|           7|
    |select_ln346_398_fu_5121_p3       |    select|   0|  0|    9|           1|           7|
    |select_ln346_399_fu_5313_p3       |    select|   0|  0|    9|           1|           7|
    |select_ln346_400_fu_5527_p3       |    select|   0|  0|    9|           1|           7|
    |select_ln346_401_fu_5719_p3       |    select|   0|  0|    9|           1|           7|
    |select_ln346_402_fu_5933_p3       |    select|   0|  0|    9|           1|           7|
    |select_ln346_403_fu_6125_p3       |    select|   0|  0|    9|           1|           7|
    |select_ln346_404_fu_6339_p3       |    select|   0|  0|    9|           1|           7|
    |select_ln346_405_fu_6531_p3       |    select|   0|  0|    9|           1|           7|
    |select_ln346_406_fu_6745_p3       |    select|   0|  0|    9|           1|           7|
    |select_ln346_407_fu_6937_p3       |    select|   0|  0|    9|           1|           7|
    |select_ln346_408_fu_7151_p3       |    select|   0|  0|    9|           1|           7|
    |select_ln346_409_fu_7343_p3       |    select|   0|  0|    9|           1|           7|
    |select_ln346_410_fu_7557_p3       |    select|   0|  0|    9|           1|           7|
    |select_ln346_411_fu_7749_p3       |    select|   0|  0|    9|           1|           7|
    |select_ln346_412_fu_7963_p3       |    select|   0|  0|    9|           1|           7|
    |select_ln346_413_fu_8155_p3       |    select|   0|  0|    9|           1|           7|
    |select_ln346_414_fu_8369_p3       |    select|   0|  0|    9|           1|           7|
    |select_ln346_415_fu_8561_p3       |    select|   0|  0|    9|           1|           7|
    |select_ln346_416_fu_8775_p3       |    select|   0|  0|    9|           1|           7|
    |select_ln346_417_fu_8967_p3       |    select|   0|  0|    9|           1|           7|
    |select_ln346_418_fu_9181_p3       |    select|   0|  0|    9|           1|           7|
    |select_ln346_419_fu_9373_p3       |    select|   0|  0|    9|           1|           7|
    |select_ln346_420_fu_9587_p3       |    select|   0|  0|    9|           1|           7|
    |select_ln346_421_fu_9779_p3       |    select|   0|  0|    9|           1|           7|
    |select_ln346_422_fu_9993_p3       |    select|   0|  0|    9|           1|           7|
    |select_ln346_423_fu_10185_p3      |    select|   0|  0|    9|           1|           7|
    |select_ln346_424_fu_10399_p3      |    select|   0|  0|    9|           1|           7|
    |select_ln346_425_fu_10591_p3      |    select|   0|  0|    9|           1|           7|
    |select_ln346_426_fu_10805_p3      |    select|   0|  0|    9|           1|           7|
    |select_ln346_427_fu_10997_p3      |    select|   0|  0|    9|           1|           7|
    |select_ln346_428_fu_11211_p3      |    select|   0|  0|    9|           1|           7|
    |select_ln346_429_fu_11403_p3      |    select|   0|  0|    9|           1|           7|
    |select_ln346_430_fu_11617_p3      |    select|   0|  0|    9|           1|           7|
    |select_ln346_431_fu_11809_p3      |    select|   0|  0|    9|           1|           7|
    |select_ln346_432_fu_12023_p3      |    select|   0|  0|    9|           1|           7|
    |select_ln346_433_fu_12215_p3      |    select|   0|  0|    9|           1|           7|
    |select_ln346_434_fu_12429_p3      |    select|   0|  0|    9|           1|           7|
    |select_ln346_435_fu_12621_p3      |    select|   0|  0|    9|           1|           7|
    |select_ln346_436_fu_12835_p3      |    select|   0|  0|    9|           1|           7|
    |select_ln346_437_fu_13027_p3      |    select|   0|  0|    9|           1|           7|
    |select_ln346_438_fu_13241_p3      |    select|   0|  0|    9|           1|           7|
    |select_ln346_439_fu_13433_p3      |    select|   0|  0|    9|           1|           7|
    |select_ln346_440_fu_13647_p3      |    select|   0|  0|    9|           1|           7|
    |select_ln346_441_fu_13839_p3      |    select|   0|  0|    9|           1|           7|
    |select_ln346_442_fu_14053_p3      |    select|   0|  0|    9|           1|           7|
    |select_ln346_443_fu_14245_p3      |    select|   0|  0|    9|           1|           7|
    |select_ln346_444_fu_14459_p3      |    select|   0|  0|    9|           1|           7|
    |select_ln346_445_fu_14651_p3      |    select|   0|  0|    9|           1|           7|
    |select_ln346_446_fu_14865_p3      |    select|   0|  0|    9|           1|           7|
    |select_ln346_447_fu_15057_p3      |    select|   0|  0|    9|           1|           7|
    |select_ln346_448_fu_15271_p3      |    select|   0|  0|    9|           1|           7|
    |select_ln346_449_fu_15463_p3      |    select|   0|  0|    9|           1|           7|
    |select_ln346_450_fu_15677_p3      |    select|   0|  0|    9|           1|           7|
    |select_ln346_451_fu_15869_p3      |    select|   0|  0|    9|           1|           7|
    |select_ln346_452_fu_19983_p3      |    select|   0|  0|    9|           1|           7|
    |select_ln346_fu_3100_p3           |    select|   0|  0|    8|           1|           8|
    |select_ln487_fu_19742_p3          |    select|   0|  0|   23|           1|          23|
    |sigmoid_V_3_fu_19756_p3           |    select|   0|  0|   22|           1|          22|
    |tmpres_h_V_fu_19997_p3            |    select|   0|  0|    8|           1|           8|
    |Range1_all_zeros_511_fu_3202_p2   |       xor|   0|  0|    2|           1|           2|
    |Range1_all_zeros_512_fu_3421_p2   |       xor|   0|  0|    2|           1|           2|
    |Range1_all_zeros_513_fu_3613_p2   |       xor|   0|  0|    2|           1|           2|
    |Range1_all_zeros_514_fu_3827_p2   |       xor|   0|  0|    2|           1|           2|
    |Range1_all_zeros_515_fu_4019_p2   |       xor|   0|  0|    2|           1|           2|
    |Range1_all_zeros_516_fu_4233_p2   |       xor|   0|  0|    2|           1|           2|
    |Range1_all_zeros_517_fu_4425_p2   |       xor|   0|  0|    2|           1|           2|
    |Range1_all_zeros_518_fu_4639_p2   |       xor|   0|  0|    2|           1|           2|
    |Range1_all_zeros_519_fu_4831_p2   |       xor|   0|  0|    2|           1|           2|
    |Range1_all_zeros_520_fu_5045_p2   |       xor|   0|  0|    2|           1|           2|
    |Range1_all_zeros_521_fu_5237_p2   |       xor|   0|  0|    2|           1|           2|
    |Range1_all_zeros_522_fu_5451_p2   |       xor|   0|  0|    2|           1|           2|
    |Range1_all_zeros_523_fu_5643_p2   |       xor|   0|  0|    2|           1|           2|
    |Range1_all_zeros_524_fu_5857_p2   |       xor|   0|  0|    2|           1|           2|
    |Range1_all_zeros_525_fu_6049_p2   |       xor|   0|  0|    2|           1|           2|
    |Range1_all_zeros_526_fu_6263_p2   |       xor|   0|  0|    2|           1|           2|
    |Range1_all_zeros_527_fu_6455_p2   |       xor|   0|  0|    2|           1|           2|
    |Range1_all_zeros_528_fu_6669_p2   |       xor|   0|  0|    2|           1|           2|
    |Range1_all_zeros_529_fu_6861_p2   |       xor|   0|  0|    2|           1|           2|
    |Range1_all_zeros_530_fu_7075_p2   |       xor|   0|  0|    2|           1|           2|
    |Range1_all_zeros_531_fu_7267_p2   |       xor|   0|  0|    2|           1|           2|
    |Range1_all_zeros_532_fu_7481_p2   |       xor|   0|  0|    2|           1|           2|
    |Range1_all_zeros_533_fu_7673_p2   |       xor|   0|  0|    2|           1|           2|
    |Range1_all_zeros_534_fu_7887_p2   |       xor|   0|  0|    2|           1|           2|
    |Range1_all_zeros_535_fu_8079_p2   |       xor|   0|  0|    2|           1|           2|
    |Range1_all_zeros_536_fu_8293_p2   |       xor|   0|  0|    2|           1|           2|
    |Range1_all_zeros_537_fu_8485_p2   |       xor|   0|  0|    2|           1|           2|
    |Range1_all_zeros_538_fu_8699_p2   |       xor|   0|  0|    2|           1|           2|
    |Range1_all_zeros_539_fu_8891_p2   |       xor|   0|  0|    2|           1|           2|
    |Range1_all_zeros_540_fu_9105_p2   |       xor|   0|  0|    2|           1|           2|
    |Range1_all_zeros_541_fu_9297_p2   |       xor|   0|  0|    2|           1|           2|
    |Range1_all_zeros_542_fu_9511_p2   |       xor|   0|  0|    2|           1|           2|
    |Range1_all_zeros_543_fu_9703_p2   |       xor|   0|  0|    2|           1|           2|
    |Range1_all_zeros_544_fu_9917_p2   |       xor|   0|  0|    2|           1|           2|
    |Range1_all_zeros_545_fu_10109_p2  |       xor|   0|  0|    2|           1|           2|
    |Range1_all_zeros_546_fu_10323_p2  |       xor|   0|  0|    2|           1|           2|
    |Range1_all_zeros_547_fu_10515_p2  |       xor|   0|  0|    2|           1|           2|
    |Range1_all_zeros_548_fu_10729_p2  |       xor|   0|  0|    2|           1|           2|
    |Range1_all_zeros_549_fu_10921_p2  |       xor|   0|  0|    2|           1|           2|
    |Range1_all_zeros_550_fu_11135_p2  |       xor|   0|  0|    2|           1|           2|
    |Range1_all_zeros_551_fu_11327_p2  |       xor|   0|  0|    2|           1|           2|
    |Range1_all_zeros_552_fu_11541_p2  |       xor|   0|  0|    2|           1|           2|
    |Range1_all_zeros_553_fu_11733_p2  |       xor|   0|  0|    2|           1|           2|
    |Range1_all_zeros_554_fu_11947_p2  |       xor|   0|  0|    2|           1|           2|
    |Range1_all_zeros_555_fu_12139_p2  |       xor|   0|  0|    2|           1|           2|
    |Range1_all_zeros_556_fu_12353_p2  |       xor|   0|  0|    2|           1|           2|
    |Range1_all_zeros_557_fu_12545_p2  |       xor|   0|  0|    2|           1|           2|
    |Range1_all_zeros_558_fu_12759_p2  |       xor|   0|  0|    2|           1|           2|
    |Range1_all_zeros_559_fu_12951_p2  |       xor|   0|  0|    2|           1|           2|
    |Range1_all_zeros_560_fu_13165_p2  |       xor|   0|  0|    2|           1|           2|
    |Range1_all_zeros_561_fu_13357_p2  |       xor|   0|  0|    2|           1|           2|
    |Range1_all_zeros_562_fu_13571_p2  |       xor|   0|  0|    2|           1|           2|
    |Range1_all_zeros_563_fu_13763_p2  |       xor|   0|  0|    2|           1|           2|
    |Range1_all_zeros_564_fu_13977_p2  |       xor|   0|  0|    2|           1|           2|
    |Range1_all_zeros_565_fu_14169_p2  |       xor|   0|  0|    2|           1|           2|
    |Range1_all_zeros_566_fu_14383_p2  |       xor|   0|  0|    2|           1|           2|
    |Range1_all_zeros_567_fu_14575_p2  |       xor|   0|  0|    2|           1|           2|
    |Range1_all_zeros_568_fu_14789_p2  |       xor|   0|  0|    2|           1|           2|
    |Range1_all_zeros_569_fu_14981_p2  |       xor|   0|  0|    2|           1|           2|
    |Range1_all_zeros_570_fu_15195_p2  |       xor|   0|  0|    2|           1|           2|
    |Range1_all_zeros_571_fu_15387_p2  |       xor|   0|  0|    2|           1|           2|
    |Range1_all_zeros_572_fu_15601_p2  |       xor|   0|  0|    2|           1|           2|
    |Range1_all_zeros_573_fu_15793_p2  |       xor|   0|  0|    2|           1|           2|
    |Range1_all_zeros_fu_3010_p2       |       xor|   0|  0|    2|           1|           2|
    |p_Result_3876_fu_19832_p2         |       xor|   0|  0|    2|           1|           2|
    |p_Val2_1995_fu_19809_p2           |       xor|   0|  0|    9|           8|           9|
    |xor_ln890_fu_19894_p2             |       xor|   0|  0|    2|           1|           2|
    |xor_ln891_191_fu_3224_p2          |       xor|   0|  0|    2|           1|           2|
    |xor_ln891_192_fu_3443_p2          |       xor|   0|  0|    2|           1|           2|
    |xor_ln891_193_fu_3635_p2          |       xor|   0|  0|    2|           1|           2|
    |xor_ln891_194_fu_3849_p2          |       xor|   0|  0|    2|           1|           2|
    |xor_ln891_195_fu_4041_p2          |       xor|   0|  0|    2|           1|           2|
    |xor_ln891_196_fu_4255_p2          |       xor|   0|  0|    2|           1|           2|
    |xor_ln891_197_fu_4447_p2          |       xor|   0|  0|    2|           1|           2|
    |xor_ln891_198_fu_4661_p2          |       xor|   0|  0|    2|           1|           2|
    |xor_ln891_199_fu_4853_p2          |       xor|   0|  0|    2|           1|           2|
    |xor_ln891_200_fu_5067_p2          |       xor|   0|  0|    2|           1|           2|
    |xor_ln891_201_fu_5259_p2          |       xor|   0|  0|    2|           1|           2|
    |xor_ln891_202_fu_5473_p2          |       xor|   0|  0|    2|           1|           2|
    |xor_ln891_203_fu_5665_p2          |       xor|   0|  0|    2|           1|           2|
    |xor_ln891_204_fu_5879_p2          |       xor|   0|  0|    2|           1|           2|
    |xor_ln891_205_fu_6071_p2          |       xor|   0|  0|    2|           1|           2|
    |xor_ln891_206_fu_6285_p2          |       xor|   0|  0|    2|           1|           2|
    |xor_ln891_207_fu_6477_p2          |       xor|   0|  0|    2|           1|           2|
    |xor_ln891_208_fu_6691_p2          |       xor|   0|  0|    2|           1|           2|
    |xor_ln891_209_fu_6883_p2          |       xor|   0|  0|    2|           1|           2|
    |xor_ln891_210_fu_7097_p2          |       xor|   0|  0|    2|           1|           2|
    |xor_ln891_211_fu_7289_p2          |       xor|   0|  0|    2|           1|           2|
    |xor_ln891_212_fu_7503_p2          |       xor|   0|  0|    2|           1|           2|
    |xor_ln891_213_fu_7695_p2          |       xor|   0|  0|    2|           1|           2|
    |xor_ln891_214_fu_7909_p2          |       xor|   0|  0|    2|           1|           2|
    |xor_ln891_215_fu_8101_p2          |       xor|   0|  0|    2|           1|           2|
    |xor_ln891_216_fu_8315_p2          |       xor|   0|  0|    2|           1|           2|
    |xor_ln891_217_fu_8507_p2          |       xor|   0|  0|    2|           1|           2|
    |xor_ln891_218_fu_8721_p2          |       xor|   0|  0|    2|           1|           2|
    |xor_ln891_219_fu_8913_p2          |       xor|   0|  0|    2|           1|           2|
    |xor_ln891_220_fu_9127_p2          |       xor|   0|  0|    2|           1|           2|
    |xor_ln891_221_fu_9319_p2          |       xor|   0|  0|    2|           1|           2|
    |xor_ln891_222_fu_9533_p2          |       xor|   0|  0|    2|           1|           2|
    |xor_ln891_223_fu_9725_p2          |       xor|   0|  0|    2|           1|           2|
    |xor_ln891_224_fu_9939_p2          |       xor|   0|  0|    2|           1|           2|
    |xor_ln891_225_fu_10131_p2         |       xor|   0|  0|    2|           1|           2|
    |xor_ln891_226_fu_10345_p2         |       xor|   0|  0|    2|           1|           2|
    |xor_ln891_227_fu_10537_p2         |       xor|   0|  0|    2|           1|           2|
    |xor_ln891_228_fu_10751_p2         |       xor|   0|  0|    2|           1|           2|
    |xor_ln891_229_fu_10943_p2         |       xor|   0|  0|    2|           1|           2|
    |xor_ln891_230_fu_11157_p2         |       xor|   0|  0|    2|           1|           2|
    |xor_ln891_231_fu_11349_p2         |       xor|   0|  0|    2|           1|           2|
    |xor_ln891_232_fu_11563_p2         |       xor|   0|  0|    2|           1|           2|
    |xor_ln891_233_fu_11755_p2         |       xor|   0|  0|    2|           1|           2|
    |xor_ln891_234_fu_11969_p2         |       xor|   0|  0|    2|           1|           2|
    |xor_ln891_235_fu_12161_p2         |       xor|   0|  0|    2|           1|           2|
    |xor_ln891_236_fu_12375_p2         |       xor|   0|  0|    2|           1|           2|
    |xor_ln891_237_fu_12567_p2         |       xor|   0|  0|    2|           1|           2|
    |xor_ln891_238_fu_12781_p2         |       xor|   0|  0|    2|           1|           2|
    |xor_ln891_239_fu_12973_p2         |       xor|   0|  0|    2|           1|           2|
    |xor_ln891_240_fu_13187_p2         |       xor|   0|  0|    2|           1|           2|
    |xor_ln891_241_fu_13379_p2         |       xor|   0|  0|    2|           1|           2|
    |xor_ln891_242_fu_13593_p2         |       xor|   0|  0|    2|           1|           2|
    |xor_ln891_243_fu_13785_p2         |       xor|   0|  0|    2|           1|           2|
    |xor_ln891_244_fu_13999_p2         |       xor|   0|  0|    2|           1|           2|
    |xor_ln891_245_fu_14191_p2         |       xor|   0|  0|    2|           1|           2|
    |xor_ln891_246_fu_14405_p2         |       xor|   0|  0|    2|           1|           2|
    |xor_ln891_247_fu_14597_p2         |       xor|   0|  0|    2|           1|           2|
    |xor_ln891_248_fu_14811_p2         |       xor|   0|  0|    2|           1|           2|
    |xor_ln891_249_fu_15003_p2         |       xor|   0|  0|    2|           1|           2|
    |xor_ln891_250_fu_15217_p2         |       xor|   0|  0|    2|           1|           2|
    |xor_ln891_251_fu_15409_p2         |       xor|   0|  0|    2|           1|           2|
    |xor_ln891_252_fu_15623_p2         |       xor|   0|  0|    2|           1|           2|
    |xor_ln891_253_fu_15815_p2         |       xor|   0|  0|    2|           1|           2|
    |xor_ln891_fu_3032_p2              |       xor|   0|  0|    2|           1|           2|
    |xor_ln895_329_fu_3236_p2          |       xor|   0|  0|    2|           1|           2|
    |xor_ln895_330_fu_3455_p2          |       xor|   0|  0|    2|           1|           2|
    |xor_ln895_331_fu_3647_p2          |       xor|   0|  0|    2|           1|           2|
    |xor_ln895_332_fu_3861_p2          |       xor|   0|  0|    2|           1|           2|
    |xor_ln895_333_fu_4053_p2          |       xor|   0|  0|    2|           1|           2|
    |xor_ln895_334_fu_4267_p2          |       xor|   0|  0|    2|           1|           2|
    |xor_ln895_335_fu_4459_p2          |       xor|   0|  0|    2|           1|           2|
    |xor_ln895_336_fu_4673_p2          |       xor|   0|  0|    2|           1|           2|
    |xor_ln895_337_fu_4865_p2          |       xor|   0|  0|    2|           1|           2|
    |xor_ln895_338_fu_5079_p2          |       xor|   0|  0|    2|           1|           2|
    |xor_ln895_339_fu_5271_p2          |       xor|   0|  0|    2|           1|           2|
    |xor_ln895_340_fu_5485_p2          |       xor|   0|  0|    2|           1|           2|
    |xor_ln895_341_fu_5677_p2          |       xor|   0|  0|    2|           1|           2|
    |xor_ln895_342_fu_5891_p2          |       xor|   0|  0|    2|           1|           2|
    |xor_ln895_343_fu_6083_p2          |       xor|   0|  0|    2|           1|           2|
    |xor_ln895_344_fu_6297_p2          |       xor|   0|  0|    2|           1|           2|
    |xor_ln895_345_fu_6489_p2          |       xor|   0|  0|    2|           1|           2|
    |xor_ln895_346_fu_6703_p2          |       xor|   0|  0|    2|           1|           2|
    |xor_ln895_347_fu_6895_p2          |       xor|   0|  0|    2|           1|           2|
    |xor_ln895_348_fu_7109_p2          |       xor|   0|  0|    2|           1|           2|
    |xor_ln895_349_fu_7301_p2          |       xor|   0|  0|    2|           1|           2|
    |xor_ln895_350_fu_7515_p2          |       xor|   0|  0|    2|           1|           2|
    |xor_ln895_351_fu_7707_p2          |       xor|   0|  0|    2|           1|           2|
    |xor_ln895_352_fu_7921_p2          |       xor|   0|  0|    2|           1|           2|
    |xor_ln895_353_fu_8113_p2          |       xor|   0|  0|    2|           1|           2|
    |xor_ln895_354_fu_8327_p2          |       xor|   0|  0|    2|           1|           2|
    |xor_ln895_355_fu_8519_p2          |       xor|   0|  0|    2|           1|           2|
    |xor_ln895_356_fu_8733_p2          |       xor|   0|  0|    2|           1|           2|
    |xor_ln895_357_fu_8925_p2          |       xor|   0|  0|    2|           1|           2|
    |xor_ln895_358_fu_9139_p2          |       xor|   0|  0|    2|           1|           2|
    |xor_ln895_359_fu_9331_p2          |       xor|   0|  0|    2|           1|           2|
    |xor_ln895_360_fu_9545_p2          |       xor|   0|  0|    2|           1|           2|
    |xor_ln895_361_fu_9737_p2          |       xor|   0|  0|    2|           1|           2|
    |xor_ln895_362_fu_9951_p2          |       xor|   0|  0|    2|           1|           2|
    |xor_ln895_363_fu_10143_p2         |       xor|   0|  0|    2|           1|           2|
    |xor_ln895_364_fu_10357_p2         |       xor|   0|  0|    2|           1|           2|
    |xor_ln895_365_fu_10549_p2         |       xor|   0|  0|    2|           1|           2|
    |xor_ln895_366_fu_10763_p2         |       xor|   0|  0|    2|           1|           2|
    |xor_ln895_367_fu_10955_p2         |       xor|   0|  0|    2|           1|           2|
    |xor_ln895_368_fu_11169_p2         |       xor|   0|  0|    2|           1|           2|
    |xor_ln895_369_fu_11361_p2         |       xor|   0|  0|    2|           1|           2|
    |xor_ln895_370_fu_11575_p2         |       xor|   0|  0|    2|           1|           2|
    |xor_ln895_371_fu_11767_p2         |       xor|   0|  0|    2|           1|           2|
    |xor_ln895_372_fu_11981_p2         |       xor|   0|  0|    2|           1|           2|
    |xor_ln895_373_fu_12173_p2         |       xor|   0|  0|    2|           1|           2|
    |xor_ln895_374_fu_12387_p2         |       xor|   0|  0|    2|           1|           2|
    |xor_ln895_375_fu_12579_p2         |       xor|   0|  0|    2|           1|           2|
    |xor_ln895_376_fu_12793_p2         |       xor|   0|  0|    2|           1|           2|
    |xor_ln895_377_fu_12985_p2         |       xor|   0|  0|    2|           1|           2|
    |xor_ln895_378_fu_13199_p2         |       xor|   0|  0|    2|           1|           2|
    |xor_ln895_379_fu_13391_p2         |       xor|   0|  0|    2|           1|           2|
    |xor_ln895_380_fu_13605_p2         |       xor|   0|  0|    2|           1|           2|
    |xor_ln895_381_fu_13797_p2         |       xor|   0|  0|    2|           1|           2|
    |xor_ln895_382_fu_14011_p2         |       xor|   0|  0|    2|           1|           2|
    |xor_ln895_383_fu_14203_p2         |       xor|   0|  0|    2|           1|           2|
    |xor_ln895_384_fu_14417_p2         |       xor|   0|  0|    2|           1|           2|
    |xor_ln895_385_fu_14609_p2         |       xor|   0|  0|    2|           1|           2|
    |xor_ln895_386_fu_14823_p2         |       xor|   0|  0|    2|           1|           2|
    |xor_ln895_387_fu_15015_p2         |       xor|   0|  0|    2|           1|           2|
    |xor_ln895_388_fu_15229_p2         |       xor|   0|  0|    2|           1|           2|
    |xor_ln895_389_fu_15421_p2         |       xor|   0|  0|    2|           1|           2|
    |xor_ln895_390_fu_15635_p2         |       xor|   0|  0|    2|           1|           2|
    |xor_ln895_391_fu_15827_p2         |       xor|   0|  0|    2|           1|           2|
    |xor_ln895_392_fu_19935_p2         |       xor|   0|  0|    2|           1|           2|
    |xor_ln895_393_fu_19947_p2         |       xor|   0|  0|    2|           1|           2|
    |xor_ln895_394_fu_19929_p2         |       xor|   0|  0|    2|           1|           1|
    |xor_ln895_fu_3044_p2              |       xor|   0|  0|    2|           1|           2|
    |xor_ln896_521_fu_3062_p2          |       xor|   0|  0|    2|           1|           2|
    |xor_ln896_522_fu_3190_p2          |       xor|   0|  0|    2|           1|           2|
    |xor_ln896_523_fu_3254_p2          |       xor|   0|  0|    2|           1|           2|
    |xor_ln896_524_fu_3409_p2          |       xor|   0|  0|    2|           1|           2|
    |xor_ln896_525_fu_3473_p2          |       xor|   0|  0|    2|           1|           2|
    |xor_ln896_526_fu_3601_p2          |       xor|   0|  0|    2|           1|           2|
    |xor_ln896_527_fu_3665_p2          |       xor|   0|  0|    2|           1|           2|
    |xor_ln896_528_fu_3815_p2          |       xor|   0|  0|    2|           1|           2|
    |xor_ln896_529_fu_3879_p2          |       xor|   0|  0|    2|           1|           2|
    |xor_ln896_530_fu_4007_p2          |       xor|   0|  0|    2|           1|           2|
    |xor_ln896_531_fu_4071_p2          |       xor|   0|  0|    2|           1|           2|
    |xor_ln896_532_fu_4221_p2          |       xor|   0|  0|    2|           1|           2|
    |xor_ln896_533_fu_4285_p2          |       xor|   0|  0|    2|           1|           2|
    |xor_ln896_534_fu_4413_p2          |       xor|   0|  0|    2|           1|           2|
    |xor_ln896_535_fu_4477_p2          |       xor|   0|  0|    2|           1|           2|
    |xor_ln896_536_fu_4627_p2          |       xor|   0|  0|    2|           1|           2|
    |xor_ln896_537_fu_4691_p2          |       xor|   0|  0|    2|           1|           2|
    |xor_ln896_538_fu_4819_p2          |       xor|   0|  0|    2|           1|           2|
    |xor_ln896_539_fu_4883_p2          |       xor|   0|  0|    2|           1|           2|
    |xor_ln896_540_fu_5033_p2          |       xor|   0|  0|    2|           1|           2|
    |xor_ln896_541_fu_5097_p2          |       xor|   0|  0|    2|           1|           2|
    |xor_ln896_542_fu_5225_p2          |       xor|   0|  0|    2|           1|           2|
    |xor_ln896_543_fu_5289_p2          |       xor|   0|  0|    2|           1|           2|
    |xor_ln896_544_fu_5439_p2          |       xor|   0|  0|    2|           1|           2|
    |xor_ln896_545_fu_5503_p2          |       xor|   0|  0|    2|           1|           2|
    |xor_ln896_546_fu_5631_p2          |       xor|   0|  0|    2|           1|           2|
    |xor_ln896_547_fu_5695_p2          |       xor|   0|  0|    2|           1|           2|
    |xor_ln896_548_fu_5845_p2          |       xor|   0|  0|    2|           1|           2|
    |xor_ln896_549_fu_5909_p2          |       xor|   0|  0|    2|           1|           2|
    |xor_ln896_550_fu_6037_p2          |       xor|   0|  0|    2|           1|           2|
    |xor_ln896_551_fu_6101_p2          |       xor|   0|  0|    2|           1|           2|
    |xor_ln896_552_fu_6251_p2          |       xor|   0|  0|    2|           1|           2|
    |xor_ln896_553_fu_6315_p2          |       xor|   0|  0|    2|           1|           2|
    |xor_ln896_554_fu_6443_p2          |       xor|   0|  0|    2|           1|           2|
    |xor_ln896_555_fu_6507_p2          |       xor|   0|  0|    2|           1|           2|
    |xor_ln896_556_fu_6657_p2          |       xor|   0|  0|    2|           1|           2|
    |xor_ln896_557_fu_6721_p2          |       xor|   0|  0|    2|           1|           2|
    |xor_ln896_558_fu_6849_p2          |       xor|   0|  0|    2|           1|           2|
    |xor_ln896_559_fu_6913_p2          |       xor|   0|  0|    2|           1|           2|
    |xor_ln896_560_fu_7063_p2          |       xor|   0|  0|    2|           1|           2|
    |xor_ln896_561_fu_7127_p2          |       xor|   0|  0|    2|           1|           2|
    |xor_ln896_562_fu_7255_p2          |       xor|   0|  0|    2|           1|           2|
    |xor_ln896_563_fu_7319_p2          |       xor|   0|  0|    2|           1|           2|
    |xor_ln896_564_fu_7469_p2          |       xor|   0|  0|    2|           1|           2|
    |xor_ln896_565_fu_7533_p2          |       xor|   0|  0|    2|           1|           2|
    |xor_ln896_566_fu_7661_p2          |       xor|   0|  0|    2|           1|           2|
    |xor_ln896_567_fu_7725_p2          |       xor|   0|  0|    2|           1|           2|
    |xor_ln896_568_fu_7875_p2          |       xor|   0|  0|    2|           1|           2|
    |xor_ln896_569_fu_7939_p2          |       xor|   0|  0|    2|           1|           2|
    |xor_ln896_570_fu_8067_p2          |       xor|   0|  0|    2|           1|           2|
    |xor_ln896_571_fu_8131_p2          |       xor|   0|  0|    2|           1|           2|
    |xor_ln896_572_fu_8281_p2          |       xor|   0|  0|    2|           1|           2|
    |xor_ln896_573_fu_8345_p2          |       xor|   0|  0|    2|           1|           2|
    |xor_ln896_574_fu_8473_p2          |       xor|   0|  0|    2|           1|           2|
    |xor_ln896_575_fu_8537_p2          |       xor|   0|  0|    2|           1|           2|
    |xor_ln896_576_fu_8687_p2          |       xor|   0|  0|    2|           1|           2|
    |xor_ln896_577_fu_8751_p2          |       xor|   0|  0|    2|           1|           2|
    |xor_ln896_578_fu_8879_p2          |       xor|   0|  0|    2|           1|           2|
    |xor_ln896_579_fu_8943_p2          |       xor|   0|  0|    2|           1|           2|
    |xor_ln896_580_fu_9093_p2          |       xor|   0|  0|    2|           1|           2|
    |xor_ln896_581_fu_9157_p2          |       xor|   0|  0|    2|           1|           2|
    |xor_ln896_582_fu_9285_p2          |       xor|   0|  0|    2|           1|           2|
    |xor_ln896_583_fu_9349_p2          |       xor|   0|  0|    2|           1|           2|
    |xor_ln896_584_fu_9499_p2          |       xor|   0|  0|    2|           1|           2|
    |xor_ln896_585_fu_9563_p2          |       xor|   0|  0|    2|           1|           2|
    |xor_ln896_586_fu_9691_p2          |       xor|   0|  0|    2|           1|           2|
    |xor_ln896_587_fu_9755_p2          |       xor|   0|  0|    2|           1|           2|
    |xor_ln896_588_fu_9905_p2          |       xor|   0|  0|    2|           1|           2|
    |xor_ln896_589_fu_9969_p2          |       xor|   0|  0|    2|           1|           2|
    |xor_ln896_590_fu_10097_p2         |       xor|   0|  0|    2|           1|           2|
    |xor_ln896_591_fu_10161_p2         |       xor|   0|  0|    2|           1|           2|
    |xor_ln896_592_fu_10311_p2         |       xor|   0|  0|    2|           1|           2|
    |xor_ln896_593_fu_10375_p2         |       xor|   0|  0|    2|           1|           2|
    |xor_ln896_594_fu_10503_p2         |       xor|   0|  0|    2|           1|           2|
    |xor_ln896_595_fu_10567_p2         |       xor|   0|  0|    2|           1|           2|
    |xor_ln896_596_fu_10717_p2         |       xor|   0|  0|    2|           1|           2|
    |xor_ln896_597_fu_10781_p2         |       xor|   0|  0|    2|           1|           2|
    |xor_ln896_598_fu_10909_p2         |       xor|   0|  0|    2|           1|           2|
    |xor_ln896_599_fu_10973_p2         |       xor|   0|  0|    2|           1|           2|
    |xor_ln896_600_fu_11123_p2         |       xor|   0|  0|    2|           1|           2|
    |xor_ln896_601_fu_11187_p2         |       xor|   0|  0|    2|           1|           2|
    |xor_ln896_602_fu_11315_p2         |       xor|   0|  0|    2|           1|           2|
    |xor_ln896_603_fu_11379_p2         |       xor|   0|  0|    2|           1|           2|
    |xor_ln896_604_fu_11529_p2         |       xor|   0|  0|    2|           1|           2|
    |xor_ln896_605_fu_11593_p2         |       xor|   0|  0|    2|           1|           2|
    |xor_ln896_606_fu_11721_p2         |       xor|   0|  0|    2|           1|           2|
    |xor_ln896_607_fu_11785_p2         |       xor|   0|  0|    2|           1|           2|
    |xor_ln896_608_fu_11935_p2         |       xor|   0|  0|    2|           1|           2|
    |xor_ln896_609_fu_11999_p2         |       xor|   0|  0|    2|           1|           2|
    |xor_ln896_610_fu_12127_p2         |       xor|   0|  0|    2|           1|           2|
    |xor_ln896_611_fu_12191_p2         |       xor|   0|  0|    2|           1|           2|
    |xor_ln896_612_fu_12341_p2         |       xor|   0|  0|    2|           1|           2|
    |xor_ln896_613_fu_12405_p2         |       xor|   0|  0|    2|           1|           2|
    |xor_ln896_614_fu_12533_p2         |       xor|   0|  0|    2|           1|           2|
    |xor_ln896_615_fu_12597_p2         |       xor|   0|  0|    2|           1|           2|
    |xor_ln896_616_fu_12747_p2         |       xor|   0|  0|    2|           1|           2|
    |xor_ln896_617_fu_12811_p2         |       xor|   0|  0|    2|           1|           2|
    |xor_ln896_618_fu_12939_p2         |       xor|   0|  0|    2|           1|           2|
    |xor_ln896_619_fu_13003_p2         |       xor|   0|  0|    2|           1|           2|
    |xor_ln896_620_fu_13153_p2         |       xor|   0|  0|    2|           1|           2|
    |xor_ln896_621_fu_13217_p2         |       xor|   0|  0|    2|           1|           2|
    |xor_ln896_622_fu_13345_p2         |       xor|   0|  0|    2|           1|           2|
    |xor_ln896_623_fu_13409_p2         |       xor|   0|  0|    2|           1|           2|
    |xor_ln896_624_fu_13559_p2         |       xor|   0|  0|    2|           1|           2|
    |xor_ln896_625_fu_13623_p2         |       xor|   0|  0|    2|           1|           2|
    |xor_ln896_626_fu_13751_p2         |       xor|   0|  0|    2|           1|           2|
    |xor_ln896_627_fu_13815_p2         |       xor|   0|  0|    2|           1|           2|
    |xor_ln896_628_fu_13965_p2         |       xor|   0|  0|    2|           1|           2|
    |xor_ln896_629_fu_14029_p2         |       xor|   0|  0|    2|           1|           2|
    |xor_ln896_630_fu_14157_p2         |       xor|   0|  0|    2|           1|           2|
    |xor_ln896_631_fu_14221_p2         |       xor|   0|  0|    2|           1|           2|
    |xor_ln896_632_fu_14371_p2         |       xor|   0|  0|    2|           1|           2|
    |xor_ln896_633_fu_14435_p2         |       xor|   0|  0|    2|           1|           2|
    |xor_ln896_634_fu_14563_p2         |       xor|   0|  0|    2|           1|           2|
    |xor_ln896_635_fu_14627_p2         |       xor|   0|  0|    2|           1|           2|
    |xor_ln896_636_fu_14777_p2         |       xor|   0|  0|    2|           1|           2|
    |xor_ln896_637_fu_14841_p2         |       xor|   0|  0|    2|           1|           2|
    |xor_ln896_638_fu_14969_p2         |       xor|   0|  0|    2|           1|           2|
    |xor_ln896_639_fu_15033_p2         |       xor|   0|  0|    2|           1|           2|
    |xor_ln896_640_fu_15183_p2         |       xor|   0|  0|    2|           1|           2|
    |xor_ln896_641_fu_15247_p2         |       xor|   0|  0|    2|           1|           2|
    |xor_ln896_642_fu_15375_p2         |       xor|   0|  0|    2|           1|           2|
    |xor_ln896_643_fu_15439_p2         |       xor|   0|  0|    2|           1|           2|
    |xor_ln896_644_fu_15589_p2         |       xor|   0|  0|    2|           1|           2|
    |xor_ln896_645_fu_15653_p2         |       xor|   0|  0|    2|           1|           2|
    |xor_ln896_646_fu_15781_p2         |       xor|   0|  0|    2|           1|           2|
    |xor_ln896_647_fu_15845_p2         |       xor|   0|  0|    2|           1|           2|
    |xor_ln896_648_fu_19867_p2         |       xor|   0|  0|    2|           1|           2|
    |xor_ln896_649_fu_19959_p2         |       xor|   0|  0|    2|           1|           2|
    |xor_ln896_650_fu_19971_p2         |       xor|   0|  0|    2|           1|           1|
    |xor_ln896_fu_2998_p2              |       xor|   0|  0|    2|           1|           2|
    +----------------------------------+----------+----+---+-----+------------+------------+
    |Total                             |          |   0|  0|11168|        6005|        7755|
    +----------------------------------+----------+----+---+-----+------------+------------+

    * Multiplexer: 
    +---------------------+-----+-----------+-----+-----------+
    |         Name        | LUT | Input Size| Bits| Total Bits|
    +---------------------+-----+-----------+-----+-----------+
    |ap_NS_fsm            |  351|         76|    1|         76|
    |ap_return_0          |    9|          2|   17|         34|
    |ap_return_1          |    9|          2|   17|         34|
    |ap_return_10         |    9|          2|   17|         34|
    |ap_return_11         |    9|          2|   17|         34|
    |ap_return_12         |    9|          2|   17|         34|
    |ap_return_13         |    9|          2|   17|         34|
    |ap_return_14         |    9|          2|   17|         34|
    |ap_return_15         |    9|          2|   17|         34|
    |ap_return_16         |    9|          2|   17|         34|
    |ap_return_17         |    9|          2|   17|         34|
    |ap_return_18         |    9|          2|   17|         34|
    |ap_return_19         |    9|          2|   17|         34|
    |ap_return_2          |    9|          2|   17|         34|
    |ap_return_20         |    9|          2|   17|         34|
    |ap_return_21         |    9|          2|   17|         34|
    |ap_return_22         |    9|          2|   17|         34|
    |ap_return_23         |    9|          2|   17|         34|
    |ap_return_24         |    9|          2|   17|         34|
    |ap_return_25         |    9|          2|   17|         34|
    |ap_return_26         |    9|          2|   17|         34|
    |ap_return_27         |    9|          2|   17|         34|
    |ap_return_28         |    9|          2|   17|         34|
    |ap_return_29         |    9|          2|   17|         34|
    |ap_return_3          |    9|          2|   17|         34|
    |ap_return_30         |    9|          2|   17|         34|
    |ap_return_31         |    9|          2|   17|         34|
    |ap_return_32         |    9|          2|   17|         34|
    |ap_return_33         |    9|          2|   17|         34|
    |ap_return_34         |    9|          2|   17|         34|
    |ap_return_35         |    9|          2|   17|         34|
    |ap_return_36         |    9|          2|   17|         34|
    |ap_return_37         |    9|          2|   17|         34|
    |ap_return_38         |    9|          2|   17|         34|
    |ap_return_39         |    9|          2|   17|         34|
    |ap_return_4          |    9|          2|   17|         34|
    |ap_return_40         |    9|          2|   17|         34|
    |ap_return_41         |    9|          2|   17|         34|
    |ap_return_42         |    9|          2|   17|         34|
    |ap_return_43         |    9|          2|   17|         34|
    |ap_return_44         |    9|          2|   17|         34|
    |ap_return_45         |    9|          2|   17|         34|
    |ap_return_46         |    9|          2|   17|         34|
    |ap_return_47         |    9|          2|   17|         34|
    |ap_return_48         |    9|          2|   17|         34|
    |ap_return_49         |    9|          2|   17|         34|
    |ap_return_5          |    9|          2|   17|         34|
    |ap_return_50         |    9|          2|   17|         34|
    |ap_return_51         |    9|          2|   17|         34|
    |ap_return_52         |    9|          2|   17|         34|
    |ap_return_53         |    9|          2|   17|         34|
    |ap_return_54         |    9|          2|   17|         34|
    |ap_return_55         |    9|          2|   17|         34|
    |ap_return_56         |    9|          2|   17|         34|
    |ap_return_57         |    9|          2|   17|         34|
    |ap_return_58         |    9|          2|   17|         34|
    |ap_return_59         |    9|          2|   17|         34|
    |ap_return_6          |    9|          2|   17|         34|
    |ap_return_60         |    9|          2|   17|         34|
    |ap_return_61         |    9|          2|   17|         34|
    |ap_return_62         |    9|          2|   17|         34|
    |ap_return_63         |    9|          2|   17|         34|
    |ap_return_7          |    9|          2|   17|         34|
    |ap_return_8          |    9|          2|   17|         34|
    |ap_return_9          |    9|          2|   17|         34|
    |ii_fu_806            |    9|          2|    7|         14|
    |qh_state_V_address0  |  279|         65|    6|        390|
    |qh_state_V_address1  |  273|         64|    6|        384|
    |qh_state_V_ce0       |   14|          3|    1|          3|
    |qh_state_V_d0        |  152|         33|    8|        264|
    |qh_state_V_d1        |  152|         33|    8|        264|
    +---------------------+-----+-----------+-----+-----------+
    |Total                | 1806|        404| 1125|       3571|
    +---------------------+-----+-----------+-----+-----------+

    * Register: 
    +----------------------------------------------------------------------------------------------+-----+----+-----+-----------+
    |                                             Name                                             |  FF | LUT| Bits| Const Bits|
    +----------------------------------------------------------------------------------------------+-----+----+-----+-----------+
    |add_ln485_reg_29620                                                                           |    7|   0|    7|          0|
    |ap_CS_fsm                                                                                     |   75|   0|   75|          0|
    |ap_return_0_preg                                                                              |   17|   0|   17|          0|
    |ap_return_10_preg                                                                             |   17|   0|   17|          0|
    |ap_return_11_preg                                                                             |   17|   0|   17|          0|
    |ap_return_12_preg                                                                             |   17|   0|   17|          0|
    |ap_return_13_preg                                                                             |   17|   0|   17|          0|
    |ap_return_14_preg                                                                             |   17|   0|   17|          0|
    |ap_return_15_preg                                                                             |   17|   0|   17|          0|
    |ap_return_16_preg                                                                             |   17|   0|   17|          0|
    |ap_return_17_preg                                                                             |   17|   0|   17|          0|
    |ap_return_18_preg                                                                             |   17|   0|   17|          0|
    |ap_return_19_preg                                                                             |   17|   0|   17|          0|
    |ap_return_1_preg                                                                              |   17|   0|   17|          0|
    |ap_return_20_preg                                                                             |   17|   0|   17|          0|
    |ap_return_21_preg                                                                             |   17|   0|   17|          0|
    |ap_return_22_preg                                                                             |   17|   0|   17|          0|
    |ap_return_23_preg                                                                             |   17|   0|   17|          0|
    |ap_return_24_preg                                                                             |   17|   0|   17|          0|
    |ap_return_25_preg                                                                             |   17|   0|   17|          0|
    |ap_return_26_preg                                                                             |   17|   0|   17|          0|
    |ap_return_27_preg                                                                             |   17|   0|   17|          0|
    |ap_return_28_preg                                                                             |   17|   0|   17|          0|
    |ap_return_29_preg                                                                             |   17|   0|   17|          0|
    |ap_return_2_preg                                                                              |   17|   0|   17|          0|
    |ap_return_30_preg                                                                             |   17|   0|   17|          0|
    |ap_return_31_preg                                                                             |   17|   0|   17|          0|
    |ap_return_32_preg                                                                             |   17|   0|   17|          0|
    |ap_return_33_preg                                                                             |   17|   0|   17|          0|
    |ap_return_34_preg                                                                             |   17|   0|   17|          0|
    |ap_return_35_preg                                                                             |   17|   0|   17|          0|
    |ap_return_36_preg                                                                             |   17|   0|   17|          0|
    |ap_return_37_preg                                                                             |   17|   0|   17|          0|
    |ap_return_38_preg                                                                             |   17|   0|   17|          0|
    |ap_return_39_preg                                                                             |   17|   0|   17|          0|
    |ap_return_3_preg                                                                              |   17|   0|   17|          0|
    |ap_return_40_preg                                                                             |   17|   0|   17|          0|
    |ap_return_41_preg                                                                             |   17|   0|   17|          0|
    |ap_return_42_preg                                                                             |   17|   0|   17|          0|
    |ap_return_43_preg                                                                             |   17|   0|   17|          0|
    |ap_return_44_preg                                                                             |   17|   0|   17|          0|
    |ap_return_45_preg                                                                             |   17|   0|   17|          0|
    |ap_return_46_preg                                                                             |   17|   0|   17|          0|
    |ap_return_47_preg                                                                             |   17|   0|   17|          0|
    |ap_return_48_preg                                                                             |   17|   0|   17|          0|
    |ap_return_49_preg                                                                             |   17|   0|   17|          0|
    |ap_return_4_preg                                                                              |   17|   0|   17|          0|
    |ap_return_50_preg                                                                             |   17|   0|   17|          0|
    |ap_return_51_preg                                                                             |   17|   0|   17|          0|
    |ap_return_52_preg                                                                             |   17|   0|   17|          0|
    |ap_return_53_preg                                                                             |   17|   0|   17|          0|
    |ap_return_54_preg                                                                             |   17|   0|   17|          0|
    |ap_return_55_preg                                                                             |   17|   0|   17|          0|
    |ap_return_56_preg                                                                             |   17|   0|   17|          0|
    |ap_return_57_preg                                                                             |   17|   0|   17|          0|
    |ap_return_58_preg                                                                             |   17|   0|   17|          0|
    |ap_return_59_preg                                                                             |   17|   0|   17|          0|
    |ap_return_5_preg                                                                              |   17|   0|   17|          0|
    |ap_return_60_preg                                                                             |   17|   0|   17|          0|
    |ap_return_61_preg                                                                             |   17|   0|   17|          0|
    |ap_return_62_preg                                                                             |   17|   0|   17|          0|
    |ap_return_63_preg                                                                             |   17|   0|   17|          0|
    |ap_return_6_preg                                                                              |   17|   0|   17|          0|
    |ap_return_7_preg                                                                              |   17|   0|   17|          0|
    |ap_return_8_preg                                                                              |   17|   0|   17|          0|
    |ap_return_9_preg                                                                              |   17|   0|   17|          0|
    |grp_dense_resource_ap_fixed_16_6_5_3_0_ap_fixed_23_12_5_3_0_config2_1_s_fu_1987_ap_start_reg  |    1|   0|    1|          0|
    |grp_dense_resource_ap_fixed_8_3_4_0_0_ap_fixed_23_12_5_3_0_config2_2_s_fu_2375_ap_start_reg   |    1|   0|    1|          0|
    |ii_fu_806                                                                                     |    7|   0|    7|          0|
    |inputacc_h_V_127_reg_29302                                                                    |   31|   0|   31|          0|
    |inputacc_h_V_128_reg_29307                                                                    |   31|   0|   31|          0|
    |inputacc_h_V_129_reg_29312                                                                    |   31|   0|   31|          0|
    |inputacc_h_V_130_reg_29317                                                                    |   31|   0|   31|          0|
    |inputacc_h_V_131_reg_29322                                                                    |   31|   0|   31|          0|
    |inputacc_h_V_132_reg_29327                                                                    |   31|   0|   31|          0|
    |inputacc_h_V_133_reg_29332                                                                    |   31|   0|   31|          0|
    |inputacc_h_V_134_reg_29337                                                                    |   31|   0|   31|          0|
    |inputacc_h_V_135_reg_29342                                                                    |   31|   0|   31|          0|
    |inputacc_h_V_136_reg_29347                                                                    |   31|   0|   31|          0|
    |inputacc_h_V_137_reg_29352                                                                    |   31|   0|   31|          0|
    |inputacc_h_V_138_reg_29357                                                                    |   31|   0|   31|          0|
    |inputacc_h_V_139_reg_29362                                                                    |   31|   0|   31|          0|
    |inputacc_h_V_140_reg_29367                                                                    |   31|   0|   31|          0|
    |inputacc_h_V_141_reg_29372                                                                    |   31|   0|   31|          0|
    |inputacc_h_V_142_reg_29377                                                                    |   31|   0|   31|          0|
    |inputacc_h_V_143_reg_29382                                                                    |   31|   0|   31|          0|
    |inputacc_h_V_144_reg_29387                                                                    |   31|   0|   31|          0|
    |inputacc_h_V_145_reg_29392                                                                    |   31|   0|   31|          0|
    |inputacc_h_V_146_reg_29397                                                                    |   31|   0|   31|          0|
    |inputacc_h_V_147_reg_29402                                                                    |   31|   0|   31|          0|
    |inputacc_h_V_148_reg_29407                                                                    |   31|   0|   31|          0|
    |inputacc_h_V_149_reg_29412                                                                    |   31|   0|   31|          0|
    |inputacc_h_V_150_reg_29417                                                                    |   31|   0|   31|          0|
    |inputacc_h_V_151_reg_29422                                                                    |   31|   0|   31|          0|
    |inputacc_h_V_152_reg_29427                                                                    |   31|   0|   31|          0|
    |inputacc_h_V_153_reg_29432                                                                    |   31|   0|   31|          0|
    |inputacc_h_V_154_reg_29437                                                                    |   31|   0|   31|          0|
    |inputacc_h_V_155_reg_29442                                                                    |   31|   0|   31|          0|
    |inputacc_h_V_156_reg_29447                                                                    |   31|   0|   31|          0|
    |inputacc_h_V_157_reg_29452                                                                    |   31|   0|   31|          0|
    |inputacc_h_V_158_reg_29457                                                                    |   31|   0|   31|          0|
    |inputacc_h_V_159_reg_29462                                                                    |   31|   0|   31|          0|
    |inputacc_h_V_160_reg_29467                                                                    |   31|   0|   31|          0|
    |inputacc_h_V_161_reg_29472                                                                    |   31|   0|   31|          0|
    |inputacc_h_V_162_reg_29477                                                                    |   31|   0|   31|          0|
    |inputacc_h_V_163_reg_29482                                                                    |   31|   0|   31|          0|
    |inputacc_h_V_164_reg_29487                                                                    |   31|   0|   31|          0|
    |inputacc_h_V_165_reg_29492                                                                    |   31|   0|   31|          0|
    |inputacc_h_V_166_reg_29497                                                                    |   31|   0|   31|          0|
    |inputacc_h_V_167_reg_29502                                                                    |   31|   0|   31|          0|
    |inputacc_h_V_168_reg_29507                                                                    |   31|   0|   31|          0|
    |inputacc_h_V_169_reg_29512                                                                    |   31|   0|   31|          0|
    |inputacc_h_V_170_reg_29517                                                                    |   31|   0|   31|          0|
    |inputacc_h_V_171_reg_29522                                                                    |   31|   0|   31|          0|
    |inputacc_h_V_172_reg_29527                                                                    |   31|   0|   31|          0|
    |inputacc_h_V_173_reg_29532                                                                    |   31|   0|   31|          0|
    |inputacc_h_V_174_reg_29537                                                                    |   31|   0|   31|          0|
    |inputacc_h_V_175_reg_29542                                                                    |   31|   0|   31|          0|
    |inputacc_h_V_176_reg_29547                                                                    |   31|   0|   31|          0|
    |inputacc_h_V_177_reg_29552                                                                    |   31|   0|   31|          0|
    |inputacc_h_V_178_reg_29557                                                                    |   31|   0|   31|          0|
    |inputacc_h_V_179_reg_29562                                                                    |   31|   0|   31|          0|
    |inputacc_h_V_180_reg_29567                                                                    |   31|   0|   31|          0|
    |inputacc_h_V_181_reg_29572                                                                    |   31|   0|   31|          0|
    |inputacc_h_V_182_reg_29577                                                                    |   31|   0|   31|          0|
    |inputacc_h_V_183_reg_29582                                                                    |   31|   0|   31|          0|
    |inputacc_h_V_184_reg_29587                                                                    |   31|   0|   31|          0|
    |inputacc_h_V_185_reg_29592                                                                    |   31|   0|   31|          0|
    |inputacc_h_V_186_reg_29597                                                                    |   31|   0|   31|          0|
    |inputacc_h_V_187_reg_29602                                                                    |   31|   0|   31|          0|
    |inputacc_h_V_188_reg_29607                                                                    |   31|   0|   31|          0|
    |inputacc_h_V_189_reg_29612                                                                    |   31|   0|   31|          0|
    |inputacc_h_V_reg_29297                                                                        |   31|   0|   31|          0|
    |inputacc_zr_V_255_reg_27318                                                                   |   23|   0|   23|          0|
    |inputacc_zr_V_256_reg_27323                                                                   |   23|   0|   23|          0|
    |inputacc_zr_V_257_reg_27328                                                                   |   23|   0|   23|          0|
    |inputacc_zr_V_258_reg_27333                                                                   |   23|   0|   23|          0|
    |inputacc_zr_V_259_reg_27338                                                                   |   23|   0|   23|          0|
    |inputacc_zr_V_260_reg_27343                                                                   |   23|   0|   23|          0|
    |inputacc_zr_V_261_reg_27348                                                                   |   23|   0|   23|          0|
    |inputacc_zr_V_262_reg_27353                                                                   |   23|   0|   23|          0|
    |inputacc_zr_V_263_reg_27358                                                                   |   23|   0|   23|          0|
    |inputacc_zr_V_264_reg_27363                                                                   |   23|   0|   23|          0|
    |inputacc_zr_V_265_reg_27368                                                                   |   23|   0|   23|          0|
    |inputacc_zr_V_266_reg_27373                                                                   |   23|   0|   23|          0|
    |inputacc_zr_V_267_reg_27378                                                                   |   23|   0|   23|          0|
    |inputacc_zr_V_268_reg_27383                                                                   |   23|   0|   23|          0|
    |inputacc_zr_V_269_reg_27388                                                                   |   23|   0|   23|          0|
    |inputacc_zr_V_270_reg_27393                                                                   |   23|   0|   23|          0|
    |inputacc_zr_V_271_reg_27398                                                                   |   23|   0|   23|          0|
    |inputacc_zr_V_272_reg_27403                                                                   |   23|   0|   23|          0|
    |inputacc_zr_V_273_reg_27408                                                                   |   23|   0|   23|          0|
    |inputacc_zr_V_274_reg_27413                                                                   |   23|   0|   23|          0|
    |inputacc_zr_V_275_reg_27418                                                                   |   23|   0|   23|          0|
    |inputacc_zr_V_276_reg_27423                                                                   |   23|   0|   23|          0|
    |inputacc_zr_V_277_reg_27428                                                                   |   23|   0|   23|          0|
    |inputacc_zr_V_278_reg_27433                                                                   |   23|   0|   23|          0|
    |inputacc_zr_V_279_reg_27438                                                                   |   23|   0|   23|          0|
    |inputacc_zr_V_280_reg_27443                                                                   |   23|   0|   23|          0|
    |inputacc_zr_V_281_reg_27448                                                                   |   23|   0|   23|          0|
    |inputacc_zr_V_282_reg_27453                                                                   |   23|   0|   23|          0|
    |inputacc_zr_V_283_reg_27458                                                                   |   23|   0|   23|          0|
    |inputacc_zr_V_284_reg_27463                                                                   |   23|   0|   23|          0|
    |inputacc_zr_V_285_reg_27468                                                                   |   23|   0|   23|          0|
    |inputacc_zr_V_286_reg_27473                                                                   |   23|   0|   23|          0|
    |inputacc_zr_V_287_reg_27478                                                                   |   23|   0|   23|          0|
    |inputacc_zr_V_288_reg_27483                                                                   |   23|   0|   23|          0|
    |inputacc_zr_V_289_reg_27488                                                                   |   23|   0|   23|          0|
    |inputacc_zr_V_290_reg_27493                                                                   |   23|   0|   23|          0|
    |inputacc_zr_V_291_reg_27498                                                                   |   23|   0|   23|          0|
    |inputacc_zr_V_292_reg_27503                                                                   |   23|   0|   23|          0|
    |inputacc_zr_V_293_reg_27508                                                                   |   23|   0|   23|          0|
    |inputacc_zr_V_294_reg_27513                                                                   |   23|   0|   23|          0|
    |inputacc_zr_V_295_reg_27518                                                                   |   23|   0|   23|          0|
    |inputacc_zr_V_296_reg_27523                                                                   |   23|   0|   23|          0|
    |inputacc_zr_V_297_reg_27528                                                                   |   23|   0|   23|          0|
    |inputacc_zr_V_298_reg_27533                                                                   |   23|   0|   23|          0|
    |inputacc_zr_V_299_reg_27538                                                                   |   23|   0|   23|          0|
    |inputacc_zr_V_300_reg_27543                                                                   |   23|   0|   23|          0|
    |inputacc_zr_V_301_reg_27548                                                                   |   23|   0|   23|          0|
    |inputacc_zr_V_302_reg_27553                                                                   |   23|   0|   23|          0|
    |inputacc_zr_V_303_reg_27558                                                                   |   23|   0|   23|          0|
    |inputacc_zr_V_304_reg_27563                                                                   |   23|   0|   23|          0|
    |inputacc_zr_V_305_reg_27568                                                                   |   23|   0|   23|          0|
    |inputacc_zr_V_306_reg_27573                                                                   |   23|   0|   23|          0|
    |inputacc_zr_V_307_reg_27578                                                                   |   23|   0|   23|          0|
    |inputacc_zr_V_308_reg_27583                                                                   |   23|   0|   23|          0|
    |inputacc_zr_V_309_reg_27588                                                                   |   23|   0|   23|          0|
    |inputacc_zr_V_310_reg_27593                                                                   |   23|   0|   23|          0|
    |inputacc_zr_V_311_reg_27598                                                                   |   23|   0|   23|          0|
    |inputacc_zr_V_312_reg_27603                                                                   |   23|   0|   23|          0|
    |inputacc_zr_V_313_reg_27608                                                                   |   23|   0|   23|          0|
    |inputacc_zr_V_314_reg_27613                                                                   |   23|   0|   23|          0|
    |inputacc_zr_V_315_reg_27618                                                                   |   23|   0|   23|          0|
    |inputacc_zr_V_316_reg_27623                                                                   |   23|   0|   23|          0|
    |inputacc_zr_V_317_reg_27628                                                                   |   23|   0|   23|          0|
    |inputacc_zr_V_318_reg_27633                                                                   |   23|   0|   23|          0|
    |inputacc_zr_V_319_reg_27638                                                                   |   23|   0|   23|          0|
    |inputacc_zr_V_320_reg_27643                                                                   |   23|   0|   23|          0|
    |inputacc_zr_V_321_reg_27648                                                                   |   23|   0|   23|          0|
    |inputacc_zr_V_322_reg_27653                                                                   |   23|   0|   23|          0|
    |inputacc_zr_V_323_reg_27658                                                                   |   23|   0|   23|          0|
    |inputacc_zr_V_324_reg_27663                                                                   |   23|   0|   23|          0|
    |inputacc_zr_V_325_reg_27668                                                                   |   23|   0|   23|          0|
    |inputacc_zr_V_326_reg_27673                                                                   |   23|   0|   23|          0|
    |inputacc_zr_V_327_reg_27678                                                                   |   23|   0|   23|          0|
    |inputacc_zr_V_328_reg_27683                                                                   |   23|   0|   23|          0|
    |inputacc_zr_V_329_reg_27688                                                                   |   23|   0|   23|          0|
    |inputacc_zr_V_330_reg_27693                                                                   |   23|   0|   23|          0|
    |inputacc_zr_V_331_reg_27698                                                                   |   23|   0|   23|          0|
    |inputacc_zr_V_332_reg_27703                                                                   |   23|   0|   23|          0|
    |inputacc_zr_V_333_reg_27708                                                                   |   23|   0|   23|          0|
    |inputacc_zr_V_334_reg_27713                                                                   |   23|   0|   23|          0|
    |inputacc_zr_V_335_reg_27718                                                                   |   23|   0|   23|          0|
    |inputacc_zr_V_336_reg_27723                                                                   |   23|   0|   23|          0|
    |inputacc_zr_V_337_reg_27728                                                                   |   23|   0|   23|          0|
    |inputacc_zr_V_338_reg_27733                                                                   |   23|   0|   23|          0|
    |inputacc_zr_V_339_reg_27738                                                                   |   23|   0|   23|          0|
    |inputacc_zr_V_340_reg_27743                                                                   |   23|   0|   23|          0|
    |inputacc_zr_V_341_reg_27748                                                                   |   23|   0|   23|          0|
    |inputacc_zr_V_342_reg_27753                                                                   |   23|   0|   23|          0|
    |inputacc_zr_V_343_reg_27758                                                                   |   23|   0|   23|          0|
    |inputacc_zr_V_344_reg_27763                                                                   |   23|   0|   23|          0|
    |inputacc_zr_V_345_reg_27768                                                                   |   23|   0|   23|          0|
    |inputacc_zr_V_346_reg_27773                                                                   |   23|   0|   23|          0|
    |inputacc_zr_V_347_reg_27778                                                                   |   23|   0|   23|          0|
    |inputacc_zr_V_348_reg_27783                                                                   |   23|   0|   23|          0|
    |inputacc_zr_V_349_reg_27788                                                                   |   23|   0|   23|          0|
    |inputacc_zr_V_350_reg_27793                                                                   |   23|   0|   23|          0|
    |inputacc_zr_V_351_reg_27798                                                                   |   23|   0|   23|          0|
    |inputacc_zr_V_352_reg_27803                                                                   |   23|   0|   23|          0|
    |inputacc_zr_V_353_reg_27808                                                                   |   23|   0|   23|          0|
    |inputacc_zr_V_354_reg_27813                                                                   |   23|   0|   23|          0|
    |inputacc_zr_V_355_reg_27818                                                                   |   23|   0|   23|          0|
    |inputacc_zr_V_356_reg_27823                                                                   |   23|   0|   23|          0|
    |inputacc_zr_V_357_reg_27828                                                                   |   23|   0|   23|          0|
    |inputacc_zr_V_358_reg_27833                                                                   |   23|   0|   23|          0|
    |inputacc_zr_V_359_reg_27838                                                                   |   23|   0|   23|          0|
    |inputacc_zr_V_360_reg_27843                                                                   |   23|   0|   23|          0|
    |inputacc_zr_V_361_reg_27848                                                                   |   23|   0|   23|          0|
    |inputacc_zr_V_362_reg_27853                                                                   |   23|   0|   23|          0|
    |inputacc_zr_V_363_reg_27858                                                                   |   23|   0|   23|          0|
    |inputacc_zr_V_364_reg_27863                                                                   |   23|   0|   23|          0|
    |inputacc_zr_V_365_reg_27868                                                                   |   23|   0|   23|          0|
    |inputacc_zr_V_366_reg_27873                                                                   |   23|   0|   23|          0|
    |inputacc_zr_V_367_reg_27878                                                                   |   23|   0|   23|          0|
    |inputacc_zr_V_368_reg_27883                                                                   |   23|   0|   23|          0|
    |inputacc_zr_V_369_reg_27888                                                                   |   23|   0|   23|          0|
    |inputacc_zr_V_370_reg_27893                                                                   |   23|   0|   23|          0|
    |inputacc_zr_V_371_reg_27898                                                                   |   23|   0|   23|          0|
    |inputacc_zr_V_372_reg_27903                                                                   |   23|   0|   23|          0|
    |inputacc_zr_V_373_reg_27908                                                                   |   23|   0|   23|          0|
    |inputacc_zr_V_374_reg_27913                                                                   |   23|   0|   23|          0|
    |inputacc_zr_V_375_reg_27918                                                                   |   23|   0|   23|          0|
    |inputacc_zr_V_376_reg_27923                                                                   |   23|   0|   23|          0|
    |inputacc_zr_V_377_reg_27928                                                                   |   23|   0|   23|          0|
    |inputacc_zr_V_378_reg_27933                                                                   |   23|   0|   23|          0|
    |inputacc_zr_V_379_reg_27938                                                                   |   23|   0|   23|          0|
    |inputacc_zr_V_380_reg_27943                                                                   |   23|   0|   23|          0|
    |inputacc_zr_V_381_reg_27948                                                                   |   23|   0|   23|          0|
    |inputacc_zr_V_reg_27313                                                                       |   23|   0|   23|          0|
    |p_ZZN4nnet10gru_staticI8ap_fixedILi16ELi6EL9ap_q_mode5EL9ap_o_mode3ELi0EES1_ILi17_107         |   17|   0|   17|          0|
    |p_ZZN4nnet10gru_staticI8ap_fixedILi16ELi6EL9ap_q_mode5EL9ap_o_mode3ELi0EES1_ILi17_108         |   17|   0|   17|          0|
    |p_ZZN4nnet10gru_staticI8ap_fixedILi16ELi6EL9ap_q_mode5EL9ap_o_mode3ELi0EES1_ILi17_109         |   17|   0|   17|          0|
    |p_ZZN4nnet10gru_staticI8ap_fixedILi16ELi6EL9ap_q_mode5EL9ap_o_mode3ELi0EES1_ILi17_110         |   17|   0|   17|          0|
    |p_ZZN4nnet10gru_staticI8ap_fixedILi16ELi6EL9ap_q_mode5EL9ap_o_mode3ELi0EES1_ILi17_111         |   17|   0|   17|          0|
    |p_ZZN4nnet10gru_staticI8ap_fixedILi16ELi6EL9ap_q_mode5EL9ap_o_mode3ELi0EES1_ILi17_112         |   17|   0|   17|          0|
    |p_ZZN4nnet10gru_staticI8ap_fixedILi16ELi6EL9ap_q_mode5EL9ap_o_mode3ELi0EES1_ILi17_113         |   17|   0|   17|          0|
    |p_ZZN4nnet10gru_staticI8ap_fixedILi16ELi6EL9ap_q_mode5EL9ap_o_mode3ELi0EES1_ILi17_114         |   17|   0|   17|          0|
    |p_ZZN4nnet10gru_staticI8ap_fixedILi16ELi6EL9ap_q_mode5EL9ap_o_mode3ELi0EES1_ILi17_54          |   17|   0|   17|          0|
    |p_ZZN4nnet10gru_staticI8ap_fixedILi16ELi6EL9ap_q_mode5EL9ap_o_mode3ELi0EES1_ILi17_55          |   17|   0|   17|          0|
    |p_ZZN4nnet10gru_staticI8ap_fixedILi16ELi6EL9ap_q_mode5EL9ap_o_mode3ELi0EES1_ILi17_56          |   17|   0|   17|          0|
    |p_ZZN4nnet10gru_staticI8ap_fixedILi16ELi6EL9ap_q_mode5EL9ap_o_mode3ELi0EES1_ILi17_57          |   17|   0|   17|          0|
    |p_ZZN4nnet10gru_staticI8ap_fixedILi16ELi6EL9ap_q_mode5EL9ap_o_mode3ELi0EES1_ILi17_58          |   17|   0|   17|          0|
    |p_ZZN4nnet10gru_staticI8ap_fixedILi16ELi6EL9ap_q_mode5EL9ap_o_mode3ELi0EES1_ILi17_59          |   17|   0|   17|          0|
    |p_ZZN4nnet10gru_staticI8ap_fixedILi16ELi6EL9ap_q_mode5EL9ap_o_mode3ELi0EES1_ILi17_60          |   17|   0|   17|          0|
    |p_ZZN4nnet10gru_staticI8ap_fixedILi16ELi6EL9ap_q_mode5EL9ap_o_mode3ELi0EES1_ILi17_61          |   17|   0|   17|          0|
    |p_ZZN4nnet10gru_staticI8ap_fixedILi16ELi6EL9ap_q_mode5EL9ap_o_mode3ELi0EES1_ILi17_62          |   17|   0|   17|          0|
    |p_ZZN4nnet10gru_staticI8ap_fixedILi16ELi6EL9ap_q_mode5EL9ap_o_mode3ELi0EES1_ILi17_63          |   17|   0|   17|          0|
    |p_ZZN4nnet10gru_staticI8ap_fixedILi16ELi6EL9ap_q_mode5EL9ap_o_mode3ELi0EES1_ILi17_64          |   17|   0|   17|          0|
    |p_ZZN4nnet10gru_staticI8ap_fixedILi16ELi6EL9ap_q_mode5EL9ap_o_mode3ELi0EES1_ILi17_65          |   17|   0|   17|          0|
    |p_ZZN4nnet10gru_staticI8ap_fixedILi16ELi6EL9ap_q_mode5EL9ap_o_mode3ELi0EES1_ILi17_66          |   17|   0|   17|          0|
    |p_ZZN4nnet10gru_staticI8ap_fixedILi16ELi6EL9ap_q_mode5EL9ap_o_mode3ELi0EES1_ILi17_67          |   17|   0|   17|          0|
    |p_ZZN4nnet10gru_staticI8ap_fixedILi16ELi6EL9ap_q_mode5EL9ap_o_mode3ELi0EES1_ILi17_68          |   17|   0|   17|          0|
    |p_ZZN4nnet10gru_staticI8ap_fixedILi16ELi6EL9ap_q_mode5EL9ap_o_mode3ELi0EES1_ILi17_69          |   17|   0|   17|          0|
    |p_ZZN4nnet10gru_staticI8ap_fixedILi16ELi6EL9ap_q_mode5EL9ap_o_mode3ELi0EES1_ILi17_70          |   17|   0|   17|          0|
    |p_ZZN4nnet10gru_staticI8ap_fixedILi16ELi6EL9ap_q_mode5EL9ap_o_mode3ELi0EES1_ILi17_71          |   17|   0|   17|          0|
    |p_ZZN4nnet10gru_staticI8ap_fixedILi16ELi6EL9ap_q_mode5EL9ap_o_mode3ELi0EES1_ILi17_72          |   17|   0|   17|          0|
    |p_ZZN4nnet10gru_staticI8ap_fixedILi16ELi6EL9ap_q_mode5EL9ap_o_mode3ELi0EES1_ILi17_73          |   17|   0|   17|          0|
    |p_ZZN4nnet10gru_staticI8ap_fixedILi16ELi6EL9ap_q_mode5EL9ap_o_mode3ELi0EES1_ILi17_74          |   17|   0|   17|          0|
    |p_ZZN4nnet10gru_staticI8ap_fixedILi16ELi6EL9ap_q_mode5EL9ap_o_mode3ELi0EES1_ILi17_75          |   17|   0|   17|          0|
    |p_ZZN4nnet10gru_staticI8ap_fixedILi16ELi6EL9ap_q_mode5EL9ap_o_mode3ELi0EES1_ILi17_76          |   17|   0|   17|          0|
    |p_ZZN4nnet10gru_staticI8ap_fixedILi16ELi6EL9ap_q_mode5EL9ap_o_mode3ELi0EES1_ILi17_77          |   17|   0|   17|          0|
    |p_ZZN4nnet10gru_staticI8ap_fixedILi16ELi6EL9ap_q_mode5EL9ap_o_mode3ELi0EES1_ILi17_78          |   17|   0|   17|          0|
    |p_ZZN4nnet10gru_staticI8ap_fixedILi16ELi6EL9ap_q_mode5EL9ap_o_mode3ELi0EES1_ILi17_79          |   17|   0|   17|          0|
    |p_ZZN4nnet10gru_staticI8ap_fixedILi16ELi6EL9ap_q_mode5EL9ap_o_mode3ELi0EES1_ILi17_80          |   17|   0|   17|          0|
    |p_ZZN4nnet10gru_staticI8ap_fixedILi16ELi6EL9ap_q_mode5EL9ap_o_mode3ELi0EES1_ILi17_81          |   17|   0|   17|          0|
    |p_ZZN4nnet10gru_staticI8ap_fixedILi16ELi6EL9ap_q_mode5EL9ap_o_mode3ELi0EES1_ILi17_82          |   17|   0|   17|          0|
    |p_ZZN4nnet10gru_staticI8ap_fixedILi16ELi6EL9ap_q_mode5EL9ap_o_mode3ELi0EES1_ILi17_83          |   17|   0|   17|          0|
    |p_ZZN4nnet10gru_staticI8ap_fixedILi16ELi6EL9ap_q_mode5EL9ap_o_mode3ELi0EES1_ILi17_84          |   17|   0|   17|          0|
    |p_ZZN4nnet10gru_staticI8ap_fixedILi16ELi6EL9ap_q_mode5EL9ap_o_mode3ELi0EES1_ILi17_85          |   17|   0|   17|          0|
    |p_ZZN4nnet10gru_staticI8ap_fixedILi16ELi6EL9ap_q_mode5EL9ap_o_mode3ELi0EES1_ILi17_86          |   17|   0|   17|          0|
    |p_ZZN4nnet10gru_staticI8ap_fixedILi16ELi6EL9ap_q_mode5EL9ap_o_mode3ELi0EES1_ILi17_87          |   17|   0|   17|          0|
    |p_ZZN4nnet10gru_staticI8ap_fixedILi16ELi6EL9ap_q_mode5EL9ap_o_mode3ELi0EES1_ILi17_88          |   17|   0|   17|          0|
    |p_ZZN4nnet10gru_staticI8ap_fixedILi16ELi6EL9ap_q_mode5EL9ap_o_mode3ELi0EES1_ILi17_89          |   17|   0|   17|          0|
    |p_ZZN4nnet10gru_staticI8ap_fixedILi16ELi6EL9ap_q_mode5EL9ap_o_mode3ELi0EES1_ILi17_90          |   17|   0|   17|          0|
    |p_ZZN4nnet10gru_staticI8ap_fixedILi16ELi6EL9ap_q_mode5EL9ap_o_mode3ELi0EES1_ILi17_91          |   17|   0|   17|          0|
    |p_ZZN4nnet10gru_staticI8ap_fixedILi16ELi6EL9ap_q_mode5EL9ap_o_mode3ELi0EES1_ILi17_92          |   17|   0|   17|          0|
    |p_ZZN4nnet10gru_staticI8ap_fixedILi16ELi6EL9ap_q_mode5EL9ap_o_mode3ELi0EES1_ILi17_93          |   17|   0|   17|          0|
    |p_ZZN4nnet10gru_staticI8ap_fixedILi16ELi6EL9ap_q_mode5EL9ap_o_mode3ELi0EES1_ILi17_94          |   17|   0|   17|          0|
    |p_ZZN4nnet10gru_staticI8ap_fixedILi16ELi6EL9ap_q_mode5EL9ap_o_mode3ELi0EES1_ILi17_95          |   17|   0|   17|          0|
    |p_ZZN4nnet10gru_staticI8ap_fixedILi16ELi6EL9ap_q_mode5EL9ap_o_mode3ELi0EES1_ILi17_96          |   17|   0|   17|          0|
    |p_ZZN4nnet10gru_staticI8ap_fixedILi16ELi6EL9ap_q_mode5EL9ap_o_mode3ELi0EES1_ILi17_97          |   17|   0|   17|          0|
    |p_ZZN4nnet10gru_staticI8ap_fixedILi16ELi6EL9ap_q_mode5EL9ap_o_mode3ELi0EES1_ILi17_98          |   17|   0|   17|          0|
    |p_ZZN4nnet10gru_staticI8ap_fixedILi16ELi6EL9ap_q_mode5EL9ap_o_mode3ELi0EES1_ILi17_99          |   17|   0|   17|          0|
    |r_V_1536_fu_810                                                                               |    8|   0|    8|          0|
    |r_V_1602_fu_814                                                                               |    8|   0|    8|          0|
    |r_V_1603_fu_818                                                                               |    8|   0|    8|          0|
    |r_V_1604_fu_822                                                                               |    8|   0|    8|          0|
    |r_V_1605_fu_826                                                                               |    8|   0|    8|          0|
    |r_V_1606_fu_830                                                                               |    8|   0|    8|          0|
    |r_V_1607_fu_834                                                                               |    8|   0|    8|          0|
    |r_V_1608_fu_838                                                                               |    8|   0|    8|          0|
    |r_V_1609_fu_842                                                                               |    8|   0|    8|          0|
    |r_V_1610_fu_846                                                                               |    8|   0|    8|          0|
    |r_V_1611_fu_850                                                                               |    8|   0|    8|          0|
    |r_V_1612_fu_854                                                                               |    8|   0|    8|          0|
    |r_V_1613_fu_858                                                                               |    8|   0|    8|          0|
    |r_V_1614_fu_862                                                                               |    8|   0|    8|          0|
    |r_V_1615_fu_866                                                                               |    8|   0|    8|          0|
    |r_V_1616_fu_870                                                                               |    8|   0|    8|          0|
    |r_V_1617_fu_874                                                                               |    8|   0|    8|          0|
    |r_V_1618_fu_878                                                                               |    8|   0|    8|          0|
    |r_V_1619_fu_882                                                                               |    8|   0|    8|          0|
    |r_V_1620_fu_886                                                                               |    8|   0|    8|          0|
    |r_V_1621_fu_890                                                                               |    8|   0|    8|          0|
    |r_V_1622_fu_894                                                                               |    8|   0|    8|          0|
    |r_V_1623_fu_898                                                                               |    8|   0|    8|          0|
    |r_V_1624_fu_902                                                                               |    8|   0|    8|          0|
    |r_V_1625_fu_906                                                                               |    8|   0|    8|          0|
    |r_V_1626_fu_910                                                                               |    8|   0|    8|          0|
    |r_V_1627_fu_914                                                                               |    8|   0|    8|          0|
    |r_V_1628_fu_918                                                                               |    8|   0|    8|          0|
    |r_V_1629_fu_922                                                                               |    8|   0|    8|          0|
    |r_V_1630_fu_926                                                                               |    8|   0|    8|          0|
    |r_V_1631_fu_930                                                                               |    8|   0|    8|          0|
    |r_V_1632_fu_934                                                                               |    8|   0|    8|          0|
    |r_V_1633_fu_938                                                                               |    8|   0|    8|          0|
    |r_V_1634_fu_942                                                                               |    8|   0|    8|          0|
    |r_V_1635_fu_946                                                                               |    8|   0|    8|          0|
    |r_V_1636_fu_950                                                                               |    8|   0|    8|          0|
    |r_V_1637_fu_954                                                                               |    8|   0|    8|          0|
    |r_V_1638_fu_958                                                                               |    8|   0|    8|          0|
    |r_V_1639_fu_962                                                                               |    8|   0|    8|          0|
    |r_V_1640_fu_966                                                                               |    8|   0|    8|          0|
    |r_V_1641_fu_970                                                                               |    8|   0|    8|          0|
    |r_V_1642_fu_974                                                                               |    8|   0|    8|          0|
    |r_V_1643_fu_978                                                                               |    8|   0|    8|          0|
    |r_V_1644_fu_982                                                                               |    8|   0|    8|          0|
    |r_V_1645_fu_986                                                                               |    8|   0|    8|          0|
    |r_V_1646_fu_990                                                                               |    8|   0|    8|          0|
    |r_V_1647_fu_994                                                                               |    8|   0|    8|          0|
    |r_V_1648_fu_998                                                                               |    8|   0|    8|          0|
    |r_V_1649_fu_1002                                                                              |    8|   0|    8|          0|
    |r_V_1650_fu_1006                                                                              |    8|   0|    8|          0|
    |r_V_1651_fu_1010                                                                              |    8|   0|    8|          0|
    |r_V_1652_fu_1014                                                                              |    8|   0|    8|          0|
    |r_V_1653_fu_1018                                                                              |    8|   0|    8|          0|
    |r_V_1654_fu_1022                                                                              |    8|   0|    8|          0|
    |r_V_1655_fu_1026                                                                              |    8|   0|    8|          0|
    |r_V_1656_fu_1030                                                                              |    8|   0|    8|          0|
    |r_V_1657_fu_1034                                                                              |    8|   0|    8|          0|
    |r_V_1658_fu_1038                                                                              |    8|   0|    8|          0|
    |r_V_1659_fu_1042                                                                              |    8|   0|    8|          0|
    |r_V_1660_fu_1046                                                                              |    8|   0|    8|          0|
    |r_V_1661_fu_1050                                                                              |    8|   0|    8|          0|
    |r_V_1662_fu_1054                                                                              |    8|   0|    8|          0|
    |r_V_1663_fu_1058                                                                              |    8|   0|    8|          0|
    |r_V_1664_fu_1062                                                                              |    8|   0|    8|          0|
    |r_V_1794_reg_29644                                                                            |    8|   0|    8|          0|
    |r_V_1797_reg_29649                                                                            |    8|   0|    8|          0|
    |r_V_1800_reg_29654                                                                            |    8|   0|    8|          0|
    |r_V_1803_reg_29659                                                                            |    8|   0|    8|          0|
    |r_V_1806_reg_29664                                                                            |    8|   0|    8|          0|
    |r_V_1809_reg_29669                                                                            |    8|   0|    8|          0|
    |r_V_1812_reg_29674                                                                            |    8|   0|    8|          0|
    |r_V_1815_reg_29679                                                                            |    8|   0|    8|          0|
    |r_V_1818_reg_29684                                                                            |    8|   0|    8|          0|
    |r_V_1821_reg_29689                                                                            |    8|   0|    8|          0|
    |r_V_1824_reg_29694                                                                            |    8|   0|    8|          0|
    |r_V_1827_reg_29699                                                                            |    8|   0|    8|          0|
    |r_V_1830_reg_29704                                                                            |    8|   0|    8|          0|
    |r_V_1833_reg_29709                                                                            |    8|   0|    8|          0|
    |r_V_1836_reg_29714                                                                            |    8|   0|    8|          0|
    |r_V_1839_reg_29719                                                                            |    8|   0|    8|          0|
    |r_V_1842_reg_29724                                                                            |    8|   0|    8|          0|
    |r_V_1845_reg_29729                                                                            |    8|   0|    8|          0|
    |r_V_1848_reg_29734                                                                            |    8|   0|    8|          0|
    |r_V_1851_reg_29739                                                                            |    8|   0|    8|          0|
    |r_V_1854_reg_29744                                                                            |    8|   0|    8|          0|
    |r_V_1857_reg_29749                                                                            |    8|   0|    8|          0|
    |r_V_1860_reg_29754                                                                            |    8|   0|    8|          0|
    |r_V_1863_reg_29759                                                                            |    8|   0|    8|          0|
    |r_V_1866_reg_29764                                                                            |    8|   0|    8|          0|
    |r_V_1869_reg_29769                                                                            |    8|   0|    8|          0|
    |r_V_1872_reg_29774                                                                            |    8|   0|    8|          0|
    |r_V_1875_reg_29779                                                                            |    8|   0|    8|          0|
    |r_V_1878_reg_29784                                                                            |    8|   0|    8|          0|
    |r_V_1881_reg_29789                                                                            |    8|   0|    8|          0|
    |r_V_1884_reg_29794                                                                            |    8|   0|    8|          0|
    |r_V_1887_reg_29799                                                                            |    8|   0|    8|          0|
    |r_V_1890_reg_29804                                                                            |    8|   0|    8|          0|
    |r_V_1893_reg_29809                                                                            |    8|   0|    8|          0|
    |r_V_1896_reg_29814                                                                            |    8|   0|    8|          0|
    |r_V_1899_reg_29819                                                                            |    8|   0|    8|          0|
    |r_V_1902_reg_29824                                                                            |    8|   0|    8|          0|
    |r_V_1905_reg_29829                                                                            |    8|   0|    8|          0|
    |r_V_1908_reg_29834                                                                            |    8|   0|    8|          0|
    |r_V_1911_reg_29839                                                                            |    8|   0|    8|          0|
    |r_V_1914_reg_29844                                                                            |    8|   0|    8|          0|
    |r_V_1917_reg_29849                                                                            |    8|   0|    8|          0|
    |r_V_1920_reg_29854                                                                            |    8|   0|    8|          0|
    |r_V_1923_reg_29859                                                                            |    8|   0|    8|          0|
    |r_V_1926_reg_29864                                                                            |    8|   0|    8|          0|
    |r_V_1929_reg_29869                                                                            |    8|   0|    8|          0|
    |r_V_1932_reg_29874                                                                            |    8|   0|    8|          0|
    |r_V_1935_reg_29879                                                                            |    8|   0|    8|          0|
    |r_V_1938_reg_29884                                                                            |    8|   0|    8|          0|
    |r_V_1941_reg_29889                                                                            |    8|   0|    8|          0|
    |r_V_1944_reg_29894                                                                            |    8|   0|    8|          0|
    |r_V_1947_reg_29899                                                                            |    8|   0|    8|          0|
    |r_V_1950_reg_29904                                                                            |    8|   0|    8|          0|
    |r_V_1953_reg_29909                                                                            |    8|   0|    8|          0|
    |r_V_1956_reg_29914                                                                            |    8|   0|    8|          0|
    |r_V_1959_reg_29919                                                                            |    8|   0|    8|          0|
    |r_V_1962_reg_30494                                                                            |    8|   0|    8|          0|
    |r_V_1965_reg_30509                                                                            |    8|   0|    8|          0|
    |r_V_1968_reg_30574                                                                            |    8|   0|    8|          0|
    |r_V_1971_reg_30579                                                                            |    8|   0|    8|          0|
    |r_V_1980_reg_26656                                                                            |    8|   0|    8|          0|
    |r_V_1983_reg_26662                                                                            |    8|   0|    8|          0|
    |select_ln346_259_reg_26041                                                                    |    8|   0|    8|          0|
    |select_ln346_260_reg_26056                                                                    |    8|   0|    8|          0|
    |select_ln346_261_reg_26061                                                                    |    8|   0|    8|          0|
    |select_ln346_262_reg_26076                                                                    |    8|   0|    8|          0|
    |select_ln346_263_reg_26081                                                                    |    8|   0|    8|          0|
    |select_ln346_264_reg_26096                                                                    |    8|   0|    8|          0|
    |select_ln346_265_reg_26101                                                                    |    8|   0|    8|          0|
    |select_ln346_266_reg_26116                                                                    |    8|   0|    8|          0|
    |select_ln346_267_reg_26121                                                                    |    8|   0|    8|          0|
    |select_ln346_268_reg_26136                                                                    |    8|   0|    8|          0|
    |select_ln346_269_reg_26141                                                                    |    8|   0|    8|          0|
    |select_ln346_270_reg_26156                                                                    |    8|   0|    8|          0|
    |select_ln346_271_reg_26161                                                                    |    8|   0|    8|          0|
    |select_ln346_272_reg_26176                                                                    |    8|   0|    8|          0|
    |select_ln346_273_reg_26181                                                                    |    8|   0|    8|          0|
    |select_ln346_274_reg_26196                                                                    |    8|   0|    8|          0|
    |select_ln346_275_reg_26201                                                                    |    8|   0|    8|          0|
    |select_ln346_276_reg_26216                                                                    |    8|   0|    8|          0|
    |select_ln346_277_reg_26221                                                                    |    8|   0|    8|          0|
    |select_ln346_278_reg_26236                                                                    |    8|   0|    8|          0|
    |select_ln346_279_reg_26241                                                                    |    8|   0|    8|          0|
    |select_ln346_280_reg_26256                                                                    |    8|   0|    8|          0|
    |select_ln346_281_reg_26261                                                                    |    8|   0|    8|          0|
    |select_ln346_282_reg_26276                                                                    |    8|   0|    8|          0|
    |select_ln346_283_reg_26281                                                                    |    8|   0|    8|          0|
    |select_ln346_284_reg_26296                                                                    |    8|   0|    8|          0|
    |select_ln346_285_reg_26301                                                                    |    8|   0|    8|          0|
    |select_ln346_286_reg_26316                                                                    |    8|   0|    8|          0|
    |select_ln346_287_reg_26321                                                                    |    8|   0|    8|          0|
    |select_ln346_288_reg_26336                                                                    |    8|   0|    8|          0|
    |select_ln346_289_reg_26341                                                                    |    8|   0|    8|          0|
    |select_ln346_290_reg_26356                                                                    |    8|   0|    8|          0|
    |select_ln346_291_reg_26361                                                                    |    8|   0|    8|          0|
    |select_ln346_292_reg_26376                                                                    |    8|   0|    8|          0|
    |select_ln346_293_reg_26381                                                                    |    8|   0|    8|          0|
    |select_ln346_294_reg_26396                                                                    |    8|   0|    8|          0|
    |select_ln346_295_reg_26401                                                                    |    8|   0|    8|          0|
    |select_ln346_296_reg_26416                                                                    |    8|   0|    8|          0|
    |select_ln346_297_reg_26421                                                                    |    8|   0|    8|          0|
    |select_ln346_298_reg_26436                                                                    |    8|   0|    8|          0|
    |select_ln346_299_reg_26441                                                                    |    8|   0|    8|          0|
    |select_ln346_300_reg_26456                                                                    |    8|   0|    8|          0|
    |select_ln346_301_reg_26461                                                                    |    8|   0|    8|          0|
    |select_ln346_302_reg_26476                                                                    |    8|   0|    8|          0|
    |select_ln346_303_reg_26481                                                                    |    8|   0|    8|          0|
    |select_ln346_304_reg_26496                                                                    |    8|   0|    8|          0|
    |select_ln346_305_reg_26501                                                                    |    8|   0|    8|          0|
    |select_ln346_306_reg_26516                                                                    |    8|   0|    8|          0|
    |select_ln346_307_reg_26521                                                                    |    8|   0|    8|          0|
    |select_ln346_308_reg_26536                                                                    |    8|   0|    8|          0|
    |select_ln346_309_reg_26541                                                                    |    8|   0|    8|          0|
    |select_ln346_310_reg_26556                                                                    |    8|   0|    8|          0|
    |select_ln346_311_reg_26561                                                                    |    8|   0|    8|          0|
    |select_ln346_312_reg_26576                                                                    |    8|   0|    8|          0|
    |select_ln346_313_reg_26581                                                                    |    8|   0|    8|          0|
    |select_ln346_314_reg_26596                                                                    |    8|   0|    8|          0|
    |select_ln346_315_reg_26601                                                                    |    8|   0|    8|          0|
    |select_ln346_316_reg_26616                                                                    |    8|   0|    8|          0|
    |select_ln346_317_reg_26621                                                                    |    8|   0|    8|          0|
    |select_ln346_318_reg_26636                                                                    |    8|   0|    8|          0|
    |select_ln346_319_reg_26641                                                                    |    8|   0|    8|          0|
    |select_ln346_reg_26036                                                                        |    8|   0|    8|          0|
    |sigmoid_V_3_reg_29629                                                                         |   21|   0|   22|          1|
    |tmp_2592_reg_29637                                                                            |    1|   0|    1|          0|
    |tmpres_V_510_reg_26673                                                                        |   23|   0|   23|          0|
    |tmpres_V_511_reg_26678                                                                        |   23|   0|   23|          0|
    |tmpres_V_512_reg_26683                                                                        |   23|   0|   23|          0|
    |tmpres_V_513_reg_26688                                                                        |   23|   0|   23|          0|
    |tmpres_V_514_reg_26693                                                                        |   23|   0|   23|          0|
    |tmpres_V_515_reg_26698                                                                        |   23|   0|   23|          0|
    |tmpres_V_516_reg_26703                                                                        |   23|   0|   23|          0|
    |tmpres_V_517_reg_26708                                                                        |   23|   0|   23|          0|
    |tmpres_V_518_reg_26713                                                                        |   23|   0|   23|          0|
    |tmpres_V_519_reg_26718                                                                        |   23|   0|   23|          0|
    |tmpres_V_520_reg_26723                                                                        |   23|   0|   23|          0|
    |tmpres_V_521_reg_26728                                                                        |   23|   0|   23|          0|
    |tmpres_V_522_reg_26733                                                                        |   23|   0|   23|          0|
    |tmpres_V_523_reg_26738                                                                        |   23|   0|   23|          0|
    |tmpres_V_524_reg_26743                                                                        |   23|   0|   23|          0|
    |tmpres_V_525_reg_26748                                                                        |   23|   0|   23|          0|
    |tmpres_V_526_reg_26753                                                                        |   23|   0|   23|          0|
    |tmpres_V_527_reg_26758                                                                        |   23|   0|   23|          0|
    |tmpres_V_528_reg_26763                                                                        |   23|   0|   23|          0|
    |tmpres_V_529_reg_26768                                                                        |   23|   0|   23|          0|
    |tmpres_V_530_reg_26773                                                                        |   23|   0|   23|          0|
    |tmpres_V_531_reg_26778                                                                        |   23|   0|   23|          0|
    |tmpres_V_532_reg_26783                                                                        |   23|   0|   23|          0|
    |tmpres_V_533_reg_26788                                                                        |   23|   0|   23|          0|
    |tmpres_V_534_reg_26793                                                                        |   23|   0|   23|          0|
    |tmpres_V_535_reg_26798                                                                        |   23|   0|   23|          0|
    |tmpres_V_536_reg_26803                                                                        |   23|   0|   23|          0|
    |tmpres_V_537_reg_26808                                                                        |   23|   0|   23|          0|
    |tmpres_V_538_reg_26813                                                                        |   23|   0|   23|          0|
    |tmpres_V_539_reg_26818                                                                        |   23|   0|   23|          0|
    |tmpres_V_540_reg_26823                                                                        |   23|   0|   23|          0|
    |tmpres_V_541_reg_26828                                                                        |   23|   0|   23|          0|
    |tmpres_V_542_reg_26833                                                                        |   23|   0|   23|          0|
    |tmpres_V_543_reg_26838                                                                        |   23|   0|   23|          0|
    |tmpres_V_544_reg_26843                                                                        |   23|   0|   23|          0|
    |tmpres_V_545_reg_26848                                                                        |   23|   0|   23|          0|
    |tmpres_V_546_reg_26853                                                                        |   23|   0|   23|          0|
    |tmpres_V_547_reg_26858                                                                        |   23|   0|   23|          0|
    |tmpres_V_548_reg_26863                                                                        |   23|   0|   23|          0|
    |tmpres_V_549_reg_26868                                                                        |   23|   0|   23|          0|
    |tmpres_V_550_reg_26873                                                                        |   23|   0|   23|          0|
    |tmpres_V_551_reg_26878                                                                        |   23|   0|   23|          0|
    |tmpres_V_552_reg_26883                                                                        |   23|   0|   23|          0|
    |tmpres_V_553_reg_26888                                                                        |   23|   0|   23|          0|
    |tmpres_V_554_reg_26893                                                                        |   23|   0|   23|          0|
    |tmpres_V_555_reg_26898                                                                        |   23|   0|   23|          0|
    |tmpres_V_556_reg_26903                                                                        |   23|   0|   23|          0|
    |tmpres_V_557_reg_26908                                                                        |   23|   0|   23|          0|
    |tmpres_V_558_reg_26913                                                                        |   23|   0|   23|          0|
    |tmpres_V_559_reg_26918                                                                        |   23|   0|   23|          0|
    |tmpres_V_560_reg_26923                                                                        |   23|   0|   23|          0|
    |tmpres_V_561_reg_26928                                                                        |   23|   0|   23|          0|
    |tmpres_V_562_reg_26933                                                                        |   23|   0|   23|          0|
    |tmpres_V_563_reg_26938                                                                        |   23|   0|   23|          0|
    |tmpres_V_564_reg_26943                                                                        |   23|   0|   23|          0|
    |tmpres_V_565_reg_26948                                                                        |   23|   0|   23|          0|
    |tmpres_V_566_reg_26953                                                                        |   23|   0|   23|          0|
    |tmpres_V_567_reg_26958                                                                        |   23|   0|   23|          0|
    |tmpres_V_568_reg_26963                                                                        |   23|   0|   23|          0|
    |tmpres_V_569_reg_26968                                                                        |   23|   0|   23|          0|
    |tmpres_V_570_reg_26973                                                                        |   23|   0|   23|          0|
    |tmpres_V_571_reg_26978                                                                        |   23|   0|   23|          0|
    |tmpres_V_572_reg_26983                                                                        |   23|   0|   23|          0|
    |tmpres_V_573_reg_26988                                                                        |   23|   0|   23|          0|
    |tmpres_state_zr_V_510_reg_26993                                                               |   23|   0|   23|          0|
    |tmpres_state_zr_V_511_reg_26998                                                               |   23|   0|   23|          0|
    |tmpres_state_zr_V_512_reg_27003                                                               |   23|   0|   23|          0|
    |tmpres_state_zr_V_513_reg_27008                                                               |   23|   0|   23|          0|
    |tmpres_state_zr_V_514_reg_27013                                                               |   23|   0|   23|          0|
    |tmpres_state_zr_V_515_reg_27018                                                               |   23|   0|   23|          0|
    |tmpres_state_zr_V_516_reg_27023                                                               |   23|   0|   23|          0|
    |tmpres_state_zr_V_517_reg_27028                                                               |   23|   0|   23|          0|
    |tmpres_state_zr_V_518_reg_27033                                                               |   23|   0|   23|          0|
    |tmpres_state_zr_V_519_reg_27038                                                               |   23|   0|   23|          0|
    |tmpres_state_zr_V_520_reg_27043                                                               |   23|   0|   23|          0|
    |tmpres_state_zr_V_521_reg_27048                                                               |   23|   0|   23|          0|
    |tmpres_state_zr_V_522_reg_27053                                                               |   23|   0|   23|          0|
    |tmpres_state_zr_V_523_reg_27058                                                               |   23|   0|   23|          0|
    |tmpres_state_zr_V_524_reg_27063                                                               |   23|   0|   23|          0|
    |tmpres_state_zr_V_525_reg_27068                                                               |   23|   0|   23|          0|
    |tmpres_state_zr_V_526_reg_27073                                                               |   23|   0|   23|          0|
    |tmpres_state_zr_V_527_reg_27078                                                               |   23|   0|   23|          0|
    |tmpres_state_zr_V_528_reg_27083                                                               |   23|   0|   23|          0|
    |tmpres_state_zr_V_529_reg_27088                                                               |   23|   0|   23|          0|
    |tmpres_state_zr_V_530_reg_27093                                                               |   23|   0|   23|          0|
    |tmpres_state_zr_V_531_reg_27098                                                               |   23|   0|   23|          0|
    |tmpres_state_zr_V_532_reg_27103                                                               |   23|   0|   23|          0|
    |tmpres_state_zr_V_533_reg_27108                                                               |   23|   0|   23|          0|
    |tmpres_state_zr_V_534_reg_27113                                                               |   23|   0|   23|          0|
    |tmpres_state_zr_V_535_reg_27118                                                               |   23|   0|   23|          0|
    |tmpres_state_zr_V_536_reg_27123                                                               |   23|   0|   23|          0|
    |tmpres_state_zr_V_537_reg_27128                                                               |   23|   0|   23|          0|
    |tmpres_state_zr_V_538_reg_27133                                                               |   23|   0|   23|          0|
    |tmpres_state_zr_V_539_reg_27138                                                               |   23|   0|   23|          0|
    |tmpres_state_zr_V_540_reg_27143                                                               |   23|   0|   23|          0|
    |tmpres_state_zr_V_541_reg_27148                                                               |   23|   0|   23|          0|
    |tmpres_state_zr_V_542_reg_27153                                                               |   23|   0|   23|          0|
    |tmpres_state_zr_V_543_reg_27158                                                               |   23|   0|   23|          0|
    |tmpres_state_zr_V_544_reg_27163                                                               |   23|   0|   23|          0|
    |tmpres_state_zr_V_545_reg_27168                                                               |   23|   0|   23|          0|
    |tmpres_state_zr_V_546_reg_27173                                                               |   23|   0|   23|          0|
    |tmpres_state_zr_V_547_reg_27178                                                               |   23|   0|   23|          0|
    |tmpres_state_zr_V_548_reg_27183                                                               |   23|   0|   23|          0|
    |tmpres_state_zr_V_549_reg_27188                                                               |   23|   0|   23|          0|
    |tmpres_state_zr_V_550_reg_27193                                                               |   23|   0|   23|          0|
    |tmpres_state_zr_V_551_reg_27198                                                               |   23|   0|   23|          0|
    |tmpres_state_zr_V_552_reg_27203                                                               |   23|   0|   23|          0|
    |tmpres_state_zr_V_553_reg_27208                                                               |   23|   0|   23|          0|
    |tmpres_state_zr_V_554_reg_27213                                                               |   23|   0|   23|          0|
    |tmpres_state_zr_V_555_reg_27218                                                               |   23|   0|   23|          0|
    |tmpres_state_zr_V_556_reg_27223                                                               |   23|   0|   23|          0|
    |tmpres_state_zr_V_557_reg_27228                                                               |   23|   0|   23|          0|
    |tmpres_state_zr_V_558_reg_27233                                                               |   23|   0|   23|          0|
    |tmpres_state_zr_V_559_reg_27238                                                               |   23|   0|   23|          0|
    |tmpres_state_zr_V_560_reg_27243                                                               |   23|   0|   23|          0|
    |tmpres_state_zr_V_561_reg_27248                                                               |   23|   0|   23|          0|
    |tmpres_state_zr_V_562_reg_27253                                                               |   23|   0|   23|          0|
    |tmpres_state_zr_V_563_reg_27258                                                               |   23|   0|   23|          0|
    |tmpres_state_zr_V_564_reg_27263                                                               |   23|   0|   23|          0|
    |tmpres_state_zr_V_565_reg_27268                                                               |   23|   0|   23|          0|
    |tmpres_state_zr_V_566_reg_27273                                                               |   23|   0|   23|          0|
    |tmpres_state_zr_V_567_reg_27278                                                               |   23|   0|   23|          0|
    |tmpres_state_zr_V_568_reg_27283                                                               |   23|   0|   23|          0|
    |tmpres_state_zr_V_569_reg_27288                                                               |   23|   0|   23|          0|
    |tmpres_state_zr_V_570_reg_27293                                                               |   23|   0|   23|          0|
    |tmpres_state_zr_V_571_reg_27298                                                               |   23|   0|   23|          0|
    |tmpres_state_zr_V_572_reg_27303                                                               |   23|   0|   23|          0|
    |tmpres_state_zr_V_573_reg_27308                                                               |   23|   0|   23|          0|
    |tmpres_zr_V_636_reg_27959                                                                     |    8|   0|    8|          0|
    |tmpres_zr_V_637_reg_27965                                                                     |    8|   0|    8|          0|
    |tmpres_zr_V_638_reg_27971                                                                     |    8|   0|    8|          0|
    |tmpres_zr_V_639_reg_27977                                                                     |    8|   0|    8|          0|
    |tmpres_zr_V_640_reg_27983                                                                     |    8|   0|    8|          0|
    |tmpres_zr_V_641_reg_27989                                                                     |    8|   0|    8|          0|
    |tmpres_zr_V_642_reg_27995                                                                     |    8|   0|    8|          0|
    |tmpres_zr_V_643_reg_28001                                                                     |    8|   0|    8|          0|
    |tmpres_zr_V_644_reg_28007                                                                     |    8|   0|    8|          0|
    |tmpres_zr_V_645_reg_28013                                                                     |    8|   0|    8|          0|
    |tmpres_zr_V_646_reg_28019                                                                     |    8|   0|    8|          0|
    |tmpres_zr_V_647_reg_28025                                                                     |    8|   0|    8|          0|
    |tmpres_zr_V_648_reg_28031                                                                     |    8|   0|    8|          0|
    |tmpres_zr_V_649_reg_28037                                                                     |    8|   0|    8|          0|
    |tmpres_zr_V_650_reg_28043                                                                     |    8|   0|    8|          0|
    |tmpres_zr_V_651_reg_28049                                                                     |    8|   0|    8|          0|
    |tmpres_zr_V_652_reg_28055                                                                     |    8|   0|    8|          0|
    |tmpres_zr_V_653_reg_28061                                                                     |    8|   0|    8|          0|
    |tmpres_zr_V_654_reg_28067                                                                     |    8|   0|    8|          0|
    |tmpres_zr_V_655_reg_28073                                                                     |    8|   0|    8|          0|
    |tmpres_zr_V_656_reg_28079                                                                     |    8|   0|    8|          0|
    |tmpres_zr_V_657_reg_28085                                                                     |    8|   0|    8|          0|
    |tmpres_zr_V_658_reg_28091                                                                     |    8|   0|    8|          0|
    |tmpres_zr_V_659_reg_28097                                                                     |    8|   0|    8|          0|
    |tmpres_zr_V_660_reg_28103                                                                     |    8|   0|    8|          0|
    |tmpres_zr_V_661_reg_28109                                                                     |    8|   0|    8|          0|
    |tmpres_zr_V_662_reg_28115                                                                     |    8|   0|    8|          0|
    |tmpres_zr_V_663_reg_28121                                                                     |    8|   0|    8|          0|
    |tmpres_zr_V_664_reg_28127                                                                     |    8|   0|    8|          0|
    |tmpres_zr_V_665_reg_28133                                                                     |    8|   0|    8|          0|
    |tmpres_zr_V_666_reg_28139                                                                     |    8|   0|    8|          0|
    |tmpres_zr_V_667_reg_28145                                                                     |    8|   0|    8|          0|
    |tmpres_zr_V_668_reg_28151                                                                     |    8|   0|    8|          0|
    |tmpres_zr_V_669_reg_28157                                                                     |    8|   0|    8|          0|
    |tmpres_zr_V_670_reg_28163                                                                     |    8|   0|    8|          0|
    |tmpres_zr_V_671_reg_28169                                                                     |    8|   0|    8|          0|
    |tmpres_zr_V_672_reg_28175                                                                     |    8|   0|    8|          0|
    |tmpres_zr_V_673_reg_28181                                                                     |    8|   0|    8|          0|
    |tmpres_zr_V_674_reg_28187                                                                     |    8|   0|    8|          0|
    |tmpres_zr_V_675_reg_28193                                                                     |    8|   0|    8|          0|
    |tmpres_zr_V_676_reg_28199                                                                     |    8|   0|    8|          0|
    |tmpres_zr_V_677_reg_28205                                                                     |    8|   0|    8|          0|
    |tmpres_zr_V_678_reg_28211                                                                     |    8|   0|    8|          0|
    |tmpres_zr_V_679_reg_28217                                                                     |    8|   0|    8|          0|
    |tmpres_zr_V_680_reg_28223                                                                     |    8|   0|    8|          0|
    |tmpres_zr_V_681_reg_28229                                                                     |    8|   0|    8|          0|
    |tmpres_zr_V_682_reg_28235                                                                     |    8|   0|    8|          0|
    |tmpres_zr_V_683_reg_28241                                                                     |    8|   0|    8|          0|
    |tmpres_zr_V_684_reg_28247                                                                     |    8|   0|    8|          0|
    |tmpres_zr_V_685_reg_28253                                                                     |    8|   0|    8|          0|
    |tmpres_zr_V_686_reg_28259                                                                     |    8|   0|    8|          0|
    |tmpres_zr_V_687_reg_28265                                                                     |    8|   0|    8|          0|
    |tmpres_zr_V_688_reg_28271                                                                     |    8|   0|    8|          0|
    |tmpres_zr_V_689_reg_28277                                                                     |    8|   0|    8|          0|
    |tmpres_zr_V_690_reg_28283                                                                     |    8|   0|    8|          0|
    |tmpres_zr_V_691_reg_28289                                                                     |    8|   0|    8|          0|
    |tmpres_zr_V_692_reg_28295                                                                     |    8|   0|    8|          0|
    |tmpres_zr_V_693_reg_28301                                                                     |    8|   0|    8|          0|
    |tmpres_zr_V_694_reg_28307                                                                     |    8|   0|    8|          0|
    |tmpres_zr_V_695_reg_28313                                                                     |    8|   0|    8|          0|
    |tmpres_zr_V_696_reg_28319                                                                     |    8|   0|    8|          0|
    |tmpres_zr_V_697_reg_28325                                                                     |    8|   0|    8|          0|
    |tmpres_zr_V_698_reg_28331                                                                     |    8|   0|    8|          0|
    |tmpres_zr_V_reg_27953                                                                         |    8|   0|    8|          0|
    |trunc_ln1273_reg_29625                                                                        |    6|   0|    6|          0|
    |void_gru_static_bool_ap_fixed_ap_fixed_weight_t_weight_t_bias_t_bias_t_h_s_20                 |   17|   0|   17|          0|
    |void_gru_static_bool_ap_fixed_ap_fixed_weight_t_weight_t_bias_t_bias_t_h_s_21                 |   17|   0|   17|          0|
    |void_gru_static_bool_ap_fixed_ap_fixed_weight_t_weight_t_bias_t_bias_t_h_s_22                 |   17|   0|   17|          0|
    |void_gru_static_bool_ap_fixed_ap_fixed_weight_t_weight_t_bias_t_bias_t_h_s_23                 |   17|   0|   17|          0|
    |void_gru_static_bool_ap_fixed_ap_fixed_weight_t_weight_t_bias_t_bias_t_h_s_24                 |   17|   0|   17|          0|
    |void_gru_static_bool_ap_fixed_ap_fixed_weight_t_weight_t_bias_t_bias_t_h_s_25                 |   17|   0|   17|          0|
    |void_gru_static_bool_ap_fixed_ap_fixed_weight_t_weight_t_bias_t_bias_t_h_s_26                 |   17|   0|   17|          0|
    |void_gru_static_bool_ap_fixed_ap_fixed_weight_t_weight_t_bias_t_bias_t_h_s_27                 |   17|   0|   17|          0|
    |void_gru_static_bool_ap_fixed_ap_fixed_weight_t_weight_t_bias_t_bias_t_h_s_28                 |   17|   0|   17|          0|
    |void_gru_static_bool_ap_fixed_ap_fixed_weight_t_weight_t_bias_t_bias_t_h_s_29                 |   17|   0|   17|          0|
    +----------------------------------------------------------------------------------------------+-----+----+-----+-----------+
    |Total                                                                                         |12183|   0|12184|          1|
    +----------------------------------------------------------------------------------------------+-----+----+-----+-----------+



================================================================
== Interface
================================================================
* Summary: 
+----------------------+-----+------+------------+---------------------------------------------------------------------------+--------------+
|       RTL Ports      | Dir | Bits |  Protocol  |                               Source Object                               |    C Type    |
+----------------------+-----+------+------------+---------------------------------------------------------------------------+--------------+
|ap_clk                |   in|     1|  ap_ctrl_hs|  gru_static<ap_fixed<16, 6, 5, 3, 0>, ap_fixed<17, 4, 5, 3, 0>, config2_b>|  return value|
|ap_rst                |   in|     1|  ap_ctrl_hs|  gru_static<ap_fixed<16, 6, 5, 3, 0>, ap_fixed<17, 4, 5, 3, 0>, config2_b>|  return value|
|ap_start              |   in|     1|  ap_ctrl_hs|  gru_static<ap_fixed<16, 6, 5, 3, 0>, ap_fixed<17, 4, 5, 3, 0>, config2_b>|  return value|
|ap_done               |  out|     1|  ap_ctrl_hs|  gru_static<ap_fixed<16, 6, 5, 3, 0>, ap_fixed<17, 4, 5, 3, 0>, config2_b>|  return value|
|ap_idle               |  out|     1|  ap_ctrl_hs|  gru_static<ap_fixed<16, 6, 5, 3, 0>, ap_fixed<17, 4, 5, 3, 0>, config2_b>|  return value|
|ap_ready              |  out|     1|  ap_ctrl_hs|  gru_static<ap_fixed<16, 6, 5, 3, 0>, ap_fixed<17, 4, 5, 3, 0>, config2_b>|  return value|
|ap_return_0           |  out|    17|  ap_ctrl_hs|  gru_static<ap_fixed<16, 6, 5, 3, 0>, ap_fixed<17, 4, 5, 3, 0>, config2_b>|  return value|
|ap_return_1           |  out|    17|  ap_ctrl_hs|  gru_static<ap_fixed<16, 6, 5, 3, 0>, ap_fixed<17, 4, 5, 3, 0>, config2_b>|  return value|
|ap_return_2           |  out|    17|  ap_ctrl_hs|  gru_static<ap_fixed<16, 6, 5, 3, 0>, ap_fixed<17, 4, 5, 3, 0>, config2_b>|  return value|
|ap_return_3           |  out|    17|  ap_ctrl_hs|  gru_static<ap_fixed<16, 6, 5, 3, 0>, ap_fixed<17, 4, 5, 3, 0>, config2_b>|  return value|
|ap_return_4           |  out|    17|  ap_ctrl_hs|  gru_static<ap_fixed<16, 6, 5, 3, 0>, ap_fixed<17, 4, 5, 3, 0>, config2_b>|  return value|
|ap_return_5           |  out|    17|  ap_ctrl_hs|  gru_static<ap_fixed<16, 6, 5, 3, 0>, ap_fixed<17, 4, 5, 3, 0>, config2_b>|  return value|
|ap_return_6           |  out|    17|  ap_ctrl_hs|  gru_static<ap_fixed<16, 6, 5, 3, 0>, ap_fixed<17, 4, 5, 3, 0>, config2_b>|  return value|
|ap_return_7           |  out|    17|  ap_ctrl_hs|  gru_static<ap_fixed<16, 6, 5, 3, 0>, ap_fixed<17, 4, 5, 3, 0>, config2_b>|  return value|
|ap_return_8           |  out|    17|  ap_ctrl_hs|  gru_static<ap_fixed<16, 6, 5, 3, 0>, ap_fixed<17, 4, 5, 3, 0>, config2_b>|  return value|
|ap_return_9           |  out|    17|  ap_ctrl_hs|  gru_static<ap_fixed<16, 6, 5, 3, 0>, ap_fixed<17, 4, 5, 3, 0>, config2_b>|  return value|
|ap_return_10          |  out|    17|  ap_ctrl_hs|  gru_static<ap_fixed<16, 6, 5, 3, 0>, ap_fixed<17, 4, 5, 3, 0>, config2_b>|  return value|
|ap_return_11          |  out|    17|  ap_ctrl_hs|  gru_static<ap_fixed<16, 6, 5, 3, 0>, ap_fixed<17, 4, 5, 3, 0>, config2_b>|  return value|
|ap_return_12          |  out|    17|  ap_ctrl_hs|  gru_static<ap_fixed<16, 6, 5, 3, 0>, ap_fixed<17, 4, 5, 3, 0>, config2_b>|  return value|
|ap_return_13          |  out|    17|  ap_ctrl_hs|  gru_static<ap_fixed<16, 6, 5, 3, 0>, ap_fixed<17, 4, 5, 3, 0>, config2_b>|  return value|
|ap_return_14          |  out|    17|  ap_ctrl_hs|  gru_static<ap_fixed<16, 6, 5, 3, 0>, ap_fixed<17, 4, 5, 3, 0>, config2_b>|  return value|
|ap_return_15          |  out|    17|  ap_ctrl_hs|  gru_static<ap_fixed<16, 6, 5, 3, 0>, ap_fixed<17, 4, 5, 3, 0>, config2_b>|  return value|
|ap_return_16          |  out|    17|  ap_ctrl_hs|  gru_static<ap_fixed<16, 6, 5, 3, 0>, ap_fixed<17, 4, 5, 3, 0>, config2_b>|  return value|
|ap_return_17          |  out|    17|  ap_ctrl_hs|  gru_static<ap_fixed<16, 6, 5, 3, 0>, ap_fixed<17, 4, 5, 3, 0>, config2_b>|  return value|
|ap_return_18          |  out|    17|  ap_ctrl_hs|  gru_static<ap_fixed<16, 6, 5, 3, 0>, ap_fixed<17, 4, 5, 3, 0>, config2_b>|  return value|
|ap_return_19          |  out|    17|  ap_ctrl_hs|  gru_static<ap_fixed<16, 6, 5, 3, 0>, ap_fixed<17, 4, 5, 3, 0>, config2_b>|  return value|
|ap_return_20          |  out|    17|  ap_ctrl_hs|  gru_static<ap_fixed<16, 6, 5, 3, 0>, ap_fixed<17, 4, 5, 3, 0>, config2_b>|  return value|
|ap_return_21          |  out|    17|  ap_ctrl_hs|  gru_static<ap_fixed<16, 6, 5, 3, 0>, ap_fixed<17, 4, 5, 3, 0>, config2_b>|  return value|
|ap_return_22          |  out|    17|  ap_ctrl_hs|  gru_static<ap_fixed<16, 6, 5, 3, 0>, ap_fixed<17, 4, 5, 3, 0>, config2_b>|  return value|
|ap_return_23          |  out|    17|  ap_ctrl_hs|  gru_static<ap_fixed<16, 6, 5, 3, 0>, ap_fixed<17, 4, 5, 3, 0>, config2_b>|  return value|
|ap_return_24          |  out|    17|  ap_ctrl_hs|  gru_static<ap_fixed<16, 6, 5, 3, 0>, ap_fixed<17, 4, 5, 3, 0>, config2_b>|  return value|
|ap_return_25          |  out|    17|  ap_ctrl_hs|  gru_static<ap_fixed<16, 6, 5, 3, 0>, ap_fixed<17, 4, 5, 3, 0>, config2_b>|  return value|
|ap_return_26          |  out|    17|  ap_ctrl_hs|  gru_static<ap_fixed<16, 6, 5, 3, 0>, ap_fixed<17, 4, 5, 3, 0>, config2_b>|  return value|
|ap_return_27          |  out|    17|  ap_ctrl_hs|  gru_static<ap_fixed<16, 6, 5, 3, 0>, ap_fixed<17, 4, 5, 3, 0>, config2_b>|  return value|
|ap_return_28          |  out|    17|  ap_ctrl_hs|  gru_static<ap_fixed<16, 6, 5, 3, 0>, ap_fixed<17, 4, 5, 3, 0>, config2_b>|  return value|
|ap_return_29          |  out|    17|  ap_ctrl_hs|  gru_static<ap_fixed<16, 6, 5, 3, 0>, ap_fixed<17, 4, 5, 3, 0>, config2_b>|  return value|
|ap_return_30          |  out|    17|  ap_ctrl_hs|  gru_static<ap_fixed<16, 6, 5, 3, 0>, ap_fixed<17, 4, 5, 3, 0>, config2_b>|  return value|
|ap_return_31          |  out|    17|  ap_ctrl_hs|  gru_static<ap_fixed<16, 6, 5, 3, 0>, ap_fixed<17, 4, 5, 3, 0>, config2_b>|  return value|
|ap_return_32          |  out|    17|  ap_ctrl_hs|  gru_static<ap_fixed<16, 6, 5, 3, 0>, ap_fixed<17, 4, 5, 3, 0>, config2_b>|  return value|
|ap_return_33          |  out|    17|  ap_ctrl_hs|  gru_static<ap_fixed<16, 6, 5, 3, 0>, ap_fixed<17, 4, 5, 3, 0>, config2_b>|  return value|
|ap_return_34          |  out|    17|  ap_ctrl_hs|  gru_static<ap_fixed<16, 6, 5, 3, 0>, ap_fixed<17, 4, 5, 3, 0>, config2_b>|  return value|
|ap_return_35          |  out|    17|  ap_ctrl_hs|  gru_static<ap_fixed<16, 6, 5, 3, 0>, ap_fixed<17, 4, 5, 3, 0>, config2_b>|  return value|
|ap_return_36          |  out|    17|  ap_ctrl_hs|  gru_static<ap_fixed<16, 6, 5, 3, 0>, ap_fixed<17, 4, 5, 3, 0>, config2_b>|  return value|
|ap_return_37          |  out|    17|  ap_ctrl_hs|  gru_static<ap_fixed<16, 6, 5, 3, 0>, ap_fixed<17, 4, 5, 3, 0>, config2_b>|  return value|
|ap_return_38          |  out|    17|  ap_ctrl_hs|  gru_static<ap_fixed<16, 6, 5, 3, 0>, ap_fixed<17, 4, 5, 3, 0>, config2_b>|  return value|
|ap_return_39          |  out|    17|  ap_ctrl_hs|  gru_static<ap_fixed<16, 6, 5, 3, 0>, ap_fixed<17, 4, 5, 3, 0>, config2_b>|  return value|
|ap_return_40          |  out|    17|  ap_ctrl_hs|  gru_static<ap_fixed<16, 6, 5, 3, 0>, ap_fixed<17, 4, 5, 3, 0>, config2_b>|  return value|
|ap_return_41          |  out|    17|  ap_ctrl_hs|  gru_static<ap_fixed<16, 6, 5, 3, 0>, ap_fixed<17, 4, 5, 3, 0>, config2_b>|  return value|
|ap_return_42          |  out|    17|  ap_ctrl_hs|  gru_static<ap_fixed<16, 6, 5, 3, 0>, ap_fixed<17, 4, 5, 3, 0>, config2_b>|  return value|
|ap_return_43          |  out|    17|  ap_ctrl_hs|  gru_static<ap_fixed<16, 6, 5, 3, 0>, ap_fixed<17, 4, 5, 3, 0>, config2_b>|  return value|
|ap_return_44          |  out|    17|  ap_ctrl_hs|  gru_static<ap_fixed<16, 6, 5, 3, 0>, ap_fixed<17, 4, 5, 3, 0>, config2_b>|  return value|
|ap_return_45          |  out|    17|  ap_ctrl_hs|  gru_static<ap_fixed<16, 6, 5, 3, 0>, ap_fixed<17, 4, 5, 3, 0>, config2_b>|  return value|
|ap_return_46          |  out|    17|  ap_ctrl_hs|  gru_static<ap_fixed<16, 6, 5, 3, 0>, ap_fixed<17, 4, 5, 3, 0>, config2_b>|  return value|
|ap_return_47          |  out|    17|  ap_ctrl_hs|  gru_static<ap_fixed<16, 6, 5, 3, 0>, ap_fixed<17, 4, 5, 3, 0>, config2_b>|  return value|
|ap_return_48          |  out|    17|  ap_ctrl_hs|  gru_static<ap_fixed<16, 6, 5, 3, 0>, ap_fixed<17, 4, 5, 3, 0>, config2_b>|  return value|
|ap_return_49          |  out|    17|  ap_ctrl_hs|  gru_static<ap_fixed<16, 6, 5, 3, 0>, ap_fixed<17, 4, 5, 3, 0>, config2_b>|  return value|
|ap_return_50          |  out|    17|  ap_ctrl_hs|  gru_static<ap_fixed<16, 6, 5, 3, 0>, ap_fixed<17, 4, 5, 3, 0>, config2_b>|  return value|
|ap_return_51          |  out|    17|  ap_ctrl_hs|  gru_static<ap_fixed<16, 6, 5, 3, 0>, ap_fixed<17, 4, 5, 3, 0>, config2_b>|  return value|
|ap_return_52          |  out|    17|  ap_ctrl_hs|  gru_static<ap_fixed<16, 6, 5, 3, 0>, ap_fixed<17, 4, 5, 3, 0>, config2_b>|  return value|
|ap_return_53          |  out|    17|  ap_ctrl_hs|  gru_static<ap_fixed<16, 6, 5, 3, 0>, ap_fixed<17, 4, 5, 3, 0>, config2_b>|  return value|
|ap_return_54          |  out|    17|  ap_ctrl_hs|  gru_static<ap_fixed<16, 6, 5, 3, 0>, ap_fixed<17, 4, 5, 3, 0>, config2_b>|  return value|
|ap_return_55          |  out|    17|  ap_ctrl_hs|  gru_static<ap_fixed<16, 6, 5, 3, 0>, ap_fixed<17, 4, 5, 3, 0>, config2_b>|  return value|
|ap_return_56          |  out|    17|  ap_ctrl_hs|  gru_static<ap_fixed<16, 6, 5, 3, 0>, ap_fixed<17, 4, 5, 3, 0>, config2_b>|  return value|
|ap_return_57          |  out|    17|  ap_ctrl_hs|  gru_static<ap_fixed<16, 6, 5, 3, 0>, ap_fixed<17, 4, 5, 3, 0>, config2_b>|  return value|
|ap_return_58          |  out|    17|  ap_ctrl_hs|  gru_static<ap_fixed<16, 6, 5, 3, 0>, ap_fixed<17, 4, 5, 3, 0>, config2_b>|  return value|
|ap_return_59          |  out|    17|  ap_ctrl_hs|  gru_static<ap_fixed<16, 6, 5, 3, 0>, ap_fixed<17, 4, 5, 3, 0>, config2_b>|  return value|
|ap_return_60          |  out|    17|  ap_ctrl_hs|  gru_static<ap_fixed<16, 6, 5, 3, 0>, ap_fixed<17, 4, 5, 3, 0>, config2_b>|  return value|
|ap_return_61          |  out|    17|  ap_ctrl_hs|  gru_static<ap_fixed<16, 6, 5, 3, 0>, ap_fixed<17, 4, 5, 3, 0>, config2_b>|  return value|
|ap_return_62          |  out|    17|  ap_ctrl_hs|  gru_static<ap_fixed<16, 6, 5, 3, 0>, ap_fixed<17, 4, 5, 3, 0>, config2_b>|  return value|
|ap_return_63          |  out|    17|  ap_ctrl_hs|  gru_static<ap_fixed<16, 6, 5, 3, 0>, ap_fixed<17, 4, 5, 3, 0>, config2_b>|  return value|
|reset_state           |   in|     1|     ap_none|                                                                reset_state|        scalar|
|p_read                |   in|  1120|     ap_none|                                                                     p_read|        scalar|
|h_newstate_0_read     |   in|    17|     ap_none|                                                          h_newstate_0_read|        scalar|
|h_newstate_1_read     |   in|    17|     ap_none|                                                          h_newstate_1_read|        scalar|
|h_newstate_2_read     |   in|    17|     ap_none|                                                          h_newstate_2_read|        scalar|
|h_newstate_3_read     |   in|    17|     ap_none|                                                          h_newstate_3_read|        scalar|
|h_newstate_4_read     |   in|    17|     ap_none|                                                          h_newstate_4_read|        scalar|
|h_newstate_5_read     |   in|    17|     ap_none|                                                          h_newstate_5_read|        scalar|
|h_newstate_6_read     |   in|    17|     ap_none|                                                          h_newstate_6_read|        scalar|
|h_newstate_7_read     |   in|    17|     ap_none|                                                          h_newstate_7_read|        scalar|
|h_newstate_8_read     |   in|    17|     ap_none|                                                          h_newstate_8_read|        scalar|
|h_newstate_9_read     |   in|    17|     ap_none|                                                          h_newstate_9_read|        scalar|
|h_newstate_10_read    |   in|    17|     ap_none|                                                         h_newstate_10_read|        scalar|
|h_newstate_11_read    |   in|    17|     ap_none|                                                         h_newstate_11_read|        scalar|
|h_newstate_1213_read  |   in|    17|     ap_none|                                                       h_newstate_1213_read|        scalar|
|h_newstate_13_read    |   in|    17|     ap_none|                                                         h_newstate_13_read|        scalar|
|h_newstate_14_read    |   in|    17|     ap_none|                                                         h_newstate_14_read|        scalar|
|h_newstate_15_read    |   in|    17|     ap_none|                                                         h_newstate_15_read|        scalar|
|h_newstate_16_read    |   in|    17|     ap_none|                                                         h_newstate_16_read|        scalar|
|h_newstate_17_read    |   in|    17|     ap_none|                                                         h_newstate_17_read|        scalar|
|h_newstate_18_read    |   in|    17|     ap_none|                                                         h_newstate_18_read|        scalar|
|h_newstate_19_read    |   in|    17|     ap_none|                                                         h_newstate_19_read|        scalar|
|h_newstate_20_read    |   in|    17|     ap_none|                                                         h_newstate_20_read|        scalar|
|h_newstate_21_read    |   in|    17|     ap_none|                                                         h_newstate_21_read|        scalar|
|h_newstate_22_read    |   in|    17|     ap_none|                                                         h_newstate_22_read|        scalar|
|h_newstate_2325_read  |   in|    17|     ap_none|                                                       h_newstate_2325_read|        scalar|
|h_newstate_24_read    |   in|    17|     ap_none|                                                         h_newstate_24_read|        scalar|
|h_newstate_25_read    |   in|    17|     ap_none|                                                         h_newstate_25_read|        scalar|
|h_newstate_26_read    |   in|    17|     ap_none|                                                         h_newstate_26_read|        scalar|
|h_newstate_27_read    |   in|    17|     ap_none|                                                         h_newstate_27_read|        scalar|
|h_newstate_28_read    |   in|    17|     ap_none|                                                         h_newstate_28_read|        scalar|
|h_newstate_29_read    |   in|    17|     ap_none|                                                         h_newstate_29_read|        scalar|
|h_newstate_30_read    |   in|    17|     ap_none|                                                         h_newstate_30_read|        scalar|
|h_newstate_31_read    |   in|    17|     ap_none|                                                         h_newstate_31_read|        scalar|
|h_newstate_32_read    |   in|    17|     ap_none|                                                         h_newstate_32_read|        scalar|
|h_newstate_33_read    |   in|    17|     ap_none|                                                         h_newstate_33_read|        scalar|
|h_newstate_3437_read  |   in|    17|     ap_none|                                                       h_newstate_3437_read|        scalar|
|h_newstate_35_read    |   in|    17|     ap_none|                                                         h_newstate_35_read|        scalar|
|h_newstate_36_read    |   in|    17|     ap_none|                                                         h_newstate_36_read|        scalar|
|h_newstate_37_read    |   in|    17|     ap_none|                                                         h_newstate_37_read|        scalar|
|h_newstate_38_read    |   in|    17|     ap_none|                                                         h_newstate_38_read|        scalar|
|h_newstate_39_read    |   in|    17|     ap_none|                                                         h_newstate_39_read|        scalar|
|h_newstate_40_read    |   in|    17|     ap_none|                                                         h_newstate_40_read|        scalar|
|h_newstate_41_read    |   in|    17|     ap_none|                                                         h_newstate_41_read|        scalar|
|h_newstate_42_read    |   in|    17|     ap_none|                                                         h_newstate_42_read|        scalar|
|h_newstate_43_read    |   in|    17|     ap_none|                                                         h_newstate_43_read|        scalar|
|h_newstate_44_read    |   in|    17|     ap_none|                                                         h_newstate_44_read|        scalar|
|h_newstate_4549_read  |   in|    17|     ap_none|                                                       h_newstate_4549_read|        scalar|
|h_newstate_46_read    |   in|    17|     ap_none|                                                         h_newstate_46_read|        scalar|
|h_newstate_47_read    |   in|    17|     ap_none|                                                         h_newstate_47_read|        scalar|
|h_newstate_48_read    |   in|    17|     ap_none|                                                         h_newstate_48_read|        scalar|
|h_newstate_49_read    |   in|    17|     ap_none|                                                         h_newstate_49_read|        scalar|
|h_newstate_50_read    |   in|    17|     ap_none|                                                         h_newstate_50_read|        scalar|
|h_newstate_51_read    |   in|    17|     ap_none|                                                         h_newstate_51_read|        scalar|
|h_newstate_52_read    |   in|    17|     ap_none|                                                         h_newstate_52_read|        scalar|
|h_newstate_53_read    |   in|    17|     ap_none|                                                         h_newstate_53_read|        scalar|
|h_newstate_54_read    |   in|    17|     ap_none|                                                         h_newstate_54_read|        scalar|
|h_newstate_55_read    |   in|    17|     ap_none|                                                         h_newstate_55_read|        scalar|
|h_newstate_5661_read  |   in|    17|     ap_none|                                                       h_newstate_5661_read|        scalar|
|h_newstate_57_read    |   in|    17|     ap_none|                                                         h_newstate_57_read|        scalar|
|h_newstate_58_read    |   in|    17|     ap_none|                                                         h_newstate_58_read|        scalar|
|h_newstate_59_read    |   in|    17|     ap_none|                                                         h_newstate_59_read|        scalar|
|h_newstate_60_read    |   in|    17|     ap_none|                                                         h_newstate_60_read|        scalar|
|h_newstate_61_read    |   in|    17|     ap_none|                                                         h_newstate_61_read|        scalar|
|h_newstate_62_read    |   in|    17|     ap_none|                                                         h_newstate_62_read|        scalar|
|h_newstate_63_read    |   in|    17|     ap_none|                                                         h_newstate_63_read|        scalar|
+----------------------+-----+------+------------+---------------------------------------------------------------------------+--------------+

