

================================================================
== Vitis HLS Report for 'gru_static_ap_fixed_16_6_5_3_0_ap_fixed_19_6_5_3_0_config10_s'
================================================================
* Date:           Sat Feb 10 14:11:52 2024

* Version:        2022.2 (Build 3670227 on Oct 13 2022)
* Project:        alveo_hls4ml
* Solution:       solution (Vitis Kernel Flow Target)
* Product family: virtexuplus
* Target device:  xcu55c-fsvh2892-2L-e


================================================================
== Performance Estimates
================================================================
+ Timing: 
    * Summary: 
    +--------+---------+----------+------------+
    |  Clock |  Target | Estimated| Uncertainty|
    +--------+---------+----------+------------+
    |ap_clk  |  4.00 ns|  2.862 ns|     1.08 ns|
    +--------+---------+----------+------------+

+ Latency: 
    * Summary: 
    +---------+---------+----------+----------+-----+-----+---------+
    |  Latency (cycles) |  Latency (absolute) |  Interval | Pipeline|
    |   min   |   max   |    min   |    max   | min | max |   Type  |
    +---------+---------+----------+----------+-----+-----+---------+
    |      332|      333|  1.328 us|  1.332 us|  332|  333|       no|
    +---------+---------+----------+----------+-----+-----+---------+

    + Detail: 
        * Instance: 
        +------------------------------------------------------------------------------------+------------------------------------------------------------------------+---------+---------+----------+----------+-----+-----+------------------------------------------+
        |                                                                                    |                                                                        |  Latency (cycles) |  Latency (absolute) |  Interval |                 Pipeline                 |
        |                                      Instance                                      |                                 Module                                 |   min   |   max   |    min   |    max   | min | max |                   Type                   |
        +------------------------------------------------------------------------------------+------------------------------------------------------------------------+---------+---------+----------+----------+-----+-----+------------------------------------------+
        |grp_dense_resource_ap_fixed_16_6_5_3_0_ap_fixed_22_11_5_3_0_config10_1_s_fu_1819    |dense_resource_ap_fixed_16_6_5_3_0_ap_fixed_22_11_5_3_0_config10_1_s    |       67|       68|  0.268 us|  0.272 us|   64|   64|  loop rewind stp(delay=0 clock cycles(s))|
        |grp_dense_resource_ap_fixed_8_3_4_0_0_ap_fixed_22_11_5_3_0_config10_2_s_fu_1827     |dense_resource_ap_fixed_8_3_4_0_0_ap_fixed_22_11_5_3_0_config10_2_s     |       67|       68|  0.268 us|  0.272 us|   64|   64|  loop rewind stp(delay=0 clock cycles(s))|
        |grp_hard_sigmoid_ap_fixed_ap_ufixed_8_0_4_0_0_hard_sigmoid_config10_recr_s_fu_1834  |hard_sigmoid_ap_fixed_ap_ufixed_8_0_4_0_0_hard_sigmoid_config10_recr_s  |        1|        1|  4.000 ns|  4.000 ns|    1|    1|                                       yes|
        +------------------------------------------------------------------------------------+------------------------------------------------------------------------+---------+---------+----------+----------+-----+-----+------------------------------------------+

        * Loop: 
        +--------------------+---------+---------+----------+-----------+-----------+------+----------+
        |                    |  Latency (cycles) | Iteration|  Initiation Interval  | Trip |          |
        |      Loop Name     |   min   |   max   |  Latency |  achieved |   target  | Count| Pipelined|
        +--------------------+---------+---------+----------+-----------+-----------+------+----------+
        |- VITIS_LOOP_485_1  |      192|      192|         3|          -|          -|    64|        no|
        +--------------------+---------+---------+----------+-----------+-----------+------+----------+



================================================================
== Utilization Estimates
================================================================
* Summary: 
+---------------------+---------+------+---------+---------+-----+
|         Name        | BRAM_18K|  DSP |    FF   |   LUT   | URAM|
+---------------------+---------+------+---------+---------+-----+
|DSP                  |        -|   128|        -|        -|    -|
|Expression           |        -|     -|        0|    12831|    -|
|FIFO                 |        -|     -|        -|        -|    -|
|Instance             |       16|   384|    20731|    40445|    -|
|Memory               |        0|     -|        8|        9|    0|
|Multiplexer          |        -|     -|        -|     1819|    -|
|Register             |        -|     -|    12000|        -|    -|
+---------------------+---------+------+---------+---------+-----+
|Total                |       16|   512|    32739|    55104|    0|
+---------------------+---------+------+---------+---------+-----+
|Available SLR        |     1344|  3008|   869120|   434560|  320|
+---------------------+---------+------+---------+---------+-----+
|Utilization SLR (%)  |        1|    17|        3|       12|    0|
+---------------------+---------+------+---------+---------+-----+
|Available            |     4032|  9024|  2607360|  1303680|  960|
+---------------------+---------+------+---------+---------+-----+
|Utilization (%)      |       ~0|     5|        1|        4|    0|
+---------------------+---------+------+---------+---------+-----+

+ Detail: 
    * Instance: 
    +------------------------------------------------------------------------------------+------------------------------------------------------------------------+---------+-----+-------+-------+-----+
    |                                      Instance                                      |                                 Module                                 | BRAM_18K| DSP |   FF  |  LUT  | URAM|
    +------------------------------------------------------------------------------------+------------------------------------------------------------------------+---------+-----+-------+-------+-----+
    |grp_dense_resource_ap_fixed_16_6_5_3_0_ap_fixed_22_11_5_3_0_config10_1_s_fu_1819    |dense_resource_ap_fixed_16_6_5_3_0_ap_fixed_22_11_5_3_0_config10_1_s    |        8|  192|  10594|  13066|    0|
    |grp_dense_resource_ap_fixed_8_3_4_0_0_ap_fixed_22_11_5_3_0_config10_2_s_fu_1827     |dense_resource_ap_fixed_8_3_4_0_0_ap_fixed_22_11_5_3_0_config10_2_s     |        8|  192|   8345|   6242|    0|
    |grp_hard_sigmoid_ap_fixed_ap_ufixed_8_0_4_0_0_hard_sigmoid_config10_recr_s_fu_1834  |hard_sigmoid_ap_fixed_ap_ufixed_8_0_4_0_0_hard_sigmoid_config10_recr_s  |        0|    0|   1792|  18304|    0|
    |mul_8s_8ns_16_1_1_U3419                                                             |mul_8s_8ns_16_1_1                                                       |        0|    0|      0|     40|    0|
    |mul_8s_8ns_16_1_1_U3420                                                             |mul_8s_8ns_16_1_1                                                       |        0|    0|      0|     40|    0|
    |mul_8s_8ns_16_1_1_U3421                                                             |mul_8s_8ns_16_1_1                                                       |        0|    0|      0|     40|    0|
    |mul_8s_8ns_16_1_1_U3422                                                             |mul_8s_8ns_16_1_1                                                       |        0|    0|      0|     40|    0|
    |mul_8s_8ns_16_1_1_U3423                                                             |mul_8s_8ns_16_1_1                                                       |        0|    0|      0|     40|    0|
    |mul_8s_8ns_16_1_1_U3424                                                             |mul_8s_8ns_16_1_1                                                       |        0|    0|      0|     40|    0|
    |mul_8s_8ns_16_1_1_U3425                                                             |mul_8s_8ns_16_1_1                                                       |        0|    0|      0|     40|    0|
    |mul_8s_8ns_16_1_1_U3426                                                             |mul_8s_8ns_16_1_1                                                       |        0|    0|      0|     40|    0|
    |mul_8s_8ns_16_1_1_U3427                                                             |mul_8s_8ns_16_1_1                                                       |        0|    0|      0|     40|    0|
    |mul_8s_8ns_16_1_1_U3428                                                             |mul_8s_8ns_16_1_1                                                       |        0|    0|      0|     40|    0|
    |mul_8s_8ns_16_1_1_U3429                                                             |mul_8s_8ns_16_1_1                                                       |        0|    0|      0|     40|    0|
    |mul_8s_8ns_16_1_1_U3430                                                             |mul_8s_8ns_16_1_1                                                       |        0|    0|      0|     40|    0|
    |mul_8s_8ns_16_1_1_U3431                                                             |mul_8s_8ns_16_1_1                                                       |        0|    0|      0|     40|    0|
    |mul_8s_8ns_16_1_1_U3432                                                             |mul_8s_8ns_16_1_1                                                       |        0|    0|      0|     40|    0|
    |mul_8s_8ns_16_1_1_U3433                                                             |mul_8s_8ns_16_1_1                                                       |        0|    0|      0|     40|    0|
    |mul_8s_8ns_16_1_1_U3434                                                             |mul_8s_8ns_16_1_1                                                       |        0|    0|      0|     40|    0|
    |mul_8s_8ns_16_1_1_U3435                                                             |mul_8s_8ns_16_1_1                                                       |        0|    0|      0|     40|    0|
    |mul_8s_8ns_16_1_1_U3436                                                             |mul_8s_8ns_16_1_1                                                       |        0|    0|      0|     40|    0|
    |mul_8s_8ns_16_1_1_U3437                                                             |mul_8s_8ns_16_1_1                                                       |        0|    0|      0|     40|    0|
    |mul_8s_8ns_16_1_1_U3438                                                             |mul_8s_8ns_16_1_1                                                       |        0|    0|      0|     40|    0|
    |mul_8s_8ns_16_1_1_U3439                                                             |mul_8s_8ns_16_1_1                                                       |        0|    0|      0|     40|    0|
    |mul_8s_8ns_16_1_1_U3440                                                             |mul_8s_8ns_16_1_1                                                       |        0|    0|      0|     40|    0|
    |mul_8s_8ns_16_1_1_U3441                                                             |mul_8s_8ns_16_1_1                                                       |        0|    0|      0|     40|    0|
    |mul_8s_8ns_16_1_1_U3442                                                             |mul_8s_8ns_16_1_1                                                       |        0|    0|      0|     40|    0|
    |mul_8s_8ns_16_1_1_U3443                                                             |mul_8s_8ns_16_1_1                                                       |        0|    0|      0|     40|    0|
    |mul_8s_8ns_16_1_1_U3444                                                             |mul_8s_8ns_16_1_1                                                       |        0|    0|      0|     40|    0|
    |mul_8s_8ns_16_1_1_U3445                                                             |mul_8s_8ns_16_1_1                                                       |        0|    0|      0|     40|    0|
    |mul_8s_8ns_16_1_1_U3446                                                             |mul_8s_8ns_16_1_1                                                       |        0|    0|      0|     40|    0|
    |mul_8s_8ns_16_1_1_U3447                                                             |mul_8s_8ns_16_1_1                                                       |        0|    0|      0|     40|    0|
    |mul_8s_8ns_16_1_1_U3448                                                             |mul_8s_8ns_16_1_1                                                       |        0|    0|      0|     40|    0|
    |mul_8s_8ns_16_1_1_U3449                                                             |mul_8s_8ns_16_1_1                                                       |        0|    0|      0|     40|    0|
    |mul_8s_8ns_16_1_1_U3450                                                             |mul_8s_8ns_16_1_1                                                       |        0|    0|      0|     40|    0|
    |mul_8s_8ns_16_1_1_U3451                                                             |mul_8s_8ns_16_1_1                                                       |        0|    0|      0|     40|    0|
    |mul_8s_8ns_16_1_1_U3452                                                             |mul_8s_8ns_16_1_1                                                       |        0|    0|      0|     40|    0|
    |mul_8s_8ns_16_1_1_U3453                                                             |mul_8s_8ns_16_1_1                                                       |        0|    0|      0|     40|    0|
    |mul_8s_8ns_16_1_1_U3454                                                             |mul_8s_8ns_16_1_1                                                       |        0|    0|      0|     40|    0|
    |mul_8s_8ns_16_1_1_U3455                                                             |mul_8s_8ns_16_1_1                                                       |        0|    0|      0|     40|    0|
    |mul_8s_8ns_16_1_1_U3456                                                             |mul_8s_8ns_16_1_1                                                       |        0|    0|      0|     40|    0|
    |mul_8s_8ns_16_1_1_U3457                                                             |mul_8s_8ns_16_1_1                                                       |        0|    0|      0|     40|    0|
    |mul_8s_8ns_16_1_1_U3458                                                             |mul_8s_8ns_16_1_1                                                       |        0|    0|      0|     40|    0|
    |mul_8s_8ns_16_1_1_U3459                                                             |mul_8s_8ns_16_1_1                                                       |        0|    0|      0|     40|    0|
    |mul_8s_8ns_16_1_1_U3460                                                             |mul_8s_8ns_16_1_1                                                       |        0|    0|      0|     40|    0|
    |mul_8s_8ns_16_1_1_U3461                                                             |mul_8s_8ns_16_1_1                                                       |        0|    0|      0|     40|    0|
    |mul_8s_8ns_16_1_1_U3462                                                             |mul_8s_8ns_16_1_1                                                       |        0|    0|      0|     40|    0|
    |mul_8s_8ns_16_1_1_U3463                                                             |mul_8s_8ns_16_1_1                                                       |        0|    0|      0|     40|    0|
    |mul_8s_8ns_16_1_1_U3464                                                             |mul_8s_8ns_16_1_1                                                       |        0|    0|      0|     40|    0|
    |mul_8s_8ns_16_1_1_U3465                                                             |mul_8s_8ns_16_1_1                                                       |        0|    0|      0|     40|    0|
    |mul_8s_8ns_16_1_1_U3466                                                             |mul_8s_8ns_16_1_1                                                       |        0|    0|      0|     40|    0|
    |mul_8s_8ns_16_1_1_U3467                                                             |mul_8s_8ns_16_1_1                                                       |        0|    0|      0|     40|    0|
    |mul_8s_8ns_16_1_1_U3468                                                             |mul_8s_8ns_16_1_1                                                       |        0|    0|      0|     40|    0|
    |mul_8s_8ns_16_1_1_U3469                                                             |mul_8s_8ns_16_1_1                                                       |        0|    0|      0|     40|    0|
    |mul_8s_8ns_16_1_1_U3470                                                             |mul_8s_8ns_16_1_1                                                       |        0|    0|      0|     40|    0|
    |mul_8s_8ns_16_1_1_U3471                                                             |mul_8s_8ns_16_1_1                                                       |        0|    0|      0|     40|    0|
    |mul_8s_8ns_16_1_1_U3472                                                             |mul_8s_8ns_16_1_1                                                       |        0|    0|      0|     40|    0|
    |mul_8s_8ns_16_1_1_U3473                                                             |mul_8s_8ns_16_1_1                                                       |        0|    0|      0|     40|    0|
    |mul_8s_8ns_16_1_1_U3474                                                             |mul_8s_8ns_16_1_1                                                       |        0|    0|      0|     40|    0|
    |mul_8s_8ns_16_1_1_U3475                                                             |mul_8s_8ns_16_1_1                                                       |        0|    0|      0|     40|    0|
    |mul_8s_8ns_16_1_1_U3476                                                             |mul_8s_8ns_16_1_1                                                       |        0|    0|      0|     40|    0|
    |mul_8s_8ns_16_1_1_U3477                                                             |mul_8s_8ns_16_1_1                                                       |        0|    0|      0|     40|    0|
    |mul_8s_8ns_16_1_1_U3478                                                             |mul_8s_8ns_16_1_1                                                       |        0|    0|      0|     40|    0|
    |mul_8s_8ns_16_1_1_U3479                                                             |mul_8s_8ns_16_1_1                                                       |        0|    0|      0|     40|    0|
    |mul_8s_8ns_16_1_1_U3480                                                             |mul_8s_8ns_16_1_1                                                       |        0|    0|      0|     40|    0|
    |mul_8s_8ns_16_1_1_U3481                                                             |mul_8s_8ns_16_1_1                                                       |        0|    0|      0|     40|    0|
    |mul_8s_8ns_16_1_1_U3482                                                             |mul_8s_8ns_16_1_1                                                       |        0|    0|      0|     40|    0|
    |mux_646_30_1_1_U3418                                                                |mux_646_30_1_1                                                          |        0|    0|      0|    273|    0|
    +------------------------------------------------------------------------------------+------------------------------------------------------------------------+---------+-----+-------+-------+-----+
    |Total                                                                               |                                                                        |       16|  384|  20731|  40445|    0|
    +------------------------------------------------------------------------------------+------------------------------------------------------------------------+---------+-----+-------+-------+-----+

    * DSP: 
    +--------------------------------------+--------------------------------+--------------+
    |               Instance               |             Module             |  Expression  |
    +--------------------------------------+--------------------------------+--------------+
    |mac_muladd_22s_8ns_30ns_30_4_1_U3483  |mac_muladd_22s_8ns_30ns_30_4_1  |  i0 + i1 * i2|
    |mac_muladd_22s_8ns_30ns_30_4_1_U3484  |mac_muladd_22s_8ns_30ns_30_4_1  |  i0 + i1 * i2|
    |mac_muladd_22s_8ns_30ns_30_4_1_U3485  |mac_muladd_22s_8ns_30ns_30_4_1  |  i0 + i1 * i2|
    |mac_muladd_22s_8ns_30ns_30_4_1_U3486  |mac_muladd_22s_8ns_30ns_30_4_1  |  i0 + i1 * i2|
    |mac_muladd_22s_8ns_30ns_30_4_1_U3487  |mac_muladd_22s_8ns_30ns_30_4_1  |  i0 + i1 * i2|
    |mac_muladd_22s_8ns_30ns_30_4_1_U3488  |mac_muladd_22s_8ns_30ns_30_4_1  |  i0 + i1 * i2|
    |mac_muladd_22s_8ns_30ns_30_4_1_U3489  |mac_muladd_22s_8ns_30ns_30_4_1  |  i0 + i1 * i2|
    |mac_muladd_22s_8ns_30ns_30_4_1_U3490  |mac_muladd_22s_8ns_30ns_30_4_1  |  i0 + i1 * i2|
    |mac_muladd_22s_8ns_30ns_30_4_1_U3491  |mac_muladd_22s_8ns_30ns_30_4_1  |  i0 + i1 * i2|
    |mac_muladd_22s_8ns_30ns_30_4_1_U3492  |mac_muladd_22s_8ns_30ns_30_4_1  |  i0 + i1 * i2|
    |mac_muladd_22s_8ns_30ns_30_4_1_U3493  |mac_muladd_22s_8ns_30ns_30_4_1  |  i0 + i1 * i2|
    |mac_muladd_22s_8ns_30ns_30_4_1_U3494  |mac_muladd_22s_8ns_30ns_30_4_1  |  i0 + i1 * i2|
    |mac_muladd_22s_8ns_30ns_30_4_1_U3495  |mac_muladd_22s_8ns_30ns_30_4_1  |  i0 + i1 * i2|
    |mac_muladd_22s_8ns_30ns_30_4_1_U3496  |mac_muladd_22s_8ns_30ns_30_4_1  |  i0 + i1 * i2|
    |mac_muladd_22s_8ns_30ns_30_4_1_U3497  |mac_muladd_22s_8ns_30ns_30_4_1  |  i0 + i1 * i2|
    |mac_muladd_22s_8ns_30ns_30_4_1_U3498  |mac_muladd_22s_8ns_30ns_30_4_1  |  i0 + i1 * i2|
    |mac_muladd_22s_8ns_30ns_30_4_1_U3499  |mac_muladd_22s_8ns_30ns_30_4_1  |  i0 + i1 * i2|
    |mac_muladd_22s_8ns_30ns_30_4_1_U3500  |mac_muladd_22s_8ns_30ns_30_4_1  |  i0 + i1 * i2|
    |mac_muladd_22s_8ns_30ns_30_4_1_U3501  |mac_muladd_22s_8ns_30ns_30_4_1  |  i0 + i1 * i2|
    |mac_muladd_22s_8ns_30ns_30_4_1_U3502  |mac_muladd_22s_8ns_30ns_30_4_1  |  i0 + i1 * i2|
    |mac_muladd_22s_8ns_30ns_30_4_1_U3503  |mac_muladd_22s_8ns_30ns_30_4_1  |  i0 + i1 * i2|
    |mac_muladd_22s_8ns_30ns_30_4_1_U3504  |mac_muladd_22s_8ns_30ns_30_4_1  |  i0 + i1 * i2|
    |mac_muladd_22s_8ns_30ns_30_4_1_U3505  |mac_muladd_22s_8ns_30ns_30_4_1  |  i0 + i1 * i2|
    |mac_muladd_22s_8ns_30ns_30_4_1_U3506  |mac_muladd_22s_8ns_30ns_30_4_1  |  i0 + i1 * i2|
    |mac_muladd_22s_8ns_30ns_30_4_1_U3507  |mac_muladd_22s_8ns_30ns_30_4_1  |  i0 + i1 * i2|
    |mac_muladd_22s_8ns_30ns_30_4_1_U3508  |mac_muladd_22s_8ns_30ns_30_4_1  |  i0 + i1 * i2|
    |mac_muladd_22s_8ns_30ns_30_4_1_U3509  |mac_muladd_22s_8ns_30ns_30_4_1  |  i0 + i1 * i2|
    |mac_muladd_22s_8ns_30ns_30_4_1_U3510  |mac_muladd_22s_8ns_30ns_30_4_1  |  i0 + i1 * i2|
    |mac_muladd_22s_8ns_30ns_30_4_1_U3511  |mac_muladd_22s_8ns_30ns_30_4_1  |  i0 + i1 * i2|
    |mac_muladd_22s_8ns_30ns_30_4_1_U3512  |mac_muladd_22s_8ns_30ns_30_4_1  |  i0 + i1 * i2|
    |mac_muladd_22s_8ns_30ns_30_4_1_U3513  |mac_muladd_22s_8ns_30ns_30_4_1  |  i0 + i1 * i2|
    |mac_muladd_22s_8ns_30ns_30_4_1_U3514  |mac_muladd_22s_8ns_30ns_30_4_1  |  i0 + i1 * i2|
    |mac_muladd_22s_8ns_30ns_30_4_1_U3515  |mac_muladd_22s_8ns_30ns_30_4_1  |  i0 + i1 * i2|
    |mac_muladd_22s_8ns_30ns_30_4_1_U3516  |mac_muladd_22s_8ns_30ns_30_4_1  |  i0 + i1 * i2|
    |mac_muladd_22s_8ns_30ns_30_4_1_U3517  |mac_muladd_22s_8ns_30ns_30_4_1  |  i0 + i1 * i2|
    |mac_muladd_22s_8ns_30ns_30_4_1_U3518  |mac_muladd_22s_8ns_30ns_30_4_1  |  i0 + i1 * i2|
    |mac_muladd_22s_8ns_30ns_30_4_1_U3519  |mac_muladd_22s_8ns_30ns_30_4_1  |  i0 + i1 * i2|
    |mac_muladd_22s_8ns_30ns_30_4_1_U3520  |mac_muladd_22s_8ns_30ns_30_4_1  |  i0 + i1 * i2|
    |mac_muladd_22s_8ns_30ns_30_4_1_U3521  |mac_muladd_22s_8ns_30ns_30_4_1  |  i0 + i1 * i2|
    |mac_muladd_22s_8ns_30ns_30_4_1_U3522  |mac_muladd_22s_8ns_30ns_30_4_1  |  i0 + i1 * i2|
    |mac_muladd_22s_8ns_30ns_30_4_1_U3523  |mac_muladd_22s_8ns_30ns_30_4_1  |  i0 + i1 * i2|
    |mac_muladd_22s_8ns_30ns_30_4_1_U3524  |mac_muladd_22s_8ns_30ns_30_4_1  |  i0 + i1 * i2|
    |mac_muladd_22s_8ns_30ns_30_4_1_U3525  |mac_muladd_22s_8ns_30ns_30_4_1  |  i0 + i1 * i2|
    |mac_muladd_22s_8ns_30ns_30_4_1_U3526  |mac_muladd_22s_8ns_30ns_30_4_1  |  i0 + i1 * i2|
    |mac_muladd_22s_8ns_30ns_30_4_1_U3527  |mac_muladd_22s_8ns_30ns_30_4_1  |  i0 + i1 * i2|
    |mac_muladd_22s_8ns_30ns_30_4_1_U3528  |mac_muladd_22s_8ns_30ns_30_4_1  |  i0 + i1 * i2|
    |mac_muladd_22s_8ns_30ns_30_4_1_U3529  |mac_muladd_22s_8ns_30ns_30_4_1  |  i0 + i1 * i2|
    |mac_muladd_22s_8ns_30ns_30_4_1_U3530  |mac_muladd_22s_8ns_30ns_30_4_1  |  i0 + i1 * i2|
    |mac_muladd_22s_8ns_30ns_30_4_1_U3531  |mac_muladd_22s_8ns_30ns_30_4_1  |  i0 + i1 * i2|
    |mac_muladd_22s_8ns_30ns_30_4_1_U3532  |mac_muladd_22s_8ns_30ns_30_4_1  |  i0 + i1 * i2|
    |mac_muladd_22s_8ns_30ns_30_4_1_U3533  |mac_muladd_22s_8ns_30ns_30_4_1  |  i0 + i1 * i2|
    |mac_muladd_22s_8ns_30ns_30_4_1_U3534  |mac_muladd_22s_8ns_30ns_30_4_1  |  i0 + i1 * i2|
    |mac_muladd_22s_8ns_30ns_30_4_1_U3535  |mac_muladd_22s_8ns_30ns_30_4_1  |  i0 + i1 * i2|
    |mac_muladd_22s_8ns_30ns_30_4_1_U3536  |mac_muladd_22s_8ns_30ns_30_4_1  |  i0 + i1 * i2|
    |mac_muladd_22s_8ns_30ns_30_4_1_U3537  |mac_muladd_22s_8ns_30ns_30_4_1  |  i0 + i1 * i2|
    |mac_muladd_22s_8ns_30ns_30_4_1_U3538  |mac_muladd_22s_8ns_30ns_30_4_1  |  i0 + i1 * i2|
    |mac_muladd_22s_8ns_30ns_30_4_1_U3539  |mac_muladd_22s_8ns_30ns_30_4_1  |  i0 + i1 * i2|
    |mac_muladd_22s_8ns_30ns_30_4_1_U3540  |mac_muladd_22s_8ns_30ns_30_4_1  |  i0 + i1 * i2|
    |mac_muladd_22s_8ns_30ns_30_4_1_U3541  |mac_muladd_22s_8ns_30ns_30_4_1  |  i0 + i1 * i2|
    |mac_muladd_22s_8ns_30ns_30_4_1_U3542  |mac_muladd_22s_8ns_30ns_30_4_1  |  i0 + i1 * i2|
    |mac_muladd_22s_8ns_30ns_30_4_1_U3543  |mac_muladd_22s_8ns_30ns_30_4_1  |  i0 + i1 * i2|
    |mac_muladd_22s_8ns_30ns_30_4_1_U3544  |mac_muladd_22s_8ns_30ns_30_4_1  |  i0 + i1 * i2|
    |mac_muladd_22s_8ns_30ns_30_4_1_U3545  |mac_muladd_22s_8ns_30ns_30_4_1  |  i0 + i1 * i2|
    |mac_muladd_22s_8ns_30ns_30_4_1_U3546  |mac_muladd_22s_8ns_30ns_30_4_1  |  i0 + i1 * i2|
    |mac_muladd_9ns_8s_18s_19_4_1_U3547    |mac_muladd_9ns_8s_18s_19_4_1    |  i0 + i1 * i2|
    |mac_muladd_9ns_8s_18s_19_4_1_U3548    |mac_muladd_9ns_8s_18s_19_4_1    |  i0 + i1 * i2|
    |mac_muladd_9ns_8s_18s_19_4_1_U3549    |mac_muladd_9ns_8s_18s_19_4_1    |  i0 + i1 * i2|
    |mac_muladd_9ns_8s_18s_19_4_1_U3550    |mac_muladd_9ns_8s_18s_19_4_1    |  i0 + i1 * i2|
    |mac_muladd_9ns_8s_18s_19_4_1_U3551    |mac_muladd_9ns_8s_18s_19_4_1    |  i0 + i1 * i2|
    |mac_muladd_9ns_8s_18s_19_4_1_U3552    |mac_muladd_9ns_8s_18s_19_4_1    |  i0 + i1 * i2|
    |mac_muladd_9ns_8s_18s_19_4_1_U3553    |mac_muladd_9ns_8s_18s_19_4_1    |  i0 + i1 * i2|
    |mac_muladd_9ns_8s_18s_19_4_1_U3554    |mac_muladd_9ns_8s_18s_19_4_1    |  i0 + i1 * i2|
    |mac_muladd_9ns_8s_18s_19_4_1_U3555    |mac_muladd_9ns_8s_18s_19_4_1    |  i0 + i1 * i2|
    |mac_muladd_9ns_8s_18s_19_4_1_U3556    |mac_muladd_9ns_8s_18s_19_4_1    |  i0 + i1 * i2|
    |mac_muladd_9ns_8s_18s_19_4_1_U3557    |mac_muladd_9ns_8s_18s_19_4_1    |  i0 + i1 * i2|
    |mac_muladd_9ns_8s_18s_19_4_1_U3558    |mac_muladd_9ns_8s_18s_19_4_1    |  i0 + i1 * i2|
    |mac_muladd_9ns_8s_18s_19_4_1_U3559    |mac_muladd_9ns_8s_18s_19_4_1    |  i0 + i1 * i2|
    |mac_muladd_9ns_8s_18s_19_4_1_U3560    |mac_muladd_9ns_8s_18s_19_4_1    |  i0 + i1 * i2|
    |mac_muladd_9ns_8s_18s_19_4_1_U3561    |mac_muladd_9ns_8s_18s_19_4_1    |  i0 + i1 * i2|
    |mac_muladd_9ns_8s_18s_19_4_1_U3562    |mac_muladd_9ns_8s_18s_19_4_1    |  i0 + i1 * i2|
    |mac_muladd_9ns_8s_18s_19_4_1_U3563    |mac_muladd_9ns_8s_18s_19_4_1    |  i0 + i1 * i2|
    |mac_muladd_9ns_8s_18s_19_4_1_U3564    |mac_muladd_9ns_8s_18s_19_4_1    |  i0 + i1 * i2|
    |mac_muladd_9ns_8s_18s_19_4_1_U3565    |mac_muladd_9ns_8s_18s_19_4_1    |  i0 + i1 * i2|
    |mac_muladd_9ns_8s_18s_19_4_1_U3566    |mac_muladd_9ns_8s_18s_19_4_1    |  i0 + i1 * i2|
    |mac_muladd_9ns_8s_18s_19_4_1_U3567    |mac_muladd_9ns_8s_18s_19_4_1    |  i0 + i1 * i2|
    |mac_muladd_9ns_8s_18s_19_4_1_U3568    |mac_muladd_9ns_8s_18s_19_4_1    |  i0 + i1 * i2|
    |mac_muladd_9ns_8s_18s_19_4_1_U3569    |mac_muladd_9ns_8s_18s_19_4_1    |  i0 + i1 * i2|
    |mac_muladd_9ns_8s_18s_19_4_1_U3570    |mac_muladd_9ns_8s_18s_19_4_1    |  i0 + i1 * i2|
    |mac_muladd_9ns_8s_18s_19_4_1_U3571    |mac_muladd_9ns_8s_18s_19_4_1    |  i0 + i1 * i2|
    |mac_muladd_9ns_8s_18s_19_4_1_U3572    |mac_muladd_9ns_8s_18s_19_4_1    |  i0 + i1 * i2|
    |mac_muladd_9ns_8s_18s_19_4_1_U3573    |mac_muladd_9ns_8s_18s_19_4_1    |  i0 + i1 * i2|
    |mac_muladd_9ns_8s_18s_19_4_1_U3574    |mac_muladd_9ns_8s_18s_19_4_1    |  i0 + i1 * i2|
    |mac_muladd_9ns_8s_18s_19_4_1_U3575    |mac_muladd_9ns_8s_18s_19_4_1    |  i0 + i1 * i2|
    |mac_muladd_9ns_8s_18s_19_4_1_U3576    |mac_muladd_9ns_8s_18s_19_4_1    |  i0 + i1 * i2|
    |mac_muladd_9ns_8s_18s_19_4_1_U3577    |mac_muladd_9ns_8s_18s_19_4_1    |  i0 + i1 * i2|
    |mac_muladd_9ns_8s_18s_19_4_1_U3578    |mac_muladd_9ns_8s_18s_19_4_1    |  i0 + i1 * i2|
    |mac_muladd_9ns_8s_18s_19_4_1_U3579    |mac_muladd_9ns_8s_18s_19_4_1    |  i0 + i1 * i2|
    |mac_muladd_9ns_8s_18s_19_4_1_U3580    |mac_muladd_9ns_8s_18s_19_4_1    |  i0 + i1 * i2|
    |mac_muladd_9ns_8s_18s_19_4_1_U3581    |mac_muladd_9ns_8s_18s_19_4_1    |  i0 + i1 * i2|
    |mac_muladd_9ns_8s_18s_19_4_1_U3582    |mac_muladd_9ns_8s_18s_19_4_1    |  i0 + i1 * i2|
    |mac_muladd_9ns_8s_18s_19_4_1_U3583    |mac_muladd_9ns_8s_18s_19_4_1    |  i0 + i1 * i2|
    |mac_muladd_9ns_8s_18s_19_4_1_U3584    |mac_muladd_9ns_8s_18s_19_4_1    |  i0 + i1 * i2|
    |mac_muladd_9ns_8s_18s_19_4_1_U3585    |mac_muladd_9ns_8s_18s_19_4_1    |  i0 + i1 * i2|
    |mac_muladd_9ns_8s_18s_19_4_1_U3586    |mac_muladd_9ns_8s_18s_19_4_1    |  i0 + i1 * i2|
    |mac_muladd_9ns_8s_18s_19_4_1_U3587    |mac_muladd_9ns_8s_18s_19_4_1    |  i0 + i1 * i2|
    |mac_muladd_9ns_8s_18s_19_4_1_U3588    |mac_muladd_9ns_8s_18s_19_4_1    |  i0 + i1 * i2|
    |mac_muladd_9ns_8s_18s_19_4_1_U3589    |mac_muladd_9ns_8s_18s_19_4_1    |  i0 + i1 * i2|
    |mac_muladd_9ns_8s_18s_19_4_1_U3590    |mac_muladd_9ns_8s_18s_19_4_1    |  i0 + i1 * i2|
    |mac_muladd_9ns_8s_18s_19_4_1_U3591    |mac_muladd_9ns_8s_18s_19_4_1    |  i0 + i1 * i2|
    |mac_muladd_9ns_8s_18s_19_4_1_U3592    |mac_muladd_9ns_8s_18s_19_4_1    |  i0 + i1 * i2|
    |mac_muladd_9ns_8s_18s_19_4_1_U3593    |mac_muladd_9ns_8s_18s_19_4_1    |  i0 + i1 * i2|
    |mac_muladd_9ns_8s_18s_19_4_1_U3594    |mac_muladd_9ns_8s_18s_19_4_1    |  i0 + i1 * i2|
    |mac_muladd_9ns_8s_18s_19_4_1_U3595    |mac_muladd_9ns_8s_18s_19_4_1    |  i0 + i1 * i2|
    |mac_muladd_9ns_8s_18s_19_4_1_U3596    |mac_muladd_9ns_8s_18s_19_4_1    |  i0 + i1 * i2|
    |mac_muladd_9ns_8s_18s_19_4_1_U3597    |mac_muladd_9ns_8s_18s_19_4_1    |  i0 + i1 * i2|
    |mac_muladd_9ns_8s_18s_19_4_1_U3598    |mac_muladd_9ns_8s_18s_19_4_1    |  i0 + i1 * i2|
    |mac_muladd_9ns_8s_18s_19_4_1_U3599    |mac_muladd_9ns_8s_18s_19_4_1    |  i0 + i1 * i2|
    |mac_muladd_9ns_8s_18s_19_4_1_U3600    |mac_muladd_9ns_8s_18s_19_4_1    |  i0 + i1 * i2|
    |mac_muladd_9ns_8s_18s_19_4_1_U3601    |mac_muladd_9ns_8s_18s_19_4_1    |  i0 + i1 * i2|
    |mac_muladd_9ns_8s_18s_19_4_1_U3602    |mac_muladd_9ns_8s_18s_19_4_1    |  i0 + i1 * i2|
    |mac_muladd_9ns_8s_18s_19_4_1_U3603    |mac_muladd_9ns_8s_18s_19_4_1    |  i0 + i1 * i2|
    |mac_muladd_9ns_8s_18s_19_4_1_U3604    |mac_muladd_9ns_8s_18s_19_4_1    |  i0 + i1 * i2|
    |mac_muladd_9ns_8s_18s_19_4_1_U3605    |mac_muladd_9ns_8s_18s_19_4_1    |  i0 + i1 * i2|
    |mac_muladd_9ns_8s_18s_19_4_1_U3606    |mac_muladd_9ns_8s_18s_19_4_1    |  i0 + i1 * i2|
    |mac_muladd_9ns_8s_18s_19_4_1_U3607    |mac_muladd_9ns_8s_18s_19_4_1    |  i0 + i1 * i2|
    |mac_muladd_9ns_8s_18s_19_4_1_U3608    |mac_muladd_9ns_8s_18s_19_4_1    |  i0 + i1 * i2|
    |mac_muladd_9ns_8s_18s_19_4_1_U3609    |mac_muladd_9ns_8s_18s_19_4_1    |  i0 + i1 * i2|
    |mac_muladd_9ns_8s_18s_19_4_1_U3610    |mac_muladd_9ns_8s_18s_19_4_1    |  i0 + i1 * i2|
    +--------------------------------------+--------------------------------+--------------+

    * Memory: 
    +--------------+----------------------------------------------------------------------------------+---------+---+----+-----+------+-----+------+-------------+
    |    Memory    |                                      Module                                      | BRAM_18K| FF| LUT| URAM| Words| Bits| Banks| W*Bits*Banks|
    +--------------+----------------------------------------------------------------------------------+---------+---+----+-----+------+-----+------+-------------+
    |qh_state_V_U  |gru_static_ap_fixed_16_6_5_3_0_ap_fixed_17_4_5_3_0_config2_f_s_qh_state_V_RAMbkb  |        0|  8|   9|    0|    64|    8|     1|          512|
    +--------------+----------------------------------------------------------------------------------+---------+---+----+-----+------+-----+------+-------------+
    |Total         |                                                                                  |        0|  8|   9|    0|    64|    8|     1|          512|
    +--------------+----------------------------------------------------------------------------------+---------+---+----+-----+------+-----+------+-------------+

    * FIFO: 
    N/A

    * Expression: 
    +----------------------------------+----------+----+---+-----+------------+------------+
    |           Variable Name          | Operation| DSP| FF| LUT | Bitwidth P0| Bitwidth P1|
    +----------------------------------+----------+----+---+-----+------------+------------+
    |add_ln1347_257_fu_22380_p2        |         +|   0|  0|   29|          22|          21|
    |add_ln485_fu_22270_p2             |         +|   0|  0|   14|           7|           1|
    |inputacc_zr_V_100_fu_20685_p2     |         +|   0|  0|   29|          22|          22|
    |inputacc_zr_V_101_fu_20691_p2     |         +|   0|  0|   29|          22|          22|
    |inputacc_zr_V_102_fu_20697_p2     |         +|   0|  0|   29|          22|          22|
    |inputacc_zr_V_103_fu_20703_p2     |         +|   0|  0|   29|          22|          22|
    |inputacc_zr_V_104_fu_20709_p2     |         +|   0|  0|   29|          22|          22|
    |inputacc_zr_V_105_fu_20715_p2     |         +|   0|  0|   29|          22|          22|
    |inputacc_zr_V_106_fu_20721_p2     |         +|   0|  0|   29|          22|          22|
    |inputacc_zr_V_107_fu_20727_p2     |         +|   0|  0|   29|          22|          22|
    |inputacc_zr_V_108_fu_20733_p2     |         +|   0|  0|   29|          22|          22|
    |inputacc_zr_V_109_fu_20739_p2     |         +|   0|  0|   29|          22|          22|
    |inputacc_zr_V_10_fu_20145_p2      |         +|   0|  0|   29|          22|          22|
    |inputacc_zr_V_110_fu_20745_p2     |         +|   0|  0|   29|          22|          22|
    |inputacc_zr_V_111_fu_20751_p2     |         +|   0|  0|   29|          22|          22|
    |inputacc_zr_V_112_fu_20757_p2     |         +|   0|  0|   29|          22|          22|
    |inputacc_zr_V_113_fu_20763_p2     |         +|   0|  0|   29|          22|          22|
    |inputacc_zr_V_114_fu_20769_p2     |         +|   0|  0|   29|          22|          22|
    |inputacc_zr_V_115_fu_20775_p2     |         +|   0|  0|   29|          22|          22|
    |inputacc_zr_V_116_fu_20781_p2     |         +|   0|  0|   29|          22|          22|
    |inputacc_zr_V_117_fu_20787_p2     |         +|   0|  0|   29|          22|          22|
    |inputacc_zr_V_118_fu_20793_p2     |         +|   0|  0|   29|          22|          22|
    |inputacc_zr_V_119_fu_20799_p2     |         +|   0|  0|   29|          22|          22|
    |inputacc_zr_V_11_fu_20151_p2      |         +|   0|  0|   29|          22|          22|
    |inputacc_zr_V_120_fu_20805_p2     |         +|   0|  0|   29|          22|          22|
    |inputacc_zr_V_121_fu_20811_p2     |         +|   0|  0|   29|          22|          22|
    |inputacc_zr_V_122_fu_20817_p2     |         +|   0|  0|   29|          22|          22|
    |inputacc_zr_V_123_fu_20823_p2     |         +|   0|  0|   29|          22|          22|
    |inputacc_zr_V_124_fu_20829_p2     |         +|   0|  0|   29|          22|          22|
    |inputacc_zr_V_125_fu_20835_p2     |         +|   0|  0|   29|          22|          22|
    |inputacc_zr_V_126_fu_20841_p2     |         +|   0|  0|   29|          22|          22|
    |inputacc_zr_V_127_fu_20847_p2     |         +|   0|  0|   29|          22|          22|
    |inputacc_zr_V_12_fu_20157_p2      |         +|   0|  0|   29|          22|          22|
    |inputacc_zr_V_13_fu_20163_p2      |         +|   0|  0|   29|          22|          22|
    |inputacc_zr_V_14_fu_20169_p2      |         +|   0|  0|   29|          22|          22|
    |inputacc_zr_V_15_fu_20175_p2      |         +|   0|  0|   29|          22|          22|
    |inputacc_zr_V_16_fu_20181_p2      |         +|   0|  0|   29|          22|          22|
    |inputacc_zr_V_17_fu_20187_p2      |         +|   0|  0|   29|          22|          22|
    |inputacc_zr_V_18_fu_20193_p2      |         +|   0|  0|   29|          22|          22|
    |inputacc_zr_V_19_fu_20199_p2      |         +|   0|  0|   29|          22|          22|
    |inputacc_zr_V_1_fu_20091_p2       |         +|   0|  0|   29|          22|          22|
    |inputacc_zr_V_20_fu_20205_p2      |         +|   0|  0|   29|          22|          22|
    |inputacc_zr_V_21_fu_20211_p2      |         +|   0|  0|   29|          22|          22|
    |inputacc_zr_V_22_fu_20217_p2      |         +|   0|  0|   29|          22|          22|
    |inputacc_zr_V_23_fu_20223_p2      |         +|   0|  0|   29|          22|          22|
    |inputacc_zr_V_24_fu_20229_p2      |         +|   0|  0|   29|          22|          22|
    |inputacc_zr_V_25_fu_20235_p2      |         +|   0|  0|   29|          22|          22|
    |inputacc_zr_V_26_fu_20241_p2      |         +|   0|  0|   29|          22|          22|
    |inputacc_zr_V_27_fu_20247_p2      |         +|   0|  0|   29|          22|          22|
    |inputacc_zr_V_28_fu_20253_p2      |         +|   0|  0|   29|          22|          22|
    |inputacc_zr_V_29_fu_20259_p2      |         +|   0|  0|   29|          22|          22|
    |inputacc_zr_V_2_fu_20097_p2       |         +|   0|  0|   29|          22|          22|
    |inputacc_zr_V_30_fu_20265_p2      |         +|   0|  0|   29|          22|          22|
    |inputacc_zr_V_31_fu_20271_p2      |         +|   0|  0|   29|          22|          22|
    |inputacc_zr_V_32_fu_20277_p2      |         +|   0|  0|   29|          22|          22|
    |inputacc_zr_V_33_fu_20283_p2      |         +|   0|  0|   29|          22|          22|
    |inputacc_zr_V_34_fu_20289_p2      |         +|   0|  0|   29|          22|          22|
    |inputacc_zr_V_35_fu_20295_p2      |         +|   0|  0|   29|          22|          22|
    |inputacc_zr_V_36_fu_20301_p2      |         +|   0|  0|   29|          22|          22|
    |inputacc_zr_V_37_fu_20307_p2      |         +|   0|  0|   29|          22|          22|
    |inputacc_zr_V_38_fu_20313_p2      |         +|   0|  0|   29|          22|          22|
    |inputacc_zr_V_39_fu_20319_p2      |         +|   0|  0|   29|          22|          22|
    |inputacc_zr_V_3_fu_20103_p2       |         +|   0|  0|   29|          22|          22|
    |inputacc_zr_V_40_fu_20325_p2      |         +|   0|  0|   29|          22|          22|
    |inputacc_zr_V_41_fu_20331_p2      |         +|   0|  0|   29|          22|          22|
    |inputacc_zr_V_42_fu_20337_p2      |         +|   0|  0|   29|          22|          22|
    |inputacc_zr_V_43_fu_20343_p2      |         +|   0|  0|   29|          22|          22|
    |inputacc_zr_V_44_fu_20349_p2      |         +|   0|  0|   29|          22|          22|
    |inputacc_zr_V_45_fu_20355_p2      |         +|   0|  0|   29|          22|          22|
    |inputacc_zr_V_46_fu_20361_p2      |         +|   0|  0|   29|          22|          22|
    |inputacc_zr_V_47_fu_20367_p2      |         +|   0|  0|   29|          22|          22|
    |inputacc_zr_V_48_fu_20373_p2      |         +|   0|  0|   29|          22|          22|
    |inputacc_zr_V_49_fu_20379_p2      |         +|   0|  0|   29|          22|          22|
    |inputacc_zr_V_4_fu_20109_p2       |         +|   0|  0|   29|          22|          22|
    |inputacc_zr_V_50_fu_20385_p2      |         +|   0|  0|   29|          22|          22|
    |inputacc_zr_V_51_fu_20391_p2      |         +|   0|  0|   29|          22|          22|
    |inputacc_zr_V_52_fu_20397_p2      |         +|   0|  0|   29|          22|          22|
    |inputacc_zr_V_53_fu_20403_p2      |         +|   0|  0|   29|          22|          22|
    |inputacc_zr_V_54_fu_20409_p2      |         +|   0|  0|   29|          22|          22|
    |inputacc_zr_V_55_fu_20415_p2      |         +|   0|  0|   29|          22|          22|
    |inputacc_zr_V_56_fu_20421_p2      |         +|   0|  0|   29|          22|          22|
    |inputacc_zr_V_57_fu_20427_p2      |         +|   0|  0|   29|          22|          22|
    |inputacc_zr_V_58_fu_20433_p2      |         +|   0|  0|   29|          22|          22|
    |inputacc_zr_V_59_fu_20439_p2      |         +|   0|  0|   29|          22|          22|
    |inputacc_zr_V_5_fu_20115_p2       |         +|   0|  0|   29|          22|          22|
    |inputacc_zr_V_60_fu_20445_p2      |         +|   0|  0|   29|          22|          22|
    |inputacc_zr_V_61_fu_20451_p2      |         +|   0|  0|   29|          22|          22|
    |inputacc_zr_V_62_fu_20457_p2      |         +|   0|  0|   29|          22|          22|
    |inputacc_zr_V_63_fu_20463_p2      |         +|   0|  0|   29|          22|          22|
    |inputacc_zr_V_64_fu_20469_p2      |         +|   0|  0|   29|          22|          22|
    |inputacc_zr_V_65_fu_20475_p2      |         +|   0|  0|   29|          22|          22|
    |inputacc_zr_V_66_fu_20481_p2      |         +|   0|  0|   29|          22|          22|
    |inputacc_zr_V_67_fu_20487_p2      |         +|   0|  0|   29|          22|          22|
    |inputacc_zr_V_68_fu_20493_p2      |         +|   0|  0|   29|          22|          22|
    |inputacc_zr_V_69_fu_20499_p2      |         +|   0|  0|   29|          22|          22|
    |inputacc_zr_V_6_fu_20121_p2       |         +|   0|  0|   29|          22|          22|
    |inputacc_zr_V_70_fu_20505_p2      |         +|   0|  0|   29|          22|          22|
    |inputacc_zr_V_71_fu_20511_p2      |         +|   0|  0|   29|          22|          22|
    |inputacc_zr_V_72_fu_20517_p2      |         +|   0|  0|   29|          22|          22|
    |inputacc_zr_V_73_fu_20523_p2      |         +|   0|  0|   29|          22|          22|
    |inputacc_zr_V_74_fu_20529_p2      |         +|   0|  0|   29|          22|          22|
    |inputacc_zr_V_75_fu_20535_p2      |         +|   0|  0|   29|          22|          22|
    |inputacc_zr_V_76_fu_20541_p2      |         +|   0|  0|   29|          22|          22|
    |inputacc_zr_V_77_fu_20547_p2      |         +|   0|  0|   29|          22|          22|
    |inputacc_zr_V_78_fu_20553_p2      |         +|   0|  0|   29|          22|          22|
    |inputacc_zr_V_79_fu_20559_p2      |         +|   0|  0|   29|          22|          22|
    |inputacc_zr_V_7_fu_20127_p2       |         +|   0|  0|   29|          22|          22|
    |inputacc_zr_V_80_fu_20565_p2      |         +|   0|  0|   29|          22|          22|
    |inputacc_zr_V_81_fu_20571_p2      |         +|   0|  0|   29|          22|          22|
    |inputacc_zr_V_82_fu_20577_p2      |         +|   0|  0|   29|          22|          22|
    |inputacc_zr_V_83_fu_20583_p2      |         +|   0|  0|   29|          22|          22|
    |inputacc_zr_V_84_fu_20589_p2      |         +|   0|  0|   29|          22|          22|
    |inputacc_zr_V_85_fu_20595_p2      |         +|   0|  0|   29|          22|          22|
    |inputacc_zr_V_86_fu_20601_p2      |         +|   0|  0|   29|          22|          22|
    |inputacc_zr_V_87_fu_20607_p2      |         +|   0|  0|   29|          22|          22|
    |inputacc_zr_V_88_fu_20613_p2      |         +|   0|  0|   29|          22|          22|
    |inputacc_zr_V_89_fu_20619_p2      |         +|   0|  0|   29|          22|          22|
    |inputacc_zr_V_8_fu_20133_p2       |         +|   0|  0|   29|          22|          22|
    |inputacc_zr_V_90_fu_20625_p2      |         +|   0|  0|   29|          22|          22|
    |inputacc_zr_V_91_fu_20631_p2      |         +|   0|  0|   29|          22|          22|
    |inputacc_zr_V_92_fu_20637_p2      |         +|   0|  0|   29|          22|          22|
    |inputacc_zr_V_93_fu_20643_p2      |         +|   0|  0|   29|          22|          22|
    |inputacc_zr_V_94_fu_20649_p2      |         +|   0|  0|   29|          22|          22|
    |inputacc_zr_V_95_fu_20655_p2      |         +|   0|  0|   29|          22|          22|
    |inputacc_zr_V_96_fu_20661_p2      |         +|   0|  0|   29|          22|          22|
    |inputacc_zr_V_97_fu_20667_p2      |         +|   0|  0|   29|          22|          22|
    |inputacc_zr_V_98_fu_20673_p2      |         +|   0|  0|   29|          22|          22|
    |inputacc_zr_V_99_fu_20679_p2      |         +|   0|  0|   29|          22|          22|
    |inputacc_zr_V_9_fu_20139_p2       |         +|   0|  0|   29|          22|          22|
    |inputacc_zr_V_fu_20085_p2         |         +|   0|  0|   29|          22|          22|
    |p_Val2_1416_fu_2066_p2            |         +|   0|  0|   15|           8|           8|
    |p_Val2_1419_fu_2310_p2            |         +|   0|  0|   15|           8|           8|
    |p_Val2_1422_fu_2589_p2            |         +|   0|  0|   15|           8|           8|
    |p_Val2_1425_fu_2833_p2            |         +|   0|  0|   15|           8|           8|
    |p_Val2_1428_fu_3107_p2            |         +|   0|  0|   15|           8|           8|
    |p_Val2_1431_fu_3351_p2            |         +|   0|  0|   15|           8|           8|
    |p_Val2_1434_fu_3625_p2            |         +|   0|  0|   15|           8|           8|
    |p_Val2_1437_fu_3869_p2            |         +|   0|  0|   15|           8|           8|
    |p_Val2_1440_fu_4143_p2            |         +|   0|  0|   15|           8|           8|
    |p_Val2_1443_fu_4387_p2            |         +|   0|  0|   15|           8|           8|
    |p_Val2_1446_fu_4661_p2            |         +|   0|  0|   15|           8|           8|
    |p_Val2_1449_fu_4905_p2            |         +|   0|  0|   15|           8|           8|
    |p_Val2_1452_fu_5179_p2            |         +|   0|  0|   15|           8|           8|
    |p_Val2_1455_fu_5423_p2            |         +|   0|  0|   15|           8|           8|
    |p_Val2_1458_fu_5697_p2            |         +|   0|  0|   15|           8|           8|
    |p_Val2_1461_fu_5941_p2            |         +|   0|  0|   15|           8|           8|
    |p_Val2_1464_fu_6215_p2            |         +|   0|  0|   15|           8|           8|
    |p_Val2_1467_fu_6459_p2            |         +|   0|  0|   15|           8|           8|
    |p_Val2_1470_fu_6733_p2            |         +|   0|  0|   15|           8|           8|
    |p_Val2_1473_fu_6977_p2            |         +|   0|  0|   15|           8|           8|
    |p_Val2_1476_fu_7251_p2            |         +|   0|  0|   15|           8|           8|
    |p_Val2_1479_fu_7495_p2            |         +|   0|  0|   15|           8|           8|
    |p_Val2_1482_fu_7769_p2            |         +|   0|  0|   15|           8|           8|
    |p_Val2_1485_fu_8013_p2            |         +|   0|  0|   15|           8|           8|
    |p_Val2_1488_fu_8287_p2            |         +|   0|  0|   15|           8|           8|
    |p_Val2_1491_fu_8531_p2            |         +|   0|  0|   15|           8|           8|
    |p_Val2_1494_fu_8805_p2            |         +|   0|  0|   15|           8|           8|
    |p_Val2_1497_fu_9049_p2            |         +|   0|  0|   15|           8|           8|
    |p_Val2_1500_fu_9323_p2            |         +|   0|  0|   15|           8|           8|
    |p_Val2_1503_fu_9567_p2            |         +|   0|  0|   15|           8|           8|
    |p_Val2_1506_fu_9841_p2            |         +|   0|  0|   15|           8|           8|
    |p_Val2_1509_fu_10085_p2           |         +|   0|  0|   15|           8|           8|
    |p_Val2_1512_fu_10359_p2           |         +|   0|  0|   15|           8|           8|
    |p_Val2_1515_fu_10603_p2           |         +|   0|  0|   15|           8|           8|
    |p_Val2_1518_fu_10877_p2           |         +|   0|  0|   15|           8|           8|
    |p_Val2_1521_fu_11121_p2           |         +|   0|  0|   15|           8|           8|
    |p_Val2_1524_fu_11395_p2           |         +|   0|  0|   15|           8|           8|
    |p_Val2_1527_fu_11639_p2           |         +|   0|  0|   15|           8|           8|
    |p_Val2_1530_fu_11913_p2           |         +|   0|  0|   15|           8|           8|
    |p_Val2_1533_fu_12157_p2           |         +|   0|  0|   15|           8|           8|
    |p_Val2_1536_fu_12431_p2           |         +|   0|  0|   15|           8|           8|
    |p_Val2_1539_fu_12675_p2           |         +|   0|  0|   15|           8|           8|
    |p_Val2_1542_fu_12949_p2           |         +|   0|  0|   15|           8|           8|
    |p_Val2_1545_fu_13193_p2           |         +|   0|  0|   15|           8|           8|
    |p_Val2_1548_fu_13467_p2           |         +|   0|  0|   15|           8|           8|
    |p_Val2_1551_fu_13711_p2           |         +|   0|  0|   15|           8|           8|
    |p_Val2_1554_fu_13985_p2           |         +|   0|  0|   15|           8|           8|
    |p_Val2_1557_fu_14229_p2           |         +|   0|  0|   15|           8|           8|
    |p_Val2_1560_fu_14503_p2           |         +|   0|  0|   15|           8|           8|
    |p_Val2_1563_fu_14747_p2           |         +|   0|  0|   15|           8|           8|
    |p_Val2_1566_fu_15021_p2           |         +|   0|  0|   15|           8|           8|
    |p_Val2_1569_fu_15265_p2           |         +|   0|  0|   15|           8|           8|
    |p_Val2_1572_fu_15539_p2           |         +|   0|  0|   15|           8|           8|
    |p_Val2_1575_fu_15783_p2           |         +|   0|  0|   15|           8|           8|
    |p_Val2_1578_fu_16057_p2           |         +|   0|  0|   15|           8|           8|
    |p_Val2_1581_fu_16301_p2           |         +|   0|  0|   15|           8|           8|
    |p_Val2_1584_fu_16575_p2           |         +|   0|  0|   15|           8|           8|
    |p_Val2_1587_fu_16819_p2           |         +|   0|  0|   15|           8|           8|
    |p_Val2_1590_fu_17093_p2           |         +|   0|  0|   15|           8|           8|
    |p_Val2_1593_fu_17337_p2           |         +|   0|  0|   15|           8|           8|
    |p_Val2_1596_fu_17611_p2           |         +|   0|  0|   15|           8|           8|
    |p_Val2_1599_fu_17855_p2           |         +|   0|  0|   15|           8|           8|
    |p_Val2_1602_fu_18129_p2           |         +|   0|  0|   15|           8|           8|
    |p_Val2_1605_fu_18373_p2           |         +|   0|  0|   15|           8|           8|
    |p_Val2_1608_fu_22511_p2           |         +|   0|  0|   15|           8|           8|
    |ret_V_384_fu_22374_p2             |         +|   0|  0|   39|          32|          21|
    |ret_V_385_fu_22437_p2             |         +|   0|  0|   30|          23|          23|
    |ret_V_256_fu_23199_p2             |         -|   0|  0|   17|          10|           9|
    |ret_V_258_fu_23216_p2             |         -|   0|  0|   17|          10|           9|
    |ret_V_260_fu_23233_p2             |         -|   0|  0|   17|          10|           9|
    |ret_V_262_fu_23250_p2             |         -|   0|  0|   17|          10|           9|
    |ret_V_264_fu_23267_p2             |         -|   0|  0|   17|          10|           9|
    |ret_V_266_fu_23284_p2             |         -|   0|  0|   17|          10|           9|
    |ret_V_268_fu_23301_p2             |         -|   0|  0|   17|          10|           9|
    |ret_V_270_fu_23318_p2             |         -|   0|  0|   17|          10|           9|
    |ret_V_272_fu_23335_p2             |         -|   0|  0|   17|          10|           9|
    |ret_V_274_fu_23352_p2             |         -|   0|  0|   17|          10|           9|
    |ret_V_276_fu_23369_p2             |         -|   0|  0|   17|          10|           9|
    |ret_V_278_fu_23386_p2             |         -|   0|  0|   17|          10|           9|
    |ret_V_280_fu_23403_p2             |         -|   0|  0|   17|          10|           9|
    |ret_V_282_fu_23420_p2             |         -|   0|  0|   17|          10|           9|
    |ret_V_284_fu_23437_p2             |         -|   0|  0|   17|          10|           9|
    |ret_V_286_fu_23454_p2             |         -|   0|  0|   17|          10|           9|
    |ret_V_288_fu_23471_p2             |         -|   0|  0|   17|          10|           9|
    |ret_V_290_fu_23488_p2             |         -|   0|  0|   17|          10|           9|
    |ret_V_292_fu_23505_p2             |         -|   0|  0|   17|          10|           9|
    |ret_V_294_fu_23522_p2             |         -|   0|  0|   17|          10|           9|
    |ret_V_296_fu_23539_p2             |         -|   0|  0|   17|          10|           9|
    |ret_V_298_fu_23556_p2             |         -|   0|  0|   17|          10|           9|
    |ret_V_300_fu_23573_p2             |         -|   0|  0|   17|          10|           9|
    |ret_V_302_fu_23590_p2             |         -|   0|  0|   17|          10|           9|
    |ret_V_304_fu_23607_p2             |         -|   0|  0|   17|          10|           9|
    |ret_V_306_fu_23624_p2             |         -|   0|  0|   17|          10|           9|
    |ret_V_308_fu_23641_p2             |         -|   0|  0|   17|          10|           9|
    |ret_V_310_fu_23658_p2             |         -|   0|  0|   17|          10|           9|
    |ret_V_312_fu_23675_p2             |         -|   0|  0|   17|          10|           9|
    |ret_V_314_fu_23692_p2             |         -|   0|  0|   17|          10|           9|
    |ret_V_316_fu_23709_p2             |         -|   0|  0|   17|          10|           9|
    |ret_V_318_fu_23726_p2             |         -|   0|  0|   17|          10|           9|
    |ret_V_320_fu_23743_p2             |         -|   0|  0|   17|          10|           9|
    |ret_V_322_fu_23760_p2             |         -|   0|  0|   17|          10|           9|
    |ret_V_324_fu_23777_p2             |         -|   0|  0|   17|          10|           9|
    |ret_V_326_fu_23794_p2             |         -|   0|  0|   17|          10|           9|
    |ret_V_328_fu_23811_p2             |         -|   0|  0|   17|          10|           9|
    |ret_V_330_fu_23828_p2             |         -|   0|  0|   17|          10|           9|
    |ret_V_332_fu_23845_p2             |         -|   0|  0|   17|          10|           9|
    |ret_V_334_fu_23862_p2             |         -|   0|  0|   17|          10|           9|
    |ret_V_336_fu_23879_p2             |         -|   0|  0|   17|          10|           9|
    |ret_V_338_fu_23896_p2             |         -|   0|  0|   17|          10|           9|
    |ret_V_340_fu_23913_p2             |         -|   0|  0|   17|          10|           9|
    |ret_V_342_fu_23930_p2             |         -|   0|  0|   17|          10|           9|
    |ret_V_344_fu_23947_p2             |         -|   0|  0|   17|          10|           9|
    |ret_V_346_fu_23964_p2             |         -|   0|  0|   17|          10|           9|
    |ret_V_348_fu_23981_p2             |         -|   0|  0|   17|          10|           9|
    |ret_V_350_fu_23998_p2             |         -|   0|  0|   17|          10|           9|
    |ret_V_352_fu_24015_p2             |         -|   0|  0|   17|          10|           9|
    |ret_V_354_fu_24032_p2             |         -|   0|  0|   17|          10|           9|
    |ret_V_356_fu_24049_p2             |         -|   0|  0|   17|          10|           9|
    |ret_V_358_fu_24066_p2             |         -|   0|  0|   17|          10|           9|
    |ret_V_360_fu_24083_p2             |         -|   0|  0|   17|          10|           9|
    |ret_V_362_fu_24100_p2             |         -|   0|  0|   17|          10|           9|
    |ret_V_364_fu_24117_p2             |         -|   0|  0|   17|          10|           9|
    |ret_V_366_fu_24134_p2             |         -|   0|  0|   17|          10|           9|
    |ret_V_368_fu_24151_p2             |         -|   0|  0|   17|          10|           9|
    |ret_V_370_fu_24168_p2             |         -|   0|  0|   17|          10|           9|
    |ret_V_372_fu_24185_p2             |         -|   0|  0|   17|          10|           9|
    |ret_V_374_fu_24202_p2             |         -|   0|  0|   17|          10|           9|
    |ret_V_376_fu_24219_p2             |         -|   0|  0|   17|          10|           9|
    |ret_V_378_fu_24236_p2             |         -|   0|  0|   17|          10|           9|
    |ret_V_380_fu_24253_p2             |         -|   0|  0|   17|          10|           9|
    |ret_V_fu_23182_p2                 |         -|   0|  0|   17|          10|           9|
    |and_ln374_448_fu_2300_p2          |       and|   0|  0|    2|           1|           1|
    |and_ln374_449_fu_2579_p2          |       and|   0|  0|    2|           1|           1|
    |and_ln374_450_fu_2823_p2          |       and|   0|  0|    2|           1|           1|
    |and_ln374_451_fu_3097_p2          |       and|   0|  0|    2|           1|           1|
    |and_ln374_452_fu_3341_p2          |       and|   0|  0|    2|           1|           1|
    |and_ln374_453_fu_3615_p2          |       and|   0|  0|    2|           1|           1|
    |and_ln374_454_fu_3859_p2          |       and|   0|  0|    2|           1|           1|
    |and_ln374_455_fu_4133_p2          |       and|   0|  0|    2|           1|           1|
    |and_ln374_456_fu_4377_p2          |       and|   0|  0|    2|           1|           1|
    |and_ln374_457_fu_4651_p2          |       and|   0|  0|    2|           1|           1|
    |and_ln374_458_fu_4895_p2          |       and|   0|  0|    2|           1|           1|
    |and_ln374_459_fu_5169_p2          |       and|   0|  0|    2|           1|           1|
    |and_ln374_460_fu_5413_p2          |       and|   0|  0|    2|           1|           1|
    |and_ln374_461_fu_5687_p2          |       and|   0|  0|    2|           1|           1|
    |and_ln374_462_fu_5931_p2          |       and|   0|  0|    2|           1|           1|
    |and_ln374_463_fu_6205_p2          |       and|   0|  0|    2|           1|           1|
    |and_ln374_464_fu_6449_p2          |       and|   0|  0|    2|           1|           1|
    |and_ln374_465_fu_6723_p2          |       and|   0|  0|    2|           1|           1|
    |and_ln374_466_fu_6967_p2          |       and|   0|  0|    2|           1|           1|
    |and_ln374_467_fu_7241_p2          |       and|   0|  0|    2|           1|           1|
    |and_ln374_468_fu_7485_p2          |       and|   0|  0|    2|           1|           1|
    |and_ln374_469_fu_7759_p2          |       and|   0|  0|    2|           1|           1|
    |and_ln374_470_fu_8003_p2          |       and|   0|  0|    2|           1|           1|
    |and_ln374_471_fu_8277_p2          |       and|   0|  0|    2|           1|           1|
    |and_ln374_472_fu_8521_p2          |       and|   0|  0|    2|           1|           1|
    |and_ln374_473_fu_8795_p2          |       and|   0|  0|    2|           1|           1|
    |and_ln374_474_fu_9039_p2          |       and|   0|  0|    2|           1|           1|
    |and_ln374_475_fu_9313_p2          |       and|   0|  0|    2|           1|           1|
    |and_ln374_476_fu_9557_p2          |       and|   0|  0|    2|           1|           1|
    |and_ln374_477_fu_9831_p2          |       and|   0|  0|    2|           1|           1|
    |and_ln374_478_fu_10075_p2         |       and|   0|  0|    2|           1|           1|
    |and_ln374_479_fu_10349_p2         |       and|   0|  0|    2|           1|           1|
    |and_ln374_480_fu_10593_p2         |       and|   0|  0|    2|           1|           1|
    |and_ln374_481_fu_10867_p2         |       and|   0|  0|    2|           1|           1|
    |and_ln374_482_fu_11111_p2         |       and|   0|  0|    2|           1|           1|
    |and_ln374_483_fu_11385_p2         |       and|   0|  0|    2|           1|           1|
    |and_ln374_484_fu_11629_p2         |       and|   0|  0|    2|           1|           1|
    |and_ln374_485_fu_11903_p2         |       and|   0|  0|    2|           1|           1|
    |and_ln374_486_fu_12147_p2         |       and|   0|  0|    2|           1|           1|
    |and_ln374_487_fu_12421_p2         |       and|   0|  0|    2|           1|           1|
    |and_ln374_488_fu_12665_p2         |       and|   0|  0|    2|           1|           1|
    |and_ln374_489_fu_12939_p2         |       and|   0|  0|    2|           1|           1|
    |and_ln374_490_fu_13183_p2         |       and|   0|  0|    2|           1|           1|
    |and_ln374_491_fu_13457_p2         |       and|   0|  0|    2|           1|           1|
    |and_ln374_492_fu_13701_p2         |       and|   0|  0|    2|           1|           1|
    |and_ln374_493_fu_13975_p2         |       and|   0|  0|    2|           1|           1|
    |and_ln374_494_fu_14219_p2         |       and|   0|  0|    2|           1|           1|
    |and_ln374_495_fu_14493_p2         |       and|   0|  0|    2|           1|           1|
    |and_ln374_496_fu_14737_p2         |       and|   0|  0|    2|           1|           1|
    |and_ln374_497_fu_15011_p2         |       and|   0|  0|    2|           1|           1|
    |and_ln374_498_fu_15255_p2         |       and|   0|  0|    2|           1|           1|
    |and_ln374_499_fu_15529_p2         |       and|   0|  0|    2|           1|           1|
    |and_ln374_500_fu_15773_p2         |       and|   0|  0|    2|           1|           1|
    |and_ln374_501_fu_16047_p2         |       and|   0|  0|    2|           1|           1|
    |and_ln374_502_fu_16291_p2         |       and|   0|  0|    2|           1|           1|
    |and_ln374_503_fu_16565_p2         |       and|   0|  0|    2|           1|           1|
    |and_ln374_504_fu_16809_p2         |       and|   0|  0|    2|           1|           1|
    |and_ln374_505_fu_17083_p2         |       and|   0|  0|    2|           1|           1|
    |and_ln374_506_fu_17327_p2         |       and|   0|  0|    2|           1|           1|
    |and_ln374_507_fu_17601_p2         |       and|   0|  0|    2|           1|           1|
    |and_ln374_508_fu_17845_p2         |       and|   0|  0|    2|           1|           1|
    |and_ln374_509_fu_18119_p2         |       and|   0|  0|    2|           1|           1|
    |and_ln374_510_fu_18363_p2         |       and|   0|  0|    2|           1|           1|
    |and_ln374_511_fu_22501_p2         |       and|   0|  0|    2|           1|           1|
    |and_ln374_fu_2056_p2              |       and|   0|  0|    2|           1|           1|
    |and_ln890_10_fu_3955_p2           |       and|   0|  0|    2|           1|           1|
    |and_ln890_11_fu_4229_p2           |       and|   0|  0|    2|           1|           1|
    |and_ln890_12_fu_4473_p2           |       and|   0|  0|    2|           1|           1|
    |and_ln890_13_fu_4747_p2           |       and|   0|  0|    2|           1|           1|
    |and_ln890_14_fu_4991_p2           |       and|   0|  0|    2|           1|           1|
    |and_ln890_15_fu_5265_p2           |       and|   0|  0|    2|           1|           1|
    |and_ln890_16_fu_5509_p2           |       and|   0|  0|    2|           1|           1|
    |and_ln890_17_fu_5783_p2           |       and|   0|  0|    2|           1|           1|
    |and_ln890_18_fu_6027_p2           |       and|   0|  0|    2|           1|           1|
    |and_ln890_19_fu_6301_p2           |       and|   0|  0|    2|           1|           1|
    |and_ln890_20_fu_6545_p2           |       and|   0|  0|    2|           1|           1|
    |and_ln890_21_fu_6819_p2           |       and|   0|  0|    2|           1|           1|
    |and_ln890_22_fu_7063_p2           |       and|   0|  0|    2|           1|           1|
    |and_ln890_23_fu_7337_p2           |       and|   0|  0|    2|           1|           1|
    |and_ln890_24_fu_7581_p2           |       and|   0|  0|    2|           1|           1|
    |and_ln890_25_fu_7855_p2           |       and|   0|  0|    2|           1|           1|
    |and_ln890_26_fu_8099_p2           |       and|   0|  0|    2|           1|           1|
    |and_ln890_27_fu_8373_p2           |       and|   0|  0|    2|           1|           1|
    |and_ln890_28_fu_8617_p2           |       and|   0|  0|    2|           1|           1|
    |and_ln890_29_fu_8891_p2           |       and|   0|  0|    2|           1|           1|
    |and_ln890_30_fu_9135_p2           |       and|   0|  0|    2|           1|           1|
    |and_ln890_31_fu_9409_p2           |       and|   0|  0|    2|           1|           1|
    |and_ln890_32_fu_9653_p2           |       and|   0|  0|    2|           1|           1|
    |and_ln890_33_fu_9927_p2           |       and|   0|  0|    2|           1|           1|
    |and_ln890_34_fu_10171_p2          |       and|   0|  0|    2|           1|           1|
    |and_ln890_35_fu_10445_p2          |       and|   0|  0|    2|           1|           1|
    |and_ln890_36_fu_10689_p2          |       and|   0|  0|    2|           1|           1|
    |and_ln890_37_fu_10963_p2          |       and|   0|  0|    2|           1|           1|
    |and_ln890_38_fu_11207_p2          |       and|   0|  0|    2|           1|           1|
    |and_ln890_39_fu_11481_p2          |       and|   0|  0|    2|           1|           1|
    |and_ln890_40_fu_11725_p2          |       and|   0|  0|    2|           1|           1|
    |and_ln890_41_fu_11999_p2          |       and|   0|  0|    2|           1|           1|
    |and_ln890_42_fu_12243_p2          |       and|   0|  0|    2|           1|           1|
    |and_ln890_43_fu_12517_p2          |       and|   0|  0|    2|           1|           1|
    |and_ln890_44_fu_12761_p2          |       and|   0|  0|    2|           1|           1|
    |and_ln890_45_fu_13035_p2          |       and|   0|  0|    2|           1|           1|
    |and_ln890_46_fu_13279_p2          |       and|   0|  0|    2|           1|           1|
    |and_ln890_47_fu_13553_p2          |       and|   0|  0|    2|           1|           1|
    |and_ln890_48_fu_13797_p2          |       and|   0|  0|    2|           1|           1|
    |and_ln890_49_fu_14071_p2          |       and|   0|  0|    2|           1|           1|
    |and_ln890_4_fu_2396_p2            |       and|   0|  0|    2|           1|           1|
    |and_ln890_50_fu_14315_p2          |       and|   0|  0|    2|           1|           1|
    |and_ln890_51_fu_14589_p2          |       and|   0|  0|    2|           1|           1|
    |and_ln890_52_fu_14833_p2          |       and|   0|  0|    2|           1|           1|
    |and_ln890_53_fu_15107_p2          |       and|   0|  0|    2|           1|           1|
    |and_ln890_54_fu_15351_p2          |       and|   0|  0|    2|           1|           1|
    |and_ln890_55_fu_15625_p2          |       and|   0|  0|    2|           1|           1|
    |and_ln890_56_fu_15869_p2          |       and|   0|  0|    2|           1|           1|
    |and_ln890_57_fu_16143_p2          |       and|   0|  0|    2|           1|           1|
    |and_ln890_58_fu_16387_p2          |       and|   0|  0|    2|           1|           1|
    |and_ln890_59_fu_16661_p2          |       and|   0|  0|    2|           1|           1|
    |and_ln890_5_fu_2675_p2            |       and|   0|  0|    2|           1|           1|
    |and_ln890_60_fu_16905_p2          |       and|   0|  0|    2|           1|           1|
    |and_ln890_61_fu_17179_p2          |       and|   0|  0|    2|           1|           1|
    |and_ln890_62_fu_17423_p2          |       and|   0|  0|    2|           1|           1|
    |and_ln890_63_fu_17697_p2          |       and|   0|  0|    2|           1|           1|
    |and_ln890_64_fu_17941_p2          |       and|   0|  0|    2|           1|           1|
    |and_ln890_65_fu_18215_p2          |       and|   0|  0|    2|           1|           1|
    |and_ln890_66_fu_18459_p2          |       and|   0|  0|    2|           1|           1|
    |and_ln890_6_fu_2919_p2            |       and|   0|  0|    2|           1|           1|
    |and_ln890_7_fu_3193_p2            |       and|   0|  0|    2|           1|           1|
    |and_ln890_8_fu_3437_p2            |       and|   0|  0|    2|           1|           1|
    |and_ln890_9_fu_3711_p2            |       and|   0|  0|    2|           1|           1|
    |and_ln890_fu_2152_p2              |       and|   0|  0|    2|           1|           1|
    |and_ln891_10_fu_3969_p2           |       and|   0|  0|    2|           1|           1|
    |and_ln891_11_fu_4243_p2           |       and|   0|  0|    2|           1|           1|
    |and_ln891_12_fu_4487_p2           |       and|   0|  0|    2|           1|           1|
    |and_ln891_13_fu_4761_p2           |       and|   0|  0|    2|           1|           1|
    |and_ln891_14_fu_5005_p2           |       and|   0|  0|    2|           1|           1|
    |and_ln891_15_fu_5279_p2           |       and|   0|  0|    2|           1|           1|
    |and_ln891_16_fu_5523_p2           |       and|   0|  0|    2|           1|           1|
    |and_ln891_17_fu_5797_p2           |       and|   0|  0|    2|           1|           1|
    |and_ln891_18_fu_6041_p2           |       and|   0|  0|    2|           1|           1|
    |and_ln891_19_fu_6315_p2           |       and|   0|  0|    2|           1|           1|
    |and_ln891_20_fu_6559_p2           |       and|   0|  0|    2|           1|           1|
    |and_ln891_21_fu_6833_p2           |       and|   0|  0|    2|           1|           1|
    |and_ln891_22_fu_7077_p2           |       and|   0|  0|    2|           1|           1|
    |and_ln891_23_fu_7351_p2           |       and|   0|  0|    2|           1|           1|
    |and_ln891_24_fu_7595_p2           |       and|   0|  0|    2|           1|           1|
    |and_ln891_25_fu_7869_p2           |       and|   0|  0|    2|           1|           1|
    |and_ln891_26_fu_8113_p2           |       and|   0|  0|    2|           1|           1|
    |and_ln891_27_fu_8387_p2           |       and|   0|  0|    2|           1|           1|
    |and_ln891_28_fu_8631_p2           |       and|   0|  0|    2|           1|           1|
    |and_ln891_29_fu_8905_p2           |       and|   0|  0|    2|           1|           1|
    |and_ln891_30_fu_9149_p2           |       and|   0|  0|    2|           1|           1|
    |and_ln891_31_fu_9423_p2           |       and|   0|  0|    2|           1|           1|
    |and_ln891_32_fu_9667_p2           |       and|   0|  0|    2|           1|           1|
    |and_ln891_33_fu_9941_p2           |       and|   0|  0|    2|           1|           1|
    |and_ln891_34_fu_10185_p2          |       and|   0|  0|    2|           1|           1|
    |and_ln891_35_fu_10459_p2          |       and|   0|  0|    2|           1|           1|
    |and_ln891_36_fu_10703_p2          |       and|   0|  0|    2|           1|           1|
    |and_ln891_37_fu_10977_p2          |       and|   0|  0|    2|           1|           1|
    |and_ln891_38_fu_11221_p2          |       and|   0|  0|    2|           1|           1|
    |and_ln891_39_fu_11495_p2          |       and|   0|  0|    2|           1|           1|
    |and_ln891_40_fu_11739_p2          |       and|   0|  0|    2|           1|           1|
    |and_ln891_41_fu_12013_p2          |       and|   0|  0|    2|           1|           1|
    |and_ln891_42_fu_12257_p2          |       and|   0|  0|    2|           1|           1|
    |and_ln891_43_fu_12531_p2          |       and|   0|  0|    2|           1|           1|
    |and_ln891_44_fu_12775_p2          |       and|   0|  0|    2|           1|           1|
    |and_ln891_45_fu_13049_p2          |       and|   0|  0|    2|           1|           1|
    |and_ln891_46_fu_13293_p2          |       and|   0|  0|    2|           1|           1|
    |and_ln891_47_fu_13567_p2          |       and|   0|  0|    2|           1|           1|
    |and_ln891_48_fu_13811_p2          |       and|   0|  0|    2|           1|           1|
    |and_ln891_49_fu_14085_p2          |       and|   0|  0|    2|           1|           1|
    |and_ln891_4_fu_2410_p2            |       and|   0|  0|    2|           1|           1|
    |and_ln891_50_fu_14329_p2          |       and|   0|  0|    2|           1|           1|
    |and_ln891_51_fu_14603_p2          |       and|   0|  0|    2|           1|           1|
    |and_ln891_52_fu_14847_p2          |       and|   0|  0|    2|           1|           1|
    |and_ln891_53_fu_15121_p2          |       and|   0|  0|    2|           1|           1|
    |and_ln891_54_fu_15365_p2          |       and|   0|  0|    2|           1|           1|
    |and_ln891_55_fu_15639_p2          |       and|   0|  0|    2|           1|           1|
    |and_ln891_56_fu_15883_p2          |       and|   0|  0|    2|           1|           1|
    |and_ln891_57_fu_16157_p2          |       and|   0|  0|    2|           1|           1|
    |and_ln891_58_fu_16401_p2          |       and|   0|  0|    2|           1|           1|
    |and_ln891_59_fu_16675_p2          |       and|   0|  0|    2|           1|           1|
    |and_ln891_5_fu_2689_p2            |       and|   0|  0|    2|           1|           1|
    |and_ln891_60_fu_16919_p2          |       and|   0|  0|    2|           1|           1|
    |and_ln891_61_fu_17193_p2          |       and|   0|  0|    2|           1|           1|
    |and_ln891_62_fu_17437_p2          |       and|   0|  0|    2|           1|           1|
    |and_ln891_63_fu_17711_p2          |       and|   0|  0|    2|           1|           1|
    |and_ln891_64_fu_17955_p2          |       and|   0|  0|    2|           1|           1|
    |and_ln891_65_fu_18229_p2          |       and|   0|  0|    2|           1|           1|
    |and_ln891_66_fu_18473_p2          |       and|   0|  0|    2|           1|           1|
    |and_ln891_67_fu_22581_p2          |       and|   0|  0|    2|           1|           1|
    |and_ln891_68_fu_22575_p2          |       and|   0|  0|    2|           1|           1|
    |and_ln891_6_fu_2933_p2            |       and|   0|  0|    2|           1|           1|
    |and_ln891_7_fu_3207_p2            |       and|   0|  0|    2|           1|           1|
    |and_ln891_8_fu_3451_p2            |       and|   0|  0|    2|           1|           1|
    |and_ln891_9_fu_3725_p2            |       and|   0|  0|    2|           1|           1|
    |and_ln891_fu_2166_p2              |       and|   0|  0|    2|           1|           1|
    |carry_263_fu_2086_p2              |       and|   0|  0|    2|           1|           1|
    |carry_265_fu_2330_p2              |       and|   0|  0|    2|           1|           1|
    |carry_267_fu_2609_p2              |       and|   0|  0|    2|           1|           1|
    |carry_269_fu_2853_p2              |       and|   0|  0|    2|           1|           1|
    |carry_271_fu_3127_p2              |       and|   0|  0|    2|           1|           1|
    |carry_273_fu_3371_p2              |       and|   0|  0|    2|           1|           1|
    |carry_275_fu_3645_p2              |       and|   0|  0|    2|           1|           1|
    |carry_277_fu_3889_p2              |       and|   0|  0|    2|           1|           1|
    |carry_279_fu_4163_p2              |       and|   0|  0|    2|           1|           1|
    |carry_281_fu_4407_p2              |       and|   0|  0|    2|           1|           1|
    |carry_283_fu_4681_p2              |       and|   0|  0|    2|           1|           1|
    |carry_285_fu_4925_p2              |       and|   0|  0|    2|           1|           1|
    |carry_287_fu_5199_p2              |       and|   0|  0|    2|           1|           1|
    |carry_289_fu_5443_p2              |       and|   0|  0|    2|           1|           1|
    |carry_291_fu_5717_p2              |       and|   0|  0|    2|           1|           1|
    |carry_293_fu_5961_p2              |       and|   0|  0|    2|           1|           1|
    |carry_295_fu_6235_p2              |       and|   0|  0|    2|           1|           1|
    |carry_297_fu_6479_p2              |       and|   0|  0|    2|           1|           1|
    |carry_299_fu_6753_p2              |       and|   0|  0|    2|           1|           1|
    |carry_301_fu_6997_p2              |       and|   0|  0|    2|           1|           1|
    |carry_303_fu_7271_p2              |       and|   0|  0|    2|           1|           1|
    |carry_305_fu_7515_p2              |       and|   0|  0|    2|           1|           1|
    |carry_307_fu_7789_p2              |       and|   0|  0|    2|           1|           1|
    |carry_309_fu_8033_p2              |       and|   0|  0|    2|           1|           1|
    |carry_311_fu_8307_p2              |       and|   0|  0|    2|           1|           1|
    |carry_313_fu_8551_p2              |       and|   0|  0|    2|           1|           1|
    |carry_315_fu_8825_p2              |       and|   0|  0|    2|           1|           1|
    |carry_317_fu_9069_p2              |       and|   0|  0|    2|           1|           1|
    |carry_319_fu_9343_p2              |       and|   0|  0|    2|           1|           1|
    |carry_321_fu_9587_p2              |       and|   0|  0|    2|           1|           1|
    |carry_323_fu_9861_p2              |       and|   0|  0|    2|           1|           1|
    |carry_325_fu_10105_p2             |       and|   0|  0|    2|           1|           1|
    |carry_327_fu_10379_p2             |       and|   0|  0|    2|           1|           1|
    |carry_329_fu_10623_p2             |       and|   0|  0|    2|           1|           1|
    |carry_331_fu_10897_p2             |       and|   0|  0|    2|           1|           1|
    |carry_333_fu_11141_p2             |       and|   0|  0|    2|           1|           1|
    |carry_335_fu_11415_p2             |       and|   0|  0|    2|           1|           1|
    |carry_337_fu_11659_p2             |       and|   0|  0|    2|           1|           1|
    |carry_339_fu_11933_p2             |       and|   0|  0|    2|           1|           1|
    |carry_341_fu_12177_p2             |       and|   0|  0|    2|           1|           1|
    |carry_343_fu_12451_p2             |       and|   0|  0|    2|           1|           1|
    |carry_345_fu_12695_p2             |       and|   0|  0|    2|           1|           1|
    |carry_347_fu_12969_p2             |       and|   0|  0|    2|           1|           1|
    |carry_349_fu_13213_p2             |       and|   0|  0|    2|           1|           1|
    |carry_351_fu_13487_p2             |       and|   0|  0|    2|           1|           1|
    |carry_353_fu_13731_p2             |       and|   0|  0|    2|           1|           1|
    |carry_355_fu_14005_p2             |       and|   0|  0|    2|           1|           1|
    |carry_357_fu_14249_p2             |       and|   0|  0|    2|           1|           1|
    |carry_359_fu_14523_p2             |       and|   0|  0|    2|           1|           1|
    |carry_361_fu_14767_p2             |       and|   0|  0|    2|           1|           1|
    |carry_363_fu_15041_p2             |       and|   0|  0|    2|           1|           1|
    |carry_365_fu_15285_p2             |       and|   0|  0|    2|           1|           1|
    |carry_367_fu_15559_p2             |       and|   0|  0|    2|           1|           1|
    |carry_369_fu_15803_p2             |       and|   0|  0|    2|           1|           1|
    |carry_371_fu_16077_p2             |       and|   0|  0|    2|           1|           1|
    |carry_373_fu_16321_p2             |       and|   0|  0|    2|           1|           1|
    |carry_375_fu_16595_p2             |       and|   0|  0|    2|           1|           1|
    |carry_377_fu_16839_p2             |       and|   0|  0|    2|           1|           1|
    |carry_379_fu_17113_p2             |       and|   0|  0|    2|           1|           1|
    |carry_381_fu_17357_p2             |       and|   0|  0|    2|           1|           1|
    |carry_383_fu_17631_p2             |       and|   0|  0|    2|           1|           1|
    |carry_385_fu_17875_p2             |       and|   0|  0|    2|           1|           1|
    |carry_387_fu_18149_p2             |       and|   0|  0|    2|           1|           1|
    |carry_389_fu_18393_p2             |       and|   0|  0|    2|           1|           1|
    |deleted_ones_194_fu_22569_p2      |       and|   0|  0|    2|           1|           1|
    |overflow_131_fu_2434_p2           |       and|   0|  0|    2|           1|           1|
    |overflow_132_fu_2713_p2           |       and|   0|  0|    2|           1|           1|
    |overflow_133_fu_2957_p2           |       and|   0|  0|    2|           1|           1|
    |overflow_134_fu_3231_p2           |       and|   0|  0|    2|           1|           1|
    |overflow_135_fu_3475_p2           |       and|   0|  0|    2|           1|           1|
    |overflow_136_fu_3749_p2           |       and|   0|  0|    2|           1|           1|
    |overflow_137_fu_3993_p2           |       and|   0|  0|    2|           1|           1|
    |overflow_138_fu_4267_p2           |       and|   0|  0|    2|           1|           1|
    |overflow_139_fu_4511_p2           |       and|   0|  0|    2|           1|           1|
    |overflow_140_fu_4785_p2           |       and|   0|  0|    2|           1|           1|
    |overflow_141_fu_5029_p2           |       and|   0|  0|    2|           1|           1|
    |overflow_142_fu_5303_p2           |       and|   0|  0|    2|           1|           1|
    |overflow_143_fu_5547_p2           |       and|   0|  0|    2|           1|           1|
    |overflow_144_fu_5821_p2           |       and|   0|  0|    2|           1|           1|
    |overflow_145_fu_6065_p2           |       and|   0|  0|    2|           1|           1|
    |overflow_146_fu_6339_p2           |       and|   0|  0|    2|           1|           1|
    |overflow_147_fu_6583_p2           |       and|   0|  0|    2|           1|           1|
    |overflow_148_fu_6857_p2           |       and|   0|  0|    2|           1|           1|
    |overflow_149_fu_7101_p2           |       and|   0|  0|    2|           1|           1|
    |overflow_150_fu_7375_p2           |       and|   0|  0|    2|           1|           1|
    |overflow_151_fu_7619_p2           |       and|   0|  0|    2|           1|           1|
    |overflow_152_fu_7893_p2           |       and|   0|  0|    2|           1|           1|
    |overflow_153_fu_8137_p2           |       and|   0|  0|    2|           1|           1|
    |overflow_154_fu_8411_p2           |       and|   0|  0|    2|           1|           1|
    |overflow_155_fu_8655_p2           |       and|   0|  0|    2|           1|           1|
    |overflow_156_fu_8929_p2           |       and|   0|  0|    2|           1|           1|
    |overflow_157_fu_9173_p2           |       and|   0|  0|    2|           1|           1|
    |overflow_158_fu_9447_p2           |       and|   0|  0|    2|           1|           1|
    |overflow_159_fu_9691_p2           |       and|   0|  0|    2|           1|           1|
    |overflow_160_fu_9965_p2           |       and|   0|  0|    2|           1|           1|
    |overflow_161_fu_10209_p2          |       and|   0|  0|    2|           1|           1|
    |overflow_162_fu_10483_p2          |       and|   0|  0|    2|           1|           1|
    |overflow_163_fu_10727_p2          |       and|   0|  0|    2|           1|           1|
    |overflow_164_fu_11001_p2          |       and|   0|  0|    2|           1|           1|
    |overflow_165_fu_11245_p2          |       and|   0|  0|    2|           1|           1|
    |overflow_166_fu_11519_p2          |       and|   0|  0|    2|           1|           1|
    |overflow_167_fu_11763_p2          |       and|   0|  0|    2|           1|           1|
    |overflow_168_fu_12037_p2          |       and|   0|  0|    2|           1|           1|
    |overflow_169_fu_12281_p2          |       and|   0|  0|    2|           1|           1|
    |overflow_170_fu_12555_p2          |       and|   0|  0|    2|           1|           1|
    |overflow_171_fu_12799_p2          |       and|   0|  0|    2|           1|           1|
    |overflow_172_fu_13073_p2          |       and|   0|  0|    2|           1|           1|
    |overflow_173_fu_13317_p2          |       and|   0|  0|    2|           1|           1|
    |overflow_174_fu_13591_p2          |       and|   0|  0|    2|           1|           1|
    |overflow_175_fu_13835_p2          |       and|   0|  0|    2|           1|           1|
    |overflow_176_fu_14109_p2          |       and|   0|  0|    2|           1|           1|
    |overflow_177_fu_14353_p2          |       and|   0|  0|    2|           1|           1|
    |overflow_178_fu_14627_p2          |       and|   0|  0|    2|           1|           1|
    |overflow_179_fu_14871_p2          |       and|   0|  0|    2|           1|           1|
    |overflow_180_fu_15145_p2          |       and|   0|  0|    2|           1|           1|
    |overflow_181_fu_15389_p2          |       and|   0|  0|    2|           1|           1|
    |overflow_182_fu_15663_p2          |       and|   0|  0|    2|           1|           1|
    |overflow_183_fu_15907_p2          |       and|   0|  0|    2|           1|           1|
    |overflow_184_fu_16181_p2          |       and|   0|  0|    2|           1|           1|
    |overflow_185_fu_16425_p2          |       and|   0|  0|    2|           1|           1|
    |overflow_186_fu_16699_p2          |       and|   0|  0|    2|           1|           1|
    |overflow_187_fu_16943_p2          |       and|   0|  0|    2|           1|           1|
    |overflow_188_fu_17217_p2          |       and|   0|  0|    2|           1|           1|
    |overflow_189_fu_17461_p2          |       and|   0|  0|    2|           1|           1|
    |overflow_190_fu_17735_p2          |       and|   0|  0|    2|           1|           1|
    |overflow_191_fu_17979_p2          |       and|   0|  0|    2|           1|           1|
    |overflow_192_fu_18253_p2          |       and|   0|  0|    2|           1|           1|
    |overflow_193_fu_18497_p2          |       and|   0|  0|    2|           1|           1|
    |overflow_194_fu_22611_p2          |       and|   0|  0|    2|           1|           1|
    |overflow_fu_2190_p2               |       and|   0|  0|    2|           1|           1|
    |underflow_131_fu_2458_p2          |       and|   0|  0|    2|           1|           1|
    |underflow_132_fu_2737_p2          |       and|   0|  0|    2|           1|           1|
    |underflow_133_fu_2981_p2          |       and|   0|  0|    2|           1|           1|
    |underflow_134_fu_3255_p2          |       and|   0|  0|    2|           1|           1|
    |underflow_135_fu_3499_p2          |       and|   0|  0|    2|           1|           1|
    |underflow_136_fu_3773_p2          |       and|   0|  0|    2|           1|           1|
    |underflow_137_fu_4017_p2          |       and|   0|  0|    2|           1|           1|
    |underflow_138_fu_4291_p2          |       and|   0|  0|    2|           1|           1|
    |underflow_139_fu_4535_p2          |       and|   0|  0|    2|           1|           1|
    |underflow_140_fu_4809_p2          |       and|   0|  0|    2|           1|           1|
    |underflow_141_fu_5053_p2          |       and|   0|  0|    2|           1|           1|
    |underflow_142_fu_5327_p2          |       and|   0|  0|    2|           1|           1|
    |underflow_143_fu_5571_p2          |       and|   0|  0|    2|           1|           1|
    |underflow_144_fu_5845_p2          |       and|   0|  0|    2|           1|           1|
    |underflow_145_fu_6089_p2          |       and|   0|  0|    2|           1|           1|
    |underflow_146_fu_6363_p2          |       and|   0|  0|    2|           1|           1|
    |underflow_147_fu_6607_p2          |       and|   0|  0|    2|           1|           1|
    |underflow_148_fu_6881_p2          |       and|   0|  0|    2|           1|           1|
    |underflow_149_fu_7125_p2          |       and|   0|  0|    2|           1|           1|
    |underflow_150_fu_7399_p2          |       and|   0|  0|    2|           1|           1|
    |underflow_151_fu_7643_p2          |       and|   0|  0|    2|           1|           1|
    |underflow_152_fu_7917_p2          |       and|   0|  0|    2|           1|           1|
    |underflow_153_fu_8161_p2          |       and|   0|  0|    2|           1|           1|
    |underflow_154_fu_8435_p2          |       and|   0|  0|    2|           1|           1|
    |underflow_155_fu_8679_p2          |       and|   0|  0|    2|           1|           1|
    |underflow_156_fu_8953_p2          |       and|   0|  0|    2|           1|           1|
    |underflow_157_fu_9197_p2          |       and|   0|  0|    2|           1|           1|
    |underflow_158_fu_9471_p2          |       and|   0|  0|    2|           1|           1|
    |underflow_159_fu_9715_p2          |       and|   0|  0|    2|           1|           1|
    |underflow_160_fu_9989_p2          |       and|   0|  0|    2|           1|           1|
    |underflow_161_fu_10233_p2         |       and|   0|  0|    2|           1|           1|
    |underflow_162_fu_10507_p2         |       and|   0|  0|    2|           1|           1|
    |underflow_163_fu_10751_p2         |       and|   0|  0|    2|           1|           1|
    |underflow_164_fu_11025_p2         |       and|   0|  0|    2|           1|           1|
    |underflow_165_fu_11269_p2         |       and|   0|  0|    2|           1|           1|
    |underflow_166_fu_11543_p2         |       and|   0|  0|    2|           1|           1|
    |underflow_167_fu_11787_p2         |       and|   0|  0|    2|           1|           1|
    |underflow_168_fu_12061_p2         |       and|   0|  0|    2|           1|           1|
    |underflow_169_fu_12305_p2         |       and|   0|  0|    2|           1|           1|
    |underflow_170_fu_12579_p2         |       and|   0|  0|    2|           1|           1|
    |underflow_171_fu_12823_p2         |       and|   0|  0|    2|           1|           1|
    |underflow_172_fu_13097_p2         |       and|   0|  0|    2|           1|           1|
    |underflow_173_fu_13341_p2         |       and|   0|  0|    2|           1|           1|
    |underflow_174_fu_13615_p2         |       and|   0|  0|    2|           1|           1|
    |underflow_175_fu_13859_p2         |       and|   0|  0|    2|           1|           1|
    |underflow_176_fu_14133_p2         |       and|   0|  0|    2|           1|           1|
    |underflow_177_fu_14377_p2         |       and|   0|  0|    2|           1|           1|
    |underflow_178_fu_14651_p2         |       and|   0|  0|    2|           1|           1|
    |underflow_179_fu_14895_p2         |       and|   0|  0|    2|           1|           1|
    |underflow_180_fu_15169_p2         |       and|   0|  0|    2|           1|           1|
    |underflow_181_fu_15413_p2         |       and|   0|  0|    2|           1|           1|
    |underflow_182_fu_15687_p2         |       and|   0|  0|    2|           1|           1|
    |underflow_183_fu_15931_p2         |       and|   0|  0|    2|           1|           1|
    |underflow_184_fu_16205_p2         |       and|   0|  0|    2|           1|           1|
    |underflow_185_fu_16449_p2         |       and|   0|  0|    2|           1|           1|
    |underflow_186_fu_16723_p2         |       and|   0|  0|    2|           1|           1|
    |underflow_187_fu_16967_p2         |       and|   0|  0|    2|           1|           1|
    |underflow_188_fu_17241_p2         |       and|   0|  0|    2|           1|           1|
    |underflow_189_fu_17485_p2         |       and|   0|  0|    2|           1|           1|
    |underflow_190_fu_17759_p2         |       and|   0|  0|    2|           1|           1|
    |underflow_191_fu_18003_p2         |       and|   0|  0|    2|           1|           1|
    |underflow_192_fu_18277_p2         |       and|   0|  0|    2|           1|           1|
    |underflow_193_fu_18521_p2         |       and|   0|  0|    2|           1|           1|
    |underflow_194_fu_22635_p2         |       and|   0|  0|    2|           1|           1|
    |underflow_fu_2214_p2              |       and|   0|  0|    2|           1|           1|
    |Range1_all_ones_131_fu_2362_p2    |      icmp|   0|  0|    8|           3|           2|
    |Range1_all_ones_132_fu_2641_p2    |      icmp|   0|  0|    8|           3|           2|
    |Range1_all_ones_133_fu_2885_p2    |      icmp|   0|  0|    8|           3|           2|
    |Range1_all_ones_134_fu_3159_p2    |      icmp|   0|  0|    8|           3|           2|
    |Range1_all_ones_135_fu_3403_p2    |      icmp|   0|  0|    8|           3|           2|
    |Range1_all_ones_136_fu_3677_p2    |      icmp|   0|  0|    8|           3|           2|
    |Range1_all_ones_137_fu_3921_p2    |      icmp|   0|  0|    8|           3|           2|
    |Range1_all_ones_138_fu_4195_p2    |      icmp|   0|  0|    8|           3|           2|
    |Range1_all_ones_139_fu_4439_p2    |      icmp|   0|  0|    8|           3|           2|
    |Range1_all_ones_140_fu_4713_p2    |      icmp|   0|  0|    8|           3|           2|
    |Range1_all_ones_141_fu_4957_p2    |      icmp|   0|  0|    8|           3|           2|
    |Range1_all_ones_142_fu_5231_p2    |      icmp|   0|  0|    8|           3|           2|
    |Range1_all_ones_143_fu_5475_p2    |      icmp|   0|  0|    8|           3|           2|
    |Range1_all_ones_144_fu_5749_p2    |      icmp|   0|  0|    8|           3|           2|
    |Range1_all_ones_145_fu_5993_p2    |      icmp|   0|  0|    8|           3|           2|
    |Range1_all_ones_146_fu_6267_p2    |      icmp|   0|  0|    8|           3|           2|
    |Range1_all_ones_147_fu_6511_p2    |      icmp|   0|  0|    8|           3|           2|
    |Range1_all_ones_148_fu_6785_p2    |      icmp|   0|  0|    8|           3|           2|
    |Range1_all_ones_149_fu_7029_p2    |      icmp|   0|  0|    8|           3|           2|
    |Range1_all_ones_150_fu_7303_p2    |      icmp|   0|  0|    8|           3|           2|
    |Range1_all_ones_151_fu_7547_p2    |      icmp|   0|  0|    8|           3|           2|
    |Range1_all_ones_152_fu_7821_p2    |      icmp|   0|  0|    8|           3|           2|
    |Range1_all_ones_153_fu_8065_p2    |      icmp|   0|  0|    8|           3|           2|
    |Range1_all_ones_154_fu_8339_p2    |      icmp|   0|  0|    8|           3|           2|
    |Range1_all_ones_155_fu_8583_p2    |      icmp|   0|  0|    8|           3|           2|
    |Range1_all_ones_156_fu_8857_p2    |      icmp|   0|  0|    8|           3|           2|
    |Range1_all_ones_157_fu_9101_p2    |      icmp|   0|  0|    8|           3|           2|
    |Range1_all_ones_158_fu_9375_p2    |      icmp|   0|  0|    8|           3|           2|
    |Range1_all_ones_159_fu_9619_p2    |      icmp|   0|  0|    8|           3|           2|
    |Range1_all_ones_160_fu_9893_p2    |      icmp|   0|  0|    8|           3|           2|
    |Range1_all_ones_161_fu_10137_p2   |      icmp|   0|  0|    8|           3|           2|
    |Range1_all_ones_162_fu_10411_p2   |      icmp|   0|  0|    8|           3|           2|
    |Range1_all_ones_163_fu_10655_p2   |      icmp|   0|  0|    8|           3|           2|
    |Range1_all_ones_164_fu_10929_p2   |      icmp|   0|  0|    8|           3|           2|
    |Range1_all_ones_165_fu_11173_p2   |      icmp|   0|  0|    8|           3|           2|
    |Range1_all_ones_166_fu_11447_p2   |      icmp|   0|  0|    8|           3|           2|
    |Range1_all_ones_167_fu_11691_p2   |      icmp|   0|  0|    8|           3|           2|
    |Range1_all_ones_168_fu_11965_p2   |      icmp|   0|  0|    8|           3|           2|
    |Range1_all_ones_169_fu_12209_p2   |      icmp|   0|  0|    8|           3|           2|
    |Range1_all_ones_170_fu_12483_p2   |      icmp|   0|  0|    8|           3|           2|
    |Range1_all_ones_171_fu_12727_p2   |      icmp|   0|  0|    8|           3|           2|
    |Range1_all_ones_172_fu_13001_p2   |      icmp|   0|  0|    8|           3|           2|
    |Range1_all_ones_173_fu_13245_p2   |      icmp|   0|  0|    8|           3|           2|
    |Range1_all_ones_174_fu_13519_p2   |      icmp|   0|  0|    8|           3|           2|
    |Range1_all_ones_175_fu_13763_p2   |      icmp|   0|  0|    8|           3|           2|
    |Range1_all_ones_176_fu_14037_p2   |      icmp|   0|  0|    8|           3|           2|
    |Range1_all_ones_177_fu_14281_p2   |      icmp|   0|  0|    8|           3|           2|
    |Range1_all_ones_178_fu_14555_p2   |      icmp|   0|  0|    8|           3|           2|
    |Range1_all_ones_179_fu_14799_p2   |      icmp|   0|  0|    8|           3|           2|
    |Range1_all_ones_180_fu_15073_p2   |      icmp|   0|  0|    8|           3|           2|
    |Range1_all_ones_181_fu_15317_p2   |      icmp|   0|  0|    8|           3|           2|
    |Range1_all_ones_182_fu_15591_p2   |      icmp|   0|  0|    8|           3|           2|
    |Range1_all_ones_183_fu_15835_p2   |      icmp|   0|  0|    8|           3|           2|
    |Range1_all_ones_184_fu_16109_p2   |      icmp|   0|  0|    8|           3|           2|
    |Range1_all_ones_185_fu_16353_p2   |      icmp|   0|  0|    8|           3|           2|
    |Range1_all_ones_186_fu_16627_p2   |      icmp|   0|  0|    8|           3|           2|
    |Range1_all_ones_187_fu_16871_p2   |      icmp|   0|  0|    8|           3|           2|
    |Range1_all_ones_188_fu_17145_p2   |      icmp|   0|  0|    8|           3|           2|
    |Range1_all_ones_189_fu_17389_p2   |      icmp|   0|  0|    8|           3|           2|
    |Range1_all_ones_190_fu_17663_p2   |      icmp|   0|  0|    8|           3|           2|
    |Range1_all_ones_191_fu_17907_p2   |      icmp|   0|  0|    8|           3|           2|
    |Range1_all_ones_192_fu_18181_p2   |      icmp|   0|  0|    8|           3|           2|
    |Range1_all_ones_193_fu_18425_p2   |      icmp|   0|  0|    8|           3|           2|
    |Range1_all_ones_fu_2118_p2        |      icmp|   0|  0|    8|           3|           2|
    |Range1_all_zeros_385_fu_2368_p2   |      icmp|   0|  0|    8|           3|           1|
    |Range1_all_zeros_386_fu_2647_p2   |      icmp|   0|  0|    8|           3|           1|
    |Range1_all_zeros_387_fu_2891_p2   |      icmp|   0|  0|    8|           3|           1|
    |Range1_all_zeros_388_fu_3165_p2   |      icmp|   0|  0|    8|           3|           1|
    |Range1_all_zeros_389_fu_3409_p2   |      icmp|   0|  0|    8|           3|           1|
    |Range1_all_zeros_390_fu_3683_p2   |      icmp|   0|  0|    8|           3|           1|
    |Range1_all_zeros_391_fu_3927_p2   |      icmp|   0|  0|    8|           3|           1|
    |Range1_all_zeros_392_fu_4201_p2   |      icmp|   0|  0|    8|           3|           1|
    |Range1_all_zeros_393_fu_4445_p2   |      icmp|   0|  0|    8|           3|           1|
    |Range1_all_zeros_394_fu_4719_p2   |      icmp|   0|  0|    8|           3|           1|
    |Range1_all_zeros_395_fu_4963_p2   |      icmp|   0|  0|    8|           3|           1|
    |Range1_all_zeros_396_fu_5237_p2   |      icmp|   0|  0|    8|           3|           1|
    |Range1_all_zeros_397_fu_5481_p2   |      icmp|   0|  0|    8|           3|           1|
    |Range1_all_zeros_398_fu_5755_p2   |      icmp|   0|  0|    8|           3|           1|
    |Range1_all_zeros_399_fu_5999_p2   |      icmp|   0|  0|    8|           3|           1|
    |Range1_all_zeros_400_fu_6273_p2   |      icmp|   0|  0|    8|           3|           1|
    |Range1_all_zeros_401_fu_6517_p2   |      icmp|   0|  0|    8|           3|           1|
    |Range1_all_zeros_402_fu_6791_p2   |      icmp|   0|  0|    8|           3|           1|
    |Range1_all_zeros_403_fu_7035_p2   |      icmp|   0|  0|    8|           3|           1|
    |Range1_all_zeros_404_fu_7309_p2   |      icmp|   0|  0|    8|           3|           1|
    |Range1_all_zeros_405_fu_7553_p2   |      icmp|   0|  0|    8|           3|           1|
    |Range1_all_zeros_406_fu_7827_p2   |      icmp|   0|  0|    8|           3|           1|
    |Range1_all_zeros_407_fu_8071_p2   |      icmp|   0|  0|    8|           3|           1|
    |Range1_all_zeros_408_fu_8345_p2   |      icmp|   0|  0|    8|           3|           1|
    |Range1_all_zeros_409_fu_8589_p2   |      icmp|   0|  0|    8|           3|           1|
    |Range1_all_zeros_410_fu_8863_p2   |      icmp|   0|  0|    8|           3|           1|
    |Range1_all_zeros_411_fu_9107_p2   |      icmp|   0|  0|    8|           3|           1|
    |Range1_all_zeros_412_fu_9381_p2   |      icmp|   0|  0|    8|           3|           1|
    |Range1_all_zeros_413_fu_9625_p2   |      icmp|   0|  0|    8|           3|           1|
    |Range1_all_zeros_414_fu_9899_p2   |      icmp|   0|  0|    8|           3|           1|
    |Range1_all_zeros_415_fu_10143_p2  |      icmp|   0|  0|    8|           3|           1|
    |Range1_all_zeros_416_fu_10417_p2  |      icmp|   0|  0|    8|           3|           1|
    |Range1_all_zeros_417_fu_10661_p2  |      icmp|   0|  0|    8|           3|           1|
    |Range1_all_zeros_418_fu_10935_p2  |      icmp|   0|  0|    8|           3|           1|
    |Range1_all_zeros_419_fu_11179_p2  |      icmp|   0|  0|    8|           3|           1|
    |Range1_all_zeros_420_fu_11453_p2  |      icmp|   0|  0|    8|           3|           1|
    |Range1_all_zeros_421_fu_11697_p2  |      icmp|   0|  0|    8|           3|           1|
    |Range1_all_zeros_422_fu_11971_p2  |      icmp|   0|  0|    8|           3|           1|
    |Range1_all_zeros_423_fu_12215_p2  |      icmp|   0|  0|    8|           3|           1|
    |Range1_all_zeros_424_fu_12489_p2  |      icmp|   0|  0|    8|           3|           1|
    |Range1_all_zeros_425_fu_12733_p2  |      icmp|   0|  0|    8|           3|           1|
    |Range1_all_zeros_426_fu_13007_p2  |      icmp|   0|  0|    8|           3|           1|
    |Range1_all_zeros_427_fu_13251_p2  |      icmp|   0|  0|    8|           3|           1|
    |Range1_all_zeros_428_fu_13525_p2  |      icmp|   0|  0|    8|           3|           1|
    |Range1_all_zeros_429_fu_13769_p2  |      icmp|   0|  0|    8|           3|           1|
    |Range1_all_zeros_430_fu_14043_p2  |      icmp|   0|  0|    8|           3|           1|
    |Range1_all_zeros_431_fu_14287_p2  |      icmp|   0|  0|    8|           3|           1|
    |Range1_all_zeros_432_fu_14561_p2  |      icmp|   0|  0|    8|           3|           1|
    |Range1_all_zeros_433_fu_14805_p2  |      icmp|   0|  0|    8|           3|           1|
    |Range1_all_zeros_434_fu_15079_p2  |      icmp|   0|  0|    8|           3|           1|
    |Range1_all_zeros_435_fu_15323_p2  |      icmp|   0|  0|    8|           3|           1|
    |Range1_all_zeros_436_fu_15597_p2  |      icmp|   0|  0|    8|           3|           1|
    |Range1_all_zeros_437_fu_15841_p2  |      icmp|   0|  0|    8|           3|           1|
    |Range1_all_zeros_438_fu_16115_p2  |      icmp|   0|  0|    8|           3|           1|
    |Range1_all_zeros_439_fu_16359_p2  |      icmp|   0|  0|    8|           3|           1|
    |Range1_all_zeros_440_fu_16633_p2  |      icmp|   0|  0|    8|           3|           1|
    |Range1_all_zeros_441_fu_16877_p2  |      icmp|   0|  0|    8|           3|           1|
    |Range1_all_zeros_442_fu_17151_p2  |      icmp|   0|  0|    8|           3|           1|
    |Range1_all_zeros_443_fu_17395_p2  |      icmp|   0|  0|    8|           3|           1|
    |Range1_all_zeros_444_fu_17669_p2  |      icmp|   0|  0|    8|           3|           1|
    |Range1_all_zeros_445_fu_17913_p2  |      icmp|   0|  0|    8|           3|           1|
    |Range1_all_zeros_446_fu_18187_p2  |      icmp|   0|  0|    8|           3|           1|
    |Range1_all_zeros_447_fu_18431_p2  |      icmp|   0|  0|    8|           3|           1|
    |Range1_all_zeros_fu_2124_p2       |      icmp|   0|  0|    8|           3|           1|
    |Range2_all_ones_10_fu_3905_p2     |      icmp|   0|  0|    8|           2|           2|
    |Range2_all_ones_11_fu_4179_p2     |      icmp|   0|  0|    8|           2|           2|
    |Range2_all_ones_12_fu_4423_p2     |      icmp|   0|  0|    8|           2|           2|
    |Range2_all_ones_13_fu_4697_p2     |      icmp|   0|  0|    8|           2|           2|
    |Range2_all_ones_14_fu_4941_p2     |      icmp|   0|  0|    8|           2|           2|
    |Range2_all_ones_15_fu_5215_p2     |      icmp|   0|  0|    8|           2|           2|
    |Range2_all_ones_16_fu_5459_p2     |      icmp|   0|  0|    8|           2|           2|
    |Range2_all_ones_17_fu_5733_p2     |      icmp|   0|  0|    8|           2|           2|
    |Range2_all_ones_18_fu_5977_p2     |      icmp|   0|  0|    8|           2|           2|
    |Range2_all_ones_19_fu_6251_p2     |      icmp|   0|  0|    8|           2|           2|
    |Range2_all_ones_20_fu_6495_p2     |      icmp|   0|  0|    8|           2|           2|
    |Range2_all_ones_21_fu_6769_p2     |      icmp|   0|  0|    8|           2|           2|
    |Range2_all_ones_22_fu_7013_p2     |      icmp|   0|  0|    8|           2|           2|
    |Range2_all_ones_23_fu_7287_p2     |      icmp|   0|  0|    8|           2|           2|
    |Range2_all_ones_24_fu_7531_p2     |      icmp|   0|  0|    8|           2|           2|
    |Range2_all_ones_25_fu_7805_p2     |      icmp|   0|  0|    8|           2|           2|
    |Range2_all_ones_26_fu_8049_p2     |      icmp|   0|  0|    8|           2|           2|
    |Range2_all_ones_27_fu_8323_p2     |      icmp|   0|  0|    8|           2|           2|
    |Range2_all_ones_28_fu_8567_p2     |      icmp|   0|  0|    8|           2|           2|
    |Range2_all_ones_29_fu_8841_p2     |      icmp|   0|  0|    8|           2|           2|
    |Range2_all_ones_30_fu_9085_p2     |      icmp|   0|  0|    8|           2|           2|
    |Range2_all_ones_31_fu_9359_p2     |      icmp|   0|  0|    8|           2|           2|
    |Range2_all_ones_32_fu_9603_p2     |      icmp|   0|  0|    8|           2|           2|
    |Range2_all_ones_33_fu_9877_p2     |      icmp|   0|  0|    8|           2|           2|
    |Range2_all_ones_34_fu_10121_p2    |      icmp|   0|  0|    8|           2|           2|
    |Range2_all_ones_35_fu_10395_p2    |      icmp|   0|  0|    8|           2|           2|
    |Range2_all_ones_36_fu_10639_p2    |      icmp|   0|  0|    8|           2|           2|
    |Range2_all_ones_37_fu_10913_p2    |      icmp|   0|  0|    8|           2|           2|
    |Range2_all_ones_38_fu_11157_p2    |      icmp|   0|  0|    8|           2|           2|
    |Range2_all_ones_39_fu_11431_p2    |      icmp|   0|  0|    8|           2|           2|
    |Range2_all_ones_40_fu_11675_p2    |      icmp|   0|  0|    8|           2|           2|
    |Range2_all_ones_41_fu_11949_p2    |      icmp|   0|  0|    8|           2|           2|
    |Range2_all_ones_42_fu_12193_p2    |      icmp|   0|  0|    8|           2|           2|
    |Range2_all_ones_43_fu_12467_p2    |      icmp|   0|  0|    8|           2|           2|
    |Range2_all_ones_44_fu_12711_p2    |      icmp|   0|  0|    8|           2|           2|
    |Range2_all_ones_45_fu_12985_p2    |      icmp|   0|  0|    8|           2|           2|
    |Range2_all_ones_46_fu_13229_p2    |      icmp|   0|  0|    8|           2|           2|
    |Range2_all_ones_47_fu_13503_p2    |      icmp|   0|  0|    8|           2|           2|
    |Range2_all_ones_48_fu_13747_p2    |      icmp|   0|  0|    8|           2|           2|
    |Range2_all_ones_49_fu_14021_p2    |      icmp|   0|  0|    8|           2|           2|
    |Range2_all_ones_4_fu_2346_p2      |      icmp|   0|  0|    8|           2|           2|
    |Range2_all_ones_50_fu_14265_p2    |      icmp|   0|  0|    8|           2|           2|
    |Range2_all_ones_51_fu_14539_p2    |      icmp|   0|  0|    8|           2|           2|
    |Range2_all_ones_52_fu_14783_p2    |      icmp|   0|  0|    8|           2|           2|
    |Range2_all_ones_53_fu_15057_p2    |      icmp|   0|  0|    8|           2|           2|
    |Range2_all_ones_54_fu_15301_p2    |      icmp|   0|  0|    8|           2|           2|
    |Range2_all_ones_55_fu_15575_p2    |      icmp|   0|  0|    8|           2|           2|
    |Range2_all_ones_56_fu_15819_p2    |      icmp|   0|  0|    8|           2|           2|
    |Range2_all_ones_57_fu_16093_p2    |      icmp|   0|  0|    8|           2|           2|
    |Range2_all_ones_58_fu_16337_p2    |      icmp|   0|  0|    8|           2|           2|
    |Range2_all_ones_59_fu_16611_p2    |      icmp|   0|  0|    8|           2|           2|
    |Range2_all_ones_5_fu_2625_p2      |      icmp|   0|  0|    8|           2|           2|
    |Range2_all_ones_60_fu_16855_p2    |      icmp|   0|  0|    8|           2|           2|
    |Range2_all_ones_61_fu_17129_p2    |      icmp|   0|  0|    8|           2|           2|
    |Range2_all_ones_62_fu_17373_p2    |      icmp|   0|  0|    8|           2|           2|
    |Range2_all_ones_63_fu_17647_p2    |      icmp|   0|  0|    8|           2|           2|
    |Range2_all_ones_64_fu_17891_p2    |      icmp|   0|  0|    8|           2|           2|
    |Range2_all_ones_65_fu_18165_p2    |      icmp|   0|  0|    8|           2|           2|
    |Range2_all_ones_66_fu_18409_p2    |      icmp|   0|  0|    8|           2|           2|
    |Range2_all_ones_6_fu_2869_p2      |      icmp|   0|  0|    8|           2|           2|
    |Range2_all_ones_7_fu_3143_p2      |      icmp|   0|  0|    8|           2|           2|
    |Range2_all_ones_8_fu_3387_p2      |      icmp|   0|  0|    8|           2|           2|
    |Range2_all_ones_9_fu_3661_p2      |      icmp|   0|  0|    8|           2|           2|
    |Range2_all_ones_fu_2102_p2        |      icmp|   0|  0|    8|           2|           2|
    |icmp_ln1649_fu_22386_p2           |      icmp|   0|  0|   20|          32|          22|
    |icmp_ln485_fu_22264_p2            |      icmp|   0|  0|   11|           7|           8|
    |r_448_fu_2280_p2                  |      icmp|   0|  0|   10|           7|           1|
    |r_449_fu_2559_p2                  |      icmp|   0|  0|   10|           7|           1|
    |r_450_fu_2803_p2                  |      icmp|   0|  0|   10|           7|           1|
    |r_451_fu_3077_p2                  |      icmp|   0|  0|   10|           7|           1|
    |r_452_fu_3321_p2                  |      icmp|   0|  0|   10|           7|           1|
    |r_453_fu_3595_p2                  |      icmp|   0|  0|   10|           7|           1|
    |r_454_fu_3839_p2                  |      icmp|   0|  0|   10|           7|           1|
    |r_455_fu_4113_p2                  |      icmp|   0|  0|   10|           7|           1|
    |r_456_fu_4357_p2                  |      icmp|   0|  0|   10|           7|           1|
    |r_457_fu_4631_p2                  |      icmp|   0|  0|   10|           7|           1|
    |r_458_fu_4875_p2                  |      icmp|   0|  0|   10|           7|           1|
    |r_459_fu_5149_p2                  |      icmp|   0|  0|   10|           7|           1|
    |r_460_fu_5393_p2                  |      icmp|   0|  0|   10|           7|           1|
    |r_461_fu_5667_p2                  |      icmp|   0|  0|   10|           7|           1|
    |r_462_fu_5911_p2                  |      icmp|   0|  0|   10|           7|           1|
    |r_463_fu_6185_p2                  |      icmp|   0|  0|   10|           7|           1|
    |r_464_fu_6429_p2                  |      icmp|   0|  0|   10|           7|           1|
    |r_465_fu_6703_p2                  |      icmp|   0|  0|   10|           7|           1|
    |r_466_fu_6947_p2                  |      icmp|   0|  0|   10|           7|           1|
    |r_467_fu_7221_p2                  |      icmp|   0|  0|   10|           7|           1|
    |r_468_fu_7465_p2                  |      icmp|   0|  0|   10|           7|           1|
    |r_469_fu_7739_p2                  |      icmp|   0|  0|   10|           7|           1|
    |r_470_fu_7983_p2                  |      icmp|   0|  0|   10|           7|           1|
    |r_471_fu_8257_p2                  |      icmp|   0|  0|   10|           7|           1|
    |r_472_fu_8501_p2                  |      icmp|   0|  0|   10|           7|           1|
    |r_473_fu_8775_p2                  |      icmp|   0|  0|   10|           7|           1|
    |r_474_fu_9019_p2                  |      icmp|   0|  0|   10|           7|           1|
    |r_475_fu_9293_p2                  |      icmp|   0|  0|   10|           7|           1|
    |r_476_fu_9537_p2                  |      icmp|   0|  0|   10|           7|           1|
    |r_477_fu_9811_p2                  |      icmp|   0|  0|   10|           7|           1|
    |r_478_fu_10055_p2                 |      icmp|   0|  0|   10|           7|           1|
    |r_479_fu_10329_p2                 |      icmp|   0|  0|   10|           7|           1|
    |r_480_fu_10573_p2                 |      icmp|   0|  0|   10|           7|           1|
    |r_481_fu_10847_p2                 |      icmp|   0|  0|   10|           7|           1|
    |r_482_fu_11091_p2                 |      icmp|   0|  0|   10|           7|           1|
    |r_483_fu_11365_p2                 |      icmp|   0|  0|   10|           7|           1|
    |r_484_fu_11609_p2                 |      icmp|   0|  0|   10|           7|           1|
    |r_485_fu_11883_p2                 |      icmp|   0|  0|   10|           7|           1|
    |r_486_fu_12127_p2                 |      icmp|   0|  0|   10|           7|           1|
    |r_487_fu_12401_p2                 |      icmp|   0|  0|   10|           7|           1|
    |r_488_fu_12645_p2                 |      icmp|   0|  0|   10|           7|           1|
    |r_489_fu_12919_p2                 |      icmp|   0|  0|   10|           7|           1|
    |r_490_fu_13163_p2                 |      icmp|   0|  0|   10|           7|           1|
    |r_491_fu_13437_p2                 |      icmp|   0|  0|   10|           7|           1|
    |r_492_fu_13681_p2                 |      icmp|   0|  0|   10|           7|           1|
    |r_493_fu_13955_p2                 |      icmp|   0|  0|   10|           7|           1|
    |r_494_fu_14199_p2                 |      icmp|   0|  0|   10|           7|           1|
    |r_495_fu_14473_p2                 |      icmp|   0|  0|   10|           7|           1|
    |r_496_fu_14717_p2                 |      icmp|   0|  0|   10|           7|           1|
    |r_497_fu_14991_p2                 |      icmp|   0|  0|   10|           7|           1|
    |r_498_fu_15235_p2                 |      icmp|   0|  0|   10|           7|           1|
    |r_499_fu_15509_p2                 |      icmp|   0|  0|   10|           7|           1|
    |r_500_fu_15753_p2                 |      icmp|   0|  0|   10|           7|           1|
    |r_501_fu_16027_p2                 |      icmp|   0|  0|   10|           7|           1|
    |r_502_fu_16271_p2                 |      icmp|   0|  0|   10|           7|           1|
    |r_503_fu_16545_p2                 |      icmp|   0|  0|   10|           7|           1|
    |r_504_fu_16789_p2                 |      icmp|   0|  0|   10|           7|           1|
    |r_505_fu_17063_p2                 |      icmp|   0|  0|   10|           7|           1|
    |r_506_fu_17307_p2                 |      icmp|   0|  0|   10|           7|           1|
    |r_507_fu_17581_p2                 |      icmp|   0|  0|   10|           7|           1|
    |r_508_fu_17825_p2                 |      icmp|   0|  0|   10|           7|           1|
    |r_509_fu_18099_p2                 |      icmp|   0|  0|   10|           7|           1|
    |r_510_fu_18343_p2                 |      icmp|   0|  0|   10|           7|           1|
    |r_511_fu_22484_p2                 |      icmp|   0|  0|   12|          13|           1|
    |r_fu_2036_p2                      |      icmp|   0|  0|   10|           7|           1|
    |ap_block_state35_on_subcall_done  |        or|   0|  0|    2|           1|           1|
    |or_ln346_131_fu_2472_p2           |        or|   0|  0|    2|           1|           1|
    |or_ln346_132_fu_2751_p2           |        or|   0|  0|    2|           1|           1|
    |or_ln346_133_fu_2995_p2           |        or|   0|  0|    2|           1|           1|
    |or_ln346_134_fu_3269_p2           |        or|   0|  0|    2|           1|           1|
    |or_ln346_135_fu_3513_p2           |        or|   0|  0|    2|           1|           1|
    |or_ln346_136_fu_3787_p2           |        or|   0|  0|    2|           1|           1|
    |or_ln346_137_fu_4031_p2           |        or|   0|  0|    2|           1|           1|
    |or_ln346_138_fu_4305_p2           |        or|   0|  0|    2|           1|           1|
    |or_ln346_139_fu_4549_p2           |        or|   0|  0|    2|           1|           1|
    |or_ln346_140_fu_4823_p2           |        or|   0|  0|    2|           1|           1|
    |or_ln346_141_fu_5067_p2           |        or|   0|  0|    2|           1|           1|
    |or_ln346_142_fu_5341_p2           |        or|   0|  0|    2|           1|           1|
    |or_ln346_143_fu_5585_p2           |        or|   0|  0|    2|           1|           1|
    |or_ln346_144_fu_5859_p2           |        or|   0|  0|    2|           1|           1|
    |or_ln346_145_fu_6103_p2           |        or|   0|  0|    2|           1|           1|
    |or_ln346_146_fu_6377_p2           |        or|   0|  0|    2|           1|           1|
    |or_ln346_147_fu_6621_p2           |        or|   0|  0|    2|           1|           1|
    |or_ln346_148_fu_6895_p2           |        or|   0|  0|    2|           1|           1|
    |or_ln346_149_fu_7139_p2           |        or|   0|  0|    2|           1|           1|
    |or_ln346_150_fu_7413_p2           |        or|   0|  0|    2|           1|           1|
    |or_ln346_151_fu_7657_p2           |        or|   0|  0|    2|           1|           1|
    |or_ln346_152_fu_7931_p2           |        or|   0|  0|    2|           1|           1|
    |or_ln346_153_fu_8175_p2           |        or|   0|  0|    2|           1|           1|
    |or_ln346_154_fu_8449_p2           |        or|   0|  0|    2|           1|           1|
    |or_ln346_155_fu_8693_p2           |        or|   0|  0|    2|           1|           1|
    |or_ln346_156_fu_8967_p2           |        or|   0|  0|    2|           1|           1|
    |or_ln346_157_fu_9211_p2           |        or|   0|  0|    2|           1|           1|
    |or_ln346_158_fu_9485_p2           |        or|   0|  0|    2|           1|           1|
    |or_ln346_159_fu_9729_p2           |        or|   0|  0|    2|           1|           1|
    |or_ln346_160_fu_10003_p2          |        or|   0|  0|    2|           1|           1|
    |or_ln346_161_fu_10247_p2          |        or|   0|  0|    2|           1|           1|
    |or_ln346_162_fu_10521_p2          |        or|   0|  0|    2|           1|           1|
    |or_ln346_163_fu_10765_p2          |        or|   0|  0|    2|           1|           1|
    |or_ln346_164_fu_11039_p2          |        or|   0|  0|    2|           1|           1|
    |or_ln346_165_fu_11283_p2          |        or|   0|  0|    2|           1|           1|
    |or_ln346_166_fu_11557_p2          |        or|   0|  0|    2|           1|           1|
    |or_ln346_167_fu_11801_p2          |        or|   0|  0|    2|           1|           1|
    |or_ln346_168_fu_12075_p2          |        or|   0|  0|    2|           1|           1|
    |or_ln346_169_fu_12319_p2          |        or|   0|  0|    2|           1|           1|
    |or_ln346_170_fu_12593_p2          |        or|   0|  0|    2|           1|           1|
    |or_ln346_171_fu_12837_p2          |        or|   0|  0|    2|           1|           1|
    |or_ln346_172_fu_13111_p2          |        or|   0|  0|    2|           1|           1|
    |or_ln346_173_fu_13355_p2          |        or|   0|  0|    2|           1|           1|
    |or_ln346_174_fu_13629_p2          |        or|   0|  0|    2|           1|           1|
    |or_ln346_175_fu_13873_p2          |        or|   0|  0|    2|           1|           1|
    |or_ln346_176_fu_14147_p2          |        or|   0|  0|    2|           1|           1|
    |or_ln346_177_fu_14391_p2          |        or|   0|  0|    2|           1|           1|
    |or_ln346_178_fu_14665_p2          |        or|   0|  0|    2|           1|           1|
    |or_ln346_179_fu_14909_p2          |        or|   0|  0|    2|           1|           1|
    |or_ln346_180_fu_15183_p2          |        or|   0|  0|    2|           1|           1|
    |or_ln346_181_fu_15427_p2          |        or|   0|  0|    2|           1|           1|
    |or_ln346_182_fu_15701_p2          |        or|   0|  0|    2|           1|           1|
    |or_ln346_183_fu_15945_p2          |        or|   0|  0|    2|           1|           1|
    |or_ln346_184_fu_16219_p2          |        or|   0|  0|    2|           1|           1|
    |or_ln346_185_fu_16463_p2          |        or|   0|  0|    2|           1|           1|
    |or_ln346_186_fu_16737_p2          |        or|   0|  0|    2|           1|           1|
    |or_ln346_187_fu_16981_p2          |        or|   0|  0|    2|           1|           1|
    |or_ln346_188_fu_17255_p2          |        or|   0|  0|    2|           1|           1|
    |or_ln346_189_fu_17499_p2          |        or|   0|  0|    2|           1|           1|
    |or_ln346_190_fu_17773_p2          |        or|   0|  0|    2|           1|           1|
    |or_ln346_191_fu_18017_p2          |        or|   0|  0|    2|           1|           1|
    |or_ln346_192_fu_18291_p2          |        or|   0|  0|    2|           1|           1|
    |or_ln346_193_fu_18535_p2          |        or|   0|  0|    2|           1|           1|
    |or_ln346_194_fu_22649_p2          |        or|   0|  0|    2|           1|           1|
    |or_ln346_fu_2228_p2               |        or|   0|  0|    2|           1|           1|
    |or_ln374_448_fu_2294_p2           |        or|   0|  0|    2|           1|           1|
    |or_ln374_449_fu_2573_p2           |        or|   0|  0|    2|           1|           1|
    |or_ln374_450_fu_2817_p2           |        or|   0|  0|    2|           1|           1|
    |or_ln374_451_fu_3091_p2           |        or|   0|  0|    2|           1|           1|
    |or_ln374_452_fu_3335_p2           |        or|   0|  0|    2|           1|           1|
    |or_ln374_453_fu_3609_p2           |        or|   0|  0|    2|           1|           1|
    |or_ln374_454_fu_3853_p2           |        or|   0|  0|    2|           1|           1|
    |or_ln374_455_fu_4127_p2           |        or|   0|  0|    2|           1|           1|
    |or_ln374_456_fu_4371_p2           |        or|   0|  0|    2|           1|           1|
    |or_ln374_457_fu_4645_p2           |        or|   0|  0|    2|           1|           1|
    |or_ln374_458_fu_4889_p2           |        or|   0|  0|    2|           1|           1|
    |or_ln374_459_fu_5163_p2           |        or|   0|  0|    2|           1|           1|
    |or_ln374_460_fu_5407_p2           |        or|   0|  0|    2|           1|           1|
    |or_ln374_461_fu_5681_p2           |        or|   0|  0|    2|           1|           1|
    |or_ln374_462_fu_5925_p2           |        or|   0|  0|    2|           1|           1|
    |or_ln374_463_fu_6199_p2           |        or|   0|  0|    2|           1|           1|
    |or_ln374_464_fu_6443_p2           |        or|   0|  0|    2|           1|           1|
    |or_ln374_465_fu_6717_p2           |        or|   0|  0|    2|           1|           1|
    |or_ln374_466_fu_6961_p2           |        or|   0|  0|    2|           1|           1|
    |or_ln374_467_fu_7235_p2           |        or|   0|  0|    2|           1|           1|
    |or_ln374_468_fu_7479_p2           |        or|   0|  0|    2|           1|           1|
    |or_ln374_469_fu_7753_p2           |        or|   0|  0|    2|           1|           1|
    |or_ln374_470_fu_7997_p2           |        or|   0|  0|    2|           1|           1|
    |or_ln374_471_fu_8271_p2           |        or|   0|  0|    2|           1|           1|
    |or_ln374_472_fu_8515_p2           |        or|   0|  0|    2|           1|           1|
    |or_ln374_473_fu_8789_p2           |        or|   0|  0|    2|           1|           1|
    |or_ln374_474_fu_9033_p2           |        or|   0|  0|    2|           1|           1|
    |or_ln374_475_fu_9307_p2           |        or|   0|  0|    2|           1|           1|
    |or_ln374_476_fu_9551_p2           |        or|   0|  0|    2|           1|           1|
    |or_ln374_477_fu_9825_p2           |        or|   0|  0|    2|           1|           1|
    |or_ln374_478_fu_10069_p2          |        or|   0|  0|    2|           1|           1|
    |or_ln374_479_fu_10343_p2          |        or|   0|  0|    2|           1|           1|
    |or_ln374_480_fu_10587_p2          |        or|   0|  0|    2|           1|           1|
    |or_ln374_481_fu_10861_p2          |        or|   0|  0|    2|           1|           1|
    |or_ln374_482_fu_11105_p2          |        or|   0|  0|    2|           1|           1|
    |or_ln374_483_fu_11379_p2          |        or|   0|  0|    2|           1|           1|
    |or_ln374_484_fu_11623_p2          |        or|   0|  0|    2|           1|           1|
    |or_ln374_485_fu_11897_p2          |        or|   0|  0|    2|           1|           1|
    |or_ln374_486_fu_12141_p2          |        or|   0|  0|    2|           1|           1|
    |or_ln374_487_fu_12415_p2          |        or|   0|  0|    2|           1|           1|
    |or_ln374_488_fu_12659_p2          |        or|   0|  0|    2|           1|           1|
    |or_ln374_489_fu_12933_p2          |        or|   0|  0|    2|           1|           1|
    |or_ln374_490_fu_13177_p2          |        or|   0|  0|    2|           1|           1|
    |or_ln374_491_fu_13451_p2          |        or|   0|  0|    2|           1|           1|
    |or_ln374_492_fu_13695_p2          |        or|   0|  0|    2|           1|           1|
    |or_ln374_493_fu_13969_p2          |        or|   0|  0|    2|           1|           1|
    |or_ln374_494_fu_14213_p2          |        or|   0|  0|    2|           1|           1|
    |or_ln374_495_fu_14487_p2          |        or|   0|  0|    2|           1|           1|
    |or_ln374_496_fu_14731_p2          |        or|   0|  0|    2|           1|           1|
    |or_ln374_497_fu_15005_p2          |        or|   0|  0|    2|           1|           1|
    |or_ln374_498_fu_15249_p2          |        or|   0|  0|    2|           1|           1|
    |or_ln374_499_fu_15523_p2          |        or|   0|  0|    2|           1|           1|
    |or_ln374_500_fu_15767_p2          |        or|   0|  0|    2|           1|           1|
    |or_ln374_501_fu_16041_p2          |        or|   0|  0|    2|           1|           1|
    |or_ln374_502_fu_16285_p2          |        or|   0|  0|    2|           1|           1|
    |or_ln374_503_fu_16559_p2          |        or|   0|  0|    2|           1|           1|
    |or_ln374_504_fu_16803_p2          |        or|   0|  0|    2|           1|           1|
    |or_ln374_505_fu_17077_p2          |        or|   0|  0|    2|           1|           1|
    |or_ln374_506_fu_17321_p2          |        or|   0|  0|    2|           1|           1|
    |or_ln374_507_fu_17595_p2          |        or|   0|  0|    2|           1|           1|
    |or_ln374_508_fu_17839_p2          |        or|   0|  0|    2|           1|           1|
    |or_ln374_509_fu_18113_p2          |        or|   0|  0|    2|           1|           1|
    |or_ln374_510_fu_18357_p2          |        or|   0|  0|    2|           1|           1|
    |or_ln374_511_fu_22495_p2          |        or|   0|  0|    2|           1|           1|
    |or_ln374_fu_2050_p2               |        or|   0|  0|    2|           1|           1|
    |or_ln487_fu_22408_p2              |        or|   0|  0|    2|           1|           1|
    |or_ln888_fu_22539_p2              |        or|   0|  0|    2|           1|           1|
    |or_ln890_1_fu_22563_p2            |        or|   0|  0|    2|           1|           1|
    |or_ln890_fu_22558_p2              |        or|   0|  0|    2|           1|           1|
    |or_ln895_131_fu_2422_p2           |        or|   0|  0|    2|           1|           1|
    |or_ln895_132_fu_2701_p2           |        or|   0|  0|    2|           1|           1|
    |or_ln895_133_fu_2945_p2           |        or|   0|  0|    2|           1|           1|
    |or_ln895_134_fu_3219_p2           |        or|   0|  0|    2|           1|           1|
    |or_ln895_135_fu_3463_p2           |        or|   0|  0|    2|           1|           1|
    |or_ln895_136_fu_3737_p2           |        or|   0|  0|    2|           1|           1|
    |or_ln895_137_fu_3981_p2           |        or|   0|  0|    2|           1|           1|
    |or_ln895_138_fu_4255_p2           |        or|   0|  0|    2|           1|           1|
    |or_ln895_139_fu_4499_p2           |        or|   0|  0|    2|           1|           1|
    |or_ln895_140_fu_4773_p2           |        or|   0|  0|    2|           1|           1|
    |or_ln895_141_fu_5017_p2           |        or|   0|  0|    2|           1|           1|
    |or_ln895_142_fu_5291_p2           |        or|   0|  0|    2|           1|           1|
    |or_ln895_143_fu_5535_p2           |        or|   0|  0|    2|           1|           1|
    |or_ln895_144_fu_5809_p2           |        or|   0|  0|    2|           1|           1|
    |or_ln895_145_fu_6053_p2           |        or|   0|  0|    2|           1|           1|
    |or_ln895_146_fu_6327_p2           |        or|   0|  0|    2|           1|           1|
    |or_ln895_147_fu_6571_p2           |        or|   0|  0|    2|           1|           1|
    |or_ln895_148_fu_6845_p2           |        or|   0|  0|    2|           1|           1|
    |or_ln895_149_fu_7089_p2           |        or|   0|  0|    2|           1|           1|
    |or_ln895_150_fu_7363_p2           |        or|   0|  0|    2|           1|           1|
    |or_ln895_151_fu_7607_p2           |        or|   0|  0|    2|           1|           1|
    |or_ln895_152_fu_7881_p2           |        or|   0|  0|    2|           1|           1|
    |or_ln895_153_fu_8125_p2           |        or|   0|  0|    2|           1|           1|
    |or_ln895_154_fu_8399_p2           |        or|   0|  0|    2|           1|           1|
    |or_ln895_155_fu_8643_p2           |        or|   0|  0|    2|           1|           1|
    |or_ln895_156_fu_8917_p2           |        or|   0|  0|    2|           1|           1|
    |or_ln895_157_fu_9161_p2           |        or|   0|  0|    2|           1|           1|
    |or_ln895_158_fu_9435_p2           |        or|   0|  0|    2|           1|           1|
    |or_ln895_159_fu_9679_p2           |        or|   0|  0|    2|           1|           1|
    |or_ln895_160_fu_9953_p2           |        or|   0|  0|    2|           1|           1|
    |or_ln895_161_fu_10197_p2          |        or|   0|  0|    2|           1|           1|
    |or_ln895_162_fu_10471_p2          |        or|   0|  0|    2|           1|           1|
    |or_ln895_163_fu_10715_p2          |        or|   0|  0|    2|           1|           1|
    |or_ln895_164_fu_10989_p2          |        or|   0|  0|    2|           1|           1|
    |or_ln895_165_fu_11233_p2          |        or|   0|  0|    2|           1|           1|
    |or_ln895_166_fu_11507_p2          |        or|   0|  0|    2|           1|           1|
    |or_ln895_167_fu_11751_p2          |        or|   0|  0|    2|           1|           1|
    |or_ln895_168_fu_12025_p2          |        or|   0|  0|    2|           1|           1|
    |or_ln895_169_fu_12269_p2          |        or|   0|  0|    2|           1|           1|
    |or_ln895_170_fu_12543_p2          |        or|   0|  0|    2|           1|           1|
    |or_ln895_171_fu_12787_p2          |        or|   0|  0|    2|           1|           1|
    |or_ln895_172_fu_13061_p2          |        or|   0|  0|    2|           1|           1|
    |or_ln895_173_fu_13305_p2          |        or|   0|  0|    2|           1|           1|
    |or_ln895_174_fu_13579_p2          |        or|   0|  0|    2|           1|           1|
    |or_ln895_175_fu_13823_p2          |        or|   0|  0|    2|           1|           1|
    |or_ln895_176_fu_14097_p2          |        or|   0|  0|    2|           1|           1|
    |or_ln895_177_fu_14341_p2          |        or|   0|  0|    2|           1|           1|
    |or_ln895_178_fu_14615_p2          |        or|   0|  0|    2|           1|           1|
    |or_ln895_179_fu_14859_p2          |        or|   0|  0|    2|           1|           1|
    |or_ln895_180_fu_15133_p2          |        or|   0|  0|    2|           1|           1|
    |or_ln895_181_fu_15377_p2          |        or|   0|  0|    2|           1|           1|
    |or_ln895_182_fu_15651_p2          |        or|   0|  0|    2|           1|           1|
    |or_ln895_183_fu_15895_p2          |        or|   0|  0|    2|           1|           1|
    |or_ln895_184_fu_16169_p2          |        or|   0|  0|    2|           1|           1|
    |or_ln895_185_fu_16413_p2          |        or|   0|  0|    2|           1|           1|
    |or_ln895_186_fu_16687_p2          |        or|   0|  0|    2|           1|           1|
    |or_ln895_187_fu_16931_p2          |        or|   0|  0|    2|           1|           1|
    |or_ln895_188_fu_17205_p2          |        or|   0|  0|    2|           1|           1|
    |or_ln895_189_fu_17449_p2          |        or|   0|  0|    2|           1|           1|
    |or_ln895_190_fu_17723_p2          |        or|   0|  0|    2|           1|           1|
    |or_ln895_191_fu_17967_p2          |        or|   0|  0|    2|           1|           1|
    |or_ln895_192_fu_18241_p2          |        or|   0|  0|    2|           1|           1|
    |or_ln895_193_fu_18485_p2          |        or|   0|  0|    2|           1|           1|
    |or_ln895_194_fu_22599_p2          |        or|   0|  0|    2|           1|           1|
    |or_ln895_fu_2178_p2               |        or|   0|  0|    2|           1|           1|
    |or_ln896_131_fu_2446_p2           |        or|   0|  0|    2|           1|           1|
    |or_ln896_132_fu_2725_p2           |        or|   0|  0|    2|           1|           1|
    |or_ln896_133_fu_2969_p2           |        or|   0|  0|    2|           1|           1|
    |or_ln896_134_fu_3243_p2           |        or|   0|  0|    2|           1|           1|
    |or_ln896_135_fu_3487_p2           |        or|   0|  0|    2|           1|           1|
    |or_ln896_136_fu_3761_p2           |        or|   0|  0|    2|           1|           1|
    |or_ln896_137_fu_4005_p2           |        or|   0|  0|    2|           1|           1|
    |or_ln896_138_fu_4279_p2           |        or|   0|  0|    2|           1|           1|
    |or_ln896_139_fu_4523_p2           |        or|   0|  0|    2|           1|           1|
    |or_ln896_140_fu_4797_p2           |        or|   0|  0|    2|           1|           1|
    |or_ln896_141_fu_5041_p2           |        or|   0|  0|    2|           1|           1|
    |or_ln896_142_fu_5315_p2           |        or|   0|  0|    2|           1|           1|
    |or_ln896_143_fu_5559_p2           |        or|   0|  0|    2|           1|           1|
    |or_ln896_144_fu_5833_p2           |        or|   0|  0|    2|           1|           1|
    |or_ln896_145_fu_6077_p2           |        or|   0|  0|    2|           1|           1|
    |or_ln896_146_fu_6351_p2           |        or|   0|  0|    2|           1|           1|
    |or_ln896_147_fu_6595_p2           |        or|   0|  0|    2|           1|           1|
    |or_ln896_148_fu_6869_p2           |        or|   0|  0|    2|           1|           1|
    |or_ln896_149_fu_7113_p2           |        or|   0|  0|    2|           1|           1|
    |or_ln896_150_fu_7387_p2           |        or|   0|  0|    2|           1|           1|
    |or_ln896_151_fu_7631_p2           |        or|   0|  0|    2|           1|           1|
    |or_ln896_152_fu_7905_p2           |        or|   0|  0|    2|           1|           1|
    |or_ln896_153_fu_8149_p2           |        or|   0|  0|    2|           1|           1|
    |or_ln896_154_fu_8423_p2           |        or|   0|  0|    2|           1|           1|
    |or_ln896_155_fu_8667_p2           |        or|   0|  0|    2|           1|           1|
    |or_ln896_156_fu_8941_p2           |        or|   0|  0|    2|           1|           1|
    |or_ln896_157_fu_9185_p2           |        or|   0|  0|    2|           1|           1|
    |or_ln896_158_fu_9459_p2           |        or|   0|  0|    2|           1|           1|
    |or_ln896_159_fu_9703_p2           |        or|   0|  0|    2|           1|           1|
    |or_ln896_160_fu_9977_p2           |        or|   0|  0|    2|           1|           1|
    |or_ln896_161_fu_10221_p2          |        or|   0|  0|    2|           1|           1|
    |or_ln896_162_fu_10495_p2          |        or|   0|  0|    2|           1|           1|
    |or_ln896_163_fu_10739_p2          |        or|   0|  0|    2|           1|           1|
    |or_ln896_164_fu_11013_p2          |        or|   0|  0|    2|           1|           1|
    |or_ln896_165_fu_11257_p2          |        or|   0|  0|    2|           1|           1|
    |or_ln896_166_fu_11531_p2          |        or|   0|  0|    2|           1|           1|
    |or_ln896_167_fu_11775_p2          |        or|   0|  0|    2|           1|           1|
    |or_ln896_168_fu_12049_p2          |        or|   0|  0|    2|           1|           1|
    |or_ln896_169_fu_12293_p2          |        or|   0|  0|    2|           1|           1|
    |or_ln896_170_fu_12567_p2          |        or|   0|  0|    2|           1|           1|
    |or_ln896_171_fu_12811_p2          |        or|   0|  0|    2|           1|           1|
    |or_ln896_172_fu_13085_p2          |        or|   0|  0|    2|           1|           1|
    |or_ln896_173_fu_13329_p2          |        or|   0|  0|    2|           1|           1|
    |or_ln896_174_fu_13603_p2          |        or|   0|  0|    2|           1|           1|
    |or_ln896_175_fu_13847_p2          |        or|   0|  0|    2|           1|           1|
    |or_ln896_176_fu_14121_p2          |        or|   0|  0|    2|           1|           1|
    |or_ln896_177_fu_14365_p2          |        or|   0|  0|    2|           1|           1|
    |or_ln896_178_fu_14639_p2          |        or|   0|  0|    2|           1|           1|
    |or_ln896_179_fu_14883_p2          |        or|   0|  0|    2|           1|           1|
    |or_ln896_180_fu_15157_p2          |        or|   0|  0|    2|           1|           1|
    |or_ln896_181_fu_15401_p2          |        or|   0|  0|    2|           1|           1|
    |or_ln896_182_fu_15675_p2          |        or|   0|  0|    2|           1|           1|
    |or_ln896_183_fu_15919_p2          |        or|   0|  0|    2|           1|           1|
    |or_ln896_184_fu_16193_p2          |        or|   0|  0|    2|           1|           1|
    |or_ln896_185_fu_16437_p2          |        or|   0|  0|    2|           1|           1|
    |or_ln896_186_fu_16711_p2          |        or|   0|  0|    2|           1|           1|
    |or_ln896_187_fu_16955_p2          |        or|   0|  0|    2|           1|           1|
    |or_ln896_188_fu_17229_p2          |        or|   0|  0|    2|           1|           1|
    |or_ln896_189_fu_17473_p2          |        or|   0|  0|    2|           1|           1|
    |or_ln896_190_fu_17747_p2          |        or|   0|  0|    2|           1|           1|
    |or_ln896_191_fu_17991_p2          |        or|   0|  0|    2|           1|           1|
    |or_ln896_192_fu_18265_p2          |        or|   0|  0|    2|           1|           1|
    |or_ln896_193_fu_18509_p2          |        or|   0|  0|    2|           1|           1|
    |or_ln896_194_fu_22623_p2          |        or|   0|  0|    2|           1|           1|
    |or_ln896_fu_2202_p2               |        or|   0|  0|    2|           1|           1|
    |deleted_ones_131_fu_2402_p3       |    select|   0|  0|    2|           1|           1|
    |deleted_ones_132_fu_2681_p3       |    select|   0|  0|    2|           1|           1|
    |deleted_ones_133_fu_2925_p3       |    select|   0|  0|    2|           1|           1|
    |deleted_ones_134_fu_3199_p3       |    select|   0|  0|    2|           1|           1|
    |deleted_ones_135_fu_3443_p3       |    select|   0|  0|    2|           1|           1|
    |deleted_ones_136_fu_3717_p3       |    select|   0|  0|    2|           1|           1|
    |deleted_ones_137_fu_3961_p3       |    select|   0|  0|    2|           1|           1|
    |deleted_ones_138_fu_4235_p3       |    select|   0|  0|    2|           1|           1|
    |deleted_ones_139_fu_4479_p3       |    select|   0|  0|    2|           1|           1|
    |deleted_ones_140_fu_4753_p3       |    select|   0|  0|    2|           1|           1|
    |deleted_ones_141_fu_4997_p3       |    select|   0|  0|    2|           1|           1|
    |deleted_ones_142_fu_5271_p3       |    select|   0|  0|    2|           1|           1|
    |deleted_ones_143_fu_5515_p3       |    select|   0|  0|    2|           1|           1|
    |deleted_ones_144_fu_5789_p3       |    select|   0|  0|    2|           1|           1|
    |deleted_ones_145_fu_6033_p3       |    select|   0|  0|    2|           1|           1|
    |deleted_ones_146_fu_6307_p3       |    select|   0|  0|    2|           1|           1|
    |deleted_ones_147_fu_6551_p3       |    select|   0|  0|    2|           1|           1|
    |deleted_ones_148_fu_6825_p3       |    select|   0|  0|    2|           1|           1|
    |deleted_ones_149_fu_7069_p3       |    select|   0|  0|    2|           1|           1|
    |deleted_ones_150_fu_7343_p3       |    select|   0|  0|    2|           1|           1|
    |deleted_ones_151_fu_7587_p3       |    select|   0|  0|    2|           1|           1|
    |deleted_ones_152_fu_7861_p3       |    select|   0|  0|    2|           1|           1|
    |deleted_ones_153_fu_8105_p3       |    select|   0|  0|    2|           1|           1|
    |deleted_ones_154_fu_8379_p3       |    select|   0|  0|    2|           1|           1|
    |deleted_ones_155_fu_8623_p3       |    select|   0|  0|    2|           1|           1|
    |deleted_ones_156_fu_8897_p3       |    select|   0|  0|    2|           1|           1|
    |deleted_ones_157_fu_9141_p3       |    select|   0|  0|    2|           1|           1|
    |deleted_ones_158_fu_9415_p3       |    select|   0|  0|    2|           1|           1|
    |deleted_ones_159_fu_9659_p3       |    select|   0|  0|    2|           1|           1|
    |deleted_ones_160_fu_9933_p3       |    select|   0|  0|    2|           1|           1|
    |deleted_ones_161_fu_10177_p3      |    select|   0|  0|    2|           1|           1|
    |deleted_ones_162_fu_10451_p3      |    select|   0|  0|    2|           1|           1|
    |deleted_ones_163_fu_10695_p3      |    select|   0|  0|    2|           1|           1|
    |deleted_ones_164_fu_10969_p3      |    select|   0|  0|    2|           1|           1|
    |deleted_ones_165_fu_11213_p3      |    select|   0|  0|    2|           1|           1|
    |deleted_ones_166_fu_11487_p3      |    select|   0|  0|    2|           1|           1|
    |deleted_ones_167_fu_11731_p3      |    select|   0|  0|    2|           1|           1|
    |deleted_ones_168_fu_12005_p3      |    select|   0|  0|    2|           1|           1|
    |deleted_ones_169_fu_12249_p3      |    select|   0|  0|    2|           1|           1|
    |deleted_ones_170_fu_12523_p3      |    select|   0|  0|    2|           1|           1|
    |deleted_ones_171_fu_12767_p3      |    select|   0|  0|    2|           1|           1|
    |deleted_ones_172_fu_13041_p3      |    select|   0|  0|    2|           1|           1|
    |deleted_ones_173_fu_13285_p3      |    select|   0|  0|    2|           1|           1|
    |deleted_ones_174_fu_13559_p3      |    select|   0|  0|    2|           1|           1|
    |deleted_ones_175_fu_13803_p3      |    select|   0|  0|    2|           1|           1|
    |deleted_ones_176_fu_14077_p3      |    select|   0|  0|    2|           1|           1|
    |deleted_ones_177_fu_14321_p3      |    select|   0|  0|    2|           1|           1|
    |deleted_ones_178_fu_14595_p3      |    select|   0|  0|    2|           1|           1|
    |deleted_ones_179_fu_14839_p3      |    select|   0|  0|    2|           1|           1|
    |deleted_ones_180_fu_15113_p3      |    select|   0|  0|    2|           1|           1|
    |deleted_ones_181_fu_15357_p3      |    select|   0|  0|    2|           1|           1|
    |deleted_ones_182_fu_15631_p3      |    select|   0|  0|    2|           1|           1|
    |deleted_ones_183_fu_15875_p3      |    select|   0|  0|    2|           1|           1|
    |deleted_ones_184_fu_16149_p3      |    select|   0|  0|    2|           1|           1|
    |deleted_ones_185_fu_16393_p3      |    select|   0|  0|    2|           1|           1|
    |deleted_ones_186_fu_16667_p3      |    select|   0|  0|    2|           1|           1|
    |deleted_ones_187_fu_16911_p3      |    select|   0|  0|    2|           1|           1|
    |deleted_ones_188_fu_17185_p3      |    select|   0|  0|    2|           1|           1|
    |deleted_ones_189_fu_17429_p3      |    select|   0|  0|    2|           1|           1|
    |deleted_ones_190_fu_17703_p3      |    select|   0|  0|    2|           1|           1|
    |deleted_ones_191_fu_17947_p3      |    select|   0|  0|    2|           1|           1|
    |deleted_ones_192_fu_18221_p3      |    select|   0|  0|    2|           1|           1|
    |deleted_ones_193_fu_18465_p3      |    select|   0|  0|    2|           1|           1|
    |deleted_ones_fu_2158_p3           |    select|   0|  0|    2|           1|           1|
    |deleted_zeros_385_fu_2374_p3      |    select|   0|  0|    2|           1|           1|
    |deleted_zeros_386_fu_2653_p3      |    select|   0|  0|    2|           1|           1|
    |deleted_zeros_387_fu_2897_p3      |    select|   0|  0|    2|           1|           1|
    |deleted_zeros_388_fu_3171_p3      |    select|   0|  0|    2|           1|           1|
    |deleted_zeros_389_fu_3415_p3      |    select|   0|  0|    2|           1|           1|
    |deleted_zeros_390_fu_3689_p3      |    select|   0|  0|    2|           1|           1|
    |deleted_zeros_391_fu_3933_p3      |    select|   0|  0|    2|           1|           1|
    |deleted_zeros_392_fu_4207_p3      |    select|   0|  0|    2|           1|           1|
    |deleted_zeros_393_fu_4451_p3      |    select|   0|  0|    2|           1|           1|
    |deleted_zeros_394_fu_4725_p3      |    select|   0|  0|    2|           1|           1|
    |deleted_zeros_395_fu_4969_p3      |    select|   0|  0|    2|           1|           1|
    |deleted_zeros_396_fu_5243_p3      |    select|   0|  0|    2|           1|           1|
    |deleted_zeros_397_fu_5487_p3      |    select|   0|  0|    2|           1|           1|
    |deleted_zeros_398_fu_5761_p3      |    select|   0|  0|    2|           1|           1|
    |deleted_zeros_399_fu_6005_p3      |    select|   0|  0|    2|           1|           1|
    |deleted_zeros_400_fu_6279_p3      |    select|   0|  0|    2|           1|           1|
    |deleted_zeros_401_fu_6523_p3      |    select|   0|  0|    2|           1|           1|
    |deleted_zeros_402_fu_6797_p3      |    select|   0|  0|    2|           1|           1|
    |deleted_zeros_403_fu_7041_p3      |    select|   0|  0|    2|           1|           1|
    |deleted_zeros_404_fu_7315_p3      |    select|   0|  0|    2|           1|           1|
    |deleted_zeros_405_fu_7559_p3      |    select|   0|  0|    2|           1|           1|
    |deleted_zeros_406_fu_7833_p3      |    select|   0|  0|    2|           1|           1|
    |deleted_zeros_407_fu_8077_p3      |    select|   0|  0|    2|           1|           1|
    |deleted_zeros_408_fu_8351_p3      |    select|   0|  0|    2|           1|           1|
    |deleted_zeros_409_fu_8595_p3      |    select|   0|  0|    2|           1|           1|
    |deleted_zeros_410_fu_8869_p3      |    select|   0|  0|    2|           1|           1|
    |deleted_zeros_411_fu_9113_p3      |    select|   0|  0|    2|           1|           1|
    |deleted_zeros_412_fu_9387_p3      |    select|   0|  0|    2|           1|           1|
    |deleted_zeros_413_fu_9631_p3      |    select|   0|  0|    2|           1|           1|
    |deleted_zeros_414_fu_9905_p3      |    select|   0|  0|    2|           1|           1|
    |deleted_zeros_415_fu_10149_p3     |    select|   0|  0|    2|           1|           1|
    |deleted_zeros_416_fu_10423_p3     |    select|   0|  0|    2|           1|           1|
    |deleted_zeros_417_fu_10667_p3     |    select|   0|  0|    2|           1|           1|
    |deleted_zeros_418_fu_10941_p3     |    select|   0|  0|    2|           1|           1|
    |deleted_zeros_419_fu_11185_p3     |    select|   0|  0|    2|           1|           1|
    |deleted_zeros_420_fu_11459_p3     |    select|   0|  0|    2|           1|           1|
    |deleted_zeros_421_fu_11703_p3     |    select|   0|  0|    2|           1|           1|
    |deleted_zeros_422_fu_11977_p3     |    select|   0|  0|    2|           1|           1|
    |deleted_zeros_423_fu_12221_p3     |    select|   0|  0|    2|           1|           1|
    |deleted_zeros_424_fu_12495_p3     |    select|   0|  0|    2|           1|           1|
    |deleted_zeros_425_fu_12739_p3     |    select|   0|  0|    2|           1|           1|
    |deleted_zeros_426_fu_13013_p3     |    select|   0|  0|    2|           1|           1|
    |deleted_zeros_427_fu_13257_p3     |    select|   0|  0|    2|           1|           1|
    |deleted_zeros_428_fu_13531_p3     |    select|   0|  0|    2|           1|           1|
    |deleted_zeros_429_fu_13775_p3     |    select|   0|  0|    2|           1|           1|
    |deleted_zeros_430_fu_14049_p3     |    select|   0|  0|    2|           1|           1|
    |deleted_zeros_431_fu_14293_p3     |    select|   0|  0|    2|           1|           1|
    |deleted_zeros_432_fu_14567_p3     |    select|   0|  0|    2|           1|           1|
    |deleted_zeros_433_fu_14811_p3     |    select|   0|  0|    2|           1|           1|
    |deleted_zeros_434_fu_15085_p3     |    select|   0|  0|    2|           1|           1|
    |deleted_zeros_435_fu_15329_p3     |    select|   0|  0|    2|           1|           1|
    |deleted_zeros_436_fu_15603_p3     |    select|   0|  0|    2|           1|           1|
    |deleted_zeros_437_fu_15847_p3     |    select|   0|  0|    2|           1|           1|
    |deleted_zeros_438_fu_16121_p3     |    select|   0|  0|    2|           1|           1|
    |deleted_zeros_439_fu_16365_p3     |    select|   0|  0|    2|           1|           1|
    |deleted_zeros_440_fu_16639_p3     |    select|   0|  0|    2|           1|           1|
    |deleted_zeros_441_fu_16883_p3     |    select|   0|  0|    2|           1|           1|
    |deleted_zeros_442_fu_17157_p3     |    select|   0|  0|    2|           1|           1|
    |deleted_zeros_443_fu_17401_p3     |    select|   0|  0|    2|           1|           1|
    |deleted_zeros_444_fu_17675_p3     |    select|   0|  0|    2|           1|           1|
    |deleted_zeros_445_fu_17919_p3     |    select|   0|  0|    2|           1|           1|
    |deleted_zeros_446_fu_18193_p3     |    select|   0|  0|    2|           1|           1|
    |deleted_zeros_447_fu_18437_p3     |    select|   0|  0|    2|           1|           1|
    |deleted_zeros_fu_2130_p3          |    select|   0|  0|    2|           1|           1|
    |p_Val2_1417_fu_1990_p3            |    select|   0|  0|   19|           1|          19|
    |p_Val2_1420_fu_2507_p3            |    select|   0|  0|   19|           1|          19|
    |p_Val2_1423_fu_2514_p3            |    select|   0|  0|   19|           1|          19|
    |p_Val2_1426_fu_3025_p3            |    select|   0|  0|   19|           1|          19|
    |p_Val2_1429_fu_3032_p3            |    select|   0|  0|   19|           1|          19|
    |p_Val2_1432_fu_3543_p3            |    select|   0|  0|   19|           1|          19|
    |p_Val2_1435_fu_3550_p3            |    select|   0|  0|   19|           1|          19|
    |p_Val2_1438_fu_4061_p3            |    select|   0|  0|   19|           1|          19|
    |p_Val2_1441_fu_4068_p3            |    select|   0|  0|   19|           1|          19|
    |p_Val2_1444_fu_4579_p3            |    select|   0|  0|   19|           1|          19|
    |p_Val2_1447_fu_4586_p3            |    select|   0|  0|   19|           1|          19|
    |p_Val2_1450_fu_5097_p3            |    select|   0|  0|   19|           1|          19|
    |p_Val2_1453_fu_5104_p3            |    select|   0|  0|   19|           1|          19|
    |p_Val2_1456_fu_5615_p3            |    select|   0|  0|   19|           1|          19|
    |p_Val2_1459_fu_5622_p3            |    select|   0|  0|   19|           1|          19|
    |p_Val2_1462_fu_6133_p3            |    select|   0|  0|   19|           1|          19|
    |p_Val2_1465_fu_6140_p3            |    select|   0|  0|   19|           1|          19|
    |p_Val2_1468_fu_6651_p3            |    select|   0|  0|   19|           1|          19|
    |p_Val2_1471_fu_6658_p3            |    select|   0|  0|   19|           1|          19|
    |p_Val2_1474_fu_7169_p3            |    select|   0|  0|   19|           1|          19|
    |p_Val2_1477_fu_7176_p3            |    select|   0|  0|   19|           1|          19|
    |p_Val2_1480_fu_7687_p3            |    select|   0|  0|   19|           1|          19|
    |p_Val2_1483_fu_7694_p3            |    select|   0|  0|   19|           1|          19|
    |p_Val2_1486_fu_8205_p3            |    select|   0|  0|   19|           1|          19|
    |p_Val2_1489_fu_8212_p3            |    select|   0|  0|   19|           1|          19|
    |p_Val2_1492_fu_8723_p3            |    select|   0|  0|   19|           1|          19|
    |p_Val2_1495_fu_8730_p3            |    select|   0|  0|   19|           1|          19|
    |p_Val2_1498_fu_9241_p3            |    select|   0|  0|   19|           1|          19|
    |p_Val2_1501_fu_9248_p3            |    select|   0|  0|   19|           1|          19|
    |p_Val2_1504_fu_9759_p3            |    select|   0|  0|   19|           1|          19|
    |p_Val2_1507_fu_9766_p3            |    select|   0|  0|   19|           1|          19|
    |p_Val2_1510_fu_10277_p3           |    select|   0|  0|   19|           1|          19|
    |p_Val2_1513_fu_10284_p3           |    select|   0|  0|   19|           1|          19|
    |p_Val2_1516_fu_10795_p3           |    select|   0|  0|   19|           1|          19|
    |p_Val2_1519_fu_10802_p3           |    select|   0|  0|   19|           1|          19|
    |p_Val2_1522_fu_11313_p3           |    select|   0|  0|   19|           1|          19|
    |p_Val2_1525_fu_11320_p3           |    select|   0|  0|   19|           1|          19|
    |p_Val2_1528_fu_11831_p3           |    select|   0|  0|   19|           1|          19|
    |p_Val2_1531_fu_11838_p3           |    select|   0|  0|   19|           1|          19|
    |p_Val2_1534_fu_12349_p3           |    select|   0|  0|   19|           1|          19|
    |p_Val2_1537_fu_12356_p3           |    select|   0|  0|   19|           1|          19|
    |p_Val2_1540_fu_12867_p3           |    select|   0|  0|   19|           1|          19|
    |p_Val2_1543_fu_12874_p3           |    select|   0|  0|   19|           1|          19|
    |p_Val2_1546_fu_13385_p3           |    select|   0|  0|   19|           1|          19|
    |p_Val2_1549_fu_13392_p3           |    select|   0|  0|   19|           1|          19|
    |p_Val2_1552_fu_13903_p3           |    select|   0|  0|   19|           1|          19|
    |p_Val2_1555_fu_13910_p3           |    select|   0|  0|   19|           1|          19|
    |p_Val2_1558_fu_14421_p3           |    select|   0|  0|   19|           1|          19|
    |p_Val2_1561_fu_14428_p3           |    select|   0|  0|   19|           1|          19|
    |p_Val2_1564_fu_14939_p3           |    select|   0|  0|   19|           1|          19|
    |p_Val2_1567_fu_14946_p3           |    select|   0|  0|   19|           1|          19|
    |p_Val2_1570_fu_15457_p3           |    select|   0|  0|   19|           1|          19|
    |p_Val2_1573_fu_15464_p3           |    select|   0|  0|   19|           1|          19|
    |p_Val2_1576_fu_15975_p3           |    select|   0|  0|   19|           1|          19|
    |p_Val2_1579_fu_15982_p3           |    select|   0|  0|   19|           1|          19|
    |p_Val2_1582_fu_16493_p3           |    select|   0|  0|   19|           1|          19|
    |p_Val2_1585_fu_16500_p3           |    select|   0|  0|   19|           1|          19|
    |p_Val2_1588_fu_17011_p3           |    select|   0|  0|   19|           1|          19|
    |p_Val2_1591_fu_17018_p3           |    select|   0|  0|   19|           1|          19|
    |p_Val2_1594_fu_17529_p3           |    select|   0|  0|   19|           1|          19|
    |p_Val2_1597_fu_17536_p3           |    select|   0|  0|   19|           1|          19|
    |p_Val2_1600_fu_18047_p3           |    select|   0|  0|   19|           1|          19|
    |p_Val2_1603_fu_18054_p3           |    select|   0|  0|   19|           1|          19|
    |p_Val2_s_fu_1982_p3               |    select|   0|  0|   19|           1|          19|
    |r_V_893_fu_18541_p3               |    select|   0|  0|    8|           1|           8|
    |select_ln346_131_fu_2478_p3       |    select|   0|  0|    8|           1|           8|
    |select_ln346_132_fu_2757_p3       |    select|   0|  0|    8|           1|           8|
    |select_ln346_133_fu_3001_p3       |    select|   0|  0|    8|           1|           8|
    |select_ln346_134_fu_3275_p3       |    select|   0|  0|    8|           1|           8|
    |select_ln346_135_fu_3519_p3       |    select|   0|  0|    8|           1|           8|
    |select_ln346_136_fu_3793_p3       |    select|   0|  0|    8|           1|           8|
    |select_ln346_137_fu_4037_p3       |    select|   0|  0|    8|           1|           8|
    |select_ln346_138_fu_4311_p3       |    select|   0|  0|    8|           1|           8|
    |select_ln346_139_fu_4555_p3       |    select|   0|  0|    8|           1|           8|
    |select_ln346_140_fu_4829_p3       |    select|   0|  0|    8|           1|           8|
    |select_ln346_141_fu_5073_p3       |    select|   0|  0|    8|           1|           8|
    |select_ln346_142_fu_5347_p3       |    select|   0|  0|    8|           1|           8|
    |select_ln346_143_fu_5591_p3       |    select|   0|  0|    8|           1|           8|
    |select_ln346_144_fu_5865_p3       |    select|   0|  0|    8|           1|           8|
    |select_ln346_145_fu_6109_p3       |    select|   0|  0|    8|           1|           8|
    |select_ln346_146_fu_6383_p3       |    select|   0|  0|    8|           1|           8|
    |select_ln346_147_fu_6627_p3       |    select|   0|  0|    8|           1|           8|
    |select_ln346_148_fu_6901_p3       |    select|   0|  0|    8|           1|           8|
    |select_ln346_149_fu_7145_p3       |    select|   0|  0|    8|           1|           8|
    |select_ln346_150_fu_7419_p3       |    select|   0|  0|    8|           1|           8|
    |select_ln346_151_fu_7663_p3       |    select|   0|  0|    8|           1|           8|
    |select_ln346_152_fu_7937_p3       |    select|   0|  0|    8|           1|           8|
    |select_ln346_153_fu_8181_p3       |    select|   0|  0|    8|           1|           8|
    |select_ln346_154_fu_8455_p3       |    select|   0|  0|    8|           1|           8|
    |select_ln346_155_fu_8699_p3       |    select|   0|  0|    8|           1|           8|
    |select_ln346_156_fu_8973_p3       |    select|   0|  0|    8|           1|           8|
    |select_ln346_157_fu_9217_p3       |    select|   0|  0|    8|           1|           8|
    |select_ln346_158_fu_9491_p3       |    select|   0|  0|    8|           1|           8|
    |select_ln346_159_fu_9735_p3       |    select|   0|  0|    8|           1|           8|
    |select_ln346_160_fu_10009_p3      |    select|   0|  0|    8|           1|           8|
    |select_ln346_161_fu_10253_p3      |    select|   0|  0|    8|           1|           8|
    |select_ln346_162_fu_10527_p3      |    select|   0|  0|    8|           1|           8|
    |select_ln346_163_fu_10771_p3      |    select|   0|  0|    8|           1|           8|
    |select_ln346_164_fu_11045_p3      |    select|   0|  0|    8|           1|           8|
    |select_ln346_165_fu_11289_p3      |    select|   0|  0|    8|           1|           8|
    |select_ln346_166_fu_11563_p3      |    select|   0|  0|    8|           1|           8|
    |select_ln346_167_fu_11807_p3      |    select|   0|  0|    8|           1|           8|
    |select_ln346_168_fu_12081_p3      |    select|   0|  0|    8|           1|           8|
    |select_ln346_169_fu_12325_p3      |    select|   0|  0|    8|           1|           8|
    |select_ln346_170_fu_12599_p3      |    select|   0|  0|    8|           1|           8|
    |select_ln346_171_fu_12843_p3      |    select|   0|  0|    8|           1|           8|
    |select_ln346_172_fu_13117_p3      |    select|   0|  0|    8|           1|           8|
    |select_ln346_173_fu_13361_p3      |    select|   0|  0|    8|           1|           8|
    |select_ln346_174_fu_13635_p3      |    select|   0|  0|    8|           1|           8|
    |select_ln346_175_fu_13879_p3      |    select|   0|  0|    8|           1|           8|
    |select_ln346_176_fu_14153_p3      |    select|   0|  0|    8|           1|           8|
    |select_ln346_177_fu_14397_p3      |    select|   0|  0|    8|           1|           8|
    |select_ln346_178_fu_14671_p3      |    select|   0|  0|    8|           1|           8|
    |select_ln346_179_fu_14915_p3      |    select|   0|  0|    8|           1|           8|
    |select_ln346_180_fu_15189_p3      |    select|   0|  0|    8|           1|           8|
    |select_ln346_181_fu_15433_p3      |    select|   0|  0|    8|           1|           8|
    |select_ln346_182_fu_15707_p3      |    select|   0|  0|    8|           1|           8|
    |select_ln346_183_fu_15951_p3      |    select|   0|  0|    8|           1|           8|
    |select_ln346_184_fu_16225_p3      |    select|   0|  0|    8|           1|           8|
    |select_ln346_185_fu_16469_p3      |    select|   0|  0|    8|           1|           8|
    |select_ln346_186_fu_16743_p3      |    select|   0|  0|    8|           1|           8|
    |select_ln346_187_fu_16987_p3      |    select|   0|  0|    8|           1|           8|
    |select_ln346_188_fu_17261_p3      |    select|   0|  0|    8|           1|           8|
    |select_ln346_189_fu_17505_p3      |    select|   0|  0|    8|           1|           8|
    |select_ln346_190_fu_17779_p3      |    select|   0|  0|    8|           1|           8|
    |select_ln346_191_fu_18023_p3      |    select|   0|  0|    8|           1|           8|
    |select_ln346_192_fu_18297_p3      |    select|   0|  0|    8|           1|           8|
    |select_ln346_258_fu_2220_p3       |    select|   0|  0|    9|           1|           7|
    |select_ln346_259_fu_2464_p3       |    select|   0|  0|    9|           1|           7|
    |select_ln346_260_fu_2743_p3       |    select|   0|  0|    9|           1|           7|
    |select_ln346_261_fu_2987_p3       |    select|   0|  0|    9|           1|           7|
    |select_ln346_262_fu_3261_p3       |    select|   0|  0|    9|           1|           7|
    |select_ln346_263_fu_3505_p3       |    select|   0|  0|    9|           1|           7|
    |select_ln346_264_fu_3779_p3       |    select|   0|  0|    9|           1|           7|
    |select_ln346_265_fu_4023_p3       |    select|   0|  0|    9|           1|           7|
    |select_ln346_266_fu_4297_p3       |    select|   0|  0|    9|           1|           7|
    |select_ln346_267_fu_4541_p3       |    select|   0|  0|    9|           1|           7|
    |select_ln346_268_fu_4815_p3       |    select|   0|  0|    9|           1|           7|
    |select_ln346_269_fu_5059_p3       |    select|   0|  0|    9|           1|           7|
    |select_ln346_270_fu_5333_p3       |    select|   0|  0|    9|           1|           7|
    |select_ln346_271_fu_5577_p3       |    select|   0|  0|    9|           1|           7|
    |select_ln346_272_fu_5851_p3       |    select|   0|  0|    9|           1|           7|
    |select_ln346_273_fu_6095_p3       |    select|   0|  0|    9|           1|           7|
    |select_ln346_274_fu_6369_p3       |    select|   0|  0|    9|           1|           7|
    |select_ln346_275_fu_6613_p3       |    select|   0|  0|    9|           1|           7|
    |select_ln346_276_fu_6887_p3       |    select|   0|  0|    9|           1|           7|
    |select_ln346_277_fu_7131_p3       |    select|   0|  0|    9|           1|           7|
    |select_ln346_278_fu_7405_p3       |    select|   0|  0|    9|           1|           7|
    |select_ln346_279_fu_7649_p3       |    select|   0|  0|    9|           1|           7|
    |select_ln346_280_fu_7923_p3       |    select|   0|  0|    9|           1|           7|
    |select_ln346_281_fu_8167_p3       |    select|   0|  0|    9|           1|           7|
    |select_ln346_282_fu_8441_p3       |    select|   0|  0|    9|           1|           7|
    |select_ln346_283_fu_8685_p3       |    select|   0|  0|    9|           1|           7|
    |select_ln346_284_fu_8959_p3       |    select|   0|  0|    9|           1|           7|
    |select_ln346_285_fu_9203_p3       |    select|   0|  0|    9|           1|           7|
    |select_ln346_286_fu_9477_p3       |    select|   0|  0|    9|           1|           7|
    |select_ln346_287_fu_9721_p3       |    select|   0|  0|    9|           1|           7|
    |select_ln346_288_fu_9995_p3       |    select|   0|  0|    9|           1|           7|
    |select_ln346_289_fu_10239_p3      |    select|   0|  0|    9|           1|           7|
    |select_ln346_290_fu_10513_p3      |    select|   0|  0|    9|           1|           7|
    |select_ln346_291_fu_10757_p3      |    select|   0|  0|    9|           1|           7|
    |select_ln346_292_fu_11031_p3      |    select|   0|  0|    9|           1|           7|
    |select_ln346_293_fu_11275_p3      |    select|   0|  0|    9|           1|           7|
    |select_ln346_294_fu_11549_p3      |    select|   0|  0|    9|           1|           7|
    |select_ln346_295_fu_11793_p3      |    select|   0|  0|    9|           1|           7|
    |select_ln346_296_fu_12067_p3      |    select|   0|  0|    9|           1|           7|
    |select_ln346_297_fu_12311_p3      |    select|   0|  0|    9|           1|           7|
    |select_ln346_298_fu_12585_p3      |    select|   0|  0|    9|           1|           7|
    |select_ln346_299_fu_12829_p3      |    select|   0|  0|    9|           1|           7|
    |select_ln346_300_fu_13103_p3      |    select|   0|  0|    9|           1|           7|
    |select_ln346_301_fu_13347_p3      |    select|   0|  0|    9|           1|           7|
    |select_ln346_302_fu_13621_p3      |    select|   0|  0|    9|           1|           7|
    |select_ln346_303_fu_13865_p3      |    select|   0|  0|    9|           1|           7|
    |select_ln346_304_fu_14139_p3      |    select|   0|  0|    9|           1|           7|
    |select_ln346_305_fu_14383_p3      |    select|   0|  0|    9|           1|           7|
    |select_ln346_306_fu_14657_p3      |    select|   0|  0|    9|           1|           7|
    |select_ln346_307_fu_14901_p3      |    select|   0|  0|    9|           1|           7|
    |select_ln346_308_fu_15175_p3      |    select|   0|  0|    9|           1|           7|
    |select_ln346_309_fu_15419_p3      |    select|   0|  0|    9|           1|           7|
    |select_ln346_310_fu_15693_p3      |    select|   0|  0|    9|           1|           7|
    |select_ln346_311_fu_15937_p3      |    select|   0|  0|    9|           1|           7|
    |select_ln346_312_fu_16211_p3      |    select|   0|  0|    9|           1|           7|
    |select_ln346_313_fu_16455_p3      |    select|   0|  0|    9|           1|           7|
    |select_ln346_314_fu_16729_p3      |    select|   0|  0|    9|           1|           7|
    |select_ln346_315_fu_16973_p3      |    select|   0|  0|    9|           1|           7|
    |select_ln346_316_fu_17247_p3      |    select|   0|  0|    9|           1|           7|
    |select_ln346_317_fu_17491_p3      |    select|   0|  0|    9|           1|           7|
    |select_ln346_318_fu_17765_p3      |    select|   0|  0|    9|           1|           7|
    |select_ln346_319_fu_18009_p3      |    select|   0|  0|    9|           1|           7|
    |select_ln346_320_fu_18283_p3      |    select|   0|  0|    9|           1|           7|
    |select_ln346_321_fu_18527_p3      |    select|   0|  0|    9|           1|           7|
    |select_ln346_322_fu_22641_p3      |    select|   0|  0|    9|           1|           7|
    |select_ln346_fu_2234_p3           |    select|   0|  0|    8|           1|           8|
    |select_ln487_fu_22400_p3          |    select|   0|  0|   23|           1|          23|
    |sigmoid_V_1_fu_22414_p3           |    select|   0|  0|   22|           1|          22|
    |tmpres_h_V_fu_22655_p3            |    select|   0|  0|    8|           1|           8|
    |p_Result_2714_fu_22490_p2         |       xor|   0|  0|    2|           1|           2|
    |p_Val2_1607_fu_22467_p2           |       xor|   0|  0|    9|           8|           9|
    |xor_ln890_10_fu_3949_p2           |       xor|   0|  0|    2|           1|           2|
    |xor_ln890_11_fu_4223_p2           |       xor|   0|  0|    2|           1|           2|
    |xor_ln890_12_fu_4467_p2           |       xor|   0|  0|    2|           1|           2|
    |xor_ln890_13_fu_4741_p2           |       xor|   0|  0|    2|           1|           2|
    |xor_ln890_14_fu_4985_p2           |       xor|   0|  0|    2|           1|           2|
    |xor_ln890_15_fu_5259_p2           |       xor|   0|  0|    2|           1|           2|
    |xor_ln890_16_fu_5503_p2           |       xor|   0|  0|    2|           1|           2|
    |xor_ln890_17_fu_5777_p2           |       xor|   0|  0|    2|           1|           2|
    |xor_ln890_18_fu_6021_p2           |       xor|   0|  0|    2|           1|           2|
    |xor_ln890_19_fu_6295_p2           |       xor|   0|  0|    2|           1|           2|
    |xor_ln890_20_fu_6539_p2           |       xor|   0|  0|    2|           1|           2|
    |xor_ln890_21_fu_6813_p2           |       xor|   0|  0|    2|           1|           2|
    |xor_ln890_22_fu_7057_p2           |       xor|   0|  0|    2|           1|           2|
    |xor_ln890_23_fu_7331_p2           |       xor|   0|  0|    2|           1|           2|
    |xor_ln890_24_fu_7575_p2           |       xor|   0|  0|    2|           1|           2|
    |xor_ln890_25_fu_7849_p2           |       xor|   0|  0|    2|           1|           2|
    |xor_ln890_26_fu_8093_p2           |       xor|   0|  0|    2|           1|           2|
    |xor_ln890_27_fu_8367_p2           |       xor|   0|  0|    2|           1|           2|
    |xor_ln890_28_fu_8611_p2           |       xor|   0|  0|    2|           1|           2|
    |xor_ln890_29_fu_8885_p2           |       xor|   0|  0|    2|           1|           2|
    |xor_ln890_30_fu_9129_p2           |       xor|   0|  0|    2|           1|           2|
    |xor_ln890_31_fu_9403_p2           |       xor|   0|  0|    2|           1|           2|
    |xor_ln890_32_fu_9647_p2           |       xor|   0|  0|    2|           1|           2|
    |xor_ln890_33_fu_9921_p2           |       xor|   0|  0|    2|           1|           2|
    |xor_ln890_34_fu_10165_p2          |       xor|   0|  0|    2|           1|           2|
    |xor_ln890_35_fu_10439_p2          |       xor|   0|  0|    2|           1|           2|
    |xor_ln890_36_fu_10683_p2          |       xor|   0|  0|    2|           1|           2|
    |xor_ln890_37_fu_10957_p2          |       xor|   0|  0|    2|           1|           2|
    |xor_ln890_38_fu_11201_p2          |       xor|   0|  0|    2|           1|           2|
    |xor_ln890_39_fu_11475_p2          |       xor|   0|  0|    2|           1|           2|
    |xor_ln890_40_fu_11719_p2          |       xor|   0|  0|    2|           1|           2|
    |xor_ln890_41_fu_11993_p2          |       xor|   0|  0|    2|           1|           2|
    |xor_ln890_42_fu_12237_p2          |       xor|   0|  0|    2|           1|           2|
    |xor_ln890_43_fu_12511_p2          |       xor|   0|  0|    2|           1|           2|
    |xor_ln890_44_fu_12755_p2          |       xor|   0|  0|    2|           1|           2|
    |xor_ln890_45_fu_13029_p2          |       xor|   0|  0|    2|           1|           2|
    |xor_ln890_46_fu_13273_p2          |       xor|   0|  0|    2|           1|           2|
    |xor_ln890_47_fu_13547_p2          |       xor|   0|  0|    2|           1|           2|
    |xor_ln890_48_fu_13791_p2          |       xor|   0|  0|    2|           1|           2|
    |xor_ln890_49_fu_14065_p2          |       xor|   0|  0|    2|           1|           2|
    |xor_ln890_4_fu_2390_p2            |       xor|   0|  0|    2|           1|           2|
    |xor_ln890_50_fu_14309_p2          |       xor|   0|  0|    2|           1|           2|
    |xor_ln890_51_fu_14583_p2          |       xor|   0|  0|    2|           1|           2|
    |xor_ln890_52_fu_14827_p2          |       xor|   0|  0|    2|           1|           2|
    |xor_ln890_53_fu_15101_p2          |       xor|   0|  0|    2|           1|           2|
    |xor_ln890_54_fu_15345_p2          |       xor|   0|  0|    2|           1|           2|
    |xor_ln890_55_fu_15619_p2          |       xor|   0|  0|    2|           1|           2|
    |xor_ln890_56_fu_15863_p2          |       xor|   0|  0|    2|           1|           2|
    |xor_ln890_57_fu_16137_p2          |       xor|   0|  0|    2|           1|           2|
    |xor_ln890_58_fu_16381_p2          |       xor|   0|  0|    2|           1|           2|
    |xor_ln890_59_fu_16655_p2          |       xor|   0|  0|    2|           1|           2|
    |xor_ln890_5_fu_2669_p2            |       xor|   0|  0|    2|           1|           2|
    |xor_ln890_60_fu_16899_p2          |       xor|   0|  0|    2|           1|           2|
    |xor_ln890_61_fu_17173_p2          |       xor|   0|  0|    2|           1|           2|
    |xor_ln890_62_fu_17417_p2          |       xor|   0|  0|    2|           1|           2|
    |xor_ln890_63_fu_17691_p2          |       xor|   0|  0|    2|           1|           2|
    |xor_ln890_64_fu_17935_p2          |       xor|   0|  0|    2|           1|           2|
    |xor_ln890_65_fu_18209_p2          |       xor|   0|  0|    2|           1|           2|
    |xor_ln890_66_fu_18453_p2          |       xor|   0|  0|    2|           1|           2|
    |xor_ln890_67_fu_22552_p2          |       xor|   0|  0|    2|           1|           2|
    |xor_ln890_6_fu_2913_p2            |       xor|   0|  0|    2|           1|           2|
    |xor_ln890_7_fu_3187_p2            |       xor|   0|  0|    2|           1|           2|
    |xor_ln890_8_fu_3431_p2            |       xor|   0|  0|    2|           1|           2|
    |xor_ln890_9_fu_3705_p2            |       xor|   0|  0|    2|           1|           2|
    |xor_ln890_fu_2146_p2              |       xor|   0|  0|    2|           1|           2|
    |xor_ln895_135_fu_2184_p2          |       xor|   0|  0|    2|           1|           2|
    |xor_ln895_136_fu_2416_p2          |       xor|   0|  0|    2|           1|           2|
    |xor_ln895_137_fu_2428_p2          |       xor|   0|  0|    2|           1|           2|
    |xor_ln895_138_fu_2695_p2          |       xor|   0|  0|    2|           1|           2|
    |xor_ln895_139_fu_2707_p2          |       xor|   0|  0|    2|           1|           2|
    |xor_ln895_140_fu_2939_p2          |       xor|   0|  0|    2|           1|           2|
    |xor_ln895_141_fu_2951_p2          |       xor|   0|  0|    2|           1|           2|
    |xor_ln895_142_fu_3213_p2          |       xor|   0|  0|    2|           1|           2|
    |xor_ln895_143_fu_3225_p2          |       xor|   0|  0|    2|           1|           2|
    |xor_ln895_144_fu_3457_p2          |       xor|   0|  0|    2|           1|           2|
    |xor_ln895_145_fu_3469_p2          |       xor|   0|  0|    2|           1|           2|
    |xor_ln895_146_fu_3731_p2          |       xor|   0|  0|    2|           1|           2|
    |xor_ln895_147_fu_3743_p2          |       xor|   0|  0|    2|           1|           2|
    |xor_ln895_148_fu_3975_p2          |       xor|   0|  0|    2|           1|           2|
    |xor_ln895_149_fu_3987_p2          |       xor|   0|  0|    2|           1|           2|
    |xor_ln895_150_fu_4249_p2          |       xor|   0|  0|    2|           1|           2|
    |xor_ln895_151_fu_4261_p2          |       xor|   0|  0|    2|           1|           2|
    |xor_ln895_152_fu_4493_p2          |       xor|   0|  0|    2|           1|           2|
    |xor_ln895_153_fu_4505_p2          |       xor|   0|  0|    2|           1|           2|
    |xor_ln895_154_fu_4767_p2          |       xor|   0|  0|    2|           1|           2|
    |xor_ln895_155_fu_4779_p2          |       xor|   0|  0|    2|           1|           2|
    |xor_ln895_156_fu_5011_p2          |       xor|   0|  0|    2|           1|           2|
    |xor_ln895_157_fu_5023_p2          |       xor|   0|  0|    2|           1|           2|
    |xor_ln895_158_fu_5285_p2          |       xor|   0|  0|    2|           1|           2|
    |xor_ln895_159_fu_5297_p2          |       xor|   0|  0|    2|           1|           2|
    |xor_ln895_160_fu_5529_p2          |       xor|   0|  0|    2|           1|           2|
    |xor_ln895_161_fu_5541_p2          |       xor|   0|  0|    2|           1|           2|
    |xor_ln895_162_fu_5803_p2          |       xor|   0|  0|    2|           1|           2|
    |xor_ln895_163_fu_5815_p2          |       xor|   0|  0|    2|           1|           2|
    |xor_ln895_164_fu_6047_p2          |       xor|   0|  0|    2|           1|           2|
    |xor_ln895_165_fu_6059_p2          |       xor|   0|  0|    2|           1|           2|
    |xor_ln895_166_fu_6321_p2          |       xor|   0|  0|    2|           1|           2|
    |xor_ln895_167_fu_6333_p2          |       xor|   0|  0|    2|           1|           2|
    |xor_ln895_168_fu_6565_p2          |       xor|   0|  0|    2|           1|           2|
    |xor_ln895_169_fu_6577_p2          |       xor|   0|  0|    2|           1|           2|
    |xor_ln895_170_fu_6839_p2          |       xor|   0|  0|    2|           1|           2|
    |xor_ln895_171_fu_6851_p2          |       xor|   0|  0|    2|           1|           2|
    |xor_ln895_172_fu_7083_p2          |       xor|   0|  0|    2|           1|           2|
    |xor_ln895_173_fu_7095_p2          |       xor|   0|  0|    2|           1|           2|
    |xor_ln895_174_fu_7357_p2          |       xor|   0|  0|    2|           1|           2|
    |xor_ln895_175_fu_7369_p2          |       xor|   0|  0|    2|           1|           2|
    |xor_ln895_176_fu_7601_p2          |       xor|   0|  0|    2|           1|           2|
    |xor_ln895_177_fu_7613_p2          |       xor|   0|  0|    2|           1|           2|
    |xor_ln895_178_fu_7875_p2          |       xor|   0|  0|    2|           1|           2|
    |xor_ln895_179_fu_7887_p2          |       xor|   0|  0|    2|           1|           2|
    |xor_ln895_180_fu_8119_p2          |       xor|   0|  0|    2|           1|           2|
    |xor_ln895_181_fu_8131_p2          |       xor|   0|  0|    2|           1|           2|
    |xor_ln895_182_fu_8393_p2          |       xor|   0|  0|    2|           1|           2|
    |xor_ln895_183_fu_8405_p2          |       xor|   0|  0|    2|           1|           2|
    |xor_ln895_184_fu_8637_p2          |       xor|   0|  0|    2|           1|           2|
    |xor_ln895_185_fu_8649_p2          |       xor|   0|  0|    2|           1|           2|
    |xor_ln895_186_fu_8911_p2          |       xor|   0|  0|    2|           1|           2|
    |xor_ln895_187_fu_8923_p2          |       xor|   0|  0|    2|           1|           2|
    |xor_ln895_188_fu_9155_p2          |       xor|   0|  0|    2|           1|           2|
    |xor_ln895_189_fu_9167_p2          |       xor|   0|  0|    2|           1|           2|
    |xor_ln895_190_fu_9429_p2          |       xor|   0|  0|    2|           1|           2|
    |xor_ln895_191_fu_9441_p2          |       xor|   0|  0|    2|           1|           2|
    |xor_ln895_192_fu_9673_p2          |       xor|   0|  0|    2|           1|           2|
    |xor_ln895_193_fu_9685_p2          |       xor|   0|  0|    2|           1|           2|
    |xor_ln895_194_fu_9947_p2          |       xor|   0|  0|    2|           1|           2|
    |xor_ln895_195_fu_9959_p2          |       xor|   0|  0|    2|           1|           2|
    |xor_ln895_196_fu_10191_p2         |       xor|   0|  0|    2|           1|           2|
    |xor_ln895_197_fu_10203_p2         |       xor|   0|  0|    2|           1|           2|
    |xor_ln895_198_fu_10465_p2         |       xor|   0|  0|    2|           1|           2|
    |xor_ln895_199_fu_10477_p2         |       xor|   0|  0|    2|           1|           2|
    |xor_ln895_200_fu_10709_p2         |       xor|   0|  0|    2|           1|           2|
    |xor_ln895_201_fu_10721_p2         |       xor|   0|  0|    2|           1|           2|
    |xor_ln895_202_fu_10983_p2         |       xor|   0|  0|    2|           1|           2|
    |xor_ln895_203_fu_10995_p2         |       xor|   0|  0|    2|           1|           2|
    |xor_ln895_204_fu_11227_p2         |       xor|   0|  0|    2|           1|           2|
    |xor_ln895_205_fu_11239_p2         |       xor|   0|  0|    2|           1|           2|
    |xor_ln895_206_fu_11501_p2         |       xor|   0|  0|    2|           1|           2|
    |xor_ln895_207_fu_11513_p2         |       xor|   0|  0|    2|           1|           2|
    |xor_ln895_208_fu_11745_p2         |       xor|   0|  0|    2|           1|           2|
    |xor_ln895_209_fu_11757_p2         |       xor|   0|  0|    2|           1|           2|
    |xor_ln895_210_fu_12019_p2         |       xor|   0|  0|    2|           1|           2|
    |xor_ln895_211_fu_12031_p2         |       xor|   0|  0|    2|           1|           2|
    |xor_ln895_212_fu_12263_p2         |       xor|   0|  0|    2|           1|           2|
    |xor_ln895_213_fu_12275_p2         |       xor|   0|  0|    2|           1|           2|
    |xor_ln895_214_fu_12537_p2         |       xor|   0|  0|    2|           1|           2|
    |xor_ln895_215_fu_12549_p2         |       xor|   0|  0|    2|           1|           2|
    |xor_ln895_216_fu_12781_p2         |       xor|   0|  0|    2|           1|           2|
    |xor_ln895_217_fu_12793_p2         |       xor|   0|  0|    2|           1|           2|
    |xor_ln895_218_fu_13055_p2         |       xor|   0|  0|    2|           1|           2|
    |xor_ln895_219_fu_13067_p2         |       xor|   0|  0|    2|           1|           2|
    |xor_ln895_220_fu_13299_p2         |       xor|   0|  0|    2|           1|           2|
    |xor_ln895_221_fu_13311_p2         |       xor|   0|  0|    2|           1|           2|
    |xor_ln895_222_fu_13573_p2         |       xor|   0|  0|    2|           1|           2|
    |xor_ln895_223_fu_13585_p2         |       xor|   0|  0|    2|           1|           2|
    |xor_ln895_224_fu_13817_p2         |       xor|   0|  0|    2|           1|           2|
    |xor_ln895_225_fu_13829_p2         |       xor|   0|  0|    2|           1|           2|
    |xor_ln895_226_fu_14091_p2         |       xor|   0|  0|    2|           1|           2|
    |xor_ln895_227_fu_14103_p2         |       xor|   0|  0|    2|           1|           2|
    |xor_ln895_228_fu_14335_p2         |       xor|   0|  0|    2|           1|           2|
    |xor_ln895_229_fu_14347_p2         |       xor|   0|  0|    2|           1|           2|
    |xor_ln895_230_fu_14609_p2         |       xor|   0|  0|    2|           1|           2|
    |xor_ln895_231_fu_14621_p2         |       xor|   0|  0|    2|           1|           2|
    |xor_ln895_232_fu_14853_p2         |       xor|   0|  0|    2|           1|           2|
    |xor_ln895_233_fu_14865_p2         |       xor|   0|  0|    2|           1|           2|
    |xor_ln895_234_fu_15127_p2         |       xor|   0|  0|    2|           1|           2|
    |xor_ln895_235_fu_15139_p2         |       xor|   0|  0|    2|           1|           2|
    |xor_ln895_236_fu_15371_p2         |       xor|   0|  0|    2|           1|           2|
    |xor_ln895_237_fu_15383_p2         |       xor|   0|  0|    2|           1|           2|
    |xor_ln895_238_fu_15645_p2         |       xor|   0|  0|    2|           1|           2|
    |xor_ln895_239_fu_15657_p2         |       xor|   0|  0|    2|           1|           2|
    |xor_ln895_240_fu_15889_p2         |       xor|   0|  0|    2|           1|           2|
    |xor_ln895_241_fu_15901_p2         |       xor|   0|  0|    2|           1|           2|
    |xor_ln895_242_fu_16163_p2         |       xor|   0|  0|    2|           1|           2|
    |xor_ln895_243_fu_16175_p2         |       xor|   0|  0|    2|           1|           2|
    |xor_ln895_244_fu_16407_p2         |       xor|   0|  0|    2|           1|           2|
    |xor_ln895_245_fu_16419_p2         |       xor|   0|  0|    2|           1|           2|
    |xor_ln895_246_fu_16681_p2         |       xor|   0|  0|    2|           1|           2|
    |xor_ln895_247_fu_16693_p2         |       xor|   0|  0|    2|           1|           2|
    |xor_ln895_248_fu_16925_p2         |       xor|   0|  0|    2|           1|           2|
    |xor_ln895_249_fu_16937_p2         |       xor|   0|  0|    2|           1|           2|
    |xor_ln895_250_fu_17199_p2         |       xor|   0|  0|    2|           1|           2|
    |xor_ln895_251_fu_17211_p2         |       xor|   0|  0|    2|           1|           2|
    |xor_ln895_252_fu_17443_p2         |       xor|   0|  0|    2|           1|           2|
    |xor_ln895_253_fu_17455_p2         |       xor|   0|  0|    2|           1|           2|
    |xor_ln895_254_fu_17717_p2         |       xor|   0|  0|    2|           1|           2|
    |xor_ln895_255_fu_17729_p2         |       xor|   0|  0|    2|           1|           2|
    |xor_ln895_256_fu_17961_p2         |       xor|   0|  0|    2|           1|           2|
    |xor_ln895_257_fu_17973_p2         |       xor|   0|  0|    2|           1|           2|
    |xor_ln895_258_fu_18235_p2         |       xor|   0|  0|    2|           1|           2|
    |xor_ln895_259_fu_18247_p2         |       xor|   0|  0|    2|           1|           2|
    |xor_ln895_260_fu_18479_p2         |       xor|   0|  0|    2|           1|           2|
    |xor_ln895_261_fu_18491_p2         |       xor|   0|  0|    2|           1|           2|
    |xor_ln895_262_fu_22593_p2         |       xor|   0|  0|    2|           1|           2|
    |xor_ln895_263_fu_22605_p2         |       xor|   0|  0|    2|           1|           2|
    |xor_ln895_264_fu_22587_p2         |       xor|   0|  0|    2|           1|           1|
    |xor_ln895_fu_2172_p2              |       xor|   0|  0|    2|           1|           2|
    |xor_ln896_263_fu_2196_p2          |       xor|   0|  0|    2|           1|           2|
    |xor_ln896_264_fu_2324_p2          |       xor|   0|  0|    2|           1|           2|
    |xor_ln896_265_fu_2440_p2          |       xor|   0|  0|    2|           1|           2|
    |xor_ln896_266_fu_2603_p2          |       xor|   0|  0|    2|           1|           2|
    |xor_ln896_267_fu_2719_p2          |       xor|   0|  0|    2|           1|           2|
    |xor_ln896_268_fu_2847_p2          |       xor|   0|  0|    2|           1|           2|
    |xor_ln896_269_fu_2963_p2          |       xor|   0|  0|    2|           1|           2|
    |xor_ln896_270_fu_3121_p2          |       xor|   0|  0|    2|           1|           2|
    |xor_ln896_271_fu_3237_p2          |       xor|   0|  0|    2|           1|           2|
    |xor_ln896_272_fu_3365_p2          |       xor|   0|  0|    2|           1|           2|
    |xor_ln896_273_fu_3481_p2          |       xor|   0|  0|    2|           1|           2|
    |xor_ln896_274_fu_3639_p2          |       xor|   0|  0|    2|           1|           2|
    |xor_ln896_275_fu_3755_p2          |       xor|   0|  0|    2|           1|           2|
    |xor_ln896_276_fu_3883_p2          |       xor|   0|  0|    2|           1|           2|
    |xor_ln896_277_fu_3999_p2          |       xor|   0|  0|    2|           1|           2|
    |xor_ln896_278_fu_4157_p2          |       xor|   0|  0|    2|           1|           2|
    |xor_ln896_279_fu_4273_p2          |       xor|   0|  0|    2|           1|           2|
    |xor_ln896_280_fu_4401_p2          |       xor|   0|  0|    2|           1|           2|
    |xor_ln896_281_fu_4517_p2          |       xor|   0|  0|    2|           1|           2|
    |xor_ln896_282_fu_4675_p2          |       xor|   0|  0|    2|           1|           2|
    |xor_ln896_283_fu_4791_p2          |       xor|   0|  0|    2|           1|           2|
    |xor_ln896_284_fu_4919_p2          |       xor|   0|  0|    2|           1|           2|
    |xor_ln896_285_fu_5035_p2          |       xor|   0|  0|    2|           1|           2|
    |xor_ln896_286_fu_5193_p2          |       xor|   0|  0|    2|           1|           2|
    |xor_ln896_287_fu_5309_p2          |       xor|   0|  0|    2|           1|           2|
    |xor_ln896_288_fu_5437_p2          |       xor|   0|  0|    2|           1|           2|
    |xor_ln896_289_fu_5553_p2          |       xor|   0|  0|    2|           1|           2|
    |xor_ln896_290_fu_5711_p2          |       xor|   0|  0|    2|           1|           2|
    |xor_ln896_291_fu_5827_p2          |       xor|   0|  0|    2|           1|           2|
    |xor_ln896_292_fu_5955_p2          |       xor|   0|  0|    2|           1|           2|
    |xor_ln896_293_fu_6071_p2          |       xor|   0|  0|    2|           1|           2|
    |xor_ln896_294_fu_6229_p2          |       xor|   0|  0|    2|           1|           2|
    |xor_ln896_295_fu_6345_p2          |       xor|   0|  0|    2|           1|           2|
    |xor_ln896_296_fu_6473_p2          |       xor|   0|  0|    2|           1|           2|
    |xor_ln896_297_fu_6589_p2          |       xor|   0|  0|    2|           1|           2|
    |xor_ln896_298_fu_6747_p2          |       xor|   0|  0|    2|           1|           2|
    |xor_ln896_299_fu_6863_p2          |       xor|   0|  0|    2|           1|           2|
    |xor_ln896_300_fu_6991_p2          |       xor|   0|  0|    2|           1|           2|
    |xor_ln896_301_fu_7107_p2          |       xor|   0|  0|    2|           1|           2|
    |xor_ln896_302_fu_7265_p2          |       xor|   0|  0|    2|           1|           2|
    |xor_ln896_303_fu_7381_p2          |       xor|   0|  0|    2|           1|           2|
    |xor_ln896_304_fu_7509_p2          |       xor|   0|  0|    2|           1|           2|
    |xor_ln896_305_fu_7625_p2          |       xor|   0|  0|    2|           1|           2|
    |xor_ln896_306_fu_7783_p2          |       xor|   0|  0|    2|           1|           2|
    |xor_ln896_307_fu_7899_p2          |       xor|   0|  0|    2|           1|           2|
    |xor_ln896_308_fu_8027_p2          |       xor|   0|  0|    2|           1|           2|
    |xor_ln896_309_fu_8143_p2          |       xor|   0|  0|    2|           1|           2|
    |xor_ln896_310_fu_8301_p2          |       xor|   0|  0|    2|           1|           2|
    |xor_ln896_311_fu_8417_p2          |       xor|   0|  0|    2|           1|           2|
    |xor_ln896_312_fu_8545_p2          |       xor|   0|  0|    2|           1|           2|
    |xor_ln896_313_fu_8661_p2          |       xor|   0|  0|    2|           1|           2|
    |xor_ln896_314_fu_8819_p2          |       xor|   0|  0|    2|           1|           2|
    |xor_ln896_315_fu_8935_p2          |       xor|   0|  0|    2|           1|           2|
    |xor_ln896_316_fu_9063_p2          |       xor|   0|  0|    2|           1|           2|
    |xor_ln896_317_fu_9179_p2          |       xor|   0|  0|    2|           1|           2|
    |xor_ln896_318_fu_9337_p2          |       xor|   0|  0|    2|           1|           2|
    |xor_ln896_319_fu_9453_p2          |       xor|   0|  0|    2|           1|           2|
    |xor_ln896_320_fu_9581_p2          |       xor|   0|  0|    2|           1|           2|
    |xor_ln896_321_fu_9697_p2          |       xor|   0|  0|    2|           1|           2|
    |xor_ln896_322_fu_9855_p2          |       xor|   0|  0|    2|           1|           2|
    |xor_ln896_323_fu_9971_p2          |       xor|   0|  0|    2|           1|           2|
    |xor_ln896_324_fu_10099_p2         |       xor|   0|  0|    2|           1|           2|
    |xor_ln896_325_fu_10215_p2         |       xor|   0|  0|    2|           1|           2|
    |xor_ln896_326_fu_10373_p2         |       xor|   0|  0|    2|           1|           2|
    |xor_ln896_327_fu_10489_p2         |       xor|   0|  0|    2|           1|           2|
    |xor_ln896_328_fu_10617_p2         |       xor|   0|  0|    2|           1|           2|
    |xor_ln896_329_fu_10733_p2         |       xor|   0|  0|    2|           1|           2|
    |xor_ln896_330_fu_10891_p2         |       xor|   0|  0|    2|           1|           2|
    |xor_ln896_331_fu_11007_p2         |       xor|   0|  0|    2|           1|           2|
    |xor_ln896_332_fu_11135_p2         |       xor|   0|  0|    2|           1|           2|
    |xor_ln896_333_fu_11251_p2         |       xor|   0|  0|    2|           1|           2|
    |xor_ln896_334_fu_11409_p2         |       xor|   0|  0|    2|           1|           2|
    |xor_ln896_335_fu_11525_p2         |       xor|   0|  0|    2|           1|           2|
    |xor_ln896_336_fu_11653_p2         |       xor|   0|  0|    2|           1|           2|
    |xor_ln896_337_fu_11769_p2         |       xor|   0|  0|    2|           1|           2|
    |xor_ln896_338_fu_11927_p2         |       xor|   0|  0|    2|           1|           2|
    |xor_ln896_339_fu_12043_p2         |       xor|   0|  0|    2|           1|           2|
    |xor_ln896_340_fu_12171_p2         |       xor|   0|  0|    2|           1|           2|
    |xor_ln896_341_fu_12287_p2         |       xor|   0|  0|    2|           1|           2|
    |xor_ln896_342_fu_12445_p2         |       xor|   0|  0|    2|           1|           2|
    |xor_ln896_343_fu_12561_p2         |       xor|   0|  0|    2|           1|           2|
    |xor_ln896_344_fu_12689_p2         |       xor|   0|  0|    2|           1|           2|
    |xor_ln896_345_fu_12805_p2         |       xor|   0|  0|    2|           1|           2|
    |xor_ln896_346_fu_12963_p2         |       xor|   0|  0|    2|           1|           2|
    |xor_ln896_347_fu_13079_p2         |       xor|   0|  0|    2|           1|           2|
    |xor_ln896_348_fu_13207_p2         |       xor|   0|  0|    2|           1|           2|
    |xor_ln896_349_fu_13323_p2         |       xor|   0|  0|    2|           1|           2|
    |xor_ln896_350_fu_13481_p2         |       xor|   0|  0|    2|           1|           2|
    |xor_ln896_351_fu_13597_p2         |       xor|   0|  0|    2|           1|           2|
    |xor_ln896_352_fu_13725_p2         |       xor|   0|  0|    2|           1|           2|
    |xor_ln896_353_fu_13841_p2         |       xor|   0|  0|    2|           1|           2|
    |xor_ln896_354_fu_13999_p2         |       xor|   0|  0|    2|           1|           2|
    |xor_ln896_355_fu_14115_p2         |       xor|   0|  0|    2|           1|           2|
    |xor_ln896_356_fu_14243_p2         |       xor|   0|  0|    2|           1|           2|
    |xor_ln896_357_fu_14359_p2         |       xor|   0|  0|    2|           1|           2|
    |xor_ln896_358_fu_14517_p2         |       xor|   0|  0|    2|           1|           2|
    |xor_ln896_359_fu_14633_p2         |       xor|   0|  0|    2|           1|           2|
    |xor_ln896_360_fu_14761_p2         |       xor|   0|  0|    2|           1|           2|
    |xor_ln896_361_fu_14877_p2         |       xor|   0|  0|    2|           1|           2|
    |xor_ln896_362_fu_15035_p2         |       xor|   0|  0|    2|           1|           2|
    |xor_ln896_363_fu_15151_p2         |       xor|   0|  0|    2|           1|           2|
    |xor_ln896_364_fu_15279_p2         |       xor|   0|  0|    2|           1|           2|
    |xor_ln896_365_fu_15395_p2         |       xor|   0|  0|    2|           1|           2|
    |xor_ln896_366_fu_15553_p2         |       xor|   0|  0|    2|           1|           2|
    |xor_ln896_367_fu_15669_p2         |       xor|   0|  0|    2|           1|           2|
    |xor_ln896_368_fu_15797_p2         |       xor|   0|  0|    2|           1|           2|
    |xor_ln896_369_fu_15913_p2         |       xor|   0|  0|    2|           1|           2|
    |xor_ln896_370_fu_16071_p2         |       xor|   0|  0|    2|           1|           2|
    |xor_ln896_371_fu_16187_p2         |       xor|   0|  0|    2|           1|           2|
    |xor_ln896_372_fu_16315_p2         |       xor|   0|  0|    2|           1|           2|
    |xor_ln896_373_fu_16431_p2         |       xor|   0|  0|    2|           1|           2|
    |xor_ln896_374_fu_16589_p2         |       xor|   0|  0|    2|           1|           2|
    |xor_ln896_375_fu_16705_p2         |       xor|   0|  0|    2|           1|           2|
    |xor_ln896_376_fu_16833_p2         |       xor|   0|  0|    2|           1|           2|
    |xor_ln896_377_fu_16949_p2         |       xor|   0|  0|    2|           1|           2|
    |xor_ln896_378_fu_17107_p2         |       xor|   0|  0|    2|           1|           2|
    |xor_ln896_379_fu_17223_p2         |       xor|   0|  0|    2|           1|           2|
    |xor_ln896_380_fu_17351_p2         |       xor|   0|  0|    2|           1|           2|
    |xor_ln896_381_fu_17467_p2         |       xor|   0|  0|    2|           1|           2|
    |xor_ln896_382_fu_17625_p2         |       xor|   0|  0|    2|           1|           2|
    |xor_ln896_383_fu_17741_p2         |       xor|   0|  0|    2|           1|           2|
    |xor_ln896_384_fu_17869_p2         |       xor|   0|  0|    2|           1|           2|
    |xor_ln896_385_fu_17985_p2         |       xor|   0|  0|    2|           1|           2|
    |xor_ln896_386_fu_18143_p2         |       xor|   0|  0|    2|           1|           2|
    |xor_ln896_387_fu_18259_p2         |       xor|   0|  0|    2|           1|           2|
    |xor_ln896_388_fu_18387_p2         |       xor|   0|  0|    2|           1|           2|
    |xor_ln896_389_fu_18503_p2         |       xor|   0|  0|    2|           1|           2|
    |xor_ln896_390_fu_22525_p2         |       xor|   0|  0|    2|           1|           2|
    |xor_ln896_391_fu_22617_p2         |       xor|   0|  0|    2|           1|           2|
    |xor_ln896_392_fu_2208_p2          |       xor|   0|  0|    2|           1|           1|
    |xor_ln896_393_fu_2452_p2          |       xor|   0|  0|    2|           1|           1|
    |xor_ln896_394_fu_2731_p2          |       xor|   0|  0|    2|           1|           1|
    |xor_ln896_395_fu_2975_p2          |       xor|   0|  0|    2|           1|           1|
    |xor_ln896_396_fu_3249_p2          |       xor|   0|  0|    2|           1|           1|
    |xor_ln896_397_fu_3493_p2          |       xor|   0|  0|    2|           1|           1|
    |xor_ln896_398_fu_3767_p2          |       xor|   0|  0|    2|           1|           1|
    |xor_ln896_399_fu_4011_p2          |       xor|   0|  0|    2|           1|           1|
    |xor_ln896_400_fu_4285_p2          |       xor|   0|  0|    2|           1|           1|
    |xor_ln896_401_fu_4529_p2          |       xor|   0|  0|    2|           1|           1|
    |xor_ln896_402_fu_4803_p2          |       xor|   0|  0|    2|           1|           1|
    |xor_ln896_403_fu_5047_p2          |       xor|   0|  0|    2|           1|           1|
    |xor_ln896_404_fu_5321_p2          |       xor|   0|  0|    2|           1|           1|
    |xor_ln896_405_fu_5565_p2          |       xor|   0|  0|    2|           1|           1|
    |xor_ln896_406_fu_5839_p2          |       xor|   0|  0|    2|           1|           1|
    |xor_ln896_407_fu_6083_p2          |       xor|   0|  0|    2|           1|           1|
    |xor_ln896_408_fu_6357_p2          |       xor|   0|  0|    2|           1|           1|
    |xor_ln896_409_fu_6601_p2          |       xor|   0|  0|    2|           1|           1|
    |xor_ln896_410_fu_6875_p2          |       xor|   0|  0|    2|           1|           1|
    |xor_ln896_411_fu_7119_p2          |       xor|   0|  0|    2|           1|           1|
    |xor_ln896_412_fu_7393_p2          |       xor|   0|  0|    2|           1|           1|
    |xor_ln896_413_fu_7637_p2          |       xor|   0|  0|    2|           1|           1|
    |xor_ln896_414_fu_7911_p2          |       xor|   0|  0|    2|           1|           1|
    |xor_ln896_415_fu_8155_p2          |       xor|   0|  0|    2|           1|           1|
    |xor_ln896_416_fu_8429_p2          |       xor|   0|  0|    2|           1|           1|
    |xor_ln896_417_fu_8673_p2          |       xor|   0|  0|    2|           1|           1|
    |xor_ln896_418_fu_8947_p2          |       xor|   0|  0|    2|           1|           1|
    |xor_ln896_419_fu_9191_p2          |       xor|   0|  0|    2|           1|           1|
    |xor_ln896_420_fu_9465_p2          |       xor|   0|  0|    2|           1|           1|
    |xor_ln896_421_fu_9709_p2          |       xor|   0|  0|    2|           1|           1|
    |xor_ln896_422_fu_9983_p2          |       xor|   0|  0|    2|           1|           1|
    |xor_ln896_423_fu_10227_p2         |       xor|   0|  0|    2|           1|           1|
    |xor_ln896_424_fu_10501_p2         |       xor|   0|  0|    2|           1|           1|
    |xor_ln896_425_fu_10745_p2         |       xor|   0|  0|    2|           1|           1|
    |xor_ln896_426_fu_11019_p2         |       xor|   0|  0|    2|           1|           1|
    |xor_ln896_427_fu_11263_p2         |       xor|   0|  0|    2|           1|           1|
    |xor_ln896_428_fu_11537_p2         |       xor|   0|  0|    2|           1|           1|
    |xor_ln896_429_fu_11781_p2         |       xor|   0|  0|    2|           1|           1|
    |xor_ln896_430_fu_12055_p2         |       xor|   0|  0|    2|           1|           1|
    |xor_ln896_431_fu_12299_p2         |       xor|   0|  0|    2|           1|           1|
    |xor_ln896_432_fu_12573_p2         |       xor|   0|  0|    2|           1|           1|
    |xor_ln896_433_fu_12817_p2         |       xor|   0|  0|    2|           1|           1|
    |xor_ln896_434_fu_13091_p2         |       xor|   0|  0|    2|           1|           1|
    |xor_ln896_435_fu_13335_p2         |       xor|   0|  0|    2|           1|           1|
    |xor_ln896_436_fu_13609_p2         |       xor|   0|  0|    2|           1|           1|
    |xor_ln896_437_fu_13853_p2         |       xor|   0|  0|    2|           1|           1|
    |xor_ln896_438_fu_14127_p2         |       xor|   0|  0|    2|           1|           1|
    |xor_ln896_439_fu_14371_p2         |       xor|   0|  0|    2|           1|           1|
    |xor_ln896_440_fu_14645_p2         |       xor|   0|  0|    2|           1|           1|
    |xor_ln896_441_fu_14889_p2         |       xor|   0|  0|    2|           1|           1|
    |xor_ln896_442_fu_15163_p2         |       xor|   0|  0|    2|           1|           1|
    |xor_ln896_443_fu_15407_p2         |       xor|   0|  0|    2|           1|           1|
    |xor_ln896_444_fu_15681_p2         |       xor|   0|  0|    2|           1|           1|
    |xor_ln896_445_fu_15925_p2         |       xor|   0|  0|    2|           1|           1|
    |xor_ln896_446_fu_16199_p2         |       xor|   0|  0|    2|           1|           1|
    |xor_ln896_447_fu_16443_p2         |       xor|   0|  0|    2|           1|           1|
    |xor_ln896_448_fu_16717_p2         |       xor|   0|  0|    2|           1|           1|
    |xor_ln896_449_fu_16961_p2         |       xor|   0|  0|    2|           1|           1|
    |xor_ln896_450_fu_17235_p2         |       xor|   0|  0|    2|           1|           1|
    |xor_ln896_451_fu_17479_p2         |       xor|   0|  0|    2|           1|           1|
    |xor_ln896_452_fu_17753_p2         |       xor|   0|  0|    2|           1|           1|
    |xor_ln896_453_fu_17997_p2         |       xor|   0|  0|    2|           1|           1|
    |xor_ln896_454_fu_18271_p2         |       xor|   0|  0|    2|           1|           1|
    |xor_ln896_455_fu_18515_p2         |       xor|   0|  0|    2|           1|           1|
    |xor_ln896_456_fu_22629_p2         |       xor|   0|  0|    2|           1|           1|
    |xor_ln896_fu_2080_p2              |       xor|   0|  0|    2|           1|           2|
    +----------------------------------+----------+----+---+-----+------------+------------+
    |Total                             |          |   0|  0|12831|        6451|        8139|
    +----------------------------------+----------+----+---+-----+------------+------------+

    * Multiplexer: 
    +---------------------+-----+-----------+-----+-----------+
    |         Name        | LUT | Input Size| Bits| Total Bits|
    +---------------------+-----+-----------+-----+-----------+
    |ap_NS_fsm            |  357|         77|    1|         77|
    |ap_return_0          |    9|          2|   19|         38|
    |ap_return_1          |    9|          2|   19|         38|
    |ap_return_10         |    9|          2|   19|         38|
    |ap_return_11         |    9|          2|   19|         38|
    |ap_return_12         |    9|          2|   19|         38|
    |ap_return_13         |    9|          2|   19|         38|
    |ap_return_14         |    9|          2|   19|         38|
    |ap_return_15         |    9|          2|   19|         38|
    |ap_return_16         |    9|          2|   19|         38|
    |ap_return_17         |    9|          2|   19|         38|
    |ap_return_18         |    9|          2|   19|         38|
    |ap_return_19         |    9|          2|   19|         38|
    |ap_return_2          |    9|          2|   19|         38|
    |ap_return_20         |    9|          2|   19|         38|
    |ap_return_21         |    9|          2|   19|         38|
    |ap_return_22         |    9|          2|   19|         38|
    |ap_return_23         |    9|          2|   19|         38|
    |ap_return_24         |    9|          2|   19|         38|
    |ap_return_25         |    9|          2|   19|         38|
    |ap_return_26         |    9|          2|   19|         38|
    |ap_return_27         |    9|          2|   19|         38|
    |ap_return_28         |    9|          2|   19|         38|
    |ap_return_29         |    9|          2|   19|         38|
    |ap_return_3          |    9|          2|   19|         38|
    |ap_return_30         |    9|          2|   19|         38|
    |ap_return_31         |    9|          2|   19|         38|
    |ap_return_32         |    9|          2|   19|         38|
    |ap_return_33         |    9|          2|   19|         38|
    |ap_return_34         |    9|          2|   19|         38|
    |ap_return_35         |    9|          2|   19|         38|
    |ap_return_36         |    9|          2|   19|         38|
    |ap_return_37         |    9|          2|   19|         38|
    |ap_return_38         |    9|          2|   19|         38|
    |ap_return_39         |    9|          2|   19|         38|
    |ap_return_4          |    9|          2|   19|         38|
    |ap_return_40         |    9|          2|   19|         38|
    |ap_return_41         |    9|          2|   19|         38|
    |ap_return_42         |    9|          2|   19|         38|
    |ap_return_43         |    9|          2|   19|         38|
    |ap_return_44         |    9|          2|   19|         38|
    |ap_return_45         |    9|          2|   19|         38|
    |ap_return_46         |    9|          2|   19|         38|
    |ap_return_47         |    9|          2|   19|         38|
    |ap_return_48         |    9|          2|   19|         38|
    |ap_return_49         |    9|          2|   19|         38|
    |ap_return_5          |    9|          2|   19|         38|
    |ap_return_50         |    9|          2|   19|         38|
    |ap_return_51         |    9|          2|   19|         38|
    |ap_return_52         |    9|          2|   19|         38|
    |ap_return_53         |    9|          2|   19|         38|
    |ap_return_54         |    9|          2|   19|         38|
    |ap_return_55         |    9|          2|   19|         38|
    |ap_return_56         |    9|          2|   19|         38|
    |ap_return_57         |    9|          2|   19|         38|
    |ap_return_58         |    9|          2|   19|         38|
    |ap_return_59         |    9|          2|   19|         38|
    |ap_return_6          |    9|          2|   19|         38|
    |ap_return_60         |    9|          2|   19|         38|
    |ap_return_61         |    9|          2|   19|         38|
    |ap_return_62         |    9|          2|   19|         38|
    |ap_return_63         |    9|          2|   19|         38|
    |ap_return_7          |    9|          2|   19|         38|
    |ap_return_8          |    9|          2|   19|         38|
    |ap_return_9          |    9|          2|   19|         38|
    |ii_fu_638            |    9|          2|    7|         14|
    |qh_state_V_address0  |  286|         66|    6|        396|
    |qh_state_V_address1  |  273|         64|    6|        384|
    |qh_state_V_ce0       |   14|          3|    1|          3|
    |qh_state_V_d0        |  152|         33|    8|        264|
    |qh_state_V_d1        |  152|         33|    8|        264|
    +---------------------+-----+-----------+-----+-----------+
    |Total                | 1819|        406| 1253|       3834|
    +---------------------+-----+-----------+-----+-----------+

    * Register: 
    +-----------------------------------------------------------------------------------------------+-----+----+-----+-----------+
    |                                              Name                                             |  FF | LUT| Bits| Const Bits|
    +-----------------------------------------------------------------------------------------------+-----+----+-----+-----------+
    |add_ln485_reg_32538                                                                            |    7|   0|    7|          0|
    |ap_CS_fsm                                                                                      |   76|   0|   76|          0|
    |ap_return_0_preg                                                                               |   19|   0|   19|          0|
    |ap_return_10_preg                                                                              |   19|   0|   19|          0|
    |ap_return_11_preg                                                                              |   19|   0|   19|          0|
    |ap_return_12_preg                                                                              |   19|   0|   19|          0|
    |ap_return_13_preg                                                                              |   19|   0|   19|          0|
    |ap_return_14_preg                                                                              |   19|   0|   19|          0|
    |ap_return_15_preg                                                                              |   19|   0|   19|          0|
    |ap_return_16_preg                                                                              |   19|   0|   19|          0|
    |ap_return_17_preg                                                                              |   19|   0|   19|          0|
    |ap_return_18_preg                                                                              |   19|   0|   19|          0|
    |ap_return_19_preg                                                                              |   19|   0|   19|          0|
    |ap_return_1_preg                                                                               |   19|   0|   19|          0|
    |ap_return_20_preg                                                                              |   19|   0|   19|          0|
    |ap_return_21_preg                                                                              |   19|   0|   19|          0|
    |ap_return_22_preg                                                                              |   19|   0|   19|          0|
    |ap_return_23_preg                                                                              |   19|   0|   19|          0|
    |ap_return_24_preg                                                                              |   19|   0|   19|          0|
    |ap_return_25_preg                                                                              |   19|   0|   19|          0|
    |ap_return_26_preg                                                                              |   19|   0|   19|          0|
    |ap_return_27_preg                                                                              |   19|   0|   19|          0|
    |ap_return_28_preg                                                                              |   19|   0|   19|          0|
    |ap_return_29_preg                                                                              |   19|   0|   19|          0|
    |ap_return_2_preg                                                                               |   19|   0|   19|          0|
    |ap_return_30_preg                                                                              |   19|   0|   19|          0|
    |ap_return_31_preg                                                                              |   19|   0|   19|          0|
    |ap_return_32_preg                                                                              |   19|   0|   19|          0|
    |ap_return_33_preg                                                                              |   19|   0|   19|          0|
    |ap_return_34_preg                                                                              |   19|   0|   19|          0|
    |ap_return_35_preg                                                                              |   19|   0|   19|          0|
    |ap_return_36_preg                                                                              |   19|   0|   19|          0|
    |ap_return_37_preg                                                                              |   19|   0|   19|          0|
    |ap_return_38_preg                                                                              |   19|   0|   19|          0|
    |ap_return_39_preg                                                                              |   19|   0|   19|          0|
    |ap_return_3_preg                                                                               |   19|   0|   19|          0|
    |ap_return_40_preg                                                                              |   19|   0|   19|          0|
    |ap_return_41_preg                                                                              |   19|   0|   19|          0|
    |ap_return_42_preg                                                                              |   19|   0|   19|          0|
    |ap_return_43_preg                                                                              |   19|   0|   19|          0|
    |ap_return_44_preg                                                                              |   19|   0|   19|          0|
    |ap_return_45_preg                                                                              |   19|   0|   19|          0|
    |ap_return_46_preg                                                                              |   19|   0|   19|          0|
    |ap_return_47_preg                                                                              |   19|   0|   19|          0|
    |ap_return_48_preg                                                                              |   19|   0|   19|          0|
    |ap_return_49_preg                                                                              |   19|   0|   19|          0|
    |ap_return_4_preg                                                                               |   19|   0|   19|          0|
    |ap_return_50_preg                                                                              |   19|   0|   19|          0|
    |ap_return_51_preg                                                                              |   19|   0|   19|          0|
    |ap_return_52_preg                                                                              |   19|   0|   19|          0|
    |ap_return_53_preg                                                                              |   19|   0|   19|          0|
    |ap_return_54_preg                                                                              |   19|   0|   19|          0|
    |ap_return_55_preg                                                                              |   19|   0|   19|          0|
    |ap_return_56_preg                                                                              |   19|   0|   19|          0|
    |ap_return_57_preg                                                                              |   19|   0|   19|          0|
    |ap_return_58_preg                                                                              |   19|   0|   19|          0|
    |ap_return_59_preg                                                                              |   19|   0|   19|          0|
    |ap_return_5_preg                                                                               |   19|   0|   19|          0|
    |ap_return_60_preg                                                                              |   19|   0|   19|          0|
    |ap_return_61_preg                                                                              |   19|   0|   19|          0|
    |ap_return_62_preg                                                                              |   19|   0|   19|          0|
    |ap_return_63_preg                                                                              |   19|   0|   19|          0|
    |ap_return_6_preg                                                                               |   19|   0|   19|          0|
    |ap_return_7_preg                                                                               |   19|   0|   19|          0|
    |ap_return_8_preg                                                                               |   19|   0|   19|          0|
    |ap_return_9_preg                                                                               |   19|   0|   19|          0|
    |grp_dense_resource_ap_fixed_16_6_5_3_0_ap_fixed_22_11_5_3_0_config10_1_s_fu_1819_ap_start_reg  |    1|   0|    1|          0|
    |grp_dense_resource_ap_fixed_8_3_4_0_0_ap_fixed_22_11_5_3_0_config10_2_s_fu_1827_ap_start_reg   |    1|   0|    1|          0|
    |ii_fu_638                                                                                      |    7|   0|    7|          0|
    |inputacc_h_V_10_reg_32265                                                                      |   30|   0|   30|          0|
    |inputacc_h_V_11_reg_32270                                                                      |   30|   0|   30|          0|
    |inputacc_h_V_12_reg_32275                                                                      |   30|   0|   30|          0|
    |inputacc_h_V_13_reg_32280                                                                      |   30|   0|   30|          0|
    |inputacc_h_V_14_reg_32285                                                                      |   30|   0|   30|          0|
    |inputacc_h_V_15_reg_32290                                                                      |   30|   0|   30|          0|
    |inputacc_h_V_16_reg_32295                                                                      |   30|   0|   30|          0|
    |inputacc_h_V_17_reg_32300                                                                      |   30|   0|   30|          0|
    |inputacc_h_V_18_reg_32305                                                                      |   30|   0|   30|          0|
    |inputacc_h_V_19_reg_32310                                                                      |   30|   0|   30|          0|
    |inputacc_h_V_1_reg_32220                                                                       |   30|   0|   30|          0|
    |inputacc_h_V_20_reg_32315                                                                      |   30|   0|   30|          0|
    |inputacc_h_V_21_reg_32320                                                                      |   30|   0|   30|          0|
    |inputacc_h_V_22_reg_32325                                                                      |   30|   0|   30|          0|
    |inputacc_h_V_23_reg_32330                                                                      |   30|   0|   30|          0|
    |inputacc_h_V_24_reg_32335                                                                      |   30|   0|   30|          0|
    |inputacc_h_V_25_reg_32340                                                                      |   30|   0|   30|          0|
    |inputacc_h_V_26_reg_32345                                                                      |   30|   0|   30|          0|
    |inputacc_h_V_27_reg_32350                                                                      |   30|   0|   30|          0|
    |inputacc_h_V_28_reg_32355                                                                      |   30|   0|   30|          0|
    |inputacc_h_V_29_reg_32360                                                                      |   30|   0|   30|          0|
    |inputacc_h_V_2_reg_32225                                                                       |   30|   0|   30|          0|
    |inputacc_h_V_30_reg_32365                                                                      |   30|   0|   30|          0|
    |inputacc_h_V_31_reg_32370                                                                      |   30|   0|   30|          0|
    |inputacc_h_V_32_reg_32375                                                                      |   30|   0|   30|          0|
    |inputacc_h_V_33_reg_32380                                                                      |   30|   0|   30|          0|
    |inputacc_h_V_34_reg_32385                                                                      |   30|   0|   30|          0|
    |inputacc_h_V_35_reg_32390                                                                      |   30|   0|   30|          0|
    |inputacc_h_V_36_reg_32395                                                                      |   30|   0|   30|          0|
    |inputacc_h_V_37_reg_32400                                                                      |   30|   0|   30|          0|
    |inputacc_h_V_38_reg_32405                                                                      |   30|   0|   30|          0|
    |inputacc_h_V_39_reg_32410                                                                      |   30|   0|   30|          0|
    |inputacc_h_V_3_reg_32230                                                                       |   30|   0|   30|          0|
    |inputacc_h_V_40_reg_32415                                                                      |   30|   0|   30|          0|
    |inputacc_h_V_41_reg_32420                                                                      |   30|   0|   30|          0|
    |inputacc_h_V_42_reg_32425                                                                      |   30|   0|   30|          0|
    |inputacc_h_V_43_reg_32430                                                                      |   30|   0|   30|          0|
    |inputacc_h_V_44_reg_32435                                                                      |   30|   0|   30|          0|
    |inputacc_h_V_45_reg_32440                                                                      |   30|   0|   30|          0|
    |inputacc_h_V_46_reg_32445                                                                      |   30|   0|   30|          0|
    |inputacc_h_V_47_reg_32450                                                                      |   30|   0|   30|          0|
    |inputacc_h_V_48_reg_32455                                                                      |   30|   0|   30|          0|
    |inputacc_h_V_49_reg_32460                                                                      |   30|   0|   30|          0|
    |inputacc_h_V_4_reg_32235                                                                       |   30|   0|   30|          0|
    |inputacc_h_V_50_reg_32465                                                                      |   30|   0|   30|          0|
    |inputacc_h_V_51_reg_32470                                                                      |   30|   0|   30|          0|
    |inputacc_h_V_52_reg_32475                                                                      |   30|   0|   30|          0|
    |inputacc_h_V_53_reg_32480                                                                      |   30|   0|   30|          0|
    |inputacc_h_V_54_reg_32485                                                                      |   30|   0|   30|          0|
    |inputacc_h_V_55_reg_32490                                                                      |   30|   0|   30|          0|
    |inputacc_h_V_56_reg_32495                                                                      |   30|   0|   30|          0|
    |inputacc_h_V_57_reg_32500                                                                      |   30|   0|   30|          0|
    |inputacc_h_V_58_reg_32505                                                                      |   30|   0|   30|          0|
    |inputacc_h_V_59_reg_32510                                                                      |   30|   0|   30|          0|
    |inputacc_h_V_5_reg_32240                                                                       |   30|   0|   30|          0|
    |inputacc_h_V_60_reg_32515                                                                      |   30|   0|   30|          0|
    |inputacc_h_V_61_reg_32520                                                                      |   30|   0|   30|          0|
    |inputacc_h_V_62_reg_32525                                                                      |   30|   0|   30|          0|
    |inputacc_h_V_63_reg_32530                                                                      |   30|   0|   30|          0|
    |inputacc_h_V_6_reg_32245                                                                       |   30|   0|   30|          0|
    |inputacc_h_V_7_reg_32250                                                                       |   30|   0|   30|          0|
    |inputacc_h_V_8_reg_32255                                                                       |   30|   0|   30|          0|
    |inputacc_h_V_9_reg_32260                                                                       |   30|   0|   30|          0|
    |inputacc_h_V_reg_32215                                                                         |   30|   0|   30|          0|
    |inputacc_zr_V_100_reg_30731                                                                    |   22|   0|   22|          0|
    |inputacc_zr_V_101_reg_30736                                                                    |   22|   0|   22|          0|
    |inputacc_zr_V_102_reg_30741                                                                    |   22|   0|   22|          0|
    |inputacc_zr_V_103_reg_30746                                                                    |   22|   0|   22|          0|
    |inputacc_zr_V_104_reg_30751                                                                    |   22|   0|   22|          0|
    |inputacc_zr_V_105_reg_30756                                                                    |   22|   0|   22|          0|
    |inputacc_zr_V_106_reg_30761                                                                    |   22|   0|   22|          0|
    |inputacc_zr_V_107_reg_30766                                                                    |   22|   0|   22|          0|
    |inputacc_zr_V_108_reg_30771                                                                    |   22|   0|   22|          0|
    |inputacc_zr_V_109_reg_30776                                                                    |   22|   0|   22|          0|
    |inputacc_zr_V_10_reg_30281                                                                     |   22|   0|   22|          0|
    |inputacc_zr_V_110_reg_30781                                                                    |   22|   0|   22|          0|
    |inputacc_zr_V_111_reg_30786                                                                    |   22|   0|   22|          0|
    |inputacc_zr_V_112_reg_30791                                                                    |   22|   0|   22|          0|
    |inputacc_zr_V_113_reg_30796                                                                    |   22|   0|   22|          0|
    |inputacc_zr_V_114_reg_30801                                                                    |   22|   0|   22|          0|
    |inputacc_zr_V_115_reg_30806                                                                    |   22|   0|   22|          0|
    |inputacc_zr_V_116_reg_30811                                                                    |   22|   0|   22|          0|
    |inputacc_zr_V_117_reg_30816                                                                    |   22|   0|   22|          0|
    |inputacc_zr_V_118_reg_30821                                                                    |   22|   0|   22|          0|
    |inputacc_zr_V_119_reg_30826                                                                    |   22|   0|   22|          0|
    |inputacc_zr_V_11_reg_30286                                                                     |   22|   0|   22|          0|
    |inputacc_zr_V_120_reg_30831                                                                    |   22|   0|   22|          0|
    |inputacc_zr_V_121_reg_30836                                                                    |   22|   0|   22|          0|
    |inputacc_zr_V_122_reg_30841                                                                    |   22|   0|   22|          0|
    |inputacc_zr_V_123_reg_30846                                                                    |   22|   0|   22|          0|
    |inputacc_zr_V_124_reg_30851                                                                    |   22|   0|   22|          0|
    |inputacc_zr_V_125_reg_30856                                                                    |   22|   0|   22|          0|
    |inputacc_zr_V_126_reg_30861                                                                    |   22|   0|   22|          0|
    |inputacc_zr_V_127_reg_30866                                                                    |   22|   0|   22|          0|
    |inputacc_zr_V_12_reg_30291                                                                     |   22|   0|   22|          0|
    |inputacc_zr_V_13_reg_30296                                                                     |   22|   0|   22|          0|
    |inputacc_zr_V_14_reg_30301                                                                     |   22|   0|   22|          0|
    |inputacc_zr_V_15_reg_30306                                                                     |   22|   0|   22|          0|
    |inputacc_zr_V_16_reg_30311                                                                     |   22|   0|   22|          0|
    |inputacc_zr_V_17_reg_30316                                                                     |   22|   0|   22|          0|
    |inputacc_zr_V_18_reg_30321                                                                     |   22|   0|   22|          0|
    |inputacc_zr_V_19_reg_30326                                                                     |   22|   0|   22|          0|
    |inputacc_zr_V_1_reg_30236                                                                      |   22|   0|   22|          0|
    |inputacc_zr_V_20_reg_30331                                                                     |   22|   0|   22|          0|
    |inputacc_zr_V_21_reg_30336                                                                     |   22|   0|   22|          0|
    |inputacc_zr_V_22_reg_30341                                                                     |   22|   0|   22|          0|
    |inputacc_zr_V_23_reg_30346                                                                     |   22|   0|   22|          0|
    |inputacc_zr_V_24_reg_30351                                                                     |   22|   0|   22|          0|
    |inputacc_zr_V_25_reg_30356                                                                     |   22|   0|   22|          0|
    |inputacc_zr_V_26_reg_30361                                                                     |   22|   0|   22|          0|
    |inputacc_zr_V_27_reg_30366                                                                     |   22|   0|   22|          0|
    |inputacc_zr_V_28_reg_30371                                                                     |   22|   0|   22|          0|
    |inputacc_zr_V_29_reg_30376                                                                     |   22|   0|   22|          0|
    |inputacc_zr_V_2_reg_30241                                                                      |   22|   0|   22|          0|
    |inputacc_zr_V_30_reg_30381                                                                     |   22|   0|   22|          0|
    |inputacc_zr_V_31_reg_30386                                                                     |   22|   0|   22|          0|
    |inputacc_zr_V_32_reg_30391                                                                     |   22|   0|   22|          0|
    |inputacc_zr_V_33_reg_30396                                                                     |   22|   0|   22|          0|
    |inputacc_zr_V_34_reg_30401                                                                     |   22|   0|   22|          0|
    |inputacc_zr_V_35_reg_30406                                                                     |   22|   0|   22|          0|
    |inputacc_zr_V_36_reg_30411                                                                     |   22|   0|   22|          0|
    |inputacc_zr_V_37_reg_30416                                                                     |   22|   0|   22|          0|
    |inputacc_zr_V_38_reg_30421                                                                     |   22|   0|   22|          0|
    |inputacc_zr_V_39_reg_30426                                                                     |   22|   0|   22|          0|
    |inputacc_zr_V_3_reg_30246                                                                      |   22|   0|   22|          0|
    |inputacc_zr_V_40_reg_30431                                                                     |   22|   0|   22|          0|
    |inputacc_zr_V_41_reg_30436                                                                     |   22|   0|   22|          0|
    |inputacc_zr_V_42_reg_30441                                                                     |   22|   0|   22|          0|
    |inputacc_zr_V_43_reg_30446                                                                     |   22|   0|   22|          0|
    |inputacc_zr_V_44_reg_30451                                                                     |   22|   0|   22|          0|
    |inputacc_zr_V_45_reg_30456                                                                     |   22|   0|   22|          0|
    |inputacc_zr_V_46_reg_30461                                                                     |   22|   0|   22|          0|
    |inputacc_zr_V_47_reg_30466                                                                     |   22|   0|   22|          0|
    |inputacc_zr_V_48_reg_30471                                                                     |   22|   0|   22|          0|
    |inputacc_zr_V_49_reg_30476                                                                     |   22|   0|   22|          0|
    |inputacc_zr_V_4_reg_30251                                                                      |   22|   0|   22|          0|
    |inputacc_zr_V_50_reg_30481                                                                     |   22|   0|   22|          0|
    |inputacc_zr_V_51_reg_30486                                                                     |   22|   0|   22|          0|
    |inputacc_zr_V_52_reg_30491                                                                     |   22|   0|   22|          0|
    |inputacc_zr_V_53_reg_30496                                                                     |   22|   0|   22|          0|
    |inputacc_zr_V_54_reg_30501                                                                     |   22|   0|   22|          0|
    |inputacc_zr_V_55_reg_30506                                                                     |   22|   0|   22|          0|
    |inputacc_zr_V_56_reg_30511                                                                     |   22|   0|   22|          0|
    |inputacc_zr_V_57_reg_30516                                                                     |   22|   0|   22|          0|
    |inputacc_zr_V_58_reg_30521                                                                     |   22|   0|   22|          0|
    |inputacc_zr_V_59_reg_30526                                                                     |   22|   0|   22|          0|
    |inputacc_zr_V_5_reg_30256                                                                      |   22|   0|   22|          0|
    |inputacc_zr_V_60_reg_30531                                                                     |   22|   0|   22|          0|
    |inputacc_zr_V_61_reg_30536                                                                     |   22|   0|   22|          0|
    |inputacc_zr_V_62_reg_30541                                                                     |   22|   0|   22|          0|
    |inputacc_zr_V_63_reg_30546                                                                     |   22|   0|   22|          0|
    |inputacc_zr_V_64_reg_30551                                                                     |   22|   0|   22|          0|
    |inputacc_zr_V_65_reg_30556                                                                     |   22|   0|   22|          0|
    |inputacc_zr_V_66_reg_30561                                                                     |   22|   0|   22|          0|
    |inputacc_zr_V_67_reg_30566                                                                     |   22|   0|   22|          0|
    |inputacc_zr_V_68_reg_30571                                                                     |   22|   0|   22|          0|
    |inputacc_zr_V_69_reg_30576                                                                     |   22|   0|   22|          0|
    |inputacc_zr_V_6_reg_30261                                                                      |   22|   0|   22|          0|
    |inputacc_zr_V_70_reg_30581                                                                     |   22|   0|   22|          0|
    |inputacc_zr_V_71_reg_30586                                                                     |   22|   0|   22|          0|
    |inputacc_zr_V_72_reg_30591                                                                     |   22|   0|   22|          0|
    |inputacc_zr_V_73_reg_30596                                                                     |   22|   0|   22|          0|
    |inputacc_zr_V_74_reg_30601                                                                     |   22|   0|   22|          0|
    |inputacc_zr_V_75_reg_30606                                                                     |   22|   0|   22|          0|
    |inputacc_zr_V_76_reg_30611                                                                     |   22|   0|   22|          0|
    |inputacc_zr_V_77_reg_30616                                                                     |   22|   0|   22|          0|
    |inputacc_zr_V_78_reg_30621                                                                     |   22|   0|   22|          0|
    |inputacc_zr_V_79_reg_30626                                                                     |   22|   0|   22|          0|
    |inputacc_zr_V_7_reg_30266                                                                      |   22|   0|   22|          0|
    |inputacc_zr_V_80_reg_30631                                                                     |   22|   0|   22|          0|
    |inputacc_zr_V_81_reg_30636                                                                     |   22|   0|   22|          0|
    |inputacc_zr_V_82_reg_30641                                                                     |   22|   0|   22|          0|
    |inputacc_zr_V_83_reg_30646                                                                     |   22|   0|   22|          0|
    |inputacc_zr_V_84_reg_30651                                                                     |   22|   0|   22|          0|
    |inputacc_zr_V_85_reg_30656                                                                     |   22|   0|   22|          0|
    |inputacc_zr_V_86_reg_30661                                                                     |   22|   0|   22|          0|
    |inputacc_zr_V_87_reg_30666                                                                     |   22|   0|   22|          0|
    |inputacc_zr_V_88_reg_30671                                                                     |   22|   0|   22|          0|
    |inputacc_zr_V_89_reg_30676                                                                     |   22|   0|   22|          0|
    |inputacc_zr_V_8_reg_30271                                                                      |   22|   0|   22|          0|
    |inputacc_zr_V_90_reg_30681                                                                     |   22|   0|   22|          0|
    |inputacc_zr_V_91_reg_30686                                                                     |   22|   0|   22|          0|
    |inputacc_zr_V_92_reg_30691                                                                     |   22|   0|   22|          0|
    |inputacc_zr_V_93_reg_30696                                                                     |   22|   0|   22|          0|
    |inputacc_zr_V_94_reg_30701                                                                     |   22|   0|   22|          0|
    |inputacc_zr_V_95_reg_30706                                                                     |   22|   0|   22|          0|
    |inputacc_zr_V_96_reg_30711                                                                     |   22|   0|   22|          0|
    |inputacc_zr_V_97_reg_30716                                                                     |   22|   0|   22|          0|
    |inputacc_zr_V_98_reg_30721                                                                     |   22|   0|   22|          0|
    |inputacc_zr_V_99_reg_30726                                                                     |   22|   0|   22|          0|
    |inputacc_zr_V_9_reg_30276                                                                      |   22|   0|   22|          0|
    |inputacc_zr_V_reg_30231                                                                        |   22|   0|   22|          0|
    |p_ZZN4nnet10gru_staticI8ap_fixedILi16ELi6EL9ap_q_mode5EL9ap_o_mode3ELi0EES1_ILi19              |   17|   0|   17|          0|
    |p_ZZN4nnet10gru_staticI8ap_fixedILi16ELi6EL9ap_q_mode5EL9ap_o_mode3ELi0EES1_ILi19_1            |   17|   0|   17|          0|
    |p_ZZN4nnet10gru_staticI8ap_fixedILi16ELi6EL9ap_q_mode5EL9ap_o_mode3ELi0EES1_ILi19_10           |   17|   0|   17|          0|
    |p_ZZN4nnet10gru_staticI8ap_fixedILi16ELi6EL9ap_q_mode5EL9ap_o_mode3ELi0EES1_ILi19_11           |   17|   0|   17|          0|
    |p_ZZN4nnet10gru_staticI8ap_fixedILi16ELi6EL9ap_q_mode5EL9ap_o_mode3ELi0EES1_ILi19_12           |   17|   0|   17|          0|
    |p_ZZN4nnet10gru_staticI8ap_fixedILi16ELi6EL9ap_q_mode5EL9ap_o_mode3ELi0EES1_ILi19_13           |   17|   0|   17|          0|
    |p_ZZN4nnet10gru_staticI8ap_fixedILi16ELi6EL9ap_q_mode5EL9ap_o_mode3ELi0EES1_ILi19_14           |   17|   0|   17|          0|
    |p_ZZN4nnet10gru_staticI8ap_fixedILi16ELi6EL9ap_q_mode5EL9ap_o_mode3ELi0EES1_ILi19_15           |   17|   0|   17|          0|
    |p_ZZN4nnet10gru_staticI8ap_fixedILi16ELi6EL9ap_q_mode5EL9ap_o_mode3ELi0EES1_ILi19_16           |   17|   0|   17|          0|
    |p_ZZN4nnet10gru_staticI8ap_fixedILi16ELi6EL9ap_q_mode5EL9ap_o_mode3ELi0EES1_ILi19_17           |   17|   0|   17|          0|
    |p_ZZN4nnet10gru_staticI8ap_fixedILi16ELi6EL9ap_q_mode5EL9ap_o_mode3ELi0EES1_ILi19_18           |   17|   0|   17|          0|
    |p_ZZN4nnet10gru_staticI8ap_fixedILi16ELi6EL9ap_q_mode5EL9ap_o_mode3ELi0EES1_ILi19_19           |   17|   0|   17|          0|
    |p_ZZN4nnet10gru_staticI8ap_fixedILi16ELi6EL9ap_q_mode5EL9ap_o_mode3ELi0EES1_ILi19_2            |   17|   0|   17|          0|
    |p_ZZN4nnet10gru_staticI8ap_fixedILi16ELi6EL9ap_q_mode5EL9ap_o_mode3ELi0EES1_ILi19_20           |   17|   0|   17|          0|
    |p_ZZN4nnet10gru_staticI8ap_fixedILi16ELi6EL9ap_q_mode5EL9ap_o_mode3ELi0EES1_ILi19_21           |   17|   0|   17|          0|
    |p_ZZN4nnet10gru_staticI8ap_fixedILi16ELi6EL9ap_q_mode5EL9ap_o_mode3ELi0EES1_ILi19_22           |   17|   0|   17|          0|
    |p_ZZN4nnet10gru_staticI8ap_fixedILi16ELi6EL9ap_q_mode5EL9ap_o_mode3ELi0EES1_ILi19_23           |   17|   0|   17|          0|
    |p_ZZN4nnet10gru_staticI8ap_fixedILi16ELi6EL9ap_q_mode5EL9ap_o_mode3ELi0EES1_ILi19_24           |   17|   0|   17|          0|
    |p_ZZN4nnet10gru_staticI8ap_fixedILi16ELi6EL9ap_q_mode5EL9ap_o_mode3ELi0EES1_ILi19_25           |   17|   0|   17|          0|
    |p_ZZN4nnet10gru_staticI8ap_fixedILi16ELi6EL9ap_q_mode5EL9ap_o_mode3ELi0EES1_ILi19_26           |   17|   0|   17|          0|
    |p_ZZN4nnet10gru_staticI8ap_fixedILi16ELi6EL9ap_q_mode5EL9ap_o_mode3ELi0EES1_ILi19_27           |   17|   0|   17|          0|
    |p_ZZN4nnet10gru_staticI8ap_fixedILi16ELi6EL9ap_q_mode5EL9ap_o_mode3ELi0EES1_ILi19_28           |   17|   0|   17|          0|
    |p_ZZN4nnet10gru_staticI8ap_fixedILi16ELi6EL9ap_q_mode5EL9ap_o_mode3ELi0EES1_ILi19_29           |   17|   0|   17|          0|
    |p_ZZN4nnet10gru_staticI8ap_fixedILi16ELi6EL9ap_q_mode5EL9ap_o_mode3ELi0EES1_ILi19_3            |   17|   0|   17|          0|
    |p_ZZN4nnet10gru_staticI8ap_fixedILi16ELi6EL9ap_q_mode5EL9ap_o_mode3ELi0EES1_ILi19_30           |   17|   0|   17|          0|
    |p_ZZN4nnet10gru_staticI8ap_fixedILi16ELi6EL9ap_q_mode5EL9ap_o_mode3ELi0EES1_ILi19_31           |   17|   0|   17|          0|
    |p_ZZN4nnet10gru_staticI8ap_fixedILi16ELi6EL9ap_q_mode5EL9ap_o_mode3ELi0EES1_ILi19_32           |   17|   0|   17|          0|
    |p_ZZN4nnet10gru_staticI8ap_fixedILi16ELi6EL9ap_q_mode5EL9ap_o_mode3ELi0EES1_ILi19_33           |   17|   0|   17|          0|
    |p_ZZN4nnet10gru_staticI8ap_fixedILi16ELi6EL9ap_q_mode5EL9ap_o_mode3ELi0EES1_ILi19_34           |   17|   0|   17|          0|
    |p_ZZN4nnet10gru_staticI8ap_fixedILi16ELi6EL9ap_q_mode5EL9ap_o_mode3ELi0EES1_ILi19_35           |   17|   0|   17|          0|
    |p_ZZN4nnet10gru_staticI8ap_fixedILi16ELi6EL9ap_q_mode5EL9ap_o_mode3ELi0EES1_ILi19_36           |   17|   0|   17|          0|
    |p_ZZN4nnet10gru_staticI8ap_fixedILi16ELi6EL9ap_q_mode5EL9ap_o_mode3ELi0EES1_ILi19_37           |   17|   0|   17|          0|
    |p_ZZN4nnet10gru_staticI8ap_fixedILi16ELi6EL9ap_q_mode5EL9ap_o_mode3ELi0EES1_ILi19_38           |   17|   0|   17|          0|
    |p_ZZN4nnet10gru_staticI8ap_fixedILi16ELi6EL9ap_q_mode5EL9ap_o_mode3ELi0EES1_ILi19_39           |   17|   0|   17|          0|
    |p_ZZN4nnet10gru_staticI8ap_fixedILi16ELi6EL9ap_q_mode5EL9ap_o_mode3ELi0EES1_ILi19_4            |   17|   0|   17|          0|
    |p_ZZN4nnet10gru_staticI8ap_fixedILi16ELi6EL9ap_q_mode5EL9ap_o_mode3ELi0EES1_ILi19_40           |   17|   0|   17|          0|
    |p_ZZN4nnet10gru_staticI8ap_fixedILi16ELi6EL9ap_q_mode5EL9ap_o_mode3ELi0EES1_ILi19_41           |   17|   0|   17|          0|
    |p_ZZN4nnet10gru_staticI8ap_fixedILi16ELi6EL9ap_q_mode5EL9ap_o_mode3ELi0EES1_ILi19_42           |   17|   0|   17|          0|
    |p_ZZN4nnet10gru_staticI8ap_fixedILi16ELi6EL9ap_q_mode5EL9ap_o_mode3ELi0EES1_ILi19_43           |   17|   0|   17|          0|
    |p_ZZN4nnet10gru_staticI8ap_fixedILi16ELi6EL9ap_q_mode5EL9ap_o_mode3ELi0EES1_ILi19_44           |   17|   0|   17|          0|
    |p_ZZN4nnet10gru_staticI8ap_fixedILi16ELi6EL9ap_q_mode5EL9ap_o_mode3ELi0EES1_ILi19_45           |   17|   0|   17|          0|
    |p_ZZN4nnet10gru_staticI8ap_fixedILi16ELi6EL9ap_q_mode5EL9ap_o_mode3ELi0EES1_ILi19_46           |   17|   0|   17|          0|
    |p_ZZN4nnet10gru_staticI8ap_fixedILi16ELi6EL9ap_q_mode5EL9ap_o_mode3ELi0EES1_ILi19_47           |   17|   0|   17|          0|
    |p_ZZN4nnet10gru_staticI8ap_fixedILi16ELi6EL9ap_q_mode5EL9ap_o_mode3ELi0EES1_ILi19_48           |   17|   0|   17|          0|
    |p_ZZN4nnet10gru_staticI8ap_fixedILi16ELi6EL9ap_q_mode5EL9ap_o_mode3ELi0EES1_ILi19_49           |   17|   0|   17|          0|
    |p_ZZN4nnet10gru_staticI8ap_fixedILi16ELi6EL9ap_q_mode5EL9ap_o_mode3ELi0EES1_ILi19_5            |   17|   0|   17|          0|
    |p_ZZN4nnet10gru_staticI8ap_fixedILi16ELi6EL9ap_q_mode5EL9ap_o_mode3ELi0EES1_ILi19_50           |   17|   0|   17|          0|
    |p_ZZN4nnet10gru_staticI8ap_fixedILi16ELi6EL9ap_q_mode5EL9ap_o_mode3ELi0EES1_ILi19_51           |   17|   0|   17|          0|
    |p_ZZN4nnet10gru_staticI8ap_fixedILi16ELi6EL9ap_q_mode5EL9ap_o_mode3ELi0EES1_ILi19_52           |   17|   0|   17|          0|
    |p_ZZN4nnet10gru_staticI8ap_fixedILi16ELi6EL9ap_q_mode5EL9ap_o_mode3ELi0EES1_ILi19_53           |   17|   0|   17|          0|
    |p_ZZN4nnet10gru_staticI8ap_fixedILi16ELi6EL9ap_q_mode5EL9ap_o_mode3ELi0EES1_ILi19_6            |   17|   0|   17|          0|
    |p_ZZN4nnet10gru_staticI8ap_fixedILi16ELi6EL9ap_q_mode5EL9ap_o_mode3ELi0EES1_ILi19_7            |   17|   0|   17|          0|
    |p_ZZN4nnet10gru_staticI8ap_fixedILi16ELi6EL9ap_q_mode5EL9ap_o_mode3ELi0EES1_ILi19_8            |   17|   0|   17|          0|
    |p_ZZN4nnet10gru_staticI8ap_fixedILi16ELi6EL9ap_q_mode5EL9ap_o_mode3ELi0EES1_ILi19_9            |   17|   0|   17|          0|
    |r_V_255_fu_642                                                                                 |    8|   0|    8|          0|
    |r_V_257_fu_646                                                                                 |    8|   0|    8|          0|
    |r_V_259_fu_650                                                                                 |    8|   0|    8|          0|
    |r_V_261_fu_654                                                                                 |    8|   0|    8|          0|
    |r_V_263_fu_658                                                                                 |    8|   0|    8|          0|
    |r_V_265_fu_662                                                                                 |    8|   0|    8|          0|
    |r_V_267_fu_666                                                                                 |    8|   0|    8|          0|
    |r_V_269_fu_670                                                                                 |    8|   0|    8|          0|
    |r_V_271_fu_674                                                                                 |    8|   0|    8|          0|
    |r_V_273_fu_678                                                                                 |    8|   0|    8|          0|
    |r_V_275_fu_682                                                                                 |    8|   0|    8|          0|
    |r_V_277_fu_686                                                                                 |    8|   0|    8|          0|
    |r_V_279_fu_690                                                                                 |    8|   0|    8|          0|
    |r_V_281_fu_694                                                                                 |    8|   0|    8|          0|
    |r_V_283_fu_698                                                                                 |    8|   0|    8|          0|
    |r_V_285_fu_702                                                                                 |    8|   0|    8|          0|
    |r_V_287_fu_706                                                                                 |    8|   0|    8|          0|
    |r_V_289_fu_710                                                                                 |    8|   0|    8|          0|
    |r_V_291_fu_714                                                                                 |    8|   0|    8|          0|
    |r_V_293_fu_718                                                                                 |    8|   0|    8|          0|
    |r_V_295_fu_722                                                                                 |    8|   0|    8|          0|
    |r_V_297_fu_726                                                                                 |    8|   0|    8|          0|
    |r_V_299_fu_730                                                                                 |    8|   0|    8|          0|
    |r_V_301_fu_734                                                                                 |    8|   0|    8|          0|
    |r_V_303_fu_738                                                                                 |    8|   0|    8|          0|
    |r_V_305_fu_742                                                                                 |    8|   0|    8|          0|
    |r_V_307_fu_746                                                                                 |    8|   0|    8|          0|
    |r_V_309_fu_750                                                                                 |    8|   0|    8|          0|
    |r_V_311_fu_754                                                                                 |    8|   0|    8|          0|
    |r_V_313_fu_758                                                                                 |    8|   0|    8|          0|
    |r_V_315_fu_762                                                                                 |    8|   0|    8|          0|
    |r_V_317_fu_766                                                                                 |    8|   0|    8|          0|
    |r_V_319_fu_770                                                                                 |    8|   0|    8|          0|
    |r_V_321_fu_774                                                                                 |    8|   0|    8|          0|
    |r_V_323_fu_778                                                                                 |    8|   0|    8|          0|
    |r_V_325_fu_782                                                                                 |    8|   0|    8|          0|
    |r_V_327_fu_786                                                                                 |    8|   0|    8|          0|
    |r_V_329_fu_790                                                                                 |    8|   0|    8|          0|
    |r_V_331_fu_794                                                                                 |    8|   0|    8|          0|
    |r_V_333_fu_798                                                                                 |    8|   0|    8|          0|
    |r_V_335_fu_802                                                                                 |    8|   0|    8|          0|
    |r_V_337_fu_806                                                                                 |    8|   0|    8|          0|
    |r_V_339_fu_810                                                                                 |    8|   0|    8|          0|
    |r_V_341_fu_814                                                                                 |    8|   0|    8|          0|
    |r_V_343_fu_818                                                                                 |    8|   0|    8|          0|
    |r_V_345_fu_822                                                                                 |    8|   0|    8|          0|
    |r_V_347_fu_826                                                                                 |    8|   0|    8|          0|
    |r_V_349_fu_830                                                                                 |    8|   0|    8|          0|
    |r_V_351_fu_834                                                                                 |    8|   0|    8|          0|
    |r_V_353_fu_838                                                                                 |    8|   0|    8|          0|
    |r_V_355_fu_842                                                                                 |    8|   0|    8|          0|
    |r_V_357_fu_846                                                                                 |    8|   0|    8|          0|
    |r_V_359_fu_850                                                                                 |    8|   0|    8|          0|
    |r_V_361_fu_854                                                                                 |    8|   0|    8|          0|
    |r_V_363_fu_858                                                                                 |    8|   0|    8|          0|
    |r_V_365_fu_862                                                                                 |    8|   0|    8|          0|
    |r_V_367_fu_866                                                                                 |    8|   0|    8|          0|
    |r_V_369_fu_870                                                                                 |    8|   0|    8|          0|
    |r_V_371_fu_874                                                                                 |    8|   0|    8|          0|
    |r_V_373_fu_878                                                                                 |    8|   0|    8|          0|
    |r_V_375_fu_882                                                                                 |    8|   0|    8|          0|
    |r_V_377_fu_886                                                                                 |    8|   0|    8|          0|
    |r_V_379_fu_890                                                                                 |    8|   0|    8|          0|
    |r_V_381_fu_894                                                                                 |    8|   0|    8|          0|
    |r_V_704_reg_32562                                                                              |    8|   0|    8|          0|
    |r_V_707_reg_32567                                                                              |    8|   0|    8|          0|
    |r_V_710_reg_32572                                                                              |    8|   0|    8|          0|
    |r_V_713_reg_32577                                                                              |    8|   0|    8|          0|
    |r_V_716_reg_32582                                                                              |    8|   0|    8|          0|
    |r_V_719_reg_32587                                                                              |    8|   0|    8|          0|
    |r_V_722_reg_32592                                                                              |    8|   0|    8|          0|
    |r_V_725_reg_32597                                                                              |    8|   0|    8|          0|
    |r_V_728_reg_32602                                                                              |    8|   0|    8|          0|
    |r_V_731_reg_32607                                                                              |    8|   0|    8|          0|
    |r_V_734_reg_32612                                                                              |    8|   0|    8|          0|
    |r_V_737_reg_32617                                                                              |    8|   0|    8|          0|
    |r_V_740_reg_32622                                                                              |    8|   0|    8|          0|
    |r_V_743_reg_32627                                                                              |    8|   0|    8|          0|
    |r_V_746_reg_32632                                                                              |    8|   0|    8|          0|
    |r_V_749_reg_32637                                                                              |    8|   0|    8|          0|
    |r_V_752_reg_32642                                                                              |    8|   0|    8|          0|
    |r_V_755_reg_32647                                                                              |    8|   0|    8|          0|
    |r_V_758_reg_32652                                                                              |    8|   0|    8|          0|
    |r_V_761_reg_32657                                                                              |    8|   0|    8|          0|
    |r_V_764_reg_32662                                                                              |    8|   0|    8|          0|
    |r_V_767_reg_32667                                                                              |    8|   0|    8|          0|
    |r_V_770_reg_32672                                                                              |    8|   0|    8|          0|
    |r_V_773_reg_32677                                                                              |    8|   0|    8|          0|
    |r_V_776_reg_32682                                                                              |    8|   0|    8|          0|
    |r_V_779_reg_32687                                                                              |    8|   0|    8|          0|
    |r_V_782_reg_32692                                                                              |    8|   0|    8|          0|
    |r_V_785_reg_32697                                                                              |    8|   0|    8|          0|
    |r_V_788_reg_32702                                                                              |    8|   0|    8|          0|
    |r_V_791_reg_32707                                                                              |    8|   0|    8|          0|
    |r_V_794_reg_32712                                                                              |    8|   0|    8|          0|
    |r_V_797_reg_32717                                                                              |    8|   0|    8|          0|
    |r_V_800_reg_32722                                                                              |    8|   0|    8|          0|
    |r_V_803_reg_32727                                                                              |    8|   0|    8|          0|
    |r_V_806_reg_32732                                                                              |    8|   0|    8|          0|
    |r_V_809_reg_32737                                                                              |    8|   0|    8|          0|
    |r_V_812_reg_32742                                                                              |    8|   0|    8|          0|
    |r_V_815_reg_32747                                                                              |    8|   0|    8|          0|
    |r_V_818_reg_32752                                                                              |    8|   0|    8|          0|
    |r_V_821_reg_32757                                                                              |    8|   0|    8|          0|
    |r_V_824_reg_32762                                                                              |    8|   0|    8|          0|
    |r_V_827_reg_32767                                                                              |    8|   0|    8|          0|
    |r_V_830_reg_32772                                                                              |    8|   0|    8|          0|
    |r_V_833_reg_32777                                                                              |    8|   0|    8|          0|
    |r_V_836_reg_32782                                                                              |    8|   0|    8|          0|
    |r_V_839_reg_32787                                                                              |    8|   0|    8|          0|
    |r_V_842_reg_32792                                                                              |    8|   0|    8|          0|
    |r_V_845_reg_32797                                                                              |    8|   0|    8|          0|
    |r_V_848_reg_32802                                                                              |    8|   0|    8|          0|
    |r_V_851_reg_32807                                                                              |    8|   0|    8|          0|
    |r_V_854_reg_32812                                                                              |    8|   0|    8|          0|
    |r_V_857_reg_32817                                                                              |    8|   0|    8|          0|
    |r_V_860_reg_32822                                                                              |    8|   0|    8|          0|
    |r_V_863_reg_32827                                                                              |    8|   0|    8|          0|
    |r_V_866_reg_32832                                                                              |    8|   0|    8|          0|
    |r_V_869_reg_32837                                                                              |    8|   0|    8|          0|
    |r_V_872_reg_32842                                                                              |    8|   0|    8|          0|
    |r_V_875_reg_33427                                                                              |    8|   0|    8|          0|
    |r_V_878_reg_33442                                                                              |    8|   0|    8|          0|
    |r_V_881_reg_33497                                                                              |    8|   0|    8|          0|
    |r_V_884_reg_33502                                                                              |    8|   0|    8|          0|
    |r_V_893_reg_29575                                                                              |    8|   0|    8|          0|
    |select_ln346_131_reg_28955                                                                     |    8|   0|    8|          0|
    |select_ln346_132_reg_28970                                                                     |    8|   0|    8|          0|
    |select_ln346_133_reg_28975                                                                     |    8|   0|    8|          0|
    |select_ln346_134_reg_28990                                                                     |    8|   0|    8|          0|
    |select_ln346_135_reg_28995                                                                     |    8|   0|    8|          0|
    |select_ln346_136_reg_29010                                                                     |    8|   0|    8|          0|
    |select_ln346_137_reg_29015                                                                     |    8|   0|    8|          0|
    |select_ln346_138_reg_29030                                                                     |    8|   0|    8|          0|
    |select_ln346_139_reg_29035                                                                     |    8|   0|    8|          0|
    |select_ln346_140_reg_29050                                                                     |    8|   0|    8|          0|
    |select_ln346_141_reg_29055                                                                     |    8|   0|    8|          0|
    |select_ln346_142_reg_29070                                                                     |    8|   0|    8|          0|
    |select_ln346_143_reg_29075                                                                     |    8|   0|    8|          0|
    |select_ln346_144_reg_29090                                                                     |    8|   0|    8|          0|
    |select_ln346_145_reg_29095                                                                     |    8|   0|    8|          0|
    |select_ln346_146_reg_29110                                                                     |    8|   0|    8|          0|
    |select_ln346_147_reg_29115                                                                     |    8|   0|    8|          0|
    |select_ln346_148_reg_29130                                                                     |    8|   0|    8|          0|
    |select_ln346_149_reg_29135                                                                     |    8|   0|    8|          0|
    |select_ln346_150_reg_29150                                                                     |    8|   0|    8|          0|
    |select_ln346_151_reg_29155                                                                     |    8|   0|    8|          0|
    |select_ln346_152_reg_29170                                                                     |    8|   0|    8|          0|
    |select_ln346_153_reg_29175                                                                     |    8|   0|    8|          0|
    |select_ln346_154_reg_29190                                                                     |    8|   0|    8|          0|
    |select_ln346_155_reg_29195                                                                     |    8|   0|    8|          0|
    |select_ln346_156_reg_29210                                                                     |    8|   0|    8|          0|
    |select_ln346_157_reg_29215                                                                     |    8|   0|    8|          0|
    |select_ln346_158_reg_29230                                                                     |    8|   0|    8|          0|
    |select_ln346_159_reg_29235                                                                     |    8|   0|    8|          0|
    |select_ln346_160_reg_29250                                                                     |    8|   0|    8|          0|
    |select_ln346_161_reg_29255                                                                     |    8|   0|    8|          0|
    |select_ln346_162_reg_29270                                                                     |    8|   0|    8|          0|
    |select_ln346_163_reg_29275                                                                     |    8|   0|    8|          0|
    |select_ln346_164_reg_29290                                                                     |    8|   0|    8|          0|
    |select_ln346_165_reg_29295                                                                     |    8|   0|    8|          0|
    |select_ln346_166_reg_29310                                                                     |    8|   0|    8|          0|
    |select_ln346_167_reg_29315                                                                     |    8|   0|    8|          0|
    |select_ln346_168_reg_29330                                                                     |    8|   0|    8|          0|
    |select_ln346_169_reg_29335                                                                     |    8|   0|    8|          0|
    |select_ln346_170_reg_29350                                                                     |    8|   0|    8|          0|
    |select_ln346_171_reg_29355                                                                     |    8|   0|    8|          0|
    |select_ln346_172_reg_29370                                                                     |    8|   0|    8|          0|
    |select_ln346_173_reg_29375                                                                     |    8|   0|    8|          0|
    |select_ln346_174_reg_29390                                                                     |    8|   0|    8|          0|
    |select_ln346_175_reg_29395                                                                     |    8|   0|    8|          0|
    |select_ln346_176_reg_29410                                                                     |    8|   0|    8|          0|
    |select_ln346_177_reg_29415                                                                     |    8|   0|    8|          0|
    |select_ln346_178_reg_29430                                                                     |    8|   0|    8|          0|
    |select_ln346_179_reg_29435                                                                     |    8|   0|    8|          0|
    |select_ln346_180_reg_29450                                                                     |    8|   0|    8|          0|
    |select_ln346_181_reg_29455                                                                     |    8|   0|    8|          0|
    |select_ln346_182_reg_29470                                                                     |    8|   0|    8|          0|
    |select_ln346_183_reg_29475                                                                     |    8|   0|    8|          0|
    |select_ln346_184_reg_29490                                                                     |    8|   0|    8|          0|
    |select_ln346_185_reg_29495                                                                     |    8|   0|    8|          0|
    |select_ln346_186_reg_29510                                                                     |    8|   0|    8|          0|
    |select_ln346_187_reg_29515                                                                     |    8|   0|    8|          0|
    |select_ln346_188_reg_29530                                                                     |    8|   0|    8|          0|
    |select_ln346_189_reg_29535                                                                     |    8|   0|    8|          0|
    |select_ln346_190_reg_29550                                                                     |    8|   0|    8|          0|
    |select_ln346_191_reg_29555                                                                     |    8|   0|    8|          0|
    |select_ln346_192_reg_29570                                                                     |    8|   0|    8|          0|
    |select_ln346_reg_28950                                                                         |    8|   0|    8|          0|
    |sigmoid_V_1_reg_32547                                                                          |   21|   0|   22|          1|
    |tmp_2322_reg_32555                                                                             |    1|   0|    1|          0|
    |tmpres_V_128_reg_29591                                                                         |   22|   0|   22|          0|
    |tmpres_V_129_reg_29596                                                                         |   22|   0|   22|          0|
    |tmpres_V_130_reg_29601                                                                         |   22|   0|   22|          0|
    |tmpres_V_131_reg_29606                                                                         |   22|   0|   22|          0|
    |tmpres_V_132_reg_29611                                                                         |   22|   0|   22|          0|
    |tmpres_V_133_reg_29616                                                                         |   22|   0|   22|          0|
    |tmpres_V_134_reg_29621                                                                         |   22|   0|   22|          0|
    |tmpres_V_135_reg_29626                                                                         |   22|   0|   22|          0|
    |tmpres_V_136_reg_29631                                                                         |   22|   0|   22|          0|
    |tmpres_V_137_reg_29636                                                                         |   22|   0|   22|          0|
    |tmpres_V_138_reg_29641                                                                         |   22|   0|   22|          0|
    |tmpres_V_139_reg_29646                                                                         |   22|   0|   22|          0|
    |tmpres_V_140_reg_29651                                                                         |   22|   0|   22|          0|
    |tmpres_V_141_reg_29656                                                                         |   22|   0|   22|          0|
    |tmpres_V_142_reg_29661                                                                         |   22|   0|   22|          0|
    |tmpres_V_143_reg_29666                                                                         |   22|   0|   22|          0|
    |tmpres_V_144_reg_29671                                                                         |   22|   0|   22|          0|
    |tmpres_V_145_reg_29676                                                                         |   22|   0|   22|          0|
    |tmpres_V_146_reg_29681                                                                         |   22|   0|   22|          0|
    |tmpres_V_147_reg_29686                                                                         |   22|   0|   22|          0|
    |tmpres_V_148_reg_29691                                                                         |   22|   0|   22|          0|
    |tmpres_V_149_reg_29696                                                                         |   22|   0|   22|          0|
    |tmpres_V_150_reg_29701                                                                         |   22|   0|   22|          0|
    |tmpres_V_151_reg_29706                                                                         |   22|   0|   22|          0|
    |tmpres_V_152_reg_29711                                                                         |   22|   0|   22|          0|
    |tmpres_V_153_reg_29716                                                                         |   22|   0|   22|          0|
    |tmpres_V_154_reg_29721                                                                         |   22|   0|   22|          0|
    |tmpres_V_155_reg_29726                                                                         |   22|   0|   22|          0|
    |tmpres_V_156_reg_29731                                                                         |   22|   0|   22|          0|
    |tmpres_V_157_reg_29736                                                                         |   22|   0|   22|          0|
    |tmpres_V_158_reg_29741                                                                         |   22|   0|   22|          0|
    |tmpres_V_159_reg_29746                                                                         |   22|   0|   22|          0|
    |tmpres_V_160_reg_29751                                                                         |   22|   0|   22|          0|
    |tmpres_V_161_reg_29756                                                                         |   22|   0|   22|          0|
    |tmpres_V_162_reg_29761                                                                         |   22|   0|   22|          0|
    |tmpres_V_163_reg_29766                                                                         |   22|   0|   22|          0|
    |tmpres_V_164_reg_29771                                                                         |   22|   0|   22|          0|
    |tmpres_V_165_reg_29776                                                                         |   22|   0|   22|          0|
    |tmpres_V_166_reg_29781                                                                         |   22|   0|   22|          0|
    |tmpres_V_167_reg_29786                                                                         |   22|   0|   22|          0|
    |tmpres_V_168_reg_29791                                                                         |   22|   0|   22|          0|
    |tmpres_V_169_reg_29796                                                                         |   22|   0|   22|          0|
    |tmpres_V_170_reg_29801                                                                         |   22|   0|   22|          0|
    |tmpres_V_171_reg_29806                                                                         |   22|   0|   22|          0|
    |tmpres_V_172_reg_29811                                                                         |   22|   0|   22|          0|
    |tmpres_V_173_reg_29816                                                                         |   22|   0|   22|          0|
    |tmpres_V_174_reg_29821                                                                         |   22|   0|   22|          0|
    |tmpres_V_175_reg_29826                                                                         |   22|   0|   22|          0|
    |tmpres_V_176_reg_29831                                                                         |   22|   0|   22|          0|
    |tmpres_V_177_reg_29836                                                                         |   22|   0|   22|          0|
    |tmpres_V_178_reg_29841                                                                         |   22|   0|   22|          0|
    |tmpres_V_179_reg_29846                                                                         |   22|   0|   22|          0|
    |tmpres_V_180_reg_29851                                                                         |   22|   0|   22|          0|
    |tmpres_V_181_reg_29856                                                                         |   22|   0|   22|          0|
    |tmpres_V_182_reg_29861                                                                         |   22|   0|   22|          0|
    |tmpres_V_183_reg_29866                                                                         |   22|   0|   22|          0|
    |tmpres_V_184_reg_29871                                                                         |   22|   0|   22|          0|
    |tmpres_V_185_reg_29876                                                                         |   22|   0|   22|          0|
    |tmpres_V_186_reg_29881                                                                         |   22|   0|   22|          0|
    |tmpres_V_187_reg_29886                                                                         |   22|   0|   22|          0|
    |tmpres_V_188_reg_29891                                                                         |   22|   0|   22|          0|
    |tmpres_V_189_reg_29896                                                                         |   22|   0|   22|          0|
    |tmpres_V_190_reg_29901                                                                         |   22|   0|   22|          0|
    |tmpres_V_191_reg_29906                                                                         |   22|   0|   22|          0|
    |tmpres_state_zr_V_128_reg_29911                                                                |   22|   0|   22|          0|
    |tmpres_state_zr_V_129_reg_29916                                                                |   22|   0|   22|          0|
    |tmpres_state_zr_V_130_reg_29921                                                                |   22|   0|   22|          0|
    |tmpres_state_zr_V_131_reg_29926                                                                |   22|   0|   22|          0|
    |tmpres_state_zr_V_132_reg_29931                                                                |   22|   0|   22|          0|
    |tmpres_state_zr_V_133_reg_29936                                                                |   22|   0|   22|          0|
    |tmpres_state_zr_V_134_reg_29941                                                                |   22|   0|   22|          0|
    |tmpres_state_zr_V_135_reg_29946                                                                |   22|   0|   22|          0|
    |tmpres_state_zr_V_136_reg_29951                                                                |   22|   0|   22|          0|
    |tmpres_state_zr_V_137_reg_29956                                                                |   22|   0|   22|          0|
    |tmpres_state_zr_V_138_reg_29961                                                                |   22|   0|   22|          0|
    |tmpres_state_zr_V_139_reg_29966                                                                |   22|   0|   22|          0|
    |tmpres_state_zr_V_140_reg_29971                                                                |   22|   0|   22|          0|
    |tmpres_state_zr_V_141_reg_29976                                                                |   22|   0|   22|          0|
    |tmpres_state_zr_V_142_reg_29981                                                                |   22|   0|   22|          0|
    |tmpres_state_zr_V_143_reg_29986                                                                |   22|   0|   22|          0|
    |tmpres_state_zr_V_144_reg_29991                                                                |   22|   0|   22|          0|
    |tmpres_state_zr_V_145_reg_29996                                                                |   22|   0|   22|          0|
    |tmpres_state_zr_V_146_reg_30001                                                                |   22|   0|   22|          0|
    |tmpres_state_zr_V_147_reg_30006                                                                |   22|   0|   22|          0|
    |tmpres_state_zr_V_148_reg_30011                                                                |   22|   0|   22|          0|
    |tmpres_state_zr_V_149_reg_30016                                                                |   22|   0|   22|          0|
    |tmpres_state_zr_V_150_reg_30021                                                                |   22|   0|   22|          0|
    |tmpres_state_zr_V_151_reg_30026                                                                |   22|   0|   22|          0|
    |tmpres_state_zr_V_152_reg_30031                                                                |   22|   0|   22|          0|
    |tmpres_state_zr_V_153_reg_30036                                                                |   22|   0|   22|          0|
    |tmpres_state_zr_V_154_reg_30041                                                                |   22|   0|   22|          0|
    |tmpres_state_zr_V_155_reg_30046                                                                |   22|   0|   22|          0|
    |tmpres_state_zr_V_156_reg_30051                                                                |   22|   0|   22|          0|
    |tmpres_state_zr_V_157_reg_30056                                                                |   22|   0|   22|          0|
    |tmpres_state_zr_V_158_reg_30061                                                                |   22|   0|   22|          0|
    |tmpres_state_zr_V_159_reg_30066                                                                |   22|   0|   22|          0|
    |tmpres_state_zr_V_160_reg_30071                                                                |   22|   0|   22|          0|
    |tmpres_state_zr_V_161_reg_30076                                                                |   22|   0|   22|          0|
    |tmpres_state_zr_V_162_reg_30081                                                                |   22|   0|   22|          0|
    |tmpres_state_zr_V_163_reg_30086                                                                |   22|   0|   22|          0|
    |tmpres_state_zr_V_164_reg_30091                                                                |   22|   0|   22|          0|
    |tmpres_state_zr_V_165_reg_30096                                                                |   22|   0|   22|          0|
    |tmpres_state_zr_V_166_reg_30101                                                                |   22|   0|   22|          0|
    |tmpres_state_zr_V_167_reg_30106                                                                |   22|   0|   22|          0|
    |tmpres_state_zr_V_168_reg_30111                                                                |   22|   0|   22|          0|
    |tmpres_state_zr_V_169_reg_30116                                                                |   22|   0|   22|          0|
    |tmpres_state_zr_V_170_reg_30121                                                                |   22|   0|   22|          0|
    |tmpres_state_zr_V_171_reg_30126                                                                |   22|   0|   22|          0|
    |tmpres_state_zr_V_172_reg_30131                                                                |   22|   0|   22|          0|
    |tmpres_state_zr_V_173_reg_30136                                                                |   22|   0|   22|          0|
    |tmpres_state_zr_V_174_reg_30141                                                                |   22|   0|   22|          0|
    |tmpres_state_zr_V_175_reg_30146                                                                |   22|   0|   22|          0|
    |tmpres_state_zr_V_176_reg_30151                                                                |   22|   0|   22|          0|
    |tmpres_state_zr_V_177_reg_30156                                                                |   22|   0|   22|          0|
    |tmpres_state_zr_V_178_reg_30161                                                                |   22|   0|   22|          0|
    |tmpres_state_zr_V_179_reg_30166                                                                |   22|   0|   22|          0|
    |tmpres_state_zr_V_180_reg_30171                                                                |   22|   0|   22|          0|
    |tmpres_state_zr_V_181_reg_30176                                                                |   22|   0|   22|          0|
    |tmpres_state_zr_V_182_reg_30181                                                                |   22|   0|   22|          0|
    |tmpres_state_zr_V_183_reg_30186                                                                |   22|   0|   22|          0|
    |tmpres_state_zr_V_184_reg_30191                                                                |   22|   0|   22|          0|
    |tmpres_state_zr_V_185_reg_30196                                                                |   22|   0|   22|          0|
    |tmpres_state_zr_V_186_reg_30201                                                                |   22|   0|   22|          0|
    |tmpres_state_zr_V_187_reg_30206                                                                |   22|   0|   22|          0|
    |tmpres_state_zr_V_188_reg_30211                                                                |   22|   0|   22|          0|
    |tmpres_state_zr_V_189_reg_30216                                                                |   22|   0|   22|          0|
    |tmpres_state_zr_V_190_reg_30221                                                                |   22|   0|   22|          0|
    |tmpres_state_zr_V_191_reg_30226                                                                |   22|   0|   22|          0|
    |tmpres_zr_V_128_reg_30877                                                                      |    8|   0|    8|          0|
    |tmpres_zr_V_129_reg_30883                                                                      |    8|   0|    8|          0|
    |tmpres_zr_V_130_reg_30889                                                                      |    8|   0|    8|          0|
    |tmpres_zr_V_131_reg_30895                                                                      |    8|   0|    8|          0|
    |tmpres_zr_V_132_reg_30901                                                                      |    8|   0|    8|          0|
    |tmpres_zr_V_133_reg_30907                                                                      |    8|   0|    8|          0|
    |tmpres_zr_V_134_reg_30913                                                                      |    8|   0|    8|          0|
    |tmpres_zr_V_135_reg_30919                                                                      |    8|   0|    8|          0|
    |tmpres_zr_V_136_reg_30925                                                                      |    8|   0|    8|          0|
    |tmpres_zr_V_137_reg_30931                                                                      |    8|   0|    8|          0|
    |tmpres_zr_V_138_reg_30937                                                                      |    8|   0|    8|          0|
    |tmpres_zr_V_139_reg_30943                                                                      |    8|   0|    8|          0|
    |tmpres_zr_V_140_reg_30949                                                                      |    8|   0|    8|          0|
    |tmpres_zr_V_141_reg_30955                                                                      |    8|   0|    8|          0|
    |tmpres_zr_V_142_reg_30961                                                                      |    8|   0|    8|          0|
    |tmpres_zr_V_143_reg_30967                                                                      |    8|   0|    8|          0|
    |tmpres_zr_V_144_reg_30973                                                                      |    8|   0|    8|          0|
    |tmpres_zr_V_145_reg_30979                                                                      |    8|   0|    8|          0|
    |tmpres_zr_V_146_reg_30985                                                                      |    8|   0|    8|          0|
    |tmpres_zr_V_147_reg_30991                                                                      |    8|   0|    8|          0|
    |tmpres_zr_V_148_reg_30997                                                                      |    8|   0|    8|          0|
    |tmpres_zr_V_149_reg_31003                                                                      |    8|   0|    8|          0|
    |tmpres_zr_V_150_reg_31009                                                                      |    8|   0|    8|          0|
    |tmpres_zr_V_151_reg_31015                                                                      |    8|   0|    8|          0|
    |tmpres_zr_V_152_reg_31021                                                                      |    8|   0|    8|          0|
    |tmpres_zr_V_153_reg_31027                                                                      |    8|   0|    8|          0|
    |tmpres_zr_V_154_reg_31033                                                                      |    8|   0|    8|          0|
    |tmpres_zr_V_155_reg_31039                                                                      |    8|   0|    8|          0|
    |tmpres_zr_V_156_reg_31045                                                                      |    8|   0|    8|          0|
    |tmpres_zr_V_157_reg_31051                                                                      |    8|   0|    8|          0|
    |tmpres_zr_V_158_reg_31057                                                                      |    8|   0|    8|          0|
    |tmpres_zr_V_159_reg_31063                                                                      |    8|   0|    8|          0|
    |tmpres_zr_V_160_reg_31069                                                                      |    8|   0|    8|          0|
    |tmpres_zr_V_161_reg_31075                                                                      |    8|   0|    8|          0|
    |tmpres_zr_V_162_reg_31081                                                                      |    8|   0|    8|          0|
    |tmpres_zr_V_163_reg_31087                                                                      |    8|   0|    8|          0|
    |tmpres_zr_V_164_reg_31093                                                                      |    8|   0|    8|          0|
    |tmpres_zr_V_165_reg_31099                                                                      |    8|   0|    8|          0|
    |tmpres_zr_V_166_reg_31105                                                                      |    8|   0|    8|          0|
    |tmpres_zr_V_167_reg_31111                                                                      |    8|   0|    8|          0|
    |tmpres_zr_V_168_reg_31117                                                                      |    8|   0|    8|          0|
    |tmpres_zr_V_169_reg_31123                                                                      |    8|   0|    8|          0|
    |tmpres_zr_V_170_reg_31129                                                                      |    8|   0|    8|          0|
    |tmpres_zr_V_171_reg_31135                                                                      |    8|   0|    8|          0|
    |tmpres_zr_V_172_reg_31141                                                                      |    8|   0|    8|          0|
    |tmpres_zr_V_173_reg_31147                                                                      |    8|   0|    8|          0|
    |tmpres_zr_V_174_reg_31153                                                                      |    8|   0|    8|          0|
    |tmpres_zr_V_175_reg_31159                                                                      |    8|   0|    8|          0|
    |tmpres_zr_V_176_reg_31165                                                                      |    8|   0|    8|          0|
    |tmpres_zr_V_177_reg_31171                                                                      |    8|   0|    8|          0|
    |tmpres_zr_V_178_reg_31177                                                                      |    8|   0|    8|          0|
    |tmpres_zr_V_179_reg_31183                                                                      |    8|   0|    8|          0|
    |tmpres_zr_V_180_reg_31189                                                                      |    8|   0|    8|          0|
    |tmpres_zr_V_181_reg_31195                                                                      |    8|   0|    8|          0|
    |tmpres_zr_V_182_reg_31201                                                                      |    8|   0|    8|          0|
    |tmpres_zr_V_183_reg_31207                                                                      |    8|   0|    8|          0|
    |tmpres_zr_V_184_reg_31213                                                                      |    8|   0|    8|          0|
    |tmpres_zr_V_185_reg_31219                                                                      |    8|   0|    8|          0|
    |tmpres_zr_V_186_reg_31225                                                                      |    8|   0|    8|          0|
    |tmpres_zr_V_187_reg_31231                                                                      |    8|   0|    8|          0|
    |tmpres_zr_V_188_reg_31237                                                                      |    8|   0|    8|          0|
    |tmpres_zr_V_189_reg_31243                                                                      |    8|   0|    8|          0|
    |tmpres_zr_V_190_reg_31249                                                                      |    8|   0|    8|          0|
    |tmpres_zr_V_reg_30871                                                                          |    8|   0|    8|          0|
    |trunc_ln1273_reg_32543                                                                         |    6|   0|    6|          0|
    |void_gru_static_bool_ap_fixed_ap_fixed_weight_t_weight_t_bias_t_bias_t_h_s                     |   17|   0|   17|          0|
    |void_gru_static_bool_ap_fixed_ap_fixed_weight_t_weight_t_bias_t_bias_t_h_s_1                   |   17|   0|   17|          0|
    |void_gru_static_bool_ap_fixed_ap_fixed_weight_t_weight_t_bias_t_bias_t_h_s_2                   |   17|   0|   17|          0|
    |void_gru_static_bool_ap_fixed_ap_fixed_weight_t_weight_t_bias_t_bias_t_h_s_3                   |   17|   0|   17|          0|
    |void_gru_static_bool_ap_fixed_ap_fixed_weight_t_weight_t_bias_t_bias_t_h_s_4                   |   17|   0|   17|          0|
    |void_gru_static_bool_ap_fixed_ap_fixed_weight_t_weight_t_bias_t_bias_t_h_s_5                   |   17|   0|   17|          0|
    |void_gru_static_bool_ap_fixed_ap_fixed_weight_t_weight_t_bias_t_bias_t_h_s_6                   |   17|   0|   17|          0|
    |void_gru_static_bool_ap_fixed_ap_fixed_weight_t_weight_t_bias_t_bias_t_h_s_7                   |   17|   0|   17|          0|
    |void_gru_static_bool_ap_fixed_ap_fixed_weight_t_weight_t_bias_t_bias_t_h_s_8                   |   17|   0|   17|          0|
    |void_gru_static_bool_ap_fixed_ap_fixed_weight_t_weight_t_bias_t_bias_t_h_s_9                   |   17|   0|   17|          0|
    +-----------------------------------------------------------------------------------------------+-----+----+-----+-----------+
    |Total                                                                                          |12000|   0|12001|          1|
    +-----------------------------------------------------------------------------------------------+-----+----+-----+-----------+



================================================================
== Interface
================================================================
* Summary: 
+----------------------+-----+------+------------+--------------------------------------------------------------------------+--------------+
|       RTL Ports      | Dir | Bits |  Protocol  |                               Source Object                              |    C Type    |
+----------------------+-----+------+------------+--------------------------------------------------------------------------+--------------+
|ap_clk                |   in|     1|  ap_ctrl_hs|  gru_static<ap_fixed<16, 6, 5, 3, 0>, ap_fixed<19, 6, 5, 3, 0>, config10>|  return value|
|ap_rst                |   in|     1|  ap_ctrl_hs|  gru_static<ap_fixed<16, 6, 5, 3, 0>, ap_fixed<19, 6, 5, 3, 0>, config10>|  return value|
|ap_start              |   in|     1|  ap_ctrl_hs|  gru_static<ap_fixed<16, 6, 5, 3, 0>, ap_fixed<19, 6, 5, 3, 0>, config10>|  return value|
|ap_done               |  out|     1|  ap_ctrl_hs|  gru_static<ap_fixed<16, 6, 5, 3, 0>, ap_fixed<19, 6, 5, 3, 0>, config10>|  return value|
|ap_idle               |  out|     1|  ap_ctrl_hs|  gru_static<ap_fixed<16, 6, 5, 3, 0>, ap_fixed<19, 6, 5, 3, 0>, config10>|  return value|
|ap_ready              |  out|     1|  ap_ctrl_hs|  gru_static<ap_fixed<16, 6, 5, 3, 0>, ap_fixed<19, 6, 5, 3, 0>, config10>|  return value|
|ap_return_0           |  out|    19|  ap_ctrl_hs|  gru_static<ap_fixed<16, 6, 5, 3, 0>, ap_fixed<19, 6, 5, 3, 0>, config10>|  return value|
|ap_return_1           |  out|    19|  ap_ctrl_hs|  gru_static<ap_fixed<16, 6, 5, 3, 0>, ap_fixed<19, 6, 5, 3, 0>, config10>|  return value|
|ap_return_2           |  out|    19|  ap_ctrl_hs|  gru_static<ap_fixed<16, 6, 5, 3, 0>, ap_fixed<19, 6, 5, 3, 0>, config10>|  return value|
|ap_return_3           |  out|    19|  ap_ctrl_hs|  gru_static<ap_fixed<16, 6, 5, 3, 0>, ap_fixed<19, 6, 5, 3, 0>, config10>|  return value|
|ap_return_4           |  out|    19|  ap_ctrl_hs|  gru_static<ap_fixed<16, 6, 5, 3, 0>, ap_fixed<19, 6, 5, 3, 0>, config10>|  return value|
|ap_return_5           |  out|    19|  ap_ctrl_hs|  gru_static<ap_fixed<16, 6, 5, 3, 0>, ap_fixed<19, 6, 5, 3, 0>, config10>|  return value|
|ap_return_6           |  out|    19|  ap_ctrl_hs|  gru_static<ap_fixed<16, 6, 5, 3, 0>, ap_fixed<19, 6, 5, 3, 0>, config10>|  return value|
|ap_return_7           |  out|    19|  ap_ctrl_hs|  gru_static<ap_fixed<16, 6, 5, 3, 0>, ap_fixed<19, 6, 5, 3, 0>, config10>|  return value|
|ap_return_8           |  out|    19|  ap_ctrl_hs|  gru_static<ap_fixed<16, 6, 5, 3, 0>, ap_fixed<19, 6, 5, 3, 0>, config10>|  return value|
|ap_return_9           |  out|    19|  ap_ctrl_hs|  gru_static<ap_fixed<16, 6, 5, 3, 0>, ap_fixed<19, 6, 5, 3, 0>, config10>|  return value|
|ap_return_10          |  out|    19|  ap_ctrl_hs|  gru_static<ap_fixed<16, 6, 5, 3, 0>, ap_fixed<19, 6, 5, 3, 0>, config10>|  return value|
|ap_return_11          |  out|    19|  ap_ctrl_hs|  gru_static<ap_fixed<16, 6, 5, 3, 0>, ap_fixed<19, 6, 5, 3, 0>, config10>|  return value|
|ap_return_12          |  out|    19|  ap_ctrl_hs|  gru_static<ap_fixed<16, 6, 5, 3, 0>, ap_fixed<19, 6, 5, 3, 0>, config10>|  return value|
|ap_return_13          |  out|    19|  ap_ctrl_hs|  gru_static<ap_fixed<16, 6, 5, 3, 0>, ap_fixed<19, 6, 5, 3, 0>, config10>|  return value|
|ap_return_14          |  out|    19|  ap_ctrl_hs|  gru_static<ap_fixed<16, 6, 5, 3, 0>, ap_fixed<19, 6, 5, 3, 0>, config10>|  return value|
|ap_return_15          |  out|    19|  ap_ctrl_hs|  gru_static<ap_fixed<16, 6, 5, 3, 0>, ap_fixed<19, 6, 5, 3, 0>, config10>|  return value|
|ap_return_16          |  out|    19|  ap_ctrl_hs|  gru_static<ap_fixed<16, 6, 5, 3, 0>, ap_fixed<19, 6, 5, 3, 0>, config10>|  return value|
|ap_return_17          |  out|    19|  ap_ctrl_hs|  gru_static<ap_fixed<16, 6, 5, 3, 0>, ap_fixed<19, 6, 5, 3, 0>, config10>|  return value|
|ap_return_18          |  out|    19|  ap_ctrl_hs|  gru_static<ap_fixed<16, 6, 5, 3, 0>, ap_fixed<19, 6, 5, 3, 0>, config10>|  return value|
|ap_return_19          |  out|    19|  ap_ctrl_hs|  gru_static<ap_fixed<16, 6, 5, 3, 0>, ap_fixed<19, 6, 5, 3, 0>, config10>|  return value|
|ap_return_20          |  out|    19|  ap_ctrl_hs|  gru_static<ap_fixed<16, 6, 5, 3, 0>, ap_fixed<19, 6, 5, 3, 0>, config10>|  return value|
|ap_return_21          |  out|    19|  ap_ctrl_hs|  gru_static<ap_fixed<16, 6, 5, 3, 0>, ap_fixed<19, 6, 5, 3, 0>, config10>|  return value|
|ap_return_22          |  out|    19|  ap_ctrl_hs|  gru_static<ap_fixed<16, 6, 5, 3, 0>, ap_fixed<19, 6, 5, 3, 0>, config10>|  return value|
|ap_return_23          |  out|    19|  ap_ctrl_hs|  gru_static<ap_fixed<16, 6, 5, 3, 0>, ap_fixed<19, 6, 5, 3, 0>, config10>|  return value|
|ap_return_24          |  out|    19|  ap_ctrl_hs|  gru_static<ap_fixed<16, 6, 5, 3, 0>, ap_fixed<19, 6, 5, 3, 0>, config10>|  return value|
|ap_return_25          |  out|    19|  ap_ctrl_hs|  gru_static<ap_fixed<16, 6, 5, 3, 0>, ap_fixed<19, 6, 5, 3, 0>, config10>|  return value|
|ap_return_26          |  out|    19|  ap_ctrl_hs|  gru_static<ap_fixed<16, 6, 5, 3, 0>, ap_fixed<19, 6, 5, 3, 0>, config10>|  return value|
|ap_return_27          |  out|    19|  ap_ctrl_hs|  gru_static<ap_fixed<16, 6, 5, 3, 0>, ap_fixed<19, 6, 5, 3, 0>, config10>|  return value|
|ap_return_28          |  out|    19|  ap_ctrl_hs|  gru_static<ap_fixed<16, 6, 5, 3, 0>, ap_fixed<19, 6, 5, 3, 0>, config10>|  return value|
|ap_return_29          |  out|    19|  ap_ctrl_hs|  gru_static<ap_fixed<16, 6, 5, 3, 0>, ap_fixed<19, 6, 5, 3, 0>, config10>|  return value|
|ap_return_30          |  out|    19|  ap_ctrl_hs|  gru_static<ap_fixed<16, 6, 5, 3, 0>, ap_fixed<19, 6, 5, 3, 0>, config10>|  return value|
|ap_return_31          |  out|    19|  ap_ctrl_hs|  gru_static<ap_fixed<16, 6, 5, 3, 0>, ap_fixed<19, 6, 5, 3, 0>, config10>|  return value|
|ap_return_32          |  out|    19|  ap_ctrl_hs|  gru_static<ap_fixed<16, 6, 5, 3, 0>, ap_fixed<19, 6, 5, 3, 0>, config10>|  return value|
|ap_return_33          |  out|    19|  ap_ctrl_hs|  gru_static<ap_fixed<16, 6, 5, 3, 0>, ap_fixed<19, 6, 5, 3, 0>, config10>|  return value|
|ap_return_34          |  out|    19|  ap_ctrl_hs|  gru_static<ap_fixed<16, 6, 5, 3, 0>, ap_fixed<19, 6, 5, 3, 0>, config10>|  return value|
|ap_return_35          |  out|    19|  ap_ctrl_hs|  gru_static<ap_fixed<16, 6, 5, 3, 0>, ap_fixed<19, 6, 5, 3, 0>, config10>|  return value|
|ap_return_36          |  out|    19|  ap_ctrl_hs|  gru_static<ap_fixed<16, 6, 5, 3, 0>, ap_fixed<19, 6, 5, 3, 0>, config10>|  return value|
|ap_return_37          |  out|    19|  ap_ctrl_hs|  gru_static<ap_fixed<16, 6, 5, 3, 0>, ap_fixed<19, 6, 5, 3, 0>, config10>|  return value|
|ap_return_38          |  out|    19|  ap_ctrl_hs|  gru_static<ap_fixed<16, 6, 5, 3, 0>, ap_fixed<19, 6, 5, 3, 0>, config10>|  return value|
|ap_return_39          |  out|    19|  ap_ctrl_hs|  gru_static<ap_fixed<16, 6, 5, 3, 0>, ap_fixed<19, 6, 5, 3, 0>, config10>|  return value|
|ap_return_40          |  out|    19|  ap_ctrl_hs|  gru_static<ap_fixed<16, 6, 5, 3, 0>, ap_fixed<19, 6, 5, 3, 0>, config10>|  return value|
|ap_return_41          |  out|    19|  ap_ctrl_hs|  gru_static<ap_fixed<16, 6, 5, 3, 0>, ap_fixed<19, 6, 5, 3, 0>, config10>|  return value|
|ap_return_42          |  out|    19|  ap_ctrl_hs|  gru_static<ap_fixed<16, 6, 5, 3, 0>, ap_fixed<19, 6, 5, 3, 0>, config10>|  return value|
|ap_return_43          |  out|    19|  ap_ctrl_hs|  gru_static<ap_fixed<16, 6, 5, 3, 0>, ap_fixed<19, 6, 5, 3, 0>, config10>|  return value|
|ap_return_44          |  out|    19|  ap_ctrl_hs|  gru_static<ap_fixed<16, 6, 5, 3, 0>, ap_fixed<19, 6, 5, 3, 0>, config10>|  return value|
|ap_return_45          |  out|    19|  ap_ctrl_hs|  gru_static<ap_fixed<16, 6, 5, 3, 0>, ap_fixed<19, 6, 5, 3, 0>, config10>|  return value|
|ap_return_46          |  out|    19|  ap_ctrl_hs|  gru_static<ap_fixed<16, 6, 5, 3, 0>, ap_fixed<19, 6, 5, 3, 0>, config10>|  return value|
|ap_return_47          |  out|    19|  ap_ctrl_hs|  gru_static<ap_fixed<16, 6, 5, 3, 0>, ap_fixed<19, 6, 5, 3, 0>, config10>|  return value|
|ap_return_48          |  out|    19|  ap_ctrl_hs|  gru_static<ap_fixed<16, 6, 5, 3, 0>, ap_fixed<19, 6, 5, 3, 0>, config10>|  return value|
|ap_return_49          |  out|    19|  ap_ctrl_hs|  gru_static<ap_fixed<16, 6, 5, 3, 0>, ap_fixed<19, 6, 5, 3, 0>, config10>|  return value|
|ap_return_50          |  out|    19|  ap_ctrl_hs|  gru_static<ap_fixed<16, 6, 5, 3, 0>, ap_fixed<19, 6, 5, 3, 0>, config10>|  return value|
|ap_return_51          |  out|    19|  ap_ctrl_hs|  gru_static<ap_fixed<16, 6, 5, 3, 0>, ap_fixed<19, 6, 5, 3, 0>, config10>|  return value|
|ap_return_52          |  out|    19|  ap_ctrl_hs|  gru_static<ap_fixed<16, 6, 5, 3, 0>, ap_fixed<19, 6, 5, 3, 0>, config10>|  return value|
|ap_return_53          |  out|    19|  ap_ctrl_hs|  gru_static<ap_fixed<16, 6, 5, 3, 0>, ap_fixed<19, 6, 5, 3, 0>, config10>|  return value|
|ap_return_54          |  out|    19|  ap_ctrl_hs|  gru_static<ap_fixed<16, 6, 5, 3, 0>, ap_fixed<19, 6, 5, 3, 0>, config10>|  return value|
|ap_return_55          |  out|    19|  ap_ctrl_hs|  gru_static<ap_fixed<16, 6, 5, 3, 0>, ap_fixed<19, 6, 5, 3, 0>, config10>|  return value|
|ap_return_56          |  out|    19|  ap_ctrl_hs|  gru_static<ap_fixed<16, 6, 5, 3, 0>, ap_fixed<19, 6, 5, 3, 0>, config10>|  return value|
|ap_return_57          |  out|    19|  ap_ctrl_hs|  gru_static<ap_fixed<16, 6, 5, 3, 0>, ap_fixed<19, 6, 5, 3, 0>, config10>|  return value|
|ap_return_58          |  out|    19|  ap_ctrl_hs|  gru_static<ap_fixed<16, 6, 5, 3, 0>, ap_fixed<19, 6, 5, 3, 0>, config10>|  return value|
|ap_return_59          |  out|    19|  ap_ctrl_hs|  gru_static<ap_fixed<16, 6, 5, 3, 0>, ap_fixed<19, 6, 5, 3, 0>, config10>|  return value|
|ap_return_60          |  out|    19|  ap_ctrl_hs|  gru_static<ap_fixed<16, 6, 5, 3, 0>, ap_fixed<19, 6, 5, 3, 0>, config10>|  return value|
|ap_return_61          |  out|    19|  ap_ctrl_hs|  gru_static<ap_fixed<16, 6, 5, 3, 0>, ap_fixed<19, 6, 5, 3, 0>, config10>|  return value|
|ap_return_62          |  out|    19|  ap_ctrl_hs|  gru_static<ap_fixed<16, 6, 5, 3, 0>, ap_fixed<19, 6, 5, 3, 0>, config10>|  return value|
|ap_return_63          |  out|    19|  ap_ctrl_hs|  gru_static<ap_fixed<16, 6, 5, 3, 0>, ap_fixed<19, 6, 5, 3, 0>, config10>|  return value|
|reset_state           |   in|     1|     ap_none|                                                               reset_state|        scalar|
|p_read                |   in|  1024|     ap_none|                                                                    p_read|        scalar|
|h_newstate_0_read     |   in|    19|     ap_none|                                                         h_newstate_0_read|        scalar|
|h_newstate_1_read     |   in|    19|     ap_none|                                                         h_newstate_1_read|        scalar|
|h_newstate_2_read     |   in|    19|     ap_none|                                                         h_newstate_2_read|        scalar|
|h_newstate_3_read     |   in|    19|     ap_none|                                                         h_newstate_3_read|        scalar|
|h_newstate_4_read     |   in|    19|     ap_none|                                                         h_newstate_4_read|        scalar|
|h_newstate_5_read     |   in|    19|     ap_none|                                                         h_newstate_5_read|        scalar|
|h_newstate_6_read     |   in|    19|     ap_none|                                                         h_newstate_6_read|        scalar|
|h_newstate_7_read     |   in|    19|     ap_none|                                                         h_newstate_7_read|        scalar|
|h_newstate_8_read     |   in|    19|     ap_none|                                                         h_newstate_8_read|        scalar|
|h_newstate_9_read     |   in|    19|     ap_none|                                                         h_newstate_9_read|        scalar|
|h_newstate_10_read    |   in|    19|     ap_none|                                                        h_newstate_10_read|        scalar|
|h_newstate_11_read    |   in|    19|     ap_none|                                                        h_newstate_11_read|        scalar|
|h_newstate_1213_read  |   in|    19|     ap_none|                                                      h_newstate_1213_read|        scalar|
|h_newstate_13_read    |   in|    19|     ap_none|                                                        h_newstate_13_read|        scalar|
|h_newstate_14_read    |   in|    19|     ap_none|                                                        h_newstate_14_read|        scalar|
|h_newstate_15_read    |   in|    19|     ap_none|                                                        h_newstate_15_read|        scalar|
|h_newstate_16_read    |   in|    19|     ap_none|                                                        h_newstate_16_read|        scalar|
|h_newstate_17_read    |   in|    19|     ap_none|                                                        h_newstate_17_read|        scalar|
|h_newstate_18_read    |   in|    19|     ap_none|                                                        h_newstate_18_read|        scalar|
|h_newstate_19_read    |   in|    19|     ap_none|                                                        h_newstate_19_read|        scalar|
|h_newstate_20_read    |   in|    19|     ap_none|                                                        h_newstate_20_read|        scalar|
|h_newstate_21_read    |   in|    19|     ap_none|                                                        h_newstate_21_read|        scalar|
|h_newstate_22_read    |   in|    19|     ap_none|                                                        h_newstate_22_read|        scalar|
|h_newstate_2325_read  |   in|    19|     ap_none|                                                      h_newstate_2325_read|        scalar|
|h_newstate_24_read    |   in|    19|     ap_none|                                                        h_newstate_24_read|        scalar|
|h_newstate_25_read    |   in|    19|     ap_none|                                                        h_newstate_25_read|        scalar|
|h_newstate_26_read    |   in|    19|     ap_none|                                                        h_newstate_26_read|        scalar|
|h_newstate_27_read    |   in|    19|     ap_none|                                                        h_newstate_27_read|        scalar|
|h_newstate_28_read    |   in|    19|     ap_none|                                                        h_newstate_28_read|        scalar|
|h_newstate_29_read    |   in|    19|     ap_none|                                                        h_newstate_29_read|        scalar|
|h_newstate_30_read    |   in|    19|     ap_none|                                                        h_newstate_30_read|        scalar|
|h_newstate_31_read    |   in|    19|     ap_none|                                                        h_newstate_31_read|        scalar|
|h_newstate_32_read    |   in|    19|     ap_none|                                                        h_newstate_32_read|        scalar|
|h_newstate_33_read    |   in|    19|     ap_none|                                                        h_newstate_33_read|        scalar|
|h_newstate_3437_read  |   in|    19|     ap_none|                                                      h_newstate_3437_read|        scalar|
|h_newstate_35_read    |   in|    19|     ap_none|                                                        h_newstate_35_read|        scalar|
|h_newstate_36_read    |   in|    19|     ap_none|                                                        h_newstate_36_read|        scalar|
|h_newstate_37_read    |   in|    19|     ap_none|                                                        h_newstate_37_read|        scalar|
|h_newstate_38_read    |   in|    19|     ap_none|                                                        h_newstate_38_read|        scalar|
|h_newstate_39_read    |   in|    19|     ap_none|                                                        h_newstate_39_read|        scalar|
|h_newstate_40_read    |   in|    19|     ap_none|                                                        h_newstate_40_read|        scalar|
|h_newstate_41_read    |   in|    19|     ap_none|                                                        h_newstate_41_read|        scalar|
|h_newstate_42_read    |   in|    19|     ap_none|                                                        h_newstate_42_read|        scalar|
|h_newstate_43_read    |   in|    19|     ap_none|                                                        h_newstate_43_read|        scalar|
|h_newstate_44_read    |   in|    19|     ap_none|                                                        h_newstate_44_read|        scalar|
|h_newstate_4549_read  |   in|    19|     ap_none|                                                      h_newstate_4549_read|        scalar|
|h_newstate_46_read    |   in|    19|     ap_none|                                                        h_newstate_46_read|        scalar|
|h_newstate_47_read    |   in|    19|     ap_none|                                                        h_newstate_47_read|        scalar|
|h_newstate_48_read    |   in|    19|     ap_none|                                                        h_newstate_48_read|        scalar|
|h_newstate_49_read    |   in|    19|     ap_none|                                                        h_newstate_49_read|        scalar|
|h_newstate_50_read    |   in|    19|     ap_none|                                                        h_newstate_50_read|        scalar|
|h_newstate_51_read    |   in|    19|     ap_none|                                                        h_newstate_51_read|        scalar|
|h_newstate_52_read    |   in|    19|     ap_none|                                                        h_newstate_52_read|        scalar|
|h_newstate_53_read    |   in|    19|     ap_none|                                                        h_newstate_53_read|        scalar|
|h_newstate_54_read    |   in|    19|     ap_none|                                                        h_newstate_54_read|        scalar|
|h_newstate_55_read    |   in|    19|     ap_none|                                                        h_newstate_55_read|        scalar|
|h_newstate_5661_read  |   in|    19|     ap_none|                                                      h_newstate_5661_read|        scalar|
|h_newstate_57_read    |   in|    19|     ap_none|                                                        h_newstate_57_read|        scalar|
|h_newstate_58_read    |   in|    19|     ap_none|                                                        h_newstate_58_read|        scalar|
|h_newstate_59_read    |   in|    19|     ap_none|                                                        h_newstate_59_read|        scalar|
|h_newstate_60_read    |   in|    19|     ap_none|                                                        h_newstate_60_read|        scalar|
|h_newstate_61_read    |   in|    19|     ap_none|                                                        h_newstate_61_read|        scalar|
|h_newstate_62_read    |   in|    19|     ap_none|                                                        h_newstate_62_read|        scalar|
|h_newstate_63_read    |   in|    19|     ap_none|                                                        h_newstate_63_read|        scalar|
+----------------------+-----+------+------------+--------------------------------------------------------------------------+--------------+

