

================================================================
== Vitis HLS Report for 'gru_static_ap_fixed_16_6_5_3_0_ap_fixed_17_4_5_3_0_config2_f_s'
================================================================
* Date:           Sat Feb 10 14:08:40 2024

* Version:        2022.2 (Build 3670227 on Oct 13 2022)
* Project:        alveo_hls4ml
* Solution:       solution (Vitis Kernel Flow Target)
* Product family: virtexuplus
* Target device:  xcu55c-fsvh2892-2L-e


================================================================
== Performance Estimates
================================================================
+ Timing: 
    * Summary: 
    +--------+---------+----------+------------+
    |  Clock |  Target | Estimated| Uncertainty|
    +--------+---------+----------+------------+
    |ap_clk  |  4.00 ns|  4.019 ns|     1.08 ns|
    +--------+---------+----------+------------+

+ Latency: 
    * Summary: 
    +---------+---------+----------+----------+-----+-----+---------+
    |  Latency (cycles) |  Latency (absolute) |  Interval | Pipeline|
    |   min   |   max   |    min   |    max   | min | max |   Type  |
    +---------+---------+----------+----------+-----+-----+---------+
    |      337|      338|  1.354 us|  1.358 us|  337|  338|       no|
    +---------+---------+----------+----------+-----+-----+---------+

    + Detail: 
        * Instance: 
        +-----------------------------------------------------------------------------------+-----------------------------------------------------------------------+---------+---------+----------+----------+-----+-----+------------------------------------------+
        |                                                                                   |                                                                       |  Latency (cycles) |  Latency (absolute) |  Interval |                 Pipeline                 |
        |                                      Instance                                     |                                 Module                                |   min   |   max   |    min   |    max   | min | max |                   Type                   |
        +-----------------------------------------------------------------------------------+-----------------------------------------------------------------------+---------+---------+----------+----------+-----+-----+------------------------------------------+
        |grp_dense_resource_ap_fixed_16_6_5_3_0_ap_fixed_23_12_5_3_0_config2_1_s_fu_1987    |dense_resource_ap_fixed_16_6_5_3_0_ap_fixed_23_12_5_3_0_config2_1_s    |       73|       74|  0.293 us|  0.297 us|   70|   70|  loop rewind stp(delay=0 clock cycles(s))|
        |grp_dense_resource_ap_fixed_8_3_4_0_0_ap_fixed_23_12_5_3_0_config2_2_s_fu_2375     |dense_resource_ap_fixed_8_3_4_0_0_ap_fixed_23_12_5_3_0_config2_2_s     |       67|       68|  0.268 us|  0.272 us|   64|   64|  loop rewind stp(delay=0 clock cycles(s))|
        |grp_hard_sigmoid_ap_fixed_ap_ufixed_8_0_4_0_0_hard_sigmoid_config2_recr_s_fu_2760  |hard_sigmoid_ap_fixed_ap_ufixed_8_0_4_0_0_hard_sigmoid_config2_recr_s  |        1|        1|  4.000 ns|  4.000 ns|    1|    1|                                       yes|
        +-----------------------------------------------------------------------------------+-----------------------------------------------------------------------+---------+---------+----------+----------+-----+-----+------------------------------------------+

        * Loop: 
        +--------------------+---------+---------+----------+-----------+-----------+------+----------+
        |                    |  Latency (cycles) | Iteration|  Initiation Interval  | Trip |          |
        |      Loop Name     |   min   |   max   |  Latency |  achieved |   target  | Count| Pipelined|
        +--------------------+---------+---------+----------+-----------+-----------+------+----------+
        |- VITIS_LOOP_485_1  |      192|      192|         3|          -|          -|    64|        no|
        +--------------------+---------+---------+----------+-----------+-----------+------+----------+



================================================================
== Utilization Estimates
================================================================
* Summary: 
+---------------------+---------+------+---------+---------+-----+
|         Name        | BRAM_18K|  DSP |    FF   |   LUT   | URAM|
+---------------------+---------+------+---------+---------+-----+
|DSP                  |        -|   128|        -|        -|    -|
|Expression           |        -|     -|        0|    11168|    -|
|FIFO                 |        -|     -|        -|        -|    -|
|Instance             |        -|   384|    43670|    39876|    -|
|Memory               |       16|     -|        8|        9|    0|
|Multiplexer          |        -|     -|        -|     1806|    -|
|Register             |        -|     -|    12183|        -|    -|
+---------------------+---------+------+---------+---------+-----+
|Total                |       16|   512|    55861|    52859|    0|
+---------------------+---------+------+---------+---------+-----+
|Available SLR        |     1344|  3008|   869120|   434560|  320|
+---------------------+---------+------+---------+---------+-----+
|Utilization SLR (%)  |        1|    17|        6|       12|    0|
+---------------------+---------+------+---------+---------+-----+
|Available            |     4032|  9024|  2607360|  1303680|  960|
+---------------------+---------+------+---------+---------+-----+
|Utilization (%)      |       ~0|     5|        2|        4|    0|
+---------------------+---------+------+---------+---------+-----+

+ Detail: 
    * Instance: 
    +-----------------------------------------------------------------------------------+-----------------------------------------------------------------------+---------+-----+-------+-------+-----+
    |                                      Instance                                     |                                 Module                                | BRAM_18K| DSP |   FF  |  LUT  | URAM|
    +-----------------------------------------------------------------------------------+-----------------------------------------------------------------------+---------+-----+-------+-------+-----+
    |grp_dense_resource_ap_fixed_16_6_5_3_0_ap_fixed_23_12_5_3_0_config2_1_s_fu_1987    |dense_resource_ap_fixed_16_6_5_3_0_ap_fixed_23_12_5_3_0_config2_1_s    |        0|  192|  24283|  13266|    0|
    |grp_dense_resource_ap_fixed_8_3_4_0_0_ap_fixed_23_12_5_3_0_config2_2_s_fu_2375     |dense_resource_ap_fixed_8_3_4_0_0_ap_fixed_23_12_5_3_0_config2_2_s     |        0|  192|  17595|   5345|    0|
    |grp_hard_sigmoid_ap_fixed_ap_ufixed_8_0_4_0_0_hard_sigmoid_config2_recr_s_fu_2760  |hard_sigmoid_ap_fixed_ap_ufixed_8_0_4_0_0_hard_sigmoid_config2_recr_s  |        0|    0|   1792|  18432|    0|
    |mul_8s_8ns_16_1_1_U1263                                                            |mul_8s_8ns_16_1_1                                                      |        0|    0|      0|     40|    0|
    |mul_8s_8ns_16_1_1_U1264                                                            |mul_8s_8ns_16_1_1                                                      |        0|    0|      0|     40|    0|
    |mul_8s_8ns_16_1_1_U1265                                                            |mul_8s_8ns_16_1_1                                                      |        0|    0|      0|     40|    0|
    |mul_8s_8ns_16_1_1_U1266                                                            |mul_8s_8ns_16_1_1                                                      |        0|    0|      0|     40|    0|
    |mul_8s_8ns_16_1_1_U1267                                                            |mul_8s_8ns_16_1_1                                                      |        0|    0|      0|     40|    0|
    |mul_8s_8ns_16_1_1_U1268                                                            |mul_8s_8ns_16_1_1                                                      |        0|    0|      0|     40|    0|
    |mul_8s_8ns_16_1_1_U1269                                                            |mul_8s_8ns_16_1_1                                                      |        0|    0|      0|     40|    0|
    |mul_8s_8ns_16_1_1_U1270                                                            |mul_8s_8ns_16_1_1                                                      |        0|    0|      0|     40|    0|
    |mul_8s_8ns_16_1_1_U1271                                                            |mul_8s_8ns_16_1_1                                                      |        0|    0|      0|     40|    0|
    |mul_8s_8ns_16_1_1_U1272                                                            |mul_8s_8ns_16_1_1                                                      |        0|    0|      0|     40|    0|
    |mul_8s_8ns_16_1_1_U1273                                                            |mul_8s_8ns_16_1_1                                                      |        0|    0|      0|     40|    0|
    |mul_8s_8ns_16_1_1_U1274                                                            |mul_8s_8ns_16_1_1                                                      |        0|    0|      0|     40|    0|
    |mul_8s_8ns_16_1_1_U1275                                                            |mul_8s_8ns_16_1_1                                                      |        0|    0|      0|     40|    0|
    |mul_8s_8ns_16_1_1_U1276                                                            |mul_8s_8ns_16_1_1                                                      |        0|    0|      0|     40|    0|
    |mul_8s_8ns_16_1_1_U1277                                                            |mul_8s_8ns_16_1_1                                                      |        0|    0|      0|     40|    0|
    |mul_8s_8ns_16_1_1_U1278                                                            |mul_8s_8ns_16_1_1                                                      |        0|    0|      0|     40|    0|
    |mul_8s_8ns_16_1_1_U1279                                                            |mul_8s_8ns_16_1_1                                                      |        0|    0|      0|     40|    0|
    |mul_8s_8ns_16_1_1_U1280                                                            |mul_8s_8ns_16_1_1                                                      |        0|    0|      0|     40|    0|
    |mul_8s_8ns_16_1_1_U1281                                                            |mul_8s_8ns_16_1_1                                                      |        0|    0|      0|     40|    0|
    |mul_8s_8ns_16_1_1_U1282                                                            |mul_8s_8ns_16_1_1                                                      |        0|    0|      0|     40|    0|
    |mul_8s_8ns_16_1_1_U1283                                                            |mul_8s_8ns_16_1_1                                                      |        0|    0|      0|     40|    0|
    |mul_8s_8ns_16_1_1_U1284                                                            |mul_8s_8ns_16_1_1                                                      |        0|    0|      0|     40|    0|
    |mul_8s_8ns_16_1_1_U1285                                                            |mul_8s_8ns_16_1_1                                                      |        0|    0|      0|     40|    0|
    |mul_8s_8ns_16_1_1_U1286                                                            |mul_8s_8ns_16_1_1                                                      |        0|    0|      0|     40|    0|
    |mul_8s_8ns_16_1_1_U1287                                                            |mul_8s_8ns_16_1_1                                                      |        0|    0|      0|     40|    0|
    |mul_8s_8ns_16_1_1_U1288                                                            |mul_8s_8ns_16_1_1                                                      |        0|    0|      0|     40|    0|
    |mul_8s_8ns_16_1_1_U1289                                                            |mul_8s_8ns_16_1_1                                                      |        0|    0|      0|     40|    0|
    |mul_8s_8ns_16_1_1_U1290                                                            |mul_8s_8ns_16_1_1                                                      |        0|    0|      0|     40|    0|
    |mul_8s_8ns_16_1_1_U1291                                                            |mul_8s_8ns_16_1_1                                                      |        0|    0|      0|     40|    0|
    |mul_8s_8ns_16_1_1_U1292                                                            |mul_8s_8ns_16_1_1                                                      |        0|    0|      0|     40|    0|
    |mul_8s_8ns_16_1_1_U1293                                                            |mul_8s_8ns_16_1_1                                                      |        0|    0|      0|     40|    0|
    |mul_8s_8ns_16_1_1_U1294                                                            |mul_8s_8ns_16_1_1                                                      |        0|    0|      0|     40|    0|
    |mul_8s_8ns_16_1_1_U1295                                                            |mul_8s_8ns_16_1_1                                                      |        0|    0|      0|     40|    0|
    |mul_8s_8ns_16_1_1_U1296                                                            |mul_8s_8ns_16_1_1                                                      |        0|    0|      0|     40|    0|
    |mul_8s_8ns_16_1_1_U1297                                                            |mul_8s_8ns_16_1_1                                                      |        0|    0|      0|     40|    0|
    |mul_8s_8ns_16_1_1_U1298                                                            |mul_8s_8ns_16_1_1                                                      |        0|    0|      0|     40|    0|
    |mul_8s_8ns_16_1_1_U1299                                                            |mul_8s_8ns_16_1_1                                                      |        0|    0|      0|     40|    0|
    |mul_8s_8ns_16_1_1_U1300                                                            |mul_8s_8ns_16_1_1                                                      |        0|    0|      0|     40|    0|
    |mul_8s_8ns_16_1_1_U1301                                                            |mul_8s_8ns_16_1_1                                                      |        0|    0|      0|     40|    0|
    |mul_8s_8ns_16_1_1_U1302                                                            |mul_8s_8ns_16_1_1                                                      |        0|    0|      0|     40|    0|
    |mul_8s_8ns_16_1_1_U1303                                                            |mul_8s_8ns_16_1_1                                                      |        0|    0|      0|     40|    0|
    |mul_8s_8ns_16_1_1_U1304                                                            |mul_8s_8ns_16_1_1                                                      |        0|    0|      0|     40|    0|
    |mul_8s_8ns_16_1_1_U1305                                                            |mul_8s_8ns_16_1_1                                                      |        0|    0|      0|     40|    0|
    |mul_8s_8ns_16_1_1_U1306                                                            |mul_8s_8ns_16_1_1                                                      |        0|    0|      0|     40|    0|
    |mul_8s_8ns_16_1_1_U1307                                                            |mul_8s_8ns_16_1_1                                                      |        0|    0|      0|     40|    0|
    |mul_8s_8ns_16_1_1_U1308                                                            |mul_8s_8ns_16_1_1                                                      |        0|    0|      0|     40|    0|
    |mul_8s_8ns_16_1_1_U1309                                                            |mul_8s_8ns_16_1_1                                                      |        0|    0|      0|     40|    0|
    |mul_8s_8ns_16_1_1_U1310                                                            |mul_8s_8ns_16_1_1                                                      |        0|    0|      0|     40|    0|
    |mul_8s_8ns_16_1_1_U1311                                                            |mul_8s_8ns_16_1_1                                                      |        0|    0|      0|     40|    0|
    |mul_8s_8ns_16_1_1_U1312                                                            |mul_8s_8ns_16_1_1                                                      |        0|    0|      0|     40|    0|
    |mul_8s_8ns_16_1_1_U1313                                                            |mul_8s_8ns_16_1_1                                                      |        0|    0|      0|     40|    0|
    |mul_8s_8ns_16_1_1_U1314                                                            |mul_8s_8ns_16_1_1                                                      |        0|    0|      0|     40|    0|
    |mul_8s_8ns_16_1_1_U1315                                                            |mul_8s_8ns_16_1_1                                                      |        0|    0|      0|     40|    0|
    |mul_8s_8ns_16_1_1_U1316                                                            |mul_8s_8ns_16_1_1                                                      |        0|    0|      0|     40|    0|
    |mul_8s_8ns_16_1_1_U1317                                                            |mul_8s_8ns_16_1_1                                                      |        0|    0|      0|     40|    0|
    |mul_8s_8ns_16_1_1_U1318                                                            |mul_8s_8ns_16_1_1                                                      |        0|    0|      0|     40|    0|
    |mul_8s_8ns_16_1_1_U1319                                                            |mul_8s_8ns_16_1_1                                                      |        0|    0|      0|     40|    0|
    |mul_8s_8ns_16_1_1_U1320                                                            |mul_8s_8ns_16_1_1                                                      |        0|    0|      0|     40|    0|
    |mul_8s_8ns_16_1_1_U1321                                                            |mul_8s_8ns_16_1_1                                                      |        0|    0|      0|     40|    0|
    |mul_8s_8ns_16_1_1_U1322                                                            |mul_8s_8ns_16_1_1                                                      |        0|    0|      0|     40|    0|
    |mul_8s_8ns_16_1_1_U1323                                                            |mul_8s_8ns_16_1_1                                                      |        0|    0|      0|     40|    0|
    |mul_8s_8ns_16_1_1_U1324                                                            |mul_8s_8ns_16_1_1                                                      |        0|    0|      0|     40|    0|
    |mul_8s_8ns_16_1_1_U1325                                                            |mul_8s_8ns_16_1_1                                                      |        0|    0|      0|     40|    0|
    |mul_8s_8ns_16_1_1_U1326                                                            |mul_8s_8ns_16_1_1                                                      |        0|    0|      0|     40|    0|
    |mux_646_31_1_1_U1262                                                               |mux_646_31_1_1                                                         |        0|    0|      0|    273|    0|
    +-----------------------------------------------------------------------------------+-----------------------------------------------------------------------+---------+-----+-------+-------+-----+
    |Total                                                                              |                                                                       |        0|  384|  43670|  39876|    0|
    +-----------------------------------------------------------------------------------+-----------------------------------------------------------------------+---------+-----+-------+-------+-----+

    * DSP: 
    +--------------------------------------+--------------------------------+--------------+
    |               Instance               |             Module             |  Expression  |
    +--------------------------------------+--------------------------------+--------------+
    |mac_muladd_23s_8ns_31ns_31_4_1_U1327  |mac_muladd_23s_8ns_31ns_31_4_1  |  i0 + i1 * i2|
    |mac_muladd_23s_8ns_31ns_31_4_1_U1328  |mac_muladd_23s_8ns_31ns_31_4_1  |  i0 + i1 * i2|
    |mac_muladd_23s_8ns_31ns_31_4_1_U1329  |mac_muladd_23s_8ns_31ns_31_4_1  |  i0 + i1 * i2|
    |mac_muladd_23s_8ns_31ns_31_4_1_U1330  |mac_muladd_23s_8ns_31ns_31_4_1  |  i0 + i1 * i2|
    |mac_muladd_23s_8ns_31ns_31_4_1_U1331  |mac_muladd_23s_8ns_31ns_31_4_1  |  i0 + i1 * i2|
    |mac_muladd_23s_8ns_31ns_31_4_1_U1332  |mac_muladd_23s_8ns_31ns_31_4_1  |  i0 + i1 * i2|
    |mac_muladd_23s_8ns_31ns_31_4_1_U1333  |mac_muladd_23s_8ns_31ns_31_4_1  |  i0 + i1 * i2|
    |mac_muladd_23s_8ns_31ns_31_4_1_U1334  |mac_muladd_23s_8ns_31ns_31_4_1  |  i0 + i1 * i2|
    |mac_muladd_23s_8ns_31ns_31_4_1_U1335  |mac_muladd_23s_8ns_31ns_31_4_1  |  i0 + i1 * i2|
    |mac_muladd_23s_8ns_31ns_31_4_1_U1336  |mac_muladd_23s_8ns_31ns_31_4_1  |  i0 + i1 * i2|
    |mac_muladd_23s_8ns_31ns_31_4_1_U1337  |mac_muladd_23s_8ns_31ns_31_4_1  |  i0 + i1 * i2|
    |mac_muladd_23s_8ns_31ns_31_4_1_U1338  |mac_muladd_23s_8ns_31ns_31_4_1  |  i0 + i1 * i2|
    |mac_muladd_23s_8ns_31ns_31_4_1_U1339  |mac_muladd_23s_8ns_31ns_31_4_1  |  i0 + i1 * i2|
    |mac_muladd_23s_8ns_31ns_31_4_1_U1340  |mac_muladd_23s_8ns_31ns_31_4_1  |  i0 + i1 * i2|
    |mac_muladd_23s_8ns_31ns_31_4_1_U1341  |mac_muladd_23s_8ns_31ns_31_4_1  |  i0 + i1 * i2|
    |mac_muladd_23s_8ns_31ns_31_4_1_U1342  |mac_muladd_23s_8ns_31ns_31_4_1  |  i0 + i1 * i2|
    |mac_muladd_23s_8ns_31ns_31_4_1_U1343  |mac_muladd_23s_8ns_31ns_31_4_1  |  i0 + i1 * i2|
    |mac_muladd_23s_8ns_31ns_31_4_1_U1344  |mac_muladd_23s_8ns_31ns_31_4_1  |  i0 + i1 * i2|
    |mac_muladd_23s_8ns_31ns_31_4_1_U1345  |mac_muladd_23s_8ns_31ns_31_4_1  |  i0 + i1 * i2|
    |mac_muladd_23s_8ns_31ns_31_4_1_U1346  |mac_muladd_23s_8ns_31ns_31_4_1  |  i0 + i1 * i2|
    |mac_muladd_23s_8ns_31ns_31_4_1_U1347  |mac_muladd_23s_8ns_31ns_31_4_1  |  i0 + i1 * i2|
    |mac_muladd_23s_8ns_31ns_31_4_1_U1348  |mac_muladd_23s_8ns_31ns_31_4_1  |  i0 + i1 * i2|
    |mac_muladd_23s_8ns_31ns_31_4_1_U1349  |mac_muladd_23s_8ns_31ns_31_4_1  |  i0 + i1 * i2|
    |mac_muladd_23s_8ns_31ns_31_4_1_U1350  |mac_muladd_23s_8ns_31ns_31_4_1  |  i0 + i1 * i2|
    |mac_muladd_23s_8ns_31ns_31_4_1_U1351  |mac_muladd_23s_8ns_31ns_31_4_1  |  i0 + i1 * i2|
    |mac_muladd_23s_8ns_31ns_31_4_1_U1352  |mac_muladd_23s_8ns_31ns_31_4_1  |  i0 + i1 * i2|
    |mac_muladd_23s_8ns_31ns_31_4_1_U1353  |mac_muladd_23s_8ns_31ns_31_4_1  |  i0 + i1 * i2|
    |mac_muladd_23s_8ns_31ns_31_4_1_U1354  |mac_muladd_23s_8ns_31ns_31_4_1  |  i0 + i1 * i2|
    |mac_muladd_23s_8ns_31ns_31_4_1_U1355  |mac_muladd_23s_8ns_31ns_31_4_1  |  i0 + i1 * i2|
    |mac_muladd_23s_8ns_31ns_31_4_1_U1356  |mac_muladd_23s_8ns_31ns_31_4_1  |  i0 + i1 * i2|
    |mac_muladd_23s_8ns_31ns_31_4_1_U1357  |mac_muladd_23s_8ns_31ns_31_4_1  |  i0 + i1 * i2|
    |mac_muladd_23s_8ns_31ns_31_4_1_U1358  |mac_muladd_23s_8ns_31ns_31_4_1  |  i0 + i1 * i2|
    |mac_muladd_23s_8ns_31ns_31_4_1_U1359  |mac_muladd_23s_8ns_31ns_31_4_1  |  i0 + i1 * i2|
    |mac_muladd_23s_8ns_31ns_31_4_1_U1360  |mac_muladd_23s_8ns_31ns_31_4_1  |  i0 + i1 * i2|
    |mac_muladd_23s_8ns_31ns_31_4_1_U1361  |mac_muladd_23s_8ns_31ns_31_4_1  |  i0 + i1 * i2|
    |mac_muladd_23s_8ns_31ns_31_4_1_U1362  |mac_muladd_23s_8ns_31ns_31_4_1  |  i0 + i1 * i2|
    |mac_muladd_23s_8ns_31ns_31_4_1_U1363  |mac_muladd_23s_8ns_31ns_31_4_1  |  i0 + i1 * i2|
    |mac_muladd_23s_8ns_31ns_31_4_1_U1364  |mac_muladd_23s_8ns_31ns_31_4_1  |  i0 + i1 * i2|
    |mac_muladd_23s_8ns_31ns_31_4_1_U1365  |mac_muladd_23s_8ns_31ns_31_4_1  |  i0 + i1 * i2|
    |mac_muladd_23s_8ns_31ns_31_4_1_U1366  |mac_muladd_23s_8ns_31ns_31_4_1  |  i0 + i1 * i2|
    |mac_muladd_23s_8ns_31ns_31_4_1_U1367  |mac_muladd_23s_8ns_31ns_31_4_1  |  i0 + i1 * i2|
    |mac_muladd_23s_8ns_31ns_31_4_1_U1368  |mac_muladd_23s_8ns_31ns_31_4_1  |  i0 + i1 * i2|
    |mac_muladd_23s_8ns_31ns_31_4_1_U1369  |mac_muladd_23s_8ns_31ns_31_4_1  |  i0 + i1 * i2|
    |mac_muladd_23s_8ns_31ns_31_4_1_U1370  |mac_muladd_23s_8ns_31ns_31_4_1  |  i0 + i1 * i2|
    |mac_muladd_23s_8ns_31ns_31_4_1_U1371  |mac_muladd_23s_8ns_31ns_31_4_1  |  i0 + i1 * i2|
    |mac_muladd_23s_8ns_31ns_31_4_1_U1372  |mac_muladd_23s_8ns_31ns_31_4_1  |  i0 + i1 * i2|
    |mac_muladd_23s_8ns_31ns_31_4_1_U1373  |mac_muladd_23s_8ns_31ns_31_4_1  |  i0 + i1 * i2|
    |mac_muladd_23s_8ns_31ns_31_4_1_U1374  |mac_muladd_23s_8ns_31ns_31_4_1  |  i0 + i1 * i2|
    |mac_muladd_23s_8ns_31ns_31_4_1_U1375  |mac_muladd_23s_8ns_31ns_31_4_1  |  i0 + i1 * i2|
    |mac_muladd_23s_8ns_31ns_31_4_1_U1376  |mac_muladd_23s_8ns_31ns_31_4_1  |  i0 + i1 * i2|
    |mac_muladd_23s_8ns_31ns_31_4_1_U1377  |mac_muladd_23s_8ns_31ns_31_4_1  |  i0 + i1 * i2|
    |mac_muladd_23s_8ns_31ns_31_4_1_U1378  |mac_muladd_23s_8ns_31ns_31_4_1  |  i0 + i1 * i2|
    |mac_muladd_23s_8ns_31ns_31_4_1_U1379  |mac_muladd_23s_8ns_31ns_31_4_1  |  i0 + i1 * i2|
    |mac_muladd_23s_8ns_31ns_31_4_1_U1380  |mac_muladd_23s_8ns_31ns_31_4_1  |  i0 + i1 * i2|
    |mac_muladd_23s_8ns_31ns_31_4_1_U1381  |mac_muladd_23s_8ns_31ns_31_4_1  |  i0 + i1 * i2|
    |mac_muladd_23s_8ns_31ns_31_4_1_U1382  |mac_muladd_23s_8ns_31ns_31_4_1  |  i0 + i1 * i2|
    |mac_muladd_23s_8ns_31ns_31_4_1_U1383  |mac_muladd_23s_8ns_31ns_31_4_1  |  i0 + i1 * i2|
    |mac_muladd_23s_8ns_31ns_31_4_1_U1384  |mac_muladd_23s_8ns_31ns_31_4_1  |  i0 + i1 * i2|
    |mac_muladd_23s_8ns_31ns_31_4_1_U1385  |mac_muladd_23s_8ns_31ns_31_4_1  |  i0 + i1 * i2|
    |mac_muladd_23s_8ns_31ns_31_4_1_U1386  |mac_muladd_23s_8ns_31ns_31_4_1  |  i0 + i1 * i2|
    |mac_muladd_23s_8ns_31ns_31_4_1_U1387  |mac_muladd_23s_8ns_31ns_31_4_1  |  i0 + i1 * i2|
    |mac_muladd_23s_8ns_31ns_31_4_1_U1388  |mac_muladd_23s_8ns_31ns_31_4_1  |  i0 + i1 * i2|
    |mac_muladd_23s_8ns_31ns_31_4_1_U1389  |mac_muladd_23s_8ns_31ns_31_4_1  |  i0 + i1 * i2|
    |mac_muladd_23s_8ns_31ns_31_4_1_U1390  |mac_muladd_23s_8ns_31ns_31_4_1  |  i0 + i1 * i2|
    |mac_muladd_9ns_8s_18s_19_4_1_U1391    |mac_muladd_9ns_8s_18s_19_4_1    |  i0 + i1 * i2|
    |mac_muladd_9ns_8s_18s_19_4_1_U1392    |mac_muladd_9ns_8s_18s_19_4_1    |  i0 + i1 * i2|
    |mac_muladd_9ns_8s_18s_19_4_1_U1393    |mac_muladd_9ns_8s_18s_19_4_1    |  i0 + i1 * i2|
    |mac_muladd_9ns_8s_18s_19_4_1_U1394    |mac_muladd_9ns_8s_18s_19_4_1    |  i0 + i1 * i2|
    |mac_muladd_9ns_8s_18s_19_4_1_U1395    |mac_muladd_9ns_8s_18s_19_4_1    |  i0 + i1 * i2|
    |mac_muladd_9ns_8s_18s_19_4_1_U1396    |mac_muladd_9ns_8s_18s_19_4_1    |  i0 + i1 * i2|
    |mac_muladd_9ns_8s_18s_19_4_1_U1397    |mac_muladd_9ns_8s_18s_19_4_1    |  i0 + i1 * i2|
    |mac_muladd_9ns_8s_18s_19_4_1_U1398    |mac_muladd_9ns_8s_18s_19_4_1    |  i0 + i1 * i2|
    |mac_muladd_9ns_8s_18s_19_4_1_U1399    |mac_muladd_9ns_8s_18s_19_4_1    |  i0 + i1 * i2|
    |mac_muladd_9ns_8s_18s_19_4_1_U1400    |mac_muladd_9ns_8s_18s_19_4_1    |  i0 + i1 * i2|
    |mac_muladd_9ns_8s_18s_19_4_1_U1401    |mac_muladd_9ns_8s_18s_19_4_1    |  i0 + i1 * i2|
    |mac_muladd_9ns_8s_18s_19_4_1_U1402    |mac_muladd_9ns_8s_18s_19_4_1    |  i0 + i1 * i2|
    |mac_muladd_9ns_8s_18s_19_4_1_U1403    |mac_muladd_9ns_8s_18s_19_4_1    |  i0 + i1 * i2|
    |mac_muladd_9ns_8s_18s_19_4_1_U1404    |mac_muladd_9ns_8s_18s_19_4_1    |  i0 + i1 * i2|
    |mac_muladd_9ns_8s_18s_19_4_1_U1405    |mac_muladd_9ns_8s_18s_19_4_1    |  i0 + i1 * i2|
    |mac_muladd_9ns_8s_18s_19_4_1_U1406    |mac_muladd_9ns_8s_18s_19_4_1    |  i0 + i1 * i2|
    |mac_muladd_9ns_8s_18s_19_4_1_U1407    |mac_muladd_9ns_8s_18s_19_4_1    |  i0 + i1 * i2|
    |mac_muladd_9ns_8s_18s_19_4_1_U1408    |mac_muladd_9ns_8s_18s_19_4_1    |  i0 + i1 * i2|
    |mac_muladd_9ns_8s_18s_19_4_1_U1409    |mac_muladd_9ns_8s_18s_19_4_1    |  i0 + i1 * i2|
    |mac_muladd_9ns_8s_18s_19_4_1_U1410    |mac_muladd_9ns_8s_18s_19_4_1    |  i0 + i1 * i2|
    |mac_muladd_9ns_8s_18s_19_4_1_U1411    |mac_muladd_9ns_8s_18s_19_4_1    |  i0 + i1 * i2|
    |mac_muladd_9ns_8s_18s_19_4_1_U1412    |mac_muladd_9ns_8s_18s_19_4_1    |  i0 + i1 * i2|
    |mac_muladd_9ns_8s_18s_19_4_1_U1413    |mac_muladd_9ns_8s_18s_19_4_1    |  i0 + i1 * i2|
    |mac_muladd_9ns_8s_18s_19_4_1_U1414    |mac_muladd_9ns_8s_18s_19_4_1    |  i0 + i1 * i2|
    |mac_muladd_9ns_8s_18s_19_4_1_U1415    |mac_muladd_9ns_8s_18s_19_4_1    |  i0 + i1 * i2|
    |mac_muladd_9ns_8s_18s_19_4_1_U1416    |mac_muladd_9ns_8s_18s_19_4_1    |  i0 + i1 * i2|
    |mac_muladd_9ns_8s_18s_19_4_1_U1417    |mac_muladd_9ns_8s_18s_19_4_1    |  i0 + i1 * i2|
    |mac_muladd_9ns_8s_18s_19_4_1_U1418    |mac_muladd_9ns_8s_18s_19_4_1    |  i0 + i1 * i2|
    |mac_muladd_9ns_8s_18s_19_4_1_U1419    |mac_muladd_9ns_8s_18s_19_4_1    |  i0 + i1 * i2|
    |mac_muladd_9ns_8s_18s_19_4_1_U1420    |mac_muladd_9ns_8s_18s_19_4_1    |  i0 + i1 * i2|
    |mac_muladd_9ns_8s_18s_19_4_1_U1421    |mac_muladd_9ns_8s_18s_19_4_1    |  i0 + i1 * i2|
    |mac_muladd_9ns_8s_18s_19_4_1_U1422    |mac_muladd_9ns_8s_18s_19_4_1    |  i0 + i1 * i2|
    |mac_muladd_9ns_8s_18s_19_4_1_U1423    |mac_muladd_9ns_8s_18s_19_4_1    |  i0 + i1 * i2|
    |mac_muladd_9ns_8s_18s_19_4_1_U1424    |mac_muladd_9ns_8s_18s_19_4_1    |  i0 + i1 * i2|
    |mac_muladd_9ns_8s_18s_19_4_1_U1425    |mac_muladd_9ns_8s_18s_19_4_1    |  i0 + i1 * i2|
    |mac_muladd_9ns_8s_18s_19_4_1_U1426    |mac_muladd_9ns_8s_18s_19_4_1    |  i0 + i1 * i2|
    |mac_muladd_9ns_8s_18s_19_4_1_U1427    |mac_muladd_9ns_8s_18s_19_4_1    |  i0 + i1 * i2|
    |mac_muladd_9ns_8s_18s_19_4_1_U1428    |mac_muladd_9ns_8s_18s_19_4_1    |  i0 + i1 * i2|
    |mac_muladd_9ns_8s_18s_19_4_1_U1429    |mac_muladd_9ns_8s_18s_19_4_1    |  i0 + i1 * i2|
    |mac_muladd_9ns_8s_18s_19_4_1_U1430    |mac_muladd_9ns_8s_18s_19_4_1    |  i0 + i1 * i2|
    |mac_muladd_9ns_8s_18s_19_4_1_U1431    |mac_muladd_9ns_8s_18s_19_4_1    |  i0 + i1 * i2|
    |mac_muladd_9ns_8s_18s_19_4_1_U1432    |mac_muladd_9ns_8s_18s_19_4_1    |  i0 + i1 * i2|
    |mac_muladd_9ns_8s_18s_19_4_1_U1433    |mac_muladd_9ns_8s_18s_19_4_1    |  i0 + i1 * i2|
    |mac_muladd_9ns_8s_18s_19_4_1_U1434    |mac_muladd_9ns_8s_18s_19_4_1    |  i0 + i1 * i2|
    |mac_muladd_9ns_8s_18s_19_4_1_U1435    |mac_muladd_9ns_8s_18s_19_4_1    |  i0 + i1 * i2|
    |mac_muladd_9ns_8s_18s_19_4_1_U1436    |mac_muladd_9ns_8s_18s_19_4_1    |  i0 + i1 * i2|
    |mac_muladd_9ns_8s_18s_19_4_1_U1437    |mac_muladd_9ns_8s_18s_19_4_1    |  i0 + i1 * i2|
    |mac_muladd_9ns_8s_18s_19_4_1_U1438    |mac_muladd_9ns_8s_18s_19_4_1    |  i0 + i1 * i2|
    |mac_muladd_9ns_8s_18s_19_4_1_U1439    |mac_muladd_9ns_8s_18s_19_4_1    |  i0 + i1 * i2|
    |mac_muladd_9ns_8s_18s_19_4_1_U1440    |mac_muladd_9ns_8s_18s_19_4_1    |  i0 + i1 * i2|
    |mac_muladd_9ns_8s_18s_19_4_1_U1441    |mac_muladd_9ns_8s_18s_19_4_1    |  i0 + i1 * i2|
    |mac_muladd_9ns_8s_18s_19_4_1_U1442    |mac_muladd_9ns_8s_18s_19_4_1    |  i0 + i1 * i2|
    |mac_muladd_9ns_8s_18s_19_4_1_U1443    |mac_muladd_9ns_8s_18s_19_4_1    |  i0 + i1 * i2|
    |mac_muladd_9ns_8s_18s_19_4_1_U1444    |mac_muladd_9ns_8s_18s_19_4_1    |  i0 + i1 * i2|
    |mac_muladd_9ns_8s_18s_19_4_1_U1445    |mac_muladd_9ns_8s_18s_19_4_1    |  i0 + i1 * i2|
    |mac_muladd_9ns_8s_18s_19_4_1_U1446    |mac_muladd_9ns_8s_18s_19_4_1    |  i0 + i1 * i2|
    |mac_muladd_9ns_8s_18s_19_4_1_U1447    |mac_muladd_9ns_8s_18s_19_4_1    |  i0 + i1 * i2|
    |mac_muladd_9ns_8s_18s_19_4_1_U1448    |mac_muladd_9ns_8s_18s_19_4_1    |  i0 + i1 * i2|
    |mac_muladd_9ns_8s_18s_19_4_1_U1449    |mac_muladd_9ns_8s_18s_19_4_1    |  i0 + i1 * i2|
    |mac_muladd_9ns_8s_18s_19_4_1_U1450    |mac_muladd_9ns_8s_18s_19_4_1    |  i0 + i1 * i2|
    |mac_muladd_9ns_8s_18s_19_4_1_U1451    |mac_muladd_9ns_8s_18s_19_4_1    |  i0 + i1 * i2|
    |mac_muladd_9ns_8s_18s_19_4_1_U1452    |mac_muladd_9ns_8s_18s_19_4_1    |  i0 + i1 * i2|
    |mac_muladd_9ns_8s_18s_19_4_1_U1453    |mac_muladd_9ns_8s_18s_19_4_1    |  i0 + i1 * i2|
    |mac_muladd_9ns_8s_18s_19_4_1_U1454    |mac_muladd_9ns_8s_18s_19_4_1    |  i0 + i1 * i2|
    +--------------------------------------+--------------------------------+--------------+

    * Memory: 
    +--------------+----------------------------------------------------------------------------------+---------+---+----+-----+------+------+------+-------------+
    |    Memory    |                                      Module                                      | BRAM_18K| FF| LUT| URAM| Words| Bits | Banks| W*Bits*Banks|
    +--------------+----------------------------------------------------------------------------------+---------+---+----+-----+------+------+------+-------------+
    |fw2_U         |gru_static_ap_fixed_16_6_5_3_0_ap_fixed_17_4_5_3_0_config2_f_s_fw2_ROM_AUTO_1R    |        8|  0|   0|    0|    70|  1536|     1|       107520|
    |fwr2_U        |gru_static_ap_fixed_16_6_5_3_0_ap_fixed_17_4_5_3_0_config2_f_s_fwr2_ROM_AUTO_1R   |        8|  0|   0|    0|    64|  1536|     1|        98304|
    |qh_state_V_U  |gru_static_ap_fixed_16_6_5_3_0_ap_fixed_17_4_5_3_0_config2_f_s_qh_state_V_RAMbkb  |        0|  8|   9|    0|    64|     8|     1|          512|
    +--------------+----------------------------------------------------------------------------------+---------+---+----+-----+------+------+------+-------------+
    |Total         |                                                                                  |       16|  8|   9|    0|   198|  3080|     3|       206336|
    +--------------+----------------------------------------------------------------------------------+---------+---+----+-----+------+------+------+-------------+

    * FIFO: 
    N/A

    * Expression: 
    +----------------------------------+----------+----+---+-----+------------+------------+
    |           Variable Name          | Operation| DSP| FF| LUT | Bitwidth P0| Bitwidth P1|
    +----------------------------------+----------+----+---+-----+------------+------------+
    |add_ln1347_258_fu_19722_p2        |         +|   0|  0|   29|          22|          21|
    |add_ln485_fu_19612_p2             |         +|   0|  0|   14|           7|           1|
    |inputacc_zr_V_128_fu_17433_p2     |         +|   0|  0|   30|          23|          23|
    |inputacc_zr_V_129_fu_17439_p2     |         +|   0|  0|   30|          23|          23|
    |inputacc_zr_V_130_fu_17445_p2     |         +|   0|  0|   30|          23|          23|
    |inputacc_zr_V_131_fu_17451_p2     |         +|   0|  0|   30|          23|          23|
    |inputacc_zr_V_132_fu_17457_p2     |         +|   0|  0|   30|          23|          23|
    |inputacc_zr_V_133_fu_17463_p2     |         +|   0|  0|   30|          23|          23|
    |inputacc_zr_V_134_fu_17469_p2     |         +|   0|  0|   30|          23|          23|
    |inputacc_zr_V_135_fu_17475_p2     |         +|   0|  0|   30|          23|          23|
    |inputacc_zr_V_136_fu_17481_p2     |         +|   0|  0|   30|          23|          23|
    |inputacc_zr_V_137_fu_17487_p2     |         +|   0|  0|   30|          23|          23|
    |inputacc_zr_V_138_fu_17493_p2     |         +|   0|  0|   30|          23|          23|
    |inputacc_zr_V_139_fu_17499_p2     |         +|   0|  0|   30|          23|          23|
    |inputacc_zr_V_140_fu_17505_p2     |         +|   0|  0|   30|          23|          23|
    |inputacc_zr_V_141_fu_17511_p2     |         +|   0|  0|   30|          23|          23|
    |inputacc_zr_V_142_fu_17517_p2     |         +|   0|  0|   30|          23|          23|
    |inputacc_zr_V_143_fu_17523_p2     |         +|   0|  0|   30|          23|          23|
    |inputacc_zr_V_144_fu_17529_p2     |         +|   0|  0|   30|          23|          23|
    |inputacc_zr_V_145_fu_17535_p2     |         +|   0|  0|   30|          23|          23|
    |inputacc_zr_V_146_fu_17541_p2     |         +|   0|  0|   30|          23|          23|
    |inputacc_zr_V_147_fu_17547_p2     |         +|   0|  0|   30|          23|          23|
    |inputacc_zr_V_148_fu_17553_p2     |         +|   0|  0|   30|          23|          23|
    |inputacc_zr_V_149_fu_17559_p2     |         +|   0|  0|   30|          23|          23|
    |inputacc_zr_V_150_fu_17565_p2     |         +|   0|  0|   30|          23|          23|
    |inputacc_zr_V_151_fu_17571_p2     |         +|   0|  0|   30|          23|          23|
    |inputacc_zr_V_152_fu_17577_p2     |         +|   0|  0|   30|          23|          23|
    |inputacc_zr_V_153_fu_17583_p2     |         +|   0|  0|   30|          23|          23|
    |inputacc_zr_V_154_fu_17589_p2     |         +|   0|  0|   30|          23|          23|
    |inputacc_zr_V_155_fu_17595_p2     |         +|   0|  0|   30|          23|          23|
    |inputacc_zr_V_156_fu_17601_p2     |         +|   0|  0|   30|          23|          23|
    |inputacc_zr_V_157_fu_17607_p2     |         +|   0|  0|   30|          23|          23|
    |inputacc_zr_V_158_fu_17613_p2     |         +|   0|  0|   30|          23|          23|
    |inputacc_zr_V_159_fu_17619_p2     |         +|   0|  0|   30|          23|          23|
    |inputacc_zr_V_160_fu_17625_p2     |         +|   0|  0|   30|          23|          23|
    |inputacc_zr_V_161_fu_17631_p2     |         +|   0|  0|   30|          23|          23|
    |inputacc_zr_V_162_fu_17637_p2     |         +|   0|  0|   30|          23|          23|
    |inputacc_zr_V_163_fu_17643_p2     |         +|   0|  0|   30|          23|          23|
    |inputacc_zr_V_164_fu_17649_p2     |         +|   0|  0|   30|          23|          23|
    |inputacc_zr_V_165_fu_17655_p2     |         +|   0|  0|   30|          23|          23|
    |inputacc_zr_V_166_fu_17661_p2     |         +|   0|  0|   30|          23|          23|
    |inputacc_zr_V_167_fu_17667_p2     |         +|   0|  0|   30|          23|          23|
    |inputacc_zr_V_168_fu_17673_p2     |         +|   0|  0|   30|          23|          23|
    |inputacc_zr_V_169_fu_17679_p2     |         +|   0|  0|   30|          23|          23|
    |inputacc_zr_V_170_fu_17685_p2     |         +|   0|  0|   30|          23|          23|
    |inputacc_zr_V_171_fu_17691_p2     |         +|   0|  0|   30|          23|          23|
    |inputacc_zr_V_172_fu_17697_p2     |         +|   0|  0|   30|          23|          23|
    |inputacc_zr_V_173_fu_17703_p2     |         +|   0|  0|   30|          23|          23|
    |inputacc_zr_V_174_fu_17709_p2     |         +|   0|  0|   30|          23|          23|
    |inputacc_zr_V_175_fu_17715_p2     |         +|   0|  0|   30|          23|          23|
    |inputacc_zr_V_176_fu_17721_p2     |         +|   0|  0|   30|          23|          23|
    |inputacc_zr_V_177_fu_17727_p2     |         +|   0|  0|   30|          23|          23|
    |inputacc_zr_V_178_fu_17733_p2     |         +|   0|  0|   30|          23|          23|
    |inputacc_zr_V_179_fu_17739_p2     |         +|   0|  0|   30|          23|          23|
    |inputacc_zr_V_180_fu_17745_p2     |         +|   0|  0|   30|          23|          23|
    |inputacc_zr_V_181_fu_17751_p2     |         +|   0|  0|   30|          23|          23|
    |inputacc_zr_V_182_fu_17757_p2     |         +|   0|  0|   30|          23|          23|
    |inputacc_zr_V_183_fu_17763_p2     |         +|   0|  0|   30|          23|          23|
    |inputacc_zr_V_184_fu_17769_p2     |         +|   0|  0|   30|          23|          23|
    |inputacc_zr_V_185_fu_17775_p2     |         +|   0|  0|   30|          23|          23|
    |inputacc_zr_V_186_fu_17781_p2     |         +|   0|  0|   30|          23|          23|
    |inputacc_zr_V_187_fu_17787_p2     |         +|   0|  0|   30|          23|          23|
    |inputacc_zr_V_188_fu_17793_p2     |         +|   0|  0|   30|          23|          23|
    |inputacc_zr_V_189_fu_17799_p2     |         +|   0|  0|   30|          23|          23|
    |inputacc_zr_V_190_fu_17805_p2     |         +|   0|  0|   30|          23|          23|
    |inputacc_zr_V_191_fu_17811_p2     |         +|   0|  0|   30|          23|          23|
    |inputacc_zr_V_192_fu_17817_p2     |         +|   0|  0|   30|          23|          23|
    |inputacc_zr_V_193_fu_17823_p2     |         +|   0|  0|   30|          23|          23|
    |inputacc_zr_V_194_fu_17829_p2     |         +|   0|  0|   30|          23|          23|
    |inputacc_zr_V_195_fu_17835_p2     |         +|   0|  0|   30|          23|          23|
    |inputacc_zr_V_196_fu_17841_p2     |         +|   0|  0|   30|          23|          23|
    |inputacc_zr_V_197_fu_17847_p2     |         +|   0|  0|   30|          23|          23|
    |inputacc_zr_V_198_fu_17853_p2     |         +|   0|  0|   30|          23|          23|
    |inputacc_zr_V_199_fu_17859_p2     |         +|   0|  0|   30|          23|          23|
    |inputacc_zr_V_200_fu_17865_p2     |         +|   0|  0|   30|          23|          23|
    |inputacc_zr_V_201_fu_17871_p2     |         +|   0|  0|   30|          23|          23|
    |inputacc_zr_V_202_fu_17877_p2     |         +|   0|  0|   30|          23|          23|
    |inputacc_zr_V_203_fu_17883_p2     |         +|   0|  0|   30|          23|          23|
    |inputacc_zr_V_204_fu_17889_p2     |         +|   0|  0|   30|          23|          23|
    |inputacc_zr_V_205_fu_17895_p2     |         +|   0|  0|   30|          23|          23|
    |inputacc_zr_V_206_fu_17901_p2     |         +|   0|  0|   30|          23|          23|
    |inputacc_zr_V_207_fu_17907_p2     |         +|   0|  0|   30|          23|          23|
    |inputacc_zr_V_208_fu_17913_p2     |         +|   0|  0|   30|          23|          23|
    |inputacc_zr_V_209_fu_17919_p2     |         +|   0|  0|   30|          23|          23|
    |inputacc_zr_V_210_fu_17925_p2     |         +|   0|  0|   30|          23|          23|
    |inputacc_zr_V_211_fu_17931_p2     |         +|   0|  0|   30|          23|          23|
    |inputacc_zr_V_212_fu_17937_p2     |         +|   0|  0|   30|          23|          23|
    |inputacc_zr_V_213_fu_17943_p2     |         +|   0|  0|   30|          23|          23|
    |inputacc_zr_V_214_fu_17949_p2     |         +|   0|  0|   30|          23|          23|
    |inputacc_zr_V_215_fu_17955_p2     |         +|   0|  0|   30|          23|          23|
    |inputacc_zr_V_216_fu_17961_p2     |         +|   0|  0|   30|          23|          23|
    |inputacc_zr_V_217_fu_17967_p2     |         +|   0|  0|   30|          23|          23|
    |inputacc_zr_V_218_fu_17973_p2     |         +|   0|  0|   30|          23|          23|
    |inputacc_zr_V_219_fu_17979_p2     |         +|   0|  0|   30|          23|          23|
    |inputacc_zr_V_220_fu_17985_p2     |         +|   0|  0|   30|          23|          23|
    |inputacc_zr_V_221_fu_17991_p2     |         +|   0|  0|   30|          23|          23|
    |inputacc_zr_V_222_fu_17997_p2     |         +|   0|  0|   30|          23|          23|
    |inputacc_zr_V_223_fu_18003_p2     |         +|   0|  0|   30|          23|          23|
    |inputacc_zr_V_224_fu_18009_p2     |         +|   0|  0|   30|          23|          23|
    |inputacc_zr_V_225_fu_18015_p2     |         +|   0|  0|   30|          23|          23|
    |inputacc_zr_V_226_fu_18021_p2     |         +|   0|  0|   30|          23|          23|
    |inputacc_zr_V_227_fu_18027_p2     |         +|   0|  0|   30|          23|          23|
    |inputacc_zr_V_228_fu_18033_p2     |         +|   0|  0|   30|          23|          23|
    |inputacc_zr_V_229_fu_18039_p2     |         +|   0|  0|   30|          23|          23|
    |inputacc_zr_V_230_fu_18045_p2     |         +|   0|  0|   30|          23|          23|
    |inputacc_zr_V_231_fu_18051_p2     |         +|   0|  0|   30|          23|          23|
    |inputacc_zr_V_232_fu_18057_p2     |         +|   0|  0|   30|          23|          23|
    |inputacc_zr_V_233_fu_18063_p2     |         +|   0|  0|   30|          23|          23|
    |inputacc_zr_V_234_fu_18069_p2     |         +|   0|  0|   30|          23|          23|
    |inputacc_zr_V_235_fu_18075_p2     |         +|   0|  0|   30|          23|          23|
    |inputacc_zr_V_236_fu_18081_p2     |         +|   0|  0|   30|          23|          23|
    |inputacc_zr_V_237_fu_18087_p2     |         +|   0|  0|   30|          23|          23|
    |inputacc_zr_V_238_fu_18093_p2     |         +|   0|  0|   30|          23|          23|
    |inputacc_zr_V_239_fu_18099_p2     |         +|   0|  0|   30|          23|          23|
    |inputacc_zr_V_240_fu_18105_p2     |         +|   0|  0|   30|          23|          23|
    |inputacc_zr_V_241_fu_18111_p2     |         +|   0|  0|   30|          23|          23|
    |inputacc_zr_V_242_fu_18117_p2     |         +|   0|  0|   30|          23|          23|
    |inputacc_zr_V_243_fu_18123_p2     |         +|   0|  0|   30|          23|          23|
    |inputacc_zr_V_244_fu_18129_p2     |         +|   0|  0|   30|          23|          23|
    |inputacc_zr_V_245_fu_18135_p2     |         +|   0|  0|   30|          23|          23|
    |inputacc_zr_V_246_fu_18141_p2     |         +|   0|  0|   30|          23|          23|
    |inputacc_zr_V_247_fu_18147_p2     |         +|   0|  0|   30|          23|          23|
    |inputacc_zr_V_248_fu_18153_p2     |         +|   0|  0|   30|          23|          23|
    |inputacc_zr_V_249_fu_18159_p2     |         +|   0|  0|   30|          23|          23|
    |inputacc_zr_V_250_fu_18165_p2     |         +|   0|  0|   30|          23|          23|
    |inputacc_zr_V_251_fu_18171_p2     |         +|   0|  0|   30|          23|          23|
    |inputacc_zr_V_252_fu_18177_p2     |         +|   0|  0|   30|          23|          23|
    |inputacc_zr_V_253_fu_18183_p2     |         +|   0|  0|   30|          23|          23|
    |inputacc_zr_V_254_fu_18189_p2     |         +|   0|  0|   30|          23|          23|
    |inputacc_zr_V_fu_17427_p2         |         +|   0|  0|   30|          23|          23|
    |p_Val2_1610_fu_2984_p2            |         +|   0|  0|   15|           8|           8|
    |p_Val2_1613_fu_3176_p2            |         +|   0|  0|   15|           8|           8|
    |p_Val2_1616_fu_3395_p2            |         +|   0|  0|   15|           8|           8|
    |p_Val2_1619_fu_3587_p2            |         +|   0|  0|   15|           8|           8|
    |p_Val2_1622_fu_3801_p2            |         +|   0|  0|   15|           8|           8|
    |p_Val2_1625_fu_3993_p2            |         +|   0|  0|   15|           8|           8|
    |p_Val2_1628_fu_4207_p2            |         +|   0|  0|   15|           8|           8|
    |p_Val2_1631_fu_4399_p2            |         +|   0|  0|   15|           8|           8|
    |p_Val2_1634_fu_4613_p2            |         +|   0|  0|   15|           8|           8|
    |p_Val2_1637_fu_4805_p2            |         +|   0|  0|   15|           8|           8|
    |p_Val2_1640_fu_5019_p2            |         +|   0|  0|   15|           8|           8|
    |p_Val2_1643_fu_5211_p2            |         +|   0|  0|   15|           8|           8|
    |p_Val2_1646_fu_5425_p2            |         +|   0|  0|   15|           8|           8|
    |p_Val2_1649_fu_5617_p2            |         +|   0|  0|   15|           8|           8|
    |p_Val2_1652_fu_5831_p2            |         +|   0|  0|   15|           8|           8|
    |p_Val2_1655_fu_6023_p2            |         +|   0|  0|   15|           8|           8|
    |p_Val2_1658_fu_6237_p2            |         +|   0|  0|   15|           8|           8|
    |p_Val2_1661_fu_6429_p2            |         +|   0|  0|   15|           8|           8|
    |p_Val2_1664_fu_6643_p2            |         +|   0|  0|   15|           8|           8|
    |p_Val2_1667_fu_6835_p2            |         +|   0|  0|   15|           8|           8|
    |p_Val2_1670_fu_7049_p2            |         +|   0|  0|   15|           8|           8|
    |p_Val2_1673_fu_7241_p2            |         +|   0|  0|   15|           8|           8|
    |p_Val2_1676_fu_7455_p2            |         +|   0|  0|   15|           8|           8|
    |p_Val2_1679_fu_7647_p2            |         +|   0|  0|   15|           8|           8|
    |p_Val2_1682_fu_7861_p2            |         +|   0|  0|   15|           8|           8|
    |p_Val2_1685_fu_8053_p2            |         +|   0|  0|   15|           8|           8|
    |p_Val2_1688_fu_8267_p2            |         +|   0|  0|   15|           8|           8|
    |p_Val2_1691_fu_8459_p2            |         +|   0|  0|   15|           8|           8|
    |p_Val2_1694_fu_8673_p2            |         +|   0|  0|   15|           8|           8|
    |p_Val2_1697_fu_8865_p2            |         +|   0|  0|   15|           8|           8|
    |p_Val2_1700_fu_9079_p2            |         +|   0|  0|   15|           8|           8|
    |p_Val2_1703_fu_9271_p2            |         +|   0|  0|   15|           8|           8|
    |p_Val2_1706_fu_9485_p2            |         +|   0|  0|   15|           8|           8|
    |p_Val2_1709_fu_9677_p2            |         +|   0|  0|   15|           8|           8|
    |p_Val2_1712_fu_9891_p2            |         +|   0|  0|   15|           8|           8|
    |p_Val2_1715_fu_10083_p2           |         +|   0|  0|   15|           8|           8|
    |p_Val2_1718_fu_10297_p2           |         +|   0|  0|   15|           8|           8|
    |p_Val2_1721_fu_10489_p2           |         +|   0|  0|   15|           8|           8|
    |p_Val2_1724_fu_10703_p2           |         +|   0|  0|   15|           8|           8|
    |p_Val2_1727_fu_10895_p2           |         +|   0|  0|   15|           8|           8|
    |p_Val2_1730_fu_11109_p2           |         +|   0|  0|   15|           8|           8|
    |p_Val2_1733_fu_11301_p2           |         +|   0|  0|   15|           8|           8|
    |p_Val2_1736_fu_11515_p2           |         +|   0|  0|   15|           8|           8|
    |p_Val2_1739_fu_11707_p2           |         +|   0|  0|   15|           8|           8|
    |p_Val2_1742_fu_11921_p2           |         +|   0|  0|   15|           8|           8|
    |p_Val2_1745_fu_12113_p2           |         +|   0|  0|   15|           8|           8|
    |p_Val2_1748_fu_12327_p2           |         +|   0|  0|   15|           8|           8|
    |p_Val2_1751_fu_12519_p2           |         +|   0|  0|   15|           8|           8|
    |p_Val2_1754_fu_12733_p2           |         +|   0|  0|   15|           8|           8|
    |p_Val2_1757_fu_12925_p2           |         +|   0|  0|   15|           8|           8|
    |p_Val2_1760_fu_13139_p2           |         +|   0|  0|   15|           8|           8|
    |p_Val2_1763_fu_13331_p2           |         +|   0|  0|   15|           8|           8|
    |p_Val2_1766_fu_13545_p2           |         +|   0|  0|   15|           8|           8|
    |p_Val2_1769_fu_13737_p2           |         +|   0|  0|   15|           8|           8|
    |p_Val2_1772_fu_13951_p2           |         +|   0|  0|   15|           8|           8|
    |p_Val2_1775_fu_14143_p2           |         +|   0|  0|   15|           8|           8|
    |p_Val2_1778_fu_14357_p2           |         +|   0|  0|   15|           8|           8|
    |p_Val2_1781_fu_14549_p2           |         +|   0|  0|   15|           8|           8|
    |p_Val2_1784_fu_14763_p2           |         +|   0|  0|   15|           8|           8|
    |p_Val2_1787_fu_14955_p2           |         +|   0|  0|   15|           8|           8|
    |p_Val2_1790_fu_15169_p2           |         +|   0|  0|   15|           8|           8|
    |p_Val2_1793_fu_15361_p2           |         +|   0|  0|   15|           8|           8|
    |p_Val2_1796_fu_15575_p2           |         +|   0|  0|   15|           8|           8|
    |p_Val2_1799_fu_15767_p2           |         +|   0|  0|   15|           8|           8|
    |p_Val2_1802_fu_19853_p2           |         +|   0|  0|   15|           8|           8|
    |ret_V_515_fu_19716_p2             |         +|   0|  0|   40|          33|          21|
    |ret_V_516_fu_19779_p2             |         +|   0|  0|   30|          23|          23|
    |ret_V_387_fu_20541_p2             |         -|   0|  0|   17|          10|           9|
    |ret_V_389_fu_20558_p2             |         -|   0|  0|   17|          10|           9|
    |ret_V_391_fu_20575_p2             |         -|   0|  0|   17|          10|           9|
    |ret_V_393_fu_20592_p2             |         -|   0|  0|   17|          10|           9|
    |ret_V_395_fu_20609_p2             |         -|   0|  0|   17|          10|           9|
    |ret_V_397_fu_20626_p2             |         -|   0|  0|   17|          10|           9|
    |ret_V_399_fu_20643_p2             |         -|   0|  0|   17|          10|           9|
    |ret_V_401_fu_20660_p2             |         -|   0|  0|   17|          10|           9|
    |ret_V_403_fu_20677_p2             |         -|   0|  0|   17|          10|           9|
    |ret_V_405_fu_20694_p2             |         -|   0|  0|   17|          10|           9|
    |ret_V_407_fu_20711_p2             |         -|   0|  0|   17|          10|           9|
    |ret_V_409_fu_20728_p2             |         -|   0|  0|   17|          10|           9|
    |ret_V_411_fu_20745_p2             |         -|   0|  0|   17|          10|           9|
    |ret_V_413_fu_20762_p2             |         -|   0|  0|   17|          10|           9|
    |ret_V_415_fu_20779_p2             |         -|   0|  0|   17|          10|           9|
    |ret_V_417_fu_20796_p2             |         -|   0|  0|   17|          10|           9|
    |ret_V_419_fu_20813_p2             |         -|   0|  0|   17|          10|           9|
    |ret_V_421_fu_20830_p2             |         -|   0|  0|   17|          10|           9|
    |ret_V_423_fu_20847_p2             |         -|   0|  0|   17|          10|           9|
    |ret_V_425_fu_20864_p2             |         -|   0|  0|   17|          10|           9|
    |ret_V_427_fu_20881_p2             |         -|   0|  0|   17|          10|           9|
    |ret_V_429_fu_20898_p2             |         -|   0|  0|   17|          10|           9|
    |ret_V_431_fu_20915_p2             |         -|   0|  0|   17|          10|           9|
    |ret_V_433_fu_20932_p2             |         -|   0|  0|   17|          10|           9|
    |ret_V_435_fu_20949_p2             |         -|   0|  0|   17|          10|           9|
    |ret_V_437_fu_20966_p2             |         -|   0|  0|   17|          10|           9|
    |ret_V_439_fu_20983_p2             |         -|   0|  0|   17|          10|           9|
    |ret_V_441_fu_21000_p2             |         -|   0|  0|   17|          10|           9|
    |ret_V_443_fu_21017_p2             |         -|   0|  0|   17|          10|           9|
    |ret_V_445_fu_21034_p2             |         -|   0|  0|   17|          10|           9|
    |ret_V_447_fu_21051_p2             |         -|   0|  0|   17|          10|           9|
    |ret_V_449_fu_21068_p2             |         -|   0|  0|   17|          10|           9|
    |ret_V_451_fu_21085_p2             |         -|   0|  0|   17|          10|           9|
    |ret_V_453_fu_21102_p2             |         -|   0|  0|   17|          10|           9|
    |ret_V_455_fu_21119_p2             |         -|   0|  0|   17|          10|           9|
    |ret_V_457_fu_21136_p2             |         -|   0|  0|   17|          10|           9|
    |ret_V_459_fu_21153_p2             |         -|   0|  0|   17|          10|           9|
    |ret_V_461_fu_21170_p2             |         -|   0|  0|   17|          10|           9|
    |ret_V_463_fu_21187_p2             |         -|   0|  0|   17|          10|           9|
    |ret_V_465_fu_21204_p2             |         -|   0|  0|   17|          10|           9|
    |ret_V_467_fu_21221_p2             |         -|   0|  0|   17|          10|           9|
    |ret_V_469_fu_21238_p2             |         -|   0|  0|   17|          10|           9|
    |ret_V_471_fu_21255_p2             |         -|   0|  0|   17|          10|           9|
    |ret_V_473_fu_21272_p2             |         -|   0|  0|   17|          10|           9|
    |ret_V_475_fu_21289_p2             |         -|   0|  0|   17|          10|           9|
    |ret_V_477_fu_21306_p2             |         -|   0|  0|   17|          10|           9|
    |ret_V_479_fu_21323_p2             |         -|   0|  0|   17|          10|           9|
    |ret_V_481_fu_21340_p2             |         -|   0|  0|   17|          10|           9|
    |ret_V_483_fu_21357_p2             |         -|   0|  0|   17|          10|           9|
    |ret_V_485_fu_21374_p2             |         -|   0|  0|   17|          10|           9|
    |ret_V_487_fu_21391_p2             |         -|   0|  0|   17|          10|           9|
    |ret_V_489_fu_21408_p2             |         -|   0|  0|   17|          10|           9|
    |ret_V_491_fu_21425_p2             |         -|   0|  0|   17|          10|           9|
    |ret_V_493_fu_21442_p2             |         -|   0|  0|   17|          10|           9|
    |ret_V_495_fu_21459_p2             |         -|   0|  0|   17|          10|           9|
    |ret_V_497_fu_21476_p2             |         -|   0|  0|   17|          10|           9|
    |ret_V_499_fu_21493_p2             |         -|   0|  0|   17|          10|           9|
    |ret_V_501_fu_21510_p2             |         -|   0|  0|   17|          10|           9|
    |ret_V_503_fu_21527_p2             |         -|   0|  0|   17|          10|           9|
    |ret_V_505_fu_21544_p2             |         -|   0|  0|   17|          10|           9|
    |ret_V_507_fu_21561_p2             |         -|   0|  0|   17|          10|           9|
    |ret_V_509_fu_21578_p2             |         -|   0|  0|   17|          10|           9|
    |ret_V_511_fu_21595_p2             |         -|   0|  0|   17|          10|           9|
    |ret_V_fu_20524_p2                 |         -|   0|  0|   17|          10|           9|
    |and_ln374_512_fu_3166_p2          |       and|   0|  0|    2|           1|           1|
    |and_ln374_513_fu_3385_p2          |       and|   0|  0|    2|           1|           1|
    |and_ln374_514_fu_3577_p2          |       and|   0|  0|    2|           1|           1|
    |and_ln374_515_fu_3791_p2          |       and|   0|  0|    2|           1|           1|
    |and_ln374_516_fu_3983_p2          |       and|   0|  0|    2|           1|           1|
    |and_ln374_517_fu_4197_p2          |       and|   0|  0|    2|           1|           1|
    |and_ln374_518_fu_4389_p2          |       and|   0|  0|    2|           1|           1|
    |and_ln374_519_fu_4603_p2          |       and|   0|  0|    2|           1|           1|
    |and_ln374_520_fu_4795_p2          |       and|   0|  0|    2|           1|           1|
    |and_ln374_521_fu_5009_p2          |       and|   0|  0|    2|           1|           1|
    |and_ln374_522_fu_5201_p2          |       and|   0|  0|    2|           1|           1|
    |and_ln374_523_fu_5415_p2          |       and|   0|  0|    2|           1|           1|
    |and_ln374_524_fu_5607_p2          |       and|   0|  0|    2|           1|           1|
    |and_ln374_525_fu_5821_p2          |       and|   0|  0|    2|           1|           1|
    |and_ln374_526_fu_6013_p2          |       and|   0|  0|    2|           1|           1|
    |and_ln374_527_fu_6227_p2          |       and|   0|  0|    2|           1|           1|
    |and_ln374_528_fu_6419_p2          |       and|   0|  0|    2|           1|           1|
    |and_ln374_529_fu_6633_p2          |       and|   0|  0|    2|           1|           1|
    |and_ln374_530_fu_6825_p2          |       and|   0|  0|    2|           1|           1|
    |and_ln374_531_fu_7039_p2          |       and|   0|  0|    2|           1|           1|
    |and_ln374_532_fu_7231_p2          |       and|   0|  0|    2|           1|           1|
    |and_ln374_533_fu_7445_p2          |       and|   0|  0|    2|           1|           1|
    |and_ln374_534_fu_7637_p2          |       and|   0|  0|    2|           1|           1|
    |and_ln374_535_fu_7851_p2          |       and|   0|  0|    2|           1|           1|
    |and_ln374_536_fu_8043_p2          |       and|   0|  0|    2|           1|           1|
    |and_ln374_537_fu_8257_p2          |       and|   0|  0|    2|           1|           1|
    |and_ln374_538_fu_8449_p2          |       and|   0|  0|    2|           1|           1|
    |and_ln374_539_fu_8663_p2          |       and|   0|  0|    2|           1|           1|
    |and_ln374_540_fu_8855_p2          |       and|   0|  0|    2|           1|           1|
    |and_ln374_541_fu_9069_p2          |       and|   0|  0|    2|           1|           1|
    |and_ln374_542_fu_9261_p2          |       and|   0|  0|    2|           1|           1|
    |and_ln374_543_fu_9475_p2          |       and|   0|  0|    2|           1|           1|
    |and_ln374_544_fu_9667_p2          |       and|   0|  0|    2|           1|           1|
    |and_ln374_545_fu_9881_p2          |       and|   0|  0|    2|           1|           1|
    |and_ln374_546_fu_10073_p2         |       and|   0|  0|    2|           1|           1|
    |and_ln374_547_fu_10287_p2         |       and|   0|  0|    2|           1|           1|
    |and_ln374_548_fu_10479_p2         |       and|   0|  0|    2|           1|           1|
    |and_ln374_549_fu_10693_p2         |       and|   0|  0|    2|           1|           1|
    |and_ln374_550_fu_10885_p2         |       and|   0|  0|    2|           1|           1|
    |and_ln374_551_fu_11099_p2         |       and|   0|  0|    2|           1|           1|
    |and_ln374_552_fu_11291_p2         |       and|   0|  0|    2|           1|           1|
    |and_ln374_553_fu_11505_p2         |       and|   0|  0|    2|           1|           1|
    |and_ln374_554_fu_11697_p2         |       and|   0|  0|    2|           1|           1|
    |and_ln374_555_fu_11911_p2         |       and|   0|  0|    2|           1|           1|
    |and_ln374_556_fu_12103_p2         |       and|   0|  0|    2|           1|           1|
    |and_ln374_557_fu_12317_p2         |       and|   0|  0|    2|           1|           1|
    |and_ln374_558_fu_12509_p2         |       and|   0|  0|    2|           1|           1|
    |and_ln374_559_fu_12723_p2         |       and|   0|  0|    2|           1|           1|
    |and_ln374_560_fu_12915_p2         |       and|   0|  0|    2|           1|           1|
    |and_ln374_561_fu_13129_p2         |       and|   0|  0|    2|           1|           1|
    |and_ln374_562_fu_13321_p2         |       and|   0|  0|    2|           1|           1|
    |and_ln374_563_fu_13535_p2         |       and|   0|  0|    2|           1|           1|
    |and_ln374_564_fu_13727_p2         |       and|   0|  0|    2|           1|           1|
    |and_ln374_565_fu_13941_p2         |       and|   0|  0|    2|           1|           1|
    |and_ln374_566_fu_14133_p2         |       and|   0|  0|    2|           1|           1|
    |and_ln374_567_fu_14347_p2         |       and|   0|  0|    2|           1|           1|
    |and_ln374_568_fu_14539_p2         |       and|   0|  0|    2|           1|           1|
    |and_ln374_569_fu_14753_p2         |       and|   0|  0|    2|           1|           1|
    |and_ln374_570_fu_14945_p2         |       and|   0|  0|    2|           1|           1|
    |and_ln374_571_fu_15159_p2         |       and|   0|  0|    2|           1|           1|
    |and_ln374_572_fu_15351_p2         |       and|   0|  0|    2|           1|           1|
    |and_ln374_573_fu_15565_p2         |       and|   0|  0|    2|           1|           1|
    |and_ln374_574_fu_15757_p2         |       and|   0|  0|    2|           1|           1|
    |and_ln374_575_fu_19843_p2         |       and|   0|  0|    2|           1|           1|
    |and_ln374_fu_2974_p2              |       and|   0|  0|    2|           1|           1|
    |and_ln891_69_fu_19917_p2          |       and|   0|  0|    2|           1|           1|
    |and_ln891_fu_19923_p2             |       and|   0|  0|    2|           1|           1|
    |and_ln896_257_fu_3266_p2          |       and|   0|  0|    2|           1|           1|
    |and_ln896_259_fu_3485_p2          |       and|   0|  0|    2|           1|           1|
    |and_ln896_261_fu_3677_p2          |       and|   0|  0|    2|           1|           1|
    |and_ln896_263_fu_3891_p2          |       and|   0|  0|    2|           1|           1|
    |and_ln896_265_fu_4083_p2          |       and|   0|  0|    2|           1|           1|
    |and_ln896_267_fu_4297_p2          |       and|   0|  0|    2|           1|           1|
    |and_ln896_269_fu_4489_p2          |       and|   0|  0|    2|           1|           1|
    |and_ln896_271_fu_4703_p2          |       and|   0|  0|    2|           1|           1|
    |and_ln896_273_fu_4895_p2          |       and|   0|  0|    2|           1|           1|
    |and_ln896_275_fu_5109_p2          |       and|   0|  0|    2|           1|           1|
    |and_ln896_277_fu_5301_p2          |       and|   0|  0|    2|           1|           1|
    |and_ln896_279_fu_5515_p2          |       and|   0|  0|    2|           1|           1|
    |and_ln896_281_fu_5707_p2          |       and|   0|  0|    2|           1|           1|
    |and_ln896_283_fu_5921_p2          |       and|   0|  0|    2|           1|           1|
    |and_ln896_285_fu_6113_p2          |       and|   0|  0|    2|           1|           1|
    |and_ln896_287_fu_6327_p2          |       and|   0|  0|    2|           1|           1|
    |and_ln896_289_fu_6519_p2          |       and|   0|  0|    2|           1|           1|
    |and_ln896_291_fu_6733_p2          |       and|   0|  0|    2|           1|           1|
    |and_ln896_293_fu_6925_p2          |       and|   0|  0|    2|           1|           1|
    |and_ln896_295_fu_7139_p2          |       and|   0|  0|    2|           1|           1|
    |and_ln896_297_fu_7331_p2          |       and|   0|  0|    2|           1|           1|
    |and_ln896_299_fu_7545_p2          |       and|   0|  0|    2|           1|           1|
    |and_ln896_301_fu_7737_p2          |       and|   0|  0|    2|           1|           1|
    |and_ln896_303_fu_7951_p2          |       and|   0|  0|    2|           1|           1|
    |and_ln896_305_fu_8143_p2          |       and|   0|  0|    2|           1|           1|
    |and_ln896_307_fu_8357_p2          |       and|   0|  0|    2|           1|           1|
    |and_ln896_309_fu_8549_p2          |       and|   0|  0|    2|           1|           1|
    |and_ln896_311_fu_8763_p2          |       and|   0|  0|    2|           1|           1|
    |and_ln896_313_fu_8955_p2          |       and|   0|  0|    2|           1|           1|
    |and_ln896_315_fu_9169_p2          |       and|   0|  0|    2|           1|           1|
    |and_ln896_317_fu_9361_p2          |       and|   0|  0|    2|           1|           1|
    |and_ln896_319_fu_9575_p2          |       and|   0|  0|    2|           1|           1|
    |and_ln896_321_fu_9767_p2          |       and|   0|  0|    2|           1|           1|
    |and_ln896_323_fu_9981_p2          |       and|   0|  0|    2|           1|           1|
    |and_ln896_325_fu_10173_p2         |       and|   0|  0|    2|           1|           1|
    |and_ln896_327_fu_10387_p2         |       and|   0|  0|    2|           1|           1|
    |and_ln896_329_fu_10579_p2         |       and|   0|  0|    2|           1|           1|
    |and_ln896_331_fu_10793_p2         |       and|   0|  0|    2|           1|           1|
    |and_ln896_333_fu_10985_p2         |       and|   0|  0|    2|           1|           1|
    |and_ln896_335_fu_11199_p2         |       and|   0|  0|    2|           1|           1|
    |and_ln896_337_fu_11391_p2         |       and|   0|  0|    2|           1|           1|
    |and_ln896_339_fu_11605_p2         |       and|   0|  0|    2|           1|           1|
    |and_ln896_341_fu_11797_p2         |       and|   0|  0|    2|           1|           1|
    |and_ln896_343_fu_12011_p2         |       and|   0|  0|    2|           1|           1|
    |and_ln896_345_fu_12203_p2         |       and|   0|  0|    2|           1|           1|
    |and_ln896_347_fu_12417_p2         |       and|   0|  0|    2|           1|           1|
    |and_ln896_349_fu_12609_p2         |       and|   0|  0|    2|           1|           1|
    |and_ln896_351_fu_12823_p2         |       and|   0|  0|    2|           1|           1|
    |and_ln896_353_fu_13015_p2         |       and|   0|  0|    2|           1|           1|
    |and_ln896_355_fu_13229_p2         |       and|   0|  0|    2|           1|           1|
    |and_ln896_357_fu_13421_p2         |       and|   0|  0|    2|           1|           1|
    |and_ln896_359_fu_13635_p2         |       and|   0|  0|    2|           1|           1|
    |and_ln896_361_fu_13827_p2         |       and|   0|  0|    2|           1|           1|
    |and_ln896_363_fu_14041_p2         |       and|   0|  0|    2|           1|           1|
    |and_ln896_365_fu_14233_p2         |       and|   0|  0|    2|           1|           1|
    |and_ln896_367_fu_14447_p2         |       and|   0|  0|    2|           1|           1|
    |and_ln896_369_fu_14639_p2         |       and|   0|  0|    2|           1|           1|
    |and_ln896_371_fu_14853_p2         |       and|   0|  0|    2|           1|           1|
    |and_ln896_373_fu_15045_p2         |       and|   0|  0|    2|           1|           1|
    |and_ln896_375_fu_15259_p2         |       and|   0|  0|    2|           1|           1|
    |and_ln896_377_fu_15451_p2         |       and|   0|  0|    2|           1|           1|
    |and_ln896_379_fu_15665_p2         |       and|   0|  0|    2|           1|           1|
    |and_ln896_381_fu_15857_p2         |       and|   0|  0|    2|           1|           1|
    |and_ln896_fu_3074_p2              |       and|   0|  0|    2|           1|           1|
    |carry_391_fu_3004_p2              |       and|   0|  0|    2|           1|           1|
    |carry_393_fu_3196_p2              |       and|   0|  0|    2|           1|           1|
    |carry_395_fu_3415_p2              |       and|   0|  0|    2|           1|           1|
    |carry_397_fu_3607_p2              |       and|   0|  0|    2|           1|           1|
    |carry_399_fu_3821_p2              |       and|   0|  0|    2|           1|           1|
    |carry_401_fu_4013_p2              |       and|   0|  0|    2|           1|           1|
    |carry_403_fu_4227_p2              |       and|   0|  0|    2|           1|           1|
    |carry_405_fu_4419_p2              |       and|   0|  0|    2|           1|           1|
    |carry_407_fu_4633_p2              |       and|   0|  0|    2|           1|           1|
    |carry_409_fu_4825_p2              |       and|   0|  0|    2|           1|           1|
    |carry_411_fu_5039_p2              |       and|   0|  0|    2|           1|           1|
    |carry_413_fu_5231_p2              |       and|   0|  0|    2|           1|           1|
    |carry_415_fu_5445_p2              |       and|   0|  0|    2|           1|           1|
    |carry_417_fu_5637_p2              |       and|   0|  0|    2|           1|           1|
    |carry_419_fu_5851_p2              |       and|   0|  0|    2|           1|           1|
    |carry_421_fu_6043_p2              |       and|   0|  0|    2|           1|           1|
    |carry_423_fu_6257_p2              |       and|   0|  0|    2|           1|           1|
    |carry_425_fu_6449_p2              |       and|   0|  0|    2|           1|           1|
    |carry_427_fu_6663_p2              |       and|   0|  0|    2|           1|           1|
    |carry_429_fu_6855_p2              |       and|   0|  0|    2|           1|           1|
    |carry_431_fu_7069_p2              |       and|   0|  0|    2|           1|           1|
    |carry_433_fu_7261_p2              |       and|   0|  0|    2|           1|           1|
    |carry_435_fu_7475_p2              |       and|   0|  0|    2|           1|           1|
    |carry_437_fu_7667_p2              |       and|   0|  0|    2|           1|           1|
    |carry_439_fu_7881_p2              |       and|   0|  0|    2|           1|           1|
    |carry_441_fu_8073_p2              |       and|   0|  0|    2|           1|           1|
    |carry_443_fu_8287_p2              |       and|   0|  0|    2|           1|           1|
    |carry_445_fu_8479_p2              |       and|   0|  0|    2|           1|           1|
    |carry_447_fu_8693_p2              |       and|   0|  0|    2|           1|           1|
    |carry_449_fu_8885_p2              |       and|   0|  0|    2|           1|           1|
    |carry_451_fu_9099_p2              |       and|   0|  0|    2|           1|           1|
    |carry_453_fu_9291_p2              |       and|   0|  0|    2|           1|           1|
    |carry_455_fu_9505_p2              |       and|   0|  0|    2|           1|           1|
    |carry_457_fu_9697_p2              |       and|   0|  0|    2|           1|           1|
    |carry_459_fu_9911_p2              |       and|   0|  0|    2|           1|           1|
    |carry_461_fu_10103_p2             |       and|   0|  0|    2|           1|           1|
    |carry_463_fu_10317_p2             |       and|   0|  0|    2|           1|           1|
    |carry_465_fu_10509_p2             |       and|   0|  0|    2|           1|           1|
    |carry_467_fu_10723_p2             |       and|   0|  0|    2|           1|           1|
    |carry_469_fu_10915_p2             |       and|   0|  0|    2|           1|           1|
    |carry_471_fu_11129_p2             |       and|   0|  0|    2|           1|           1|
    |carry_473_fu_11321_p2             |       and|   0|  0|    2|           1|           1|
    |carry_475_fu_11535_p2             |       and|   0|  0|    2|           1|           1|
    |carry_477_fu_11727_p2             |       and|   0|  0|    2|           1|           1|
    |carry_479_fu_11941_p2             |       and|   0|  0|    2|           1|           1|
    |carry_481_fu_12133_p2             |       and|   0|  0|    2|           1|           1|
    |carry_483_fu_12347_p2             |       and|   0|  0|    2|           1|           1|
    |carry_485_fu_12539_p2             |       and|   0|  0|    2|           1|           1|
    |carry_487_fu_12753_p2             |       and|   0|  0|    2|           1|           1|
    |carry_489_fu_12945_p2             |       and|   0|  0|    2|           1|           1|
    |carry_491_fu_13159_p2             |       and|   0|  0|    2|           1|           1|
    |carry_493_fu_13351_p2             |       and|   0|  0|    2|           1|           1|
    |carry_495_fu_13565_p2             |       and|   0|  0|    2|           1|           1|
    |carry_497_fu_13757_p2             |       and|   0|  0|    2|           1|           1|
    |carry_499_fu_13971_p2             |       and|   0|  0|    2|           1|           1|
    |carry_501_fu_14163_p2             |       and|   0|  0|    2|           1|           1|
    |carry_503_fu_14377_p2             |       and|   0|  0|    2|           1|           1|
    |carry_505_fu_14569_p2             |       and|   0|  0|    2|           1|           1|
    |carry_507_fu_14783_p2             |       and|   0|  0|    2|           1|           1|
    |carry_509_fu_14975_p2             |       and|   0|  0|    2|           1|           1|
    |carry_511_fu_15189_p2             |       and|   0|  0|    2|           1|           1|
    |carry_513_fu_15381_p2             |       and|   0|  0|    2|           1|           1|
    |carry_515_fu_15595_p2             |       and|   0|  0|    2|           1|           1|
    |carry_517_fu_15787_p2             |       and|   0|  0|    2|           1|           1|
    |deleted_ones_258_fu_19911_p2      |       and|   0|  0|    2|           1|           1|
    |overflow_195_fu_3248_p2           |       and|   0|  0|    2|           1|           1|
    |overflow_196_fu_3467_p2           |       and|   0|  0|    2|           1|           1|
    |overflow_197_fu_3659_p2           |       and|   0|  0|    2|           1|           1|
    |overflow_198_fu_3873_p2           |       and|   0|  0|    2|           1|           1|
    |overflow_199_fu_4065_p2           |       and|   0|  0|    2|           1|           1|
    |overflow_200_fu_4279_p2           |       and|   0|  0|    2|           1|           1|
    |overflow_201_fu_4471_p2           |       and|   0|  0|    2|           1|           1|
    |overflow_202_fu_4685_p2           |       and|   0|  0|    2|           1|           1|
    |overflow_203_fu_4877_p2           |       and|   0|  0|    2|           1|           1|
    |overflow_204_fu_5091_p2           |       and|   0|  0|    2|           1|           1|
    |overflow_205_fu_5283_p2           |       and|   0|  0|    2|           1|           1|
    |overflow_206_fu_5497_p2           |       and|   0|  0|    2|           1|           1|
    |overflow_207_fu_5689_p2           |       and|   0|  0|    2|           1|           1|
    |overflow_208_fu_5903_p2           |       and|   0|  0|    2|           1|           1|
    |overflow_209_fu_6095_p2           |       and|   0|  0|    2|           1|           1|
    |overflow_210_fu_6309_p2           |       and|   0|  0|    2|           1|           1|
    |overflow_211_fu_6501_p2           |       and|   0|  0|    2|           1|           1|
    |overflow_212_fu_6715_p2           |       and|   0|  0|    2|           1|           1|
    |overflow_213_fu_6907_p2           |       and|   0|  0|    2|           1|           1|
    |overflow_214_fu_7121_p2           |       and|   0|  0|    2|           1|           1|
    |overflow_215_fu_7313_p2           |       and|   0|  0|    2|           1|           1|
    |overflow_216_fu_7527_p2           |       and|   0|  0|    2|           1|           1|
    |overflow_217_fu_7719_p2           |       and|   0|  0|    2|           1|           1|
    |overflow_218_fu_7933_p2           |       and|   0|  0|    2|           1|           1|
    |overflow_219_fu_8125_p2           |       and|   0|  0|    2|           1|           1|
    |overflow_220_fu_8339_p2           |       and|   0|  0|    2|           1|           1|
    |overflow_221_fu_8531_p2           |       and|   0|  0|    2|           1|           1|
    |overflow_222_fu_8745_p2           |       and|   0|  0|    2|           1|           1|
    |overflow_223_fu_8937_p2           |       and|   0|  0|    2|           1|           1|
    |overflow_224_fu_9151_p2           |       and|   0|  0|    2|           1|           1|
    |overflow_225_fu_9343_p2           |       and|   0|  0|    2|           1|           1|
    |overflow_226_fu_9557_p2           |       and|   0|  0|    2|           1|           1|
    |overflow_227_fu_9749_p2           |       and|   0|  0|    2|           1|           1|
    |overflow_228_fu_9963_p2           |       and|   0|  0|    2|           1|           1|
    |overflow_229_fu_10155_p2          |       and|   0|  0|    2|           1|           1|
    |overflow_230_fu_10369_p2          |       and|   0|  0|    2|           1|           1|
    |overflow_231_fu_10561_p2          |       and|   0|  0|    2|           1|           1|
    |overflow_232_fu_10775_p2          |       and|   0|  0|    2|           1|           1|
    |overflow_233_fu_10967_p2          |       and|   0|  0|    2|           1|           1|
    |overflow_234_fu_11181_p2          |       and|   0|  0|    2|           1|           1|
    |overflow_235_fu_11373_p2          |       and|   0|  0|    2|           1|           1|
    |overflow_236_fu_11587_p2          |       and|   0|  0|    2|           1|           1|
    |overflow_237_fu_11779_p2          |       and|   0|  0|    2|           1|           1|
    |overflow_238_fu_11993_p2          |       and|   0|  0|    2|           1|           1|
    |overflow_239_fu_12185_p2          |       and|   0|  0|    2|           1|           1|
    |overflow_240_fu_12399_p2          |       and|   0|  0|    2|           1|           1|
    |overflow_241_fu_12591_p2          |       and|   0|  0|    2|           1|           1|
    |overflow_242_fu_12805_p2          |       and|   0|  0|    2|           1|           1|
    |overflow_243_fu_12997_p2          |       and|   0|  0|    2|           1|           1|
    |overflow_244_fu_13211_p2          |       and|   0|  0|    2|           1|           1|
    |overflow_245_fu_13403_p2          |       and|   0|  0|    2|           1|           1|
    |overflow_246_fu_13617_p2          |       and|   0|  0|    2|           1|           1|
    |overflow_247_fu_13809_p2          |       and|   0|  0|    2|           1|           1|
    |overflow_248_fu_14023_p2          |       and|   0|  0|    2|           1|           1|
    |overflow_249_fu_14215_p2          |       and|   0|  0|    2|           1|           1|
    |overflow_250_fu_14429_p2          |       and|   0|  0|    2|           1|           1|
    |overflow_251_fu_14621_p2          |       and|   0|  0|    2|           1|           1|
    |overflow_252_fu_14835_p2          |       and|   0|  0|    2|           1|           1|
    |overflow_253_fu_15027_p2          |       and|   0|  0|    2|           1|           1|
    |overflow_254_fu_15241_p2          |       and|   0|  0|    2|           1|           1|
    |overflow_255_fu_15433_p2          |       and|   0|  0|    2|           1|           1|
    |overflow_256_fu_15647_p2          |       and|   0|  0|    2|           1|           1|
    |overflow_257_fu_15839_p2          |       and|   0|  0|    2|           1|           1|
    |overflow_258_fu_19953_p2          |       and|   0|  0|    2|           1|           1|
    |overflow_fu_3056_p2               |       and|   0|  0|    2|           1|           1|
    |underflow_195_fu_3272_p2          |       and|   0|  0|    2|           1|           1|
    |underflow_196_fu_3491_p2          |       and|   0|  0|    2|           1|           1|
    |underflow_197_fu_3683_p2          |       and|   0|  0|    2|           1|           1|
    |underflow_198_fu_3897_p2          |       and|   0|  0|    2|           1|           1|
    |underflow_199_fu_4089_p2          |       and|   0|  0|    2|           1|           1|
    |underflow_200_fu_4303_p2          |       and|   0|  0|    2|           1|           1|
    |underflow_201_fu_4495_p2          |       and|   0|  0|    2|           1|           1|
    |underflow_202_fu_4709_p2          |       and|   0|  0|    2|           1|           1|
    |underflow_203_fu_4901_p2          |       and|   0|  0|    2|           1|           1|
    |underflow_204_fu_5115_p2          |       and|   0|  0|    2|           1|           1|
    |underflow_205_fu_5307_p2          |       and|   0|  0|    2|           1|           1|
    |underflow_206_fu_5521_p2          |       and|   0|  0|    2|           1|           1|
    |underflow_207_fu_5713_p2          |       and|   0|  0|    2|           1|           1|
    |underflow_208_fu_5927_p2          |       and|   0|  0|    2|           1|           1|
    |underflow_209_fu_6119_p2          |       and|   0|  0|    2|           1|           1|
    |underflow_210_fu_6333_p2          |       and|   0|  0|    2|           1|           1|
    |underflow_211_fu_6525_p2          |       and|   0|  0|    2|           1|           1|
    |underflow_212_fu_6739_p2          |       and|   0|  0|    2|           1|           1|
    |underflow_213_fu_6931_p2          |       and|   0|  0|    2|           1|           1|
    |underflow_214_fu_7145_p2          |       and|   0|  0|    2|           1|           1|
    |underflow_215_fu_7337_p2          |       and|   0|  0|    2|           1|           1|
    |underflow_216_fu_7551_p2          |       and|   0|  0|    2|           1|           1|
    |underflow_217_fu_7743_p2          |       and|   0|  0|    2|           1|           1|
    |underflow_218_fu_7957_p2          |       and|   0|  0|    2|           1|           1|
    |underflow_219_fu_8149_p2          |       and|   0|  0|    2|           1|           1|
    |underflow_220_fu_8363_p2          |       and|   0|  0|    2|           1|           1|
    |underflow_221_fu_8555_p2          |       and|   0|  0|    2|           1|           1|
    |underflow_222_fu_8769_p2          |       and|   0|  0|    2|           1|           1|
    |underflow_223_fu_8961_p2          |       and|   0|  0|    2|           1|           1|
    |underflow_224_fu_9175_p2          |       and|   0|  0|    2|           1|           1|
    |underflow_225_fu_9367_p2          |       and|   0|  0|    2|           1|           1|
    |underflow_226_fu_9581_p2          |       and|   0|  0|    2|           1|           1|
    |underflow_227_fu_9773_p2          |       and|   0|  0|    2|           1|           1|
    |underflow_228_fu_9987_p2          |       and|   0|  0|    2|           1|           1|
    |underflow_229_fu_10179_p2         |       and|   0|  0|    2|           1|           1|
    |underflow_230_fu_10393_p2         |       and|   0|  0|    2|           1|           1|
    |underflow_231_fu_10585_p2         |       and|   0|  0|    2|           1|           1|
    |underflow_232_fu_10799_p2         |       and|   0|  0|    2|           1|           1|
    |underflow_233_fu_10991_p2         |       and|   0|  0|    2|           1|           1|
    |underflow_234_fu_11205_p2         |       and|   0|  0|    2|           1|           1|
    |underflow_235_fu_11397_p2         |       and|   0|  0|    2|           1|           1|
    |underflow_236_fu_11611_p2         |       and|   0|  0|    2|           1|           1|
    |underflow_237_fu_11803_p2         |       and|   0|  0|    2|           1|           1|
    |underflow_238_fu_12017_p2         |       and|   0|  0|    2|           1|           1|
    |underflow_239_fu_12209_p2         |       and|   0|  0|    2|           1|           1|
    |underflow_240_fu_12423_p2         |       and|   0|  0|    2|           1|           1|
    |underflow_241_fu_12615_p2         |       and|   0|  0|    2|           1|           1|
    |underflow_242_fu_12829_p2         |       and|   0|  0|    2|           1|           1|
    |underflow_243_fu_13021_p2         |       and|   0|  0|    2|           1|           1|
    |underflow_244_fu_13235_p2         |       and|   0|  0|    2|           1|           1|
    |underflow_245_fu_13427_p2         |       and|   0|  0|    2|           1|           1|
    |underflow_246_fu_13641_p2         |       and|   0|  0|    2|           1|           1|
    |underflow_247_fu_13833_p2         |       and|   0|  0|    2|           1|           1|
    |underflow_248_fu_14047_p2         |       and|   0|  0|    2|           1|           1|
    |underflow_249_fu_14239_p2         |       and|   0|  0|    2|           1|           1|
    |underflow_250_fu_14453_p2         |       and|   0|  0|    2|           1|           1|
    |underflow_251_fu_14645_p2         |       and|   0|  0|    2|           1|           1|
    |underflow_252_fu_14859_p2         |       and|   0|  0|    2|           1|           1|
    |underflow_253_fu_15051_p2         |       and|   0|  0|    2|           1|           1|
    |underflow_254_fu_15265_p2         |       and|   0|  0|    2|           1|           1|
    |underflow_255_fu_15457_p2         |       and|   0|  0|    2|           1|           1|
    |underflow_256_fu_15671_p2         |       and|   0|  0|    2|           1|           1|
    |underflow_257_fu_15863_p2         |       and|   0|  0|    2|           1|           1|
    |underflow_258_fu_19977_p2         |       and|   0|  0|    2|           1|           1|
    |underflow_fu_3080_p2              |       and|   0|  0|    2|           1|           1|
    |icmp_ln1649_fu_19728_p2           |      icmp|   0|  0|   20|          33|          22|
    |icmp_ln485_fu_19606_p2            |      icmp|   0|  0|   11|           7|           8|
    |r_512_fu_3146_p2                  |      icmp|   0|  0|   10|           7|           1|
    |r_513_fu_3365_p2                  |      icmp|   0|  0|   10|           7|           1|
    |r_514_fu_3557_p2                  |      icmp|   0|  0|   10|           7|           1|
    |r_515_fu_3771_p2                  |      icmp|   0|  0|   10|           7|           1|
    |r_516_fu_3963_p2                  |      icmp|   0|  0|   10|           7|           1|
    |r_517_fu_4177_p2                  |      icmp|   0|  0|   10|           7|           1|
    |r_518_fu_4369_p2                  |      icmp|   0|  0|   10|           7|           1|
    |r_519_fu_4583_p2                  |      icmp|   0|  0|   10|           7|           1|
    |r_520_fu_4775_p2                  |      icmp|   0|  0|   10|           7|           1|
    |r_521_fu_4989_p2                  |      icmp|   0|  0|   10|           7|           1|
    |r_522_fu_5181_p2                  |      icmp|   0|  0|   10|           7|           1|
    |r_523_fu_5395_p2                  |      icmp|   0|  0|   10|           7|           1|
    |r_524_fu_5587_p2                  |      icmp|   0|  0|   10|           7|           1|
    |r_525_fu_5801_p2                  |      icmp|   0|  0|   10|           7|           1|
    |r_526_fu_5993_p2                  |      icmp|   0|  0|   10|           7|           1|
    |r_527_fu_6207_p2                  |      icmp|   0|  0|   10|           7|           1|
    |r_528_fu_6399_p2                  |      icmp|   0|  0|   10|           7|           1|
    |r_529_fu_6613_p2                  |      icmp|   0|  0|   10|           7|           1|
    |r_530_fu_6805_p2                  |      icmp|   0|  0|   10|           7|           1|
    |r_531_fu_7019_p2                  |      icmp|   0|  0|   10|           7|           1|
    |r_532_fu_7211_p2                  |      icmp|   0|  0|   10|           7|           1|
    |r_533_fu_7425_p2                  |      icmp|   0|  0|   10|           7|           1|
    |r_534_fu_7617_p2                  |      icmp|   0|  0|   10|           7|           1|
    |r_535_fu_7831_p2                  |      icmp|   0|  0|   10|           7|           1|
    |r_536_fu_8023_p2                  |      icmp|   0|  0|   10|           7|           1|
    |r_537_fu_8237_p2                  |      icmp|   0|  0|   10|           7|           1|
    |r_538_fu_8429_p2                  |      icmp|   0|  0|   10|           7|           1|
    |r_539_fu_8643_p2                  |      icmp|   0|  0|   10|           7|           1|
    |r_540_fu_8835_p2                  |      icmp|   0|  0|   10|           7|           1|
    |r_541_fu_9049_p2                  |      icmp|   0|  0|   10|           7|           1|
    |r_542_fu_9241_p2                  |      icmp|   0|  0|   10|           7|           1|
    |r_543_fu_9455_p2                  |      icmp|   0|  0|   10|           7|           1|
    |r_544_fu_9647_p2                  |      icmp|   0|  0|   10|           7|           1|
    |r_545_fu_9861_p2                  |      icmp|   0|  0|   10|           7|           1|
    |r_546_fu_10053_p2                 |      icmp|   0|  0|   10|           7|           1|
    |r_547_fu_10267_p2                 |      icmp|   0|  0|   10|           7|           1|
    |r_548_fu_10459_p2                 |      icmp|   0|  0|   10|           7|           1|
    |r_549_fu_10673_p2                 |      icmp|   0|  0|   10|           7|           1|
    |r_550_fu_10865_p2                 |      icmp|   0|  0|   10|           7|           1|
    |r_551_fu_11079_p2                 |      icmp|   0|  0|   10|           7|           1|
    |r_552_fu_11271_p2                 |      icmp|   0|  0|   10|           7|           1|
    |r_553_fu_11485_p2                 |      icmp|   0|  0|   10|           7|           1|
    |r_554_fu_11677_p2                 |      icmp|   0|  0|   10|           7|           1|
    |r_555_fu_11891_p2                 |      icmp|   0|  0|   10|           7|           1|
    |r_556_fu_12083_p2                 |      icmp|   0|  0|   10|           7|           1|
    |r_557_fu_12297_p2                 |      icmp|   0|  0|   10|           7|           1|
    |r_558_fu_12489_p2                 |      icmp|   0|  0|   10|           7|           1|
    |r_559_fu_12703_p2                 |      icmp|   0|  0|   10|           7|           1|
    |r_560_fu_12895_p2                 |      icmp|   0|  0|   10|           7|           1|
    |r_561_fu_13109_p2                 |      icmp|   0|  0|   10|           7|           1|
    |r_562_fu_13301_p2                 |      icmp|   0|  0|   10|           7|           1|
    |r_563_fu_13515_p2                 |      icmp|   0|  0|   10|           7|           1|
    |r_564_fu_13707_p2                 |      icmp|   0|  0|   10|           7|           1|
    |r_565_fu_13921_p2                 |      icmp|   0|  0|   10|           7|           1|
    |r_566_fu_14113_p2                 |      icmp|   0|  0|   10|           7|           1|
    |r_567_fu_14327_p2                 |      icmp|   0|  0|   10|           7|           1|
    |r_568_fu_14519_p2                 |      icmp|   0|  0|   10|           7|           1|
    |r_569_fu_14733_p2                 |      icmp|   0|  0|   10|           7|           1|
    |r_570_fu_14925_p2                 |      icmp|   0|  0|   10|           7|           1|
    |r_571_fu_15139_p2                 |      icmp|   0|  0|   10|           7|           1|
    |r_572_fu_15331_p2                 |      icmp|   0|  0|   10|           7|           1|
    |r_573_fu_15545_p2                 |      icmp|   0|  0|   10|           7|           1|
    |r_574_fu_15737_p2                 |      icmp|   0|  0|   10|           7|           1|
    |r_575_fu_19826_p2                 |      icmp|   0|  0|   12|          13|           1|
    |r_fu_2954_p2                      |      icmp|   0|  0|   10|           7|           1|
    |ap_block_state35_on_subcall_done  |        or|   0|  0|    2|           1|           1|
    |or_ln346_195_fu_3286_p2           |        or|   0|  0|    2|           1|           1|
    |or_ln346_196_fu_3505_p2           |        or|   0|  0|    2|           1|           1|
    |or_ln346_197_fu_3697_p2           |        or|   0|  0|    2|           1|           1|
    |or_ln346_198_fu_3911_p2           |        or|   0|  0|    2|           1|           1|
    |or_ln346_199_fu_4103_p2           |        or|   0|  0|    2|           1|           1|
    |or_ln346_200_fu_4317_p2           |        or|   0|  0|    2|           1|           1|
    |or_ln346_201_fu_4509_p2           |        or|   0|  0|    2|           1|           1|
    |or_ln346_202_fu_4723_p2           |        or|   0|  0|    2|           1|           1|
    |or_ln346_203_fu_4915_p2           |        or|   0|  0|    2|           1|           1|
    |or_ln346_204_fu_5129_p2           |        or|   0|  0|    2|           1|           1|
    |or_ln346_205_fu_5321_p2           |        or|   0|  0|    2|           1|           1|
    |or_ln346_206_fu_5535_p2           |        or|   0|  0|    2|           1|           1|
    |or_ln346_207_fu_5727_p2           |        or|   0|  0|    2|           1|           1|
    |or_ln346_208_fu_5941_p2           |        or|   0|  0|    2|           1|           1|
    |or_ln346_209_fu_6133_p2           |        or|   0|  0|    2|           1|           1|
    |or_ln346_210_fu_6347_p2           |        or|   0|  0|    2|           1|           1|
    |or_ln346_211_fu_6539_p2           |        or|   0|  0|    2|           1|           1|
    |or_ln346_212_fu_6753_p2           |        or|   0|  0|    2|           1|           1|
    |or_ln346_213_fu_6945_p2           |        or|   0|  0|    2|           1|           1|
    |or_ln346_214_fu_7159_p2           |        or|   0|  0|    2|           1|           1|
    |or_ln346_215_fu_7351_p2           |        or|   0|  0|    2|           1|           1|
    |or_ln346_216_fu_7565_p2           |        or|   0|  0|    2|           1|           1|
    |or_ln346_217_fu_7757_p2           |        or|   0|  0|    2|           1|           1|
    |or_ln346_218_fu_7971_p2           |        or|   0|  0|    2|           1|           1|
    |or_ln346_219_fu_8163_p2           |        or|   0|  0|    2|           1|           1|
    |or_ln346_220_fu_8377_p2           |        or|   0|  0|    2|           1|           1|
    |or_ln346_221_fu_8569_p2           |        or|   0|  0|    2|           1|           1|
    |or_ln346_222_fu_8783_p2           |        or|   0|  0|    2|           1|           1|
    |or_ln346_223_fu_8975_p2           |        or|   0|  0|    2|           1|           1|
    |or_ln346_224_fu_9189_p2           |        or|   0|  0|    2|           1|           1|
    |or_ln346_225_fu_9381_p2           |        or|   0|  0|    2|           1|           1|
    |or_ln346_226_fu_9595_p2           |        or|   0|  0|    2|           1|           1|
    |or_ln346_227_fu_9787_p2           |        or|   0|  0|    2|           1|           1|
    |or_ln346_228_fu_10001_p2          |        or|   0|  0|    2|           1|           1|
    |or_ln346_229_fu_10193_p2          |        or|   0|  0|    2|           1|           1|
    |or_ln346_230_fu_10407_p2          |        or|   0|  0|    2|           1|           1|
    |or_ln346_231_fu_10599_p2          |        or|   0|  0|    2|           1|           1|
    |or_ln346_232_fu_10813_p2          |        or|   0|  0|    2|           1|           1|
    |or_ln346_233_fu_11005_p2          |        or|   0|  0|    2|           1|           1|
    |or_ln346_234_fu_11219_p2          |        or|   0|  0|    2|           1|           1|
    |or_ln346_235_fu_11411_p2          |        or|   0|  0|    2|           1|           1|
    |or_ln346_236_fu_11625_p2          |        or|   0|  0|    2|           1|           1|
    |or_ln346_237_fu_11817_p2          |        or|   0|  0|    2|           1|           1|
    |or_ln346_238_fu_12031_p2          |        or|   0|  0|    2|           1|           1|
    |or_ln346_239_fu_12223_p2          |        or|   0|  0|    2|           1|           1|
    |or_ln346_240_fu_12437_p2          |        or|   0|  0|    2|           1|           1|
    |or_ln346_241_fu_12629_p2          |        or|   0|  0|    2|           1|           1|
    |or_ln346_242_fu_12843_p2          |        or|   0|  0|    2|           1|           1|
    |or_ln346_243_fu_13035_p2          |        or|   0|  0|    2|           1|           1|
    |or_ln346_244_fu_13249_p2          |        or|   0|  0|    2|           1|           1|
    |or_ln346_245_fu_13441_p2          |        or|   0|  0|    2|           1|           1|
    |or_ln346_246_fu_13655_p2          |        or|   0|  0|    2|           1|           1|
    |or_ln346_247_fu_13847_p2          |        or|   0|  0|    2|           1|           1|
    |or_ln346_248_fu_14061_p2          |        or|   0|  0|    2|           1|           1|
    |or_ln346_249_fu_14253_p2          |        or|   0|  0|    2|           1|           1|
    |or_ln346_250_fu_14467_p2          |        or|   0|  0|    2|           1|           1|
    |or_ln346_251_fu_14659_p2          |        or|   0|  0|    2|           1|           1|
    |or_ln346_252_fu_14873_p2          |        or|   0|  0|    2|           1|           1|
    |or_ln346_253_fu_15065_p2          |        or|   0|  0|    2|           1|           1|
    |or_ln346_254_fu_15279_p2          |        or|   0|  0|    2|           1|           1|
    |or_ln346_255_fu_15471_p2          |        or|   0|  0|    2|           1|           1|
    |or_ln346_256_fu_15685_p2          |        or|   0|  0|    2|           1|           1|
    |or_ln346_257_fu_15877_p2          |        or|   0|  0|    2|           1|           1|
    |or_ln346_258_fu_19991_p2          |        or|   0|  0|    2|           1|           1|
    |or_ln346_fu_3094_p2               |        or|   0|  0|    2|           1|           1|
    |or_ln374_512_fu_3160_p2           |        or|   0|  0|    2|           1|           1|
    |or_ln374_513_fu_3379_p2           |        or|   0|  0|    2|           1|           1|
    |or_ln374_514_fu_3571_p2           |        or|   0|  0|    2|           1|           1|
    |or_ln374_515_fu_3785_p2           |        or|   0|  0|    2|           1|           1|
    |or_ln374_516_fu_3977_p2           |        or|   0|  0|    2|           1|           1|
    |or_ln374_517_fu_4191_p2           |        or|   0|  0|    2|           1|           1|
    |or_ln374_518_fu_4383_p2           |        or|   0|  0|    2|           1|           1|
    |or_ln374_519_fu_4597_p2           |        or|   0|  0|    2|           1|           1|
    |or_ln374_520_fu_4789_p2           |        or|   0|  0|    2|           1|           1|
    |or_ln374_521_fu_5003_p2           |        or|   0|  0|    2|           1|           1|
    |or_ln374_522_fu_5195_p2           |        or|   0|  0|    2|           1|           1|
    |or_ln374_523_fu_5409_p2           |        or|   0|  0|    2|           1|           1|
    |or_ln374_524_fu_5601_p2           |        or|   0|  0|    2|           1|           1|
    |or_ln374_525_fu_5815_p2           |        or|   0|  0|    2|           1|           1|
    |or_ln374_526_fu_6007_p2           |        or|   0|  0|    2|           1|           1|
    |or_ln374_527_fu_6221_p2           |        or|   0|  0|    2|           1|           1|
    |or_ln374_528_fu_6413_p2           |        or|   0|  0|    2|           1|           1|
    |or_ln374_529_fu_6627_p2           |        or|   0|  0|    2|           1|           1|
    |or_ln374_530_fu_6819_p2           |        or|   0|  0|    2|           1|           1|
    |or_ln374_531_fu_7033_p2           |        or|   0|  0|    2|           1|           1|
    |or_ln374_532_fu_7225_p2           |        or|   0|  0|    2|           1|           1|
    |or_ln374_533_fu_7439_p2           |        or|   0|  0|    2|           1|           1|
    |or_ln374_534_fu_7631_p2           |        or|   0|  0|    2|           1|           1|
    |or_ln374_535_fu_7845_p2           |        or|   0|  0|    2|           1|           1|
    |or_ln374_536_fu_8037_p2           |        or|   0|  0|    2|           1|           1|
    |or_ln374_537_fu_8251_p2           |        or|   0|  0|    2|           1|           1|
    |or_ln374_538_fu_8443_p2           |        or|   0|  0|    2|           1|           1|
    |or_ln374_539_fu_8657_p2           |        or|   0|  0|    2|           1|           1|
    |or_ln374_540_fu_8849_p2           |        or|   0|  0|    2|           1|           1|
    |or_ln374_541_fu_9063_p2           |        or|   0|  0|    2|           1|           1|
    |or_ln374_542_fu_9255_p2           |        or|   0|  0|    2|           1|           1|
    |or_ln374_543_fu_9469_p2           |        or|   0|  0|    2|           1|           1|
    |or_ln374_544_fu_9661_p2           |        or|   0|  0|    2|           1|           1|
    |or_ln374_545_fu_9875_p2           |        or|   0|  0|    2|           1|           1|
    |or_ln374_546_fu_10067_p2          |        or|   0|  0|    2|           1|           1|
    |or_ln374_547_fu_10281_p2          |        or|   0|  0|    2|           1|           1|
    |or_ln374_548_fu_10473_p2          |        or|   0|  0|    2|           1|           1|
    |or_ln374_549_fu_10687_p2          |        or|   0|  0|    2|           1|           1|
    |or_ln374_550_fu_10879_p2          |        or|   0|  0|    2|           1|           1|
    |or_ln374_551_fu_11093_p2          |        or|   0|  0|    2|           1|           1|
    |or_ln374_552_fu_11285_p2          |        or|   0|  0|    2|           1|           1|
    |or_ln374_553_fu_11499_p2          |        or|   0|  0|    2|           1|           1|
    |or_ln374_554_fu_11691_p2          |        or|   0|  0|    2|           1|           1|
    |or_ln374_555_fu_11905_p2          |        or|   0|  0|    2|           1|           1|
    |or_ln374_556_fu_12097_p2          |        or|   0|  0|    2|           1|           1|
    |or_ln374_557_fu_12311_p2          |        or|   0|  0|    2|           1|           1|
    |or_ln374_558_fu_12503_p2          |        or|   0|  0|    2|           1|           1|
    |or_ln374_559_fu_12717_p2          |        or|   0|  0|    2|           1|           1|
    |or_ln374_560_fu_12909_p2          |        or|   0|  0|    2|           1|           1|
    |or_ln374_561_fu_13123_p2          |        or|   0|  0|    2|           1|           1|
    |or_ln374_562_fu_13315_p2          |        or|   0|  0|    2|           1|           1|
    |or_ln374_563_fu_13529_p2          |        or|   0|  0|    2|           1|           1|
    |or_ln374_564_fu_13721_p2          |        or|   0|  0|    2|           1|           1|
    |or_ln374_565_fu_13935_p2          |        or|   0|  0|    2|           1|           1|
    |or_ln374_566_fu_14127_p2          |        or|   0|  0|    2|           1|           1|
    |or_ln374_567_fu_14341_p2          |        or|   0|  0|    2|           1|           1|
    |or_ln374_568_fu_14533_p2          |        or|   0|  0|    2|           1|           1|
    |or_ln374_569_fu_14747_p2          |        or|   0|  0|    2|           1|           1|
    |or_ln374_570_fu_14939_p2          |        or|   0|  0|    2|           1|           1|
    |or_ln374_571_fu_15153_p2          |        or|   0|  0|    2|           1|           1|
    |or_ln374_572_fu_15345_p2          |        or|   0|  0|    2|           1|           1|
    |or_ln374_573_fu_15559_p2          |        or|   0|  0|    2|           1|           1|
    |or_ln374_574_fu_15751_p2          |        or|   0|  0|    2|           1|           1|
    |or_ln374_575_fu_19837_p2          |        or|   0|  0|    2|           1|           1|
    |or_ln374_fu_2968_p2               |        or|   0|  0|    2|           1|           1|
    |or_ln487_fu_19750_p2              |        or|   0|  0|    2|           1|           1|
    |or_ln888_fu_19881_p2              |        or|   0|  0|    2|           1|           1|
    |or_ln890_2_fu_19905_p2            |        or|   0|  0|    2|           1|           1|
    |or_ln890_fu_19900_p2              |        or|   0|  0|    2|           1|           1|
    |or_ln891_128_fu_3230_p2           |        or|   0|  0|    2|           1|           1|
    |or_ln891_129_fu_3449_p2           |        or|   0|  0|    2|           1|           1|
    |or_ln891_130_fu_3641_p2           |        or|   0|  0|    2|           1|           1|
    |or_ln891_131_fu_3855_p2           |        or|   0|  0|    2|           1|           1|
    |or_ln891_132_fu_4047_p2           |        or|   0|  0|    2|           1|           1|
    |or_ln891_133_fu_4261_p2           |        or|   0|  0|    2|           1|           1|
    |or_ln891_134_fu_4453_p2           |        or|   0|  0|    2|           1|           1|
    |or_ln891_135_fu_4667_p2           |        or|   0|  0|    2|           1|           1|
    |or_ln891_136_fu_4859_p2           |        or|   0|  0|    2|           1|           1|
    |or_ln891_137_fu_5073_p2           |        or|   0|  0|    2|           1|           1|
    |or_ln891_138_fu_5265_p2           |        or|   0|  0|    2|           1|           1|
    |or_ln891_139_fu_5479_p2           |        or|   0|  0|    2|           1|           1|
    |or_ln891_140_fu_5671_p2           |        or|   0|  0|    2|           1|           1|
    |or_ln891_141_fu_5885_p2           |        or|   0|  0|    2|           1|           1|
    |or_ln891_142_fu_6077_p2           |        or|   0|  0|    2|           1|           1|
    |or_ln891_143_fu_6291_p2           |        or|   0|  0|    2|           1|           1|
    |or_ln891_144_fu_6483_p2           |        or|   0|  0|    2|           1|           1|
    |or_ln891_145_fu_6697_p2           |        or|   0|  0|    2|           1|           1|
    |or_ln891_146_fu_6889_p2           |        or|   0|  0|    2|           1|           1|
    |or_ln891_147_fu_7103_p2           |        or|   0|  0|    2|           1|           1|
    |or_ln891_148_fu_7295_p2           |        or|   0|  0|    2|           1|           1|
    |or_ln891_149_fu_7509_p2           |        or|   0|  0|    2|           1|           1|
    |or_ln891_150_fu_7701_p2           |        or|   0|  0|    2|           1|           1|
    |or_ln891_151_fu_7915_p2           |        or|   0|  0|    2|           1|           1|
    |or_ln891_152_fu_8107_p2           |        or|   0|  0|    2|           1|           1|
    |or_ln891_153_fu_8321_p2           |        or|   0|  0|    2|           1|           1|
    |or_ln891_154_fu_8513_p2           |        or|   0|  0|    2|           1|           1|
    |or_ln891_155_fu_8727_p2           |        or|   0|  0|    2|           1|           1|
    |or_ln891_156_fu_8919_p2           |        or|   0|  0|    2|           1|           1|
    |or_ln891_157_fu_9133_p2           |        or|   0|  0|    2|           1|           1|
    |or_ln891_158_fu_9325_p2           |        or|   0|  0|    2|           1|           1|
    |or_ln891_159_fu_9539_p2           |        or|   0|  0|    2|           1|           1|
    |or_ln891_160_fu_9731_p2           |        or|   0|  0|    2|           1|           1|
    |or_ln891_161_fu_9945_p2           |        or|   0|  0|    2|           1|           1|
    |or_ln891_162_fu_10137_p2          |        or|   0|  0|    2|           1|           1|
    |or_ln891_163_fu_10351_p2          |        or|   0|  0|    2|           1|           1|
    |or_ln891_164_fu_10543_p2          |        or|   0|  0|    2|           1|           1|
    |or_ln891_165_fu_10757_p2          |        or|   0|  0|    2|           1|           1|
    |or_ln891_166_fu_10949_p2          |        or|   0|  0|    2|           1|           1|
    |or_ln891_167_fu_11163_p2          |        or|   0|  0|    2|           1|           1|
    |or_ln891_168_fu_11355_p2          |        or|   0|  0|    2|           1|           1|
    |or_ln891_169_fu_11569_p2          |        or|   0|  0|    2|           1|           1|
    |or_ln891_170_fu_11761_p2          |        or|   0|  0|    2|           1|           1|
    |or_ln891_171_fu_11975_p2          |        or|   0|  0|    2|           1|           1|
    |or_ln891_172_fu_12167_p2          |        or|   0|  0|    2|           1|           1|
    |or_ln891_173_fu_12381_p2          |        or|   0|  0|    2|           1|           1|
    |or_ln891_174_fu_12573_p2          |        or|   0|  0|    2|           1|           1|
    |or_ln891_175_fu_12787_p2          |        or|   0|  0|    2|           1|           1|
    |or_ln891_176_fu_12979_p2          |        or|   0|  0|    2|           1|           1|
    |or_ln891_177_fu_13193_p2          |        or|   0|  0|    2|           1|           1|
    |or_ln891_178_fu_13385_p2          |        or|   0|  0|    2|           1|           1|
    |or_ln891_179_fu_13599_p2          |        or|   0|  0|    2|           1|           1|
    |or_ln891_180_fu_13791_p2          |        or|   0|  0|    2|           1|           1|
    |or_ln891_181_fu_14005_p2          |        or|   0|  0|    2|           1|           1|
    |or_ln891_182_fu_14197_p2          |        or|   0|  0|    2|           1|           1|
    |or_ln891_183_fu_14411_p2          |        or|   0|  0|    2|           1|           1|
    |or_ln891_184_fu_14603_p2          |        or|   0|  0|    2|           1|           1|
    |or_ln891_185_fu_14817_p2          |        or|   0|  0|    2|           1|           1|
    |or_ln891_186_fu_15009_p2          |        or|   0|  0|    2|           1|           1|
    |or_ln891_187_fu_15223_p2          |        or|   0|  0|    2|           1|           1|
    |or_ln891_188_fu_15415_p2          |        or|   0|  0|    2|           1|           1|
    |or_ln891_189_fu_15629_p2          |        or|   0|  0|    2|           1|           1|
    |or_ln891_190_fu_15821_p2          |        or|   0|  0|    2|           1|           1|
    |or_ln891_fu_3038_p2               |        or|   0|  0|    2|           1|           1|
    |or_ln895_195_fu_3242_p2           |        or|   0|  0|    2|           1|           1|
    |or_ln895_196_fu_3461_p2           |        or|   0|  0|    2|           1|           1|
    |or_ln895_197_fu_3653_p2           |        or|   0|  0|    2|           1|           1|
    |or_ln895_198_fu_3867_p2           |        or|   0|  0|    2|           1|           1|
    |or_ln895_199_fu_4059_p2           |        or|   0|  0|    2|           1|           1|
    |or_ln895_200_fu_4273_p2           |        or|   0|  0|    2|           1|           1|
    |or_ln895_201_fu_4465_p2           |        or|   0|  0|    2|           1|           1|
    |or_ln895_202_fu_4679_p2           |        or|   0|  0|    2|           1|           1|
    |or_ln895_203_fu_4871_p2           |        or|   0|  0|    2|           1|           1|
    |or_ln895_204_fu_5085_p2           |        or|   0|  0|    2|           1|           1|
    |or_ln895_205_fu_5277_p2           |        or|   0|  0|    2|           1|           1|
    |or_ln895_206_fu_5491_p2           |        or|   0|  0|    2|           1|           1|
    |or_ln895_207_fu_5683_p2           |        or|   0|  0|    2|           1|           1|
    |or_ln895_208_fu_5897_p2           |        or|   0|  0|    2|           1|           1|
    |or_ln895_209_fu_6089_p2           |        or|   0|  0|    2|           1|           1|
    |or_ln895_210_fu_6303_p2           |        or|   0|  0|    2|           1|           1|
    |or_ln895_211_fu_6495_p2           |        or|   0|  0|    2|           1|           1|
    |or_ln895_212_fu_6709_p2           |        or|   0|  0|    2|           1|           1|
    |or_ln895_213_fu_6901_p2           |        or|   0|  0|    2|           1|           1|
    |or_ln895_214_fu_7115_p2           |        or|   0|  0|    2|           1|           1|
    |or_ln895_215_fu_7307_p2           |        or|   0|  0|    2|           1|           1|
    |or_ln895_216_fu_7521_p2           |        or|   0|  0|    2|           1|           1|
    |or_ln895_217_fu_7713_p2           |        or|   0|  0|    2|           1|           1|
    |or_ln895_218_fu_7927_p2           |        or|   0|  0|    2|           1|           1|
    |or_ln895_219_fu_8119_p2           |        or|   0|  0|    2|           1|           1|
    |or_ln895_220_fu_8333_p2           |        or|   0|  0|    2|           1|           1|
    |or_ln895_221_fu_8525_p2           |        or|   0|  0|    2|           1|           1|
    |or_ln895_222_fu_8739_p2           |        or|   0|  0|    2|           1|           1|
    |or_ln895_223_fu_8931_p2           |        or|   0|  0|    2|           1|           1|
    |or_ln895_224_fu_9145_p2           |        or|   0|  0|    2|           1|           1|
    |or_ln895_225_fu_9337_p2           |        or|   0|  0|    2|           1|           1|
    |or_ln895_226_fu_9551_p2           |        or|   0|  0|    2|           1|           1|
    |or_ln895_227_fu_9743_p2           |        or|   0|  0|    2|           1|           1|
    |or_ln895_228_fu_9957_p2           |        or|   0|  0|    2|           1|           1|
    |or_ln895_229_fu_10149_p2          |        or|   0|  0|    2|           1|           1|
    |or_ln895_230_fu_10363_p2          |        or|   0|  0|    2|           1|           1|
    |or_ln895_231_fu_10555_p2          |        or|   0|  0|    2|           1|           1|
    |or_ln895_232_fu_10769_p2          |        or|   0|  0|    2|           1|           1|
    |or_ln895_233_fu_10961_p2          |        or|   0|  0|    2|           1|           1|
    |or_ln895_234_fu_11175_p2          |        or|   0|  0|    2|           1|           1|
    |or_ln895_235_fu_11367_p2          |        or|   0|  0|    2|           1|           1|
    |or_ln895_236_fu_11581_p2          |        or|   0|  0|    2|           1|           1|
    |or_ln895_237_fu_11773_p2          |        or|   0|  0|    2|           1|           1|
    |or_ln895_238_fu_11987_p2          |        or|   0|  0|    2|           1|           1|
    |or_ln895_239_fu_12179_p2          |        or|   0|  0|    2|           1|           1|
    |or_ln895_240_fu_12393_p2          |        or|   0|  0|    2|           1|           1|
    |or_ln895_241_fu_12585_p2          |        or|   0|  0|    2|           1|           1|
    |or_ln895_242_fu_12799_p2          |        or|   0|  0|    2|           1|           1|
    |or_ln895_243_fu_12991_p2          |        or|   0|  0|    2|           1|           1|
    |or_ln895_244_fu_13205_p2          |        or|   0|  0|    2|           1|           1|
    |or_ln895_245_fu_13397_p2          |        or|   0|  0|    2|           1|           1|
    |or_ln895_246_fu_13611_p2          |        or|   0|  0|    2|           1|           1|
    |or_ln895_247_fu_13803_p2          |        or|   0|  0|    2|           1|           1|
    |or_ln895_248_fu_14017_p2          |        or|   0|  0|    2|           1|           1|
    |or_ln895_249_fu_14209_p2          |        or|   0|  0|    2|           1|           1|
    |or_ln895_250_fu_14423_p2          |        or|   0|  0|    2|           1|           1|
    |or_ln895_251_fu_14615_p2          |        or|   0|  0|    2|           1|           1|
    |or_ln895_252_fu_14829_p2          |        or|   0|  0|    2|           1|           1|
    |or_ln895_253_fu_15021_p2          |        or|   0|  0|    2|           1|           1|
    |or_ln895_254_fu_15235_p2          |        or|   0|  0|    2|           1|           1|
    |or_ln895_255_fu_15427_p2          |        or|   0|  0|    2|           1|           1|
    |or_ln895_256_fu_15641_p2          |        or|   0|  0|    2|           1|           1|
    |or_ln895_257_fu_15833_p2          |        or|   0|  0|    2|           1|           1|
    |or_ln895_258_fu_19941_p2          |        or|   0|  0|    2|           1|           1|
    |or_ln895_fu_3050_p2               |        or|   0|  0|    2|           1|           1|
    |or_ln896_195_fu_3260_p2           |        or|   0|  0|    2|           1|           1|
    |or_ln896_196_fu_3479_p2           |        or|   0|  0|    2|           1|           1|
    |or_ln896_197_fu_3671_p2           |        or|   0|  0|    2|           1|           1|
    |or_ln896_198_fu_3885_p2           |        or|   0|  0|    2|           1|           1|
    |or_ln896_199_fu_4077_p2           |        or|   0|  0|    2|           1|           1|
    |or_ln896_200_fu_4291_p2           |        or|   0|  0|    2|           1|           1|
    |or_ln896_201_fu_4483_p2           |        or|   0|  0|    2|           1|           1|
    |or_ln896_202_fu_4697_p2           |        or|   0|  0|    2|           1|           1|
    |or_ln896_203_fu_4889_p2           |        or|   0|  0|    2|           1|           1|
    |or_ln896_204_fu_5103_p2           |        or|   0|  0|    2|           1|           1|
    |or_ln896_205_fu_5295_p2           |        or|   0|  0|    2|           1|           1|
    |or_ln896_206_fu_5509_p2           |        or|   0|  0|    2|           1|           1|
    |or_ln896_207_fu_5701_p2           |        or|   0|  0|    2|           1|           1|
    |or_ln896_208_fu_5915_p2           |        or|   0|  0|    2|           1|           1|
    |or_ln896_209_fu_6107_p2           |        or|   0|  0|    2|           1|           1|
    |or_ln896_210_fu_6321_p2           |        or|   0|  0|    2|           1|           1|
    |or_ln896_211_fu_6513_p2           |        or|   0|  0|    2|           1|           1|
    |or_ln896_212_fu_6727_p2           |        or|   0|  0|    2|           1|           1|
    |or_ln896_213_fu_6919_p2           |        or|   0|  0|    2|           1|           1|
    |or_ln896_214_fu_7133_p2           |        or|   0|  0|    2|           1|           1|
    |or_ln896_215_fu_7325_p2           |        or|   0|  0|    2|           1|           1|
    |or_ln896_216_fu_7539_p2           |        or|   0|  0|    2|           1|           1|
    |or_ln896_217_fu_7731_p2           |        or|   0|  0|    2|           1|           1|
    |or_ln896_218_fu_7945_p2           |        or|   0|  0|    2|           1|           1|
    |or_ln896_219_fu_8137_p2           |        or|   0|  0|    2|           1|           1|
    |or_ln896_220_fu_8351_p2           |        or|   0|  0|    2|           1|           1|
    |or_ln896_221_fu_8543_p2           |        or|   0|  0|    2|           1|           1|
    |or_ln896_222_fu_8757_p2           |        or|   0|  0|    2|           1|           1|
    |or_ln896_223_fu_8949_p2           |        or|   0|  0|    2|           1|           1|
    |or_ln896_224_fu_9163_p2           |        or|   0|  0|    2|           1|           1|
    |or_ln896_225_fu_9355_p2           |        or|   0|  0|    2|           1|           1|
    |or_ln896_226_fu_9569_p2           |        or|   0|  0|    2|           1|           1|
    |or_ln896_227_fu_9761_p2           |        or|   0|  0|    2|           1|           1|
    |or_ln896_228_fu_9975_p2           |        or|   0|  0|    2|           1|           1|
    |or_ln896_229_fu_10167_p2          |        or|   0|  0|    2|           1|           1|
    |or_ln896_230_fu_10381_p2          |        or|   0|  0|    2|           1|           1|
    |or_ln896_231_fu_10573_p2          |        or|   0|  0|    2|           1|           1|
    |or_ln896_232_fu_10787_p2          |        or|   0|  0|    2|           1|           1|
    |or_ln896_233_fu_10979_p2          |        or|   0|  0|    2|           1|           1|
    |or_ln896_234_fu_11193_p2          |        or|   0|  0|    2|           1|           1|
    |or_ln896_235_fu_11385_p2          |        or|   0|  0|    2|           1|           1|
    |or_ln896_236_fu_11599_p2          |        or|   0|  0|    2|           1|           1|
    |or_ln896_237_fu_11791_p2          |        or|   0|  0|    2|           1|           1|
    |or_ln896_238_fu_12005_p2          |        or|   0|  0|    2|           1|           1|
    |or_ln896_239_fu_12197_p2          |        or|   0|  0|    2|           1|           1|
    |or_ln896_240_fu_12411_p2          |        or|   0|  0|    2|           1|           1|
    |or_ln896_241_fu_12603_p2          |        or|   0|  0|    2|           1|           1|
    |or_ln896_242_fu_12817_p2          |        or|   0|  0|    2|           1|           1|
    |or_ln896_243_fu_13009_p2          |        or|   0|  0|    2|           1|           1|
    |or_ln896_244_fu_13223_p2          |        or|   0|  0|    2|           1|           1|
    |or_ln896_245_fu_13415_p2          |        or|   0|  0|    2|           1|           1|
    |or_ln896_246_fu_13629_p2          |        or|   0|  0|    2|           1|           1|
    |or_ln896_247_fu_13821_p2          |        or|   0|  0|    2|           1|           1|
    |or_ln896_248_fu_14035_p2          |        or|   0|  0|    2|           1|           1|
    |or_ln896_249_fu_14227_p2          |        or|   0|  0|    2|           1|           1|
    |or_ln896_250_fu_14441_p2          |        or|   0|  0|    2|           1|           1|
    |or_ln896_251_fu_14633_p2          |        or|   0|  0|    2|           1|           1|
    |or_ln896_252_fu_14847_p2          |        or|   0|  0|    2|           1|           1|
    |or_ln896_253_fu_15039_p2          |        or|   0|  0|    2|           1|           1|
    |or_ln896_254_fu_15253_p2          |        or|   0|  0|    2|           1|           1|
    |or_ln896_255_fu_15445_p2          |        or|   0|  0|    2|           1|           1|
    |or_ln896_256_fu_15659_p2          |        or|   0|  0|    2|           1|           1|
    |or_ln896_257_fu_15851_p2          |        or|   0|  0|    2|           1|           1|
    |or_ln896_258_fu_19965_p2          |        or|   0|  0|    2|           1|           1|
    |or_ln896_fu_3068_p2               |        or|   0|  0|    2|           1|           1|
    |deleted_ones_195_fu_3216_p3       |    select|   0|  0|    2|           1|           1|
    |deleted_ones_196_fu_3435_p3       |    select|   0|  0|    2|           1|           1|
    |deleted_ones_197_fu_3627_p3       |    select|   0|  0|    2|           1|           1|
    |deleted_ones_198_fu_3841_p3       |    select|   0|  0|    2|           1|           1|
    |deleted_ones_199_fu_4033_p3       |    select|   0|  0|    2|           1|           1|
    |deleted_ones_200_fu_4247_p3       |    select|   0|  0|    2|           1|           1|
    |deleted_ones_201_fu_4439_p3       |    select|   0|  0|    2|           1|           1|
    |deleted_ones_202_fu_4653_p3       |    select|   0|  0|    2|           1|           1|
    |deleted_ones_203_fu_4845_p3       |    select|   0|  0|    2|           1|           1|
    |deleted_ones_204_fu_5059_p3       |    select|   0|  0|    2|           1|           1|
    |deleted_ones_205_fu_5251_p3       |    select|   0|  0|    2|           1|           1|
    |deleted_ones_206_fu_5465_p3       |    select|   0|  0|    2|           1|           1|
    |deleted_ones_207_fu_5657_p3       |    select|   0|  0|    2|           1|           1|
    |deleted_ones_208_fu_5871_p3       |    select|   0|  0|    2|           1|           1|
    |deleted_ones_209_fu_6063_p3       |    select|   0|  0|    2|           1|           1|
    |deleted_ones_210_fu_6277_p3       |    select|   0|  0|    2|           1|           1|
    |deleted_ones_211_fu_6469_p3       |    select|   0|  0|    2|           1|           1|
    |deleted_ones_212_fu_6683_p3       |    select|   0|  0|    2|           1|           1|
    |deleted_ones_213_fu_6875_p3       |    select|   0|  0|    2|           1|           1|
    |deleted_ones_214_fu_7089_p3       |    select|   0|  0|    2|           1|           1|
    |deleted_ones_215_fu_7281_p3       |    select|   0|  0|    2|           1|           1|
    |deleted_ones_216_fu_7495_p3       |    select|   0|  0|    2|           1|           1|
    |deleted_ones_217_fu_7687_p3       |    select|   0|  0|    2|           1|           1|
    |deleted_ones_218_fu_7901_p3       |    select|   0|  0|    2|           1|           1|
    |deleted_ones_219_fu_8093_p3       |    select|   0|  0|    2|           1|           1|
    |deleted_ones_220_fu_8307_p3       |    select|   0|  0|    2|           1|           1|
    |deleted_ones_221_fu_8499_p3       |    select|   0|  0|    2|           1|           1|
    |deleted_ones_222_fu_8713_p3       |    select|   0|  0|    2|           1|           1|
    |deleted_ones_223_fu_8905_p3       |    select|   0|  0|    2|           1|           1|
    |deleted_ones_224_fu_9119_p3       |    select|   0|  0|    2|           1|           1|
    |deleted_ones_225_fu_9311_p3       |    select|   0|  0|    2|           1|           1|
    |deleted_ones_226_fu_9525_p3       |    select|   0|  0|    2|           1|           1|
    |deleted_ones_227_fu_9717_p3       |    select|   0|  0|    2|           1|           1|
    |deleted_ones_228_fu_9931_p3       |    select|   0|  0|    2|           1|           1|
    |deleted_ones_229_fu_10123_p3      |    select|   0|  0|    2|           1|           1|
    |deleted_ones_230_fu_10337_p3      |    select|   0|  0|    2|           1|           1|
    |deleted_ones_231_fu_10529_p3      |    select|   0|  0|    2|           1|           1|
    |deleted_ones_232_fu_10743_p3      |    select|   0|  0|    2|           1|           1|
    |deleted_ones_233_fu_10935_p3      |    select|   0|  0|    2|           1|           1|
    |deleted_ones_234_fu_11149_p3      |    select|   0|  0|    2|           1|           1|
    |deleted_ones_235_fu_11341_p3      |    select|   0|  0|    2|           1|           1|
    |deleted_ones_236_fu_11555_p3      |    select|   0|  0|    2|           1|           1|
    |deleted_ones_237_fu_11747_p3      |    select|   0|  0|    2|           1|           1|
    |deleted_ones_238_fu_11961_p3      |    select|   0|  0|    2|           1|           1|
    |deleted_ones_239_fu_12153_p3      |    select|   0|  0|    2|           1|           1|
    |deleted_ones_240_fu_12367_p3      |    select|   0|  0|    2|           1|           1|
    |deleted_ones_241_fu_12559_p3      |    select|   0|  0|    2|           1|           1|
    |deleted_ones_242_fu_12773_p3      |    select|   0|  0|    2|           1|           1|
    |deleted_ones_243_fu_12965_p3      |    select|   0|  0|    2|           1|           1|
    |deleted_ones_244_fu_13179_p3      |    select|   0|  0|    2|           1|           1|
    |deleted_ones_245_fu_13371_p3      |    select|   0|  0|    2|           1|           1|
    |deleted_ones_246_fu_13585_p3      |    select|   0|  0|    2|           1|           1|
    |deleted_ones_247_fu_13777_p3      |    select|   0|  0|    2|           1|           1|
    |deleted_ones_248_fu_13991_p3      |    select|   0|  0|    2|           1|           1|
    |deleted_ones_249_fu_14183_p3      |    select|   0|  0|    2|           1|           1|
    |deleted_ones_250_fu_14397_p3      |    select|   0|  0|    2|           1|           1|
    |deleted_ones_251_fu_14589_p3      |    select|   0|  0|    2|           1|           1|
    |deleted_ones_252_fu_14803_p3      |    select|   0|  0|    2|           1|           1|
    |deleted_ones_253_fu_14995_p3      |    select|   0|  0|    2|           1|           1|
    |deleted_ones_254_fu_15209_p3      |    select|   0|  0|    2|           1|           1|
    |deleted_ones_255_fu_15401_p3      |    select|   0|  0|    2|           1|           1|
    |deleted_ones_256_fu_15615_p3      |    select|   0|  0|    2|           1|           1|
    |deleted_ones_257_fu_15807_p3      |    select|   0|  0|    2|           1|           1|
    |deleted_ones_fu_3024_p3           |    select|   0|  0|    2|           1|           1|
    |deleted_zeros_448_fu_3208_p3      |    select|   0|  0|    2|           1|           1|
    |deleted_zeros_449_fu_3427_p3      |    select|   0|  0|    2|           1|           1|
    |deleted_zeros_450_fu_3619_p3      |    select|   0|  0|    2|           1|           1|
    |deleted_zeros_451_fu_3833_p3      |    select|   0|  0|    2|           1|           1|
    |deleted_zeros_452_fu_4025_p3      |    select|   0|  0|    2|           1|           1|
    |deleted_zeros_453_fu_4239_p3      |    select|   0|  0|    2|           1|           1|
    |deleted_zeros_454_fu_4431_p3      |    select|   0|  0|    2|           1|           1|
    |deleted_zeros_455_fu_4645_p3      |    select|   0|  0|    2|           1|           1|
    |deleted_zeros_456_fu_4837_p3      |    select|   0|  0|    2|           1|           1|
    |deleted_zeros_457_fu_5051_p3      |    select|   0|  0|    2|           1|           1|
    |deleted_zeros_458_fu_5243_p3      |    select|   0|  0|    2|           1|           1|
    |deleted_zeros_459_fu_5457_p3      |    select|   0|  0|    2|           1|           1|
    |deleted_zeros_460_fu_5649_p3      |    select|   0|  0|    2|           1|           1|
    |deleted_zeros_461_fu_5863_p3      |    select|   0|  0|    2|           1|           1|
    |deleted_zeros_462_fu_6055_p3      |    select|   0|  0|    2|           1|           1|
    |deleted_zeros_463_fu_6269_p3      |    select|   0|  0|    2|           1|           1|
    |deleted_zeros_464_fu_6461_p3      |    select|   0|  0|    2|           1|           1|
    |deleted_zeros_465_fu_6675_p3      |    select|   0|  0|    2|           1|           1|
    |deleted_zeros_466_fu_6867_p3      |    select|   0|  0|    2|           1|           1|
    |deleted_zeros_467_fu_7081_p3      |    select|   0|  0|    2|           1|           1|
    |deleted_zeros_468_fu_7273_p3      |    select|   0|  0|    2|           1|           1|
    |deleted_zeros_469_fu_7487_p3      |    select|   0|  0|    2|           1|           1|
    |deleted_zeros_470_fu_7679_p3      |    select|   0|  0|    2|           1|           1|
    |deleted_zeros_471_fu_7893_p3      |    select|   0|  0|    2|           1|           1|
    |deleted_zeros_472_fu_8085_p3      |    select|   0|  0|    2|           1|           1|
    |deleted_zeros_473_fu_8299_p3      |    select|   0|  0|    2|           1|           1|
    |deleted_zeros_474_fu_8491_p3      |    select|   0|  0|    2|           1|           1|
    |deleted_zeros_475_fu_8705_p3      |    select|   0|  0|    2|           1|           1|
    |deleted_zeros_476_fu_8897_p3      |    select|   0|  0|    2|           1|           1|
    |deleted_zeros_477_fu_9111_p3      |    select|   0|  0|    2|           1|           1|
    |deleted_zeros_478_fu_9303_p3      |    select|   0|  0|    2|           1|           1|
    |deleted_zeros_479_fu_9517_p3      |    select|   0|  0|    2|           1|           1|
    |deleted_zeros_480_fu_9709_p3      |    select|   0|  0|    2|           1|           1|
    |deleted_zeros_481_fu_9923_p3      |    select|   0|  0|    2|           1|           1|
    |deleted_zeros_482_fu_10115_p3     |    select|   0|  0|    2|           1|           1|
    |deleted_zeros_483_fu_10329_p3     |    select|   0|  0|    2|           1|           1|
    |deleted_zeros_484_fu_10521_p3     |    select|   0|  0|    2|           1|           1|
    |deleted_zeros_485_fu_10735_p3     |    select|   0|  0|    2|           1|           1|
    |deleted_zeros_486_fu_10927_p3     |    select|   0|  0|    2|           1|           1|
    |deleted_zeros_487_fu_11141_p3     |    select|   0|  0|    2|           1|           1|
    |deleted_zeros_488_fu_11333_p3     |    select|   0|  0|    2|           1|           1|
    |deleted_zeros_489_fu_11547_p3     |    select|   0|  0|    2|           1|           1|
    |deleted_zeros_490_fu_11739_p3     |    select|   0|  0|    2|           1|           1|
    |deleted_zeros_491_fu_11953_p3     |    select|   0|  0|    2|           1|           1|
    |deleted_zeros_492_fu_12145_p3     |    select|   0|  0|    2|           1|           1|
    |deleted_zeros_493_fu_12359_p3     |    select|   0|  0|    2|           1|           1|
    |deleted_zeros_494_fu_12551_p3     |    select|   0|  0|    2|           1|           1|
    |deleted_zeros_495_fu_12765_p3     |    select|   0|  0|    2|           1|           1|
    |deleted_zeros_496_fu_12957_p3     |    select|   0|  0|    2|           1|           1|
    |deleted_zeros_497_fu_13171_p3     |    select|   0|  0|    2|           1|           1|
    |deleted_zeros_498_fu_13363_p3     |    select|   0|  0|    2|           1|           1|
    |deleted_zeros_499_fu_13577_p3     |    select|   0|  0|    2|           1|           1|
    |deleted_zeros_500_fu_13769_p3     |    select|   0|  0|    2|           1|           1|
    |deleted_zeros_501_fu_13983_p3     |    select|   0|  0|    2|           1|           1|
    |deleted_zeros_502_fu_14175_p3     |    select|   0|  0|    2|           1|           1|
    |deleted_zeros_503_fu_14389_p3     |    select|   0|  0|    2|           1|           1|
    |deleted_zeros_504_fu_14581_p3     |    select|   0|  0|    2|           1|           1|
    |deleted_zeros_505_fu_14795_p3     |    select|   0|  0|    2|           1|           1|
    |deleted_zeros_506_fu_14987_p3     |    select|   0|  0|    2|           1|           1|
    |deleted_zeros_507_fu_15201_p3     |    select|   0|  0|    2|           1|           1|
    |deleted_zeros_508_fu_15393_p3     |    select|   0|  0|    2|           1|           1|
    |deleted_zeros_509_fu_15607_p3     |    select|   0|  0|    2|           1|           1|
    |deleted_zeros_510_fu_15799_p3     |    select|   0|  0|    2|           1|           1|
    |deleted_zeros_fu_3016_p3          |    select|   0|  0|    2|           1|           1|
    |p_Val2_1611_fu_2908_p3            |    select|   0|  0|   17|           1|          17|
    |p_Val2_1614_fu_3313_p3            |    select|   0|  0|   17|           1|          17|
    |p_Val2_1617_fu_3320_p3            |    select|   0|  0|   17|           1|          17|
    |p_Val2_1620_fu_3719_p3            |    select|   0|  0|   17|           1|          17|
    |p_Val2_1623_fu_3726_p3            |    select|   0|  0|   17|           1|          17|
    |p_Val2_1626_fu_4125_p3            |    select|   0|  0|   17|           1|          17|
    |p_Val2_1629_fu_4132_p3            |    select|   0|  0|   17|           1|          17|
    |p_Val2_1632_fu_4531_p3            |    select|   0|  0|   17|           1|          17|
    |p_Val2_1635_fu_4538_p3            |    select|   0|  0|   17|           1|          17|
    |p_Val2_1638_fu_4937_p3            |    select|   0|  0|   17|           1|          17|
    |p_Val2_1641_fu_4944_p3            |    select|   0|  0|   17|           1|          17|
    |p_Val2_1644_fu_5343_p3            |    select|   0|  0|   17|           1|          17|
    |p_Val2_1647_fu_5350_p3            |    select|   0|  0|   17|           1|          17|
    |p_Val2_1650_fu_5749_p3            |    select|   0|  0|   17|           1|          17|
    |p_Val2_1653_fu_5756_p3            |    select|   0|  0|   17|           1|          17|
    |p_Val2_1656_fu_6155_p3            |    select|   0|  0|   17|           1|          17|
    |p_Val2_1659_fu_6162_p3            |    select|   0|  0|   17|           1|          17|
    |p_Val2_1662_fu_6561_p3            |    select|   0|  0|   17|           1|          17|
    |p_Val2_1665_fu_6568_p3            |    select|   0|  0|   17|           1|          17|
    |p_Val2_1668_fu_6967_p3            |    select|   0|  0|   17|           1|          17|
    |p_Val2_1671_fu_6974_p3            |    select|   0|  0|   17|           1|          17|
    |p_Val2_1674_fu_7373_p3            |    select|   0|  0|   17|           1|          17|
    |p_Val2_1677_fu_7380_p3            |    select|   0|  0|   17|           1|          17|
    |p_Val2_1680_fu_7779_p3            |    select|   0|  0|   17|           1|          17|
    |p_Val2_1683_fu_7786_p3            |    select|   0|  0|   17|           1|          17|
    |p_Val2_1686_fu_8185_p3            |    select|   0|  0|   17|           1|          17|
    |p_Val2_1689_fu_8192_p3            |    select|   0|  0|   17|           1|          17|
    |p_Val2_1692_fu_8591_p3            |    select|   0|  0|   17|           1|          17|
    |p_Val2_1695_fu_8598_p3            |    select|   0|  0|   17|           1|          17|
    |p_Val2_1698_fu_8997_p3            |    select|   0|  0|   17|           1|          17|
    |p_Val2_1701_fu_9004_p3            |    select|   0|  0|   17|           1|          17|
    |p_Val2_1704_fu_9403_p3            |    select|   0|  0|   17|           1|          17|
    |p_Val2_1707_fu_9410_p3            |    select|   0|  0|   17|           1|          17|
    |p_Val2_1710_fu_9809_p3            |    select|   0|  0|   17|           1|          17|
    |p_Val2_1713_fu_9816_p3            |    select|   0|  0|   17|           1|          17|
    |p_Val2_1716_fu_10215_p3           |    select|   0|  0|   17|           1|          17|
    |p_Val2_1719_fu_10222_p3           |    select|   0|  0|   17|           1|          17|
    |p_Val2_1722_fu_10621_p3           |    select|   0|  0|   17|           1|          17|
    |p_Val2_1725_fu_10628_p3           |    select|   0|  0|   17|           1|          17|
    |p_Val2_1728_fu_11027_p3           |    select|   0|  0|   17|           1|          17|
    |p_Val2_1731_fu_11034_p3           |    select|   0|  0|   17|           1|          17|
    |p_Val2_1734_fu_11433_p3           |    select|   0|  0|   17|           1|          17|
    |p_Val2_1737_fu_11440_p3           |    select|   0|  0|   17|           1|          17|
    |p_Val2_1740_fu_11839_p3           |    select|   0|  0|   17|           1|          17|
    |p_Val2_1743_fu_11846_p3           |    select|   0|  0|   17|           1|          17|
    |p_Val2_1746_fu_12245_p3           |    select|   0|  0|   17|           1|          17|
    |p_Val2_1749_fu_12252_p3           |    select|   0|  0|   17|           1|          17|
    |p_Val2_1752_fu_12651_p3           |    select|   0|  0|   17|           1|          17|
    |p_Val2_1755_fu_12658_p3           |    select|   0|  0|   17|           1|          17|
    |p_Val2_1758_fu_13057_p3           |    select|   0|  0|   17|           1|          17|
    |p_Val2_1761_fu_13064_p3           |    select|   0|  0|   17|           1|          17|
    |p_Val2_1764_fu_13463_p3           |    select|   0|  0|   17|           1|          17|
    |p_Val2_1767_fu_13470_p3           |    select|   0|  0|   17|           1|          17|
    |p_Val2_1770_fu_13869_p3           |    select|   0|  0|   17|           1|          17|
    |p_Val2_1773_fu_13876_p3           |    select|   0|  0|   17|           1|          17|
    |p_Val2_1776_fu_14275_p3           |    select|   0|  0|   17|           1|          17|
    |p_Val2_1779_fu_14282_p3           |    select|   0|  0|   17|           1|          17|
    |p_Val2_1782_fu_14681_p3           |    select|   0|  0|   17|           1|          17|
    |p_Val2_1785_fu_14688_p3           |    select|   0|  0|   17|           1|          17|
    |p_Val2_1788_fu_15087_p3           |    select|   0|  0|   17|           1|          17|
    |p_Val2_1791_fu_15094_p3           |    select|   0|  0|   17|           1|          17|
    |p_Val2_1794_fu_15493_p3           |    select|   0|  0|   17|           1|          17|
    |p_Val2_1797_fu_15500_p3           |    select|   0|  0|   17|           1|          17|
    |p_Val2_s_fu_2900_p3               |    select|   0|  0|   17|           1|          17|
    |r_V_1466_fu_15691_p3              |    select|   0|  0|    8|           1|           8|
    |r_V_1469_fu_15883_p3              |    select|   0|  0|    8|           1|           8|
    |select_ln346_195_fu_3292_p3       |    select|   0|  0|    8|           1|           8|
    |select_ln346_196_fu_3511_p3       |    select|   0|  0|    8|           1|           8|
    |select_ln346_197_fu_3703_p3       |    select|   0|  0|    8|           1|           8|
    |select_ln346_198_fu_3917_p3       |    select|   0|  0|    8|           1|           8|
    |select_ln346_199_fu_4109_p3       |    select|   0|  0|    8|           1|           8|
    |select_ln346_200_fu_4323_p3       |    select|   0|  0|    8|           1|           8|
    |select_ln346_201_fu_4515_p3       |    select|   0|  0|    8|           1|           8|
    |select_ln346_202_fu_4729_p3       |    select|   0|  0|    8|           1|           8|
    |select_ln346_203_fu_4921_p3       |    select|   0|  0|    8|           1|           8|
    |select_ln346_204_fu_5135_p3       |    select|   0|  0|    8|           1|           8|
    |select_ln346_205_fu_5327_p3       |    select|   0|  0|    8|           1|           8|
    |select_ln346_206_fu_5541_p3       |    select|   0|  0|    8|           1|           8|
    |select_ln346_207_fu_5733_p3       |    select|   0|  0|    8|           1|           8|
    |select_ln346_208_fu_5947_p3       |    select|   0|  0|    8|           1|           8|
    |select_ln346_209_fu_6139_p3       |    select|   0|  0|    8|           1|           8|
    |select_ln346_210_fu_6353_p3       |    select|   0|  0|    8|           1|           8|
    |select_ln346_211_fu_6545_p3       |    select|   0|  0|    8|           1|           8|
    |select_ln346_212_fu_6759_p3       |    select|   0|  0|    8|           1|           8|
    |select_ln346_213_fu_6951_p3       |    select|   0|  0|    8|           1|           8|
    |select_ln346_214_fu_7165_p3       |    select|   0|  0|    8|           1|           8|
    |select_ln346_215_fu_7357_p3       |    select|   0|  0|    8|           1|           8|
    |select_ln346_216_fu_7571_p3       |    select|   0|  0|    8|           1|           8|
    |select_ln346_217_fu_7763_p3       |    select|   0|  0|    8|           1|           8|
    |select_ln346_218_fu_7977_p3       |    select|   0|  0|    8|           1|           8|
    |select_ln346_219_fu_8169_p3       |    select|   0|  0|    8|           1|           8|
    |select_ln346_220_fu_8383_p3       |    select|   0|  0|    8|           1|           8|
    |select_ln346_221_fu_8575_p3       |    select|   0|  0|    8|           1|           8|
    |select_ln346_222_fu_8789_p3       |    select|   0|  0|    8|           1|           8|
    |select_ln346_223_fu_8981_p3       |    select|   0|  0|    8|           1|           8|
    |select_ln346_224_fu_9195_p3       |    select|   0|  0|    8|           1|           8|
    |select_ln346_225_fu_9387_p3       |    select|   0|  0|    8|           1|           8|
    |select_ln346_226_fu_9601_p3       |    select|   0|  0|    8|           1|           8|
    |select_ln346_227_fu_9793_p3       |    select|   0|  0|    8|           1|           8|
    |select_ln346_228_fu_10007_p3      |    select|   0|  0|    8|           1|           8|
    |select_ln346_229_fu_10199_p3      |    select|   0|  0|    8|           1|           8|
    |select_ln346_230_fu_10413_p3      |    select|   0|  0|    8|           1|           8|
    |select_ln346_231_fu_10605_p3      |    select|   0|  0|    8|           1|           8|
    |select_ln346_232_fu_10819_p3      |    select|   0|  0|    8|           1|           8|
    |select_ln346_233_fu_11011_p3      |    select|   0|  0|    8|           1|           8|
    |select_ln346_234_fu_11225_p3      |    select|   0|  0|    8|           1|           8|
    |select_ln346_235_fu_11417_p3      |    select|   0|  0|    8|           1|           8|
    |select_ln346_236_fu_11631_p3      |    select|   0|  0|    8|           1|           8|
    |select_ln346_237_fu_11823_p3      |    select|   0|  0|    8|           1|           8|
    |select_ln346_238_fu_12037_p3      |    select|   0|  0|    8|           1|           8|
    |select_ln346_239_fu_12229_p3      |    select|   0|  0|    8|           1|           8|
    |select_ln346_240_fu_12443_p3      |    select|   0|  0|    8|           1|           8|
    |select_ln346_241_fu_12635_p3      |    select|   0|  0|    8|           1|           8|
    |select_ln346_242_fu_12849_p3      |    select|   0|  0|    8|           1|           8|
    |select_ln346_243_fu_13041_p3      |    select|   0|  0|    8|           1|           8|
    |select_ln346_244_fu_13255_p3      |    select|   0|  0|    8|           1|           8|
    |select_ln346_245_fu_13447_p3      |    select|   0|  0|    8|           1|           8|
    |select_ln346_246_fu_13661_p3      |    select|   0|  0|    8|           1|           8|
    |select_ln346_247_fu_13853_p3      |    select|   0|  0|    8|           1|           8|
    |select_ln346_248_fu_14067_p3      |    select|   0|  0|    8|           1|           8|
    |select_ln346_249_fu_14259_p3      |    select|   0|  0|    8|           1|           8|
    |select_ln346_250_fu_14473_p3      |    select|   0|  0|    8|           1|           8|
    |select_ln346_251_fu_14665_p3      |    select|   0|  0|    8|           1|           8|
    |select_ln346_252_fu_14879_p3      |    select|   0|  0|    8|           1|           8|
    |select_ln346_253_fu_15071_p3      |    select|   0|  0|    8|           1|           8|
    |select_ln346_254_fu_15285_p3      |    select|   0|  0|    8|           1|           8|
    |select_ln346_255_fu_15477_p3      |    select|   0|  0|    8|           1|           8|
    |select_ln346_323_fu_3086_p3       |    select|   0|  0|    9|           1|           7|
    |select_ln346_324_fu_3278_p3       |    select|   0|  0|    9|           1|           7|
    |select_ln346_325_fu_3497_p3       |    select|   0|  0|    9|           1|           7|
    |select_ln346_326_fu_3689_p3       |    select|   0|  0|    9|           1|           7|
    |select_ln346_327_fu_3903_p3       |    select|   0|  0|    9|           1|           7|
    |select_ln346_328_fu_4095_p3       |    select|   0|  0|    9|           1|           7|
    |select_ln346_329_fu_4309_p3       |    select|   0|  0|    9|           1|           7|
    |select_ln346_330_fu_4501_p3       |    select|   0|  0|    9|           1|           7|
    |select_ln346_331_fu_4715_p3       |    select|   0|  0|    9|           1|           7|
    |select_ln346_332_fu_4907_p3       |    select|   0|  0|    9|           1|           7|
    |select_ln346_333_fu_5121_p3       |    select|   0|  0|    9|           1|           7|
    |select_ln346_334_fu_5313_p3       |    select|   0|  0|    9|           1|           7|
    |select_ln346_335_fu_5527_p3       |    select|   0|  0|    9|           1|           7|
    |select_ln346_336_fu_5719_p3       |    select|   0|  0|    9|           1|           7|
    |select_ln346_337_fu_5933_p3       |    select|   0|  0|    9|           1|           7|
    |select_ln346_338_fu_6125_p3       |    select|   0|  0|    9|           1|           7|
    |select_ln346_339_fu_6339_p3       |    select|   0|  0|    9|           1|           7|
    |select_ln346_340_fu_6531_p3       |    select|   0|  0|    9|           1|           7|
    |select_ln346_341_fu_6745_p3       |    select|   0|  0|    9|           1|           7|
    |select_ln346_342_fu_6937_p3       |    select|   0|  0|    9|           1|           7|
    |select_ln346_343_fu_7151_p3       |    select|   0|  0|    9|           1|           7|
    |select_ln346_344_fu_7343_p3       |    select|   0|  0|    9|           1|           7|
    |select_ln346_345_fu_7557_p3       |    select|   0|  0|    9|           1|           7|
    |select_ln346_346_fu_7749_p3       |    select|   0|  0|    9|           1|           7|
    |select_ln346_347_fu_7963_p3       |    select|   0|  0|    9|           1|           7|
    |select_ln346_348_fu_8155_p3       |    select|   0|  0|    9|           1|           7|
    |select_ln346_349_fu_8369_p3       |    select|   0|  0|    9|           1|           7|
    |select_ln346_350_fu_8561_p3       |    select|   0|  0|    9|           1|           7|
    |select_ln346_351_fu_8775_p3       |    select|   0|  0|    9|           1|           7|
    |select_ln346_352_fu_8967_p3       |    select|   0|  0|    9|           1|           7|
    |select_ln346_353_fu_9181_p3       |    select|   0|  0|    9|           1|           7|
    |select_ln346_354_fu_9373_p3       |    select|   0|  0|    9|           1|           7|
    |select_ln346_355_fu_9587_p3       |    select|   0|  0|    9|           1|           7|
    |select_ln346_356_fu_9779_p3       |    select|   0|  0|    9|           1|           7|
    |select_ln346_357_fu_9993_p3       |    select|   0|  0|    9|           1|           7|
    |select_ln346_358_fu_10185_p3      |    select|   0|  0|    9|           1|           7|
    |select_ln346_359_fu_10399_p3      |    select|   0|  0|    9|           1|           7|
    |select_ln346_360_fu_10591_p3      |    select|   0|  0|    9|           1|           7|
    |select_ln346_361_fu_10805_p3      |    select|   0|  0|    9|           1|           7|
    |select_ln346_362_fu_10997_p3      |    select|   0|  0|    9|           1|           7|
    |select_ln346_363_fu_11211_p3      |    select|   0|  0|    9|           1|           7|
    |select_ln346_364_fu_11403_p3      |    select|   0|  0|    9|           1|           7|
    |select_ln346_365_fu_11617_p3      |    select|   0|  0|    9|           1|           7|
    |select_ln346_366_fu_11809_p3      |    select|   0|  0|    9|           1|           7|
    |select_ln346_367_fu_12023_p3      |    select|   0|  0|    9|           1|           7|
    |select_ln346_368_fu_12215_p3      |    select|   0|  0|    9|           1|           7|
    |select_ln346_369_fu_12429_p3      |    select|   0|  0|    9|           1|           7|
    |select_ln346_370_fu_12621_p3      |    select|   0|  0|    9|           1|           7|
    |select_ln346_371_fu_12835_p3      |    select|   0|  0|    9|           1|           7|
    |select_ln346_372_fu_13027_p3      |    select|   0|  0|    9|           1|           7|
    |select_ln346_373_fu_13241_p3      |    select|   0|  0|    9|           1|           7|
    |select_ln346_374_fu_13433_p3      |    select|   0|  0|    9|           1|           7|
    |select_ln346_375_fu_13647_p3      |    select|   0|  0|    9|           1|           7|
    |select_ln346_376_fu_13839_p3      |    select|   0|  0|    9|           1|           7|
    |select_ln346_377_fu_14053_p3      |    select|   0|  0|    9|           1|           7|
    |select_ln346_378_fu_14245_p3      |    select|   0|  0|    9|           1|           7|
    |select_ln346_379_fu_14459_p3      |    select|   0|  0|    9|           1|           7|
    |select_ln346_380_fu_14651_p3      |    select|   0|  0|    9|           1|           7|
    |select_ln346_381_fu_14865_p3      |    select|   0|  0|    9|           1|           7|
    |select_ln346_382_fu_15057_p3      |    select|   0|  0|    9|           1|           7|
    |select_ln346_383_fu_15271_p3      |    select|   0|  0|    9|           1|           7|
    |select_ln346_384_fu_15463_p3      |    select|   0|  0|    9|           1|           7|
    |select_ln346_385_fu_15677_p3      |    select|   0|  0|    9|           1|           7|
    |select_ln346_386_fu_15869_p3      |    select|   0|  0|    9|           1|           7|
    |select_ln346_387_fu_19983_p3      |    select|   0|  0|    9|           1|           7|
    |select_ln346_fu_3100_p3           |    select|   0|  0|    8|           1|           8|
    |select_ln487_fu_19742_p3          |    select|   0|  0|   23|           1|          23|
    |sigmoid_V_2_fu_19756_p3           |    select|   0|  0|   22|           1|          22|
    |tmpres_h_V_fu_19997_p3            |    select|   0|  0|    8|           1|           8|
    |Range1_all_zeros_448_fu_3202_p2   |       xor|   0|  0|    2|           1|           2|
    |Range1_all_zeros_449_fu_3421_p2   |       xor|   0|  0|    2|           1|           2|
    |Range1_all_zeros_450_fu_3613_p2   |       xor|   0|  0|    2|           1|           2|
    |Range1_all_zeros_451_fu_3827_p2   |       xor|   0|  0|    2|           1|           2|
    |Range1_all_zeros_452_fu_4019_p2   |       xor|   0|  0|    2|           1|           2|
    |Range1_all_zeros_453_fu_4233_p2   |       xor|   0|  0|    2|           1|           2|
    |Range1_all_zeros_454_fu_4425_p2   |       xor|   0|  0|    2|           1|           2|
    |Range1_all_zeros_455_fu_4639_p2   |       xor|   0|  0|    2|           1|           2|
    |Range1_all_zeros_456_fu_4831_p2   |       xor|   0|  0|    2|           1|           2|
    |Range1_all_zeros_457_fu_5045_p2   |       xor|   0|  0|    2|           1|           2|
    |Range1_all_zeros_458_fu_5237_p2   |       xor|   0|  0|    2|           1|           2|
    |Range1_all_zeros_459_fu_5451_p2   |       xor|   0|  0|    2|           1|           2|
    |Range1_all_zeros_460_fu_5643_p2   |       xor|   0|  0|    2|           1|           2|
    |Range1_all_zeros_461_fu_5857_p2   |       xor|   0|  0|    2|           1|           2|
    |Range1_all_zeros_462_fu_6049_p2   |       xor|   0|  0|    2|           1|           2|
    |Range1_all_zeros_463_fu_6263_p2   |       xor|   0|  0|    2|           1|           2|
    |Range1_all_zeros_464_fu_6455_p2   |       xor|   0|  0|    2|           1|           2|
    |Range1_all_zeros_465_fu_6669_p2   |       xor|   0|  0|    2|           1|           2|
    |Range1_all_zeros_466_fu_6861_p2   |       xor|   0|  0|    2|           1|           2|
    |Range1_all_zeros_467_fu_7075_p2   |       xor|   0|  0|    2|           1|           2|
    |Range1_all_zeros_468_fu_7267_p2   |       xor|   0|  0|    2|           1|           2|
    |Range1_all_zeros_469_fu_7481_p2   |       xor|   0|  0|    2|           1|           2|
    |Range1_all_zeros_470_fu_7673_p2   |       xor|   0|  0|    2|           1|           2|
    |Range1_all_zeros_471_fu_7887_p2   |       xor|   0|  0|    2|           1|           2|
    |Range1_all_zeros_472_fu_8079_p2   |       xor|   0|  0|    2|           1|           2|
    |Range1_all_zeros_473_fu_8293_p2   |       xor|   0|  0|    2|           1|           2|
    |Range1_all_zeros_474_fu_8485_p2   |       xor|   0|  0|    2|           1|           2|
    |Range1_all_zeros_475_fu_8699_p2   |       xor|   0|  0|    2|           1|           2|
    |Range1_all_zeros_476_fu_8891_p2   |       xor|   0|  0|    2|           1|           2|
    |Range1_all_zeros_477_fu_9105_p2   |       xor|   0|  0|    2|           1|           2|
    |Range1_all_zeros_478_fu_9297_p2   |       xor|   0|  0|    2|           1|           2|
    |Range1_all_zeros_479_fu_9511_p2   |       xor|   0|  0|    2|           1|           2|
    |Range1_all_zeros_480_fu_9703_p2   |       xor|   0|  0|    2|           1|           2|
    |Range1_all_zeros_481_fu_9917_p2   |       xor|   0|  0|    2|           1|           2|
    |Range1_all_zeros_482_fu_10109_p2  |       xor|   0|  0|    2|           1|           2|
    |Range1_all_zeros_483_fu_10323_p2  |       xor|   0|  0|    2|           1|           2|
    |Range1_all_zeros_484_fu_10515_p2  |       xor|   0|  0|    2|           1|           2|
    |Range1_all_zeros_485_fu_10729_p2  |       xor|   0|  0|    2|           1|           2|
    |Range1_all_zeros_486_fu_10921_p2  |       xor|   0|  0|    2|           1|           2|
    |Range1_all_zeros_487_fu_11135_p2  |       xor|   0|  0|    2|           1|           2|
    |Range1_all_zeros_488_fu_11327_p2  |       xor|   0|  0|    2|           1|           2|
    |Range1_all_zeros_489_fu_11541_p2  |       xor|   0|  0|    2|           1|           2|
    |Range1_all_zeros_490_fu_11733_p2  |       xor|   0|  0|    2|           1|           2|
    |Range1_all_zeros_491_fu_11947_p2  |       xor|   0|  0|    2|           1|           2|
    |Range1_all_zeros_492_fu_12139_p2  |       xor|   0|  0|    2|           1|           2|
    |Range1_all_zeros_493_fu_12353_p2  |       xor|   0|  0|    2|           1|           2|
    |Range1_all_zeros_494_fu_12545_p2  |       xor|   0|  0|    2|           1|           2|
    |Range1_all_zeros_495_fu_12759_p2  |       xor|   0|  0|    2|           1|           2|
    |Range1_all_zeros_496_fu_12951_p2  |       xor|   0|  0|    2|           1|           2|
    |Range1_all_zeros_497_fu_13165_p2  |       xor|   0|  0|    2|           1|           2|
    |Range1_all_zeros_498_fu_13357_p2  |       xor|   0|  0|    2|           1|           2|
    |Range1_all_zeros_499_fu_13571_p2  |       xor|   0|  0|    2|           1|           2|
    |Range1_all_zeros_500_fu_13763_p2  |       xor|   0|  0|    2|           1|           2|
    |Range1_all_zeros_501_fu_13977_p2  |       xor|   0|  0|    2|           1|           2|
    |Range1_all_zeros_502_fu_14169_p2  |       xor|   0|  0|    2|           1|           2|
    |Range1_all_zeros_503_fu_14383_p2  |       xor|   0|  0|    2|           1|           2|
    |Range1_all_zeros_504_fu_14575_p2  |       xor|   0|  0|    2|           1|           2|
    |Range1_all_zeros_505_fu_14789_p2  |       xor|   0|  0|    2|           1|           2|
    |Range1_all_zeros_506_fu_14981_p2  |       xor|   0|  0|    2|           1|           2|
    |Range1_all_zeros_507_fu_15195_p2  |       xor|   0|  0|    2|           1|           2|
    |Range1_all_zeros_508_fu_15387_p2  |       xor|   0|  0|    2|           1|           2|
    |Range1_all_zeros_509_fu_15601_p2  |       xor|   0|  0|    2|           1|           2|
    |Range1_all_zeros_510_fu_15793_p2  |       xor|   0|  0|    2|           1|           2|
    |Range1_all_zeros_fu_3010_p2       |       xor|   0|  0|    2|           1|           2|
    |p_Result_3295_fu_19832_p2         |       xor|   0|  0|    2|           1|           2|
    |p_Val2_1801_fu_19809_p2           |       xor|   0|  0|    9|           8|           9|
    |xor_ln890_fu_19894_p2             |       xor|   0|  0|    2|           1|           2|
    |xor_ln891_128_fu_3224_p2          |       xor|   0|  0|    2|           1|           2|
    |xor_ln891_129_fu_3443_p2          |       xor|   0|  0|    2|           1|           2|
    |xor_ln891_130_fu_3635_p2          |       xor|   0|  0|    2|           1|           2|
    |xor_ln891_131_fu_3849_p2          |       xor|   0|  0|    2|           1|           2|
    |xor_ln891_132_fu_4041_p2          |       xor|   0|  0|    2|           1|           2|
    |xor_ln891_133_fu_4255_p2          |       xor|   0|  0|    2|           1|           2|
    |xor_ln891_134_fu_4447_p2          |       xor|   0|  0|    2|           1|           2|
    |xor_ln891_135_fu_4661_p2          |       xor|   0|  0|    2|           1|           2|
    |xor_ln891_136_fu_4853_p2          |       xor|   0|  0|    2|           1|           2|
    |xor_ln891_137_fu_5067_p2          |       xor|   0|  0|    2|           1|           2|
    |xor_ln891_138_fu_5259_p2          |       xor|   0|  0|    2|           1|           2|
    |xor_ln891_139_fu_5473_p2          |       xor|   0|  0|    2|           1|           2|
    |xor_ln891_140_fu_5665_p2          |       xor|   0|  0|    2|           1|           2|
    |xor_ln891_141_fu_5879_p2          |       xor|   0|  0|    2|           1|           2|
    |xor_ln891_142_fu_6071_p2          |       xor|   0|  0|    2|           1|           2|
    |xor_ln891_143_fu_6285_p2          |       xor|   0|  0|    2|           1|           2|
    |xor_ln891_144_fu_6477_p2          |       xor|   0|  0|    2|           1|           2|
    |xor_ln891_145_fu_6691_p2          |       xor|   0|  0|    2|           1|           2|
    |xor_ln891_146_fu_6883_p2          |       xor|   0|  0|    2|           1|           2|
    |xor_ln891_147_fu_7097_p2          |       xor|   0|  0|    2|           1|           2|
    |xor_ln891_148_fu_7289_p2          |       xor|   0|  0|    2|           1|           2|
    |xor_ln891_149_fu_7503_p2          |       xor|   0|  0|    2|           1|           2|
    |xor_ln891_150_fu_7695_p2          |       xor|   0|  0|    2|           1|           2|
    |xor_ln891_151_fu_7909_p2          |       xor|   0|  0|    2|           1|           2|
    |xor_ln891_152_fu_8101_p2          |       xor|   0|  0|    2|           1|           2|
    |xor_ln891_153_fu_8315_p2          |       xor|   0|  0|    2|           1|           2|
    |xor_ln891_154_fu_8507_p2          |       xor|   0|  0|    2|           1|           2|
    |xor_ln891_155_fu_8721_p2          |       xor|   0|  0|    2|           1|           2|
    |xor_ln891_156_fu_8913_p2          |       xor|   0|  0|    2|           1|           2|
    |xor_ln891_157_fu_9127_p2          |       xor|   0|  0|    2|           1|           2|
    |xor_ln891_158_fu_9319_p2          |       xor|   0|  0|    2|           1|           2|
    |xor_ln891_159_fu_9533_p2          |       xor|   0|  0|    2|           1|           2|
    |xor_ln891_160_fu_9725_p2          |       xor|   0|  0|    2|           1|           2|
    |xor_ln891_161_fu_9939_p2          |       xor|   0|  0|    2|           1|           2|
    |xor_ln891_162_fu_10131_p2         |       xor|   0|  0|    2|           1|           2|
    |xor_ln891_163_fu_10345_p2         |       xor|   0|  0|    2|           1|           2|
    |xor_ln891_164_fu_10537_p2         |       xor|   0|  0|    2|           1|           2|
    |xor_ln891_165_fu_10751_p2         |       xor|   0|  0|    2|           1|           2|
    |xor_ln891_166_fu_10943_p2         |       xor|   0|  0|    2|           1|           2|
    |xor_ln891_167_fu_11157_p2         |       xor|   0|  0|    2|           1|           2|
    |xor_ln891_168_fu_11349_p2         |       xor|   0|  0|    2|           1|           2|
    |xor_ln891_169_fu_11563_p2         |       xor|   0|  0|    2|           1|           2|
    |xor_ln891_170_fu_11755_p2         |       xor|   0|  0|    2|           1|           2|
    |xor_ln891_171_fu_11969_p2         |       xor|   0|  0|    2|           1|           2|
    |xor_ln891_172_fu_12161_p2         |       xor|   0|  0|    2|           1|           2|
    |xor_ln891_173_fu_12375_p2         |       xor|   0|  0|    2|           1|           2|
    |xor_ln891_174_fu_12567_p2         |       xor|   0|  0|    2|           1|           2|
    |xor_ln891_175_fu_12781_p2         |       xor|   0|  0|    2|           1|           2|
    |xor_ln891_176_fu_12973_p2         |       xor|   0|  0|    2|           1|           2|
    |xor_ln891_177_fu_13187_p2         |       xor|   0|  0|    2|           1|           2|
    |xor_ln891_178_fu_13379_p2         |       xor|   0|  0|    2|           1|           2|
    |xor_ln891_179_fu_13593_p2         |       xor|   0|  0|    2|           1|           2|
    |xor_ln891_180_fu_13785_p2         |       xor|   0|  0|    2|           1|           2|
    |xor_ln891_181_fu_13999_p2         |       xor|   0|  0|    2|           1|           2|
    |xor_ln891_182_fu_14191_p2         |       xor|   0|  0|    2|           1|           2|
    |xor_ln891_183_fu_14405_p2         |       xor|   0|  0|    2|           1|           2|
    |xor_ln891_184_fu_14597_p2         |       xor|   0|  0|    2|           1|           2|
    |xor_ln891_185_fu_14811_p2         |       xor|   0|  0|    2|           1|           2|
    |xor_ln891_186_fu_15003_p2         |       xor|   0|  0|    2|           1|           2|
    |xor_ln891_187_fu_15217_p2         |       xor|   0|  0|    2|           1|           2|
    |xor_ln891_188_fu_15409_p2         |       xor|   0|  0|    2|           1|           2|
    |xor_ln891_189_fu_15623_p2         |       xor|   0|  0|    2|           1|           2|
    |xor_ln891_190_fu_15815_p2         |       xor|   0|  0|    2|           1|           2|
    |xor_ln891_fu_3032_p2              |       xor|   0|  0|    2|           1|           2|
    |xor_ln895_264_fu_3236_p2          |       xor|   0|  0|    2|           1|           2|
    |xor_ln895_265_fu_3455_p2          |       xor|   0|  0|    2|           1|           2|
    |xor_ln895_266_fu_3647_p2          |       xor|   0|  0|    2|           1|           2|
    |xor_ln895_267_fu_3861_p2          |       xor|   0|  0|    2|           1|           2|
    |xor_ln895_268_fu_4053_p2          |       xor|   0|  0|    2|           1|           2|
    |xor_ln895_269_fu_4267_p2          |       xor|   0|  0|    2|           1|           2|
    |xor_ln895_270_fu_4459_p2          |       xor|   0|  0|    2|           1|           2|
    |xor_ln895_271_fu_4673_p2          |       xor|   0|  0|    2|           1|           2|
    |xor_ln895_272_fu_4865_p2          |       xor|   0|  0|    2|           1|           2|
    |xor_ln895_273_fu_5079_p2          |       xor|   0|  0|    2|           1|           2|
    |xor_ln895_274_fu_5271_p2          |       xor|   0|  0|    2|           1|           2|
    |xor_ln895_275_fu_5485_p2          |       xor|   0|  0|    2|           1|           2|
    |xor_ln895_276_fu_5677_p2          |       xor|   0|  0|    2|           1|           2|
    |xor_ln895_277_fu_5891_p2          |       xor|   0|  0|    2|           1|           2|
    |xor_ln895_278_fu_6083_p2          |       xor|   0|  0|    2|           1|           2|
    |xor_ln895_279_fu_6297_p2          |       xor|   0|  0|    2|           1|           2|
    |xor_ln895_280_fu_6489_p2          |       xor|   0|  0|    2|           1|           2|
    |xor_ln895_281_fu_6703_p2          |       xor|   0|  0|    2|           1|           2|
    |xor_ln895_282_fu_6895_p2          |       xor|   0|  0|    2|           1|           2|
    |xor_ln895_283_fu_7109_p2          |       xor|   0|  0|    2|           1|           2|
    |xor_ln895_284_fu_7301_p2          |       xor|   0|  0|    2|           1|           2|
    |xor_ln895_285_fu_7515_p2          |       xor|   0|  0|    2|           1|           2|
    |xor_ln895_286_fu_7707_p2          |       xor|   0|  0|    2|           1|           2|
    |xor_ln895_287_fu_7921_p2          |       xor|   0|  0|    2|           1|           2|
    |xor_ln895_288_fu_8113_p2          |       xor|   0|  0|    2|           1|           2|
    |xor_ln895_289_fu_8327_p2          |       xor|   0|  0|    2|           1|           2|
    |xor_ln895_290_fu_8519_p2          |       xor|   0|  0|    2|           1|           2|
    |xor_ln895_291_fu_8733_p2          |       xor|   0|  0|    2|           1|           2|
    |xor_ln895_292_fu_8925_p2          |       xor|   0|  0|    2|           1|           2|
    |xor_ln895_293_fu_9139_p2          |       xor|   0|  0|    2|           1|           2|
    |xor_ln895_294_fu_9331_p2          |       xor|   0|  0|    2|           1|           2|
    |xor_ln895_295_fu_9545_p2          |       xor|   0|  0|    2|           1|           2|
    |xor_ln895_296_fu_9737_p2          |       xor|   0|  0|    2|           1|           2|
    |xor_ln895_297_fu_9951_p2          |       xor|   0|  0|    2|           1|           2|
    |xor_ln895_298_fu_10143_p2         |       xor|   0|  0|    2|           1|           2|
    |xor_ln895_299_fu_10357_p2         |       xor|   0|  0|    2|           1|           2|
    |xor_ln895_300_fu_10549_p2         |       xor|   0|  0|    2|           1|           2|
    |xor_ln895_301_fu_10763_p2         |       xor|   0|  0|    2|           1|           2|
    |xor_ln895_302_fu_10955_p2         |       xor|   0|  0|    2|           1|           2|
    |xor_ln895_303_fu_11169_p2         |       xor|   0|  0|    2|           1|           2|
    |xor_ln895_304_fu_11361_p2         |       xor|   0|  0|    2|           1|           2|
    |xor_ln895_305_fu_11575_p2         |       xor|   0|  0|    2|           1|           2|
    |xor_ln895_306_fu_11767_p2         |       xor|   0|  0|    2|           1|           2|
    |xor_ln895_307_fu_11981_p2         |       xor|   0|  0|    2|           1|           2|
    |xor_ln895_308_fu_12173_p2         |       xor|   0|  0|    2|           1|           2|
    |xor_ln895_309_fu_12387_p2         |       xor|   0|  0|    2|           1|           2|
    |xor_ln895_310_fu_12579_p2         |       xor|   0|  0|    2|           1|           2|
    |xor_ln895_311_fu_12793_p2         |       xor|   0|  0|    2|           1|           2|
    |xor_ln895_312_fu_12985_p2         |       xor|   0|  0|    2|           1|           2|
    |xor_ln895_313_fu_13199_p2         |       xor|   0|  0|    2|           1|           2|
    |xor_ln895_314_fu_13391_p2         |       xor|   0|  0|    2|           1|           2|
    |xor_ln895_315_fu_13605_p2         |       xor|   0|  0|    2|           1|           2|
    |xor_ln895_316_fu_13797_p2         |       xor|   0|  0|    2|           1|           2|
    |xor_ln895_317_fu_14011_p2         |       xor|   0|  0|    2|           1|           2|
    |xor_ln895_318_fu_14203_p2         |       xor|   0|  0|    2|           1|           2|
    |xor_ln895_319_fu_14417_p2         |       xor|   0|  0|    2|           1|           2|
    |xor_ln895_320_fu_14609_p2         |       xor|   0|  0|    2|           1|           2|
    |xor_ln895_321_fu_14823_p2         |       xor|   0|  0|    2|           1|           2|
    |xor_ln895_322_fu_15015_p2         |       xor|   0|  0|    2|           1|           2|
    |xor_ln895_323_fu_15229_p2         |       xor|   0|  0|    2|           1|           2|
    |xor_ln895_324_fu_15421_p2         |       xor|   0|  0|    2|           1|           2|
    |xor_ln895_325_fu_15635_p2         |       xor|   0|  0|    2|           1|           2|
    |xor_ln895_326_fu_15827_p2         |       xor|   0|  0|    2|           1|           2|
    |xor_ln895_327_fu_19935_p2         |       xor|   0|  0|    2|           1|           2|
    |xor_ln895_328_fu_19947_p2         |       xor|   0|  0|    2|           1|           2|
    |xor_ln895_329_fu_19929_p2         |       xor|   0|  0|    2|           1|           1|
    |xor_ln895_fu_3044_p2              |       xor|   0|  0|    2|           1|           2|
    |xor_ln896_392_fu_3062_p2          |       xor|   0|  0|    2|           1|           2|
    |xor_ln896_393_fu_3190_p2          |       xor|   0|  0|    2|           1|           2|
    |xor_ln896_394_fu_3254_p2          |       xor|   0|  0|    2|           1|           2|
    |xor_ln896_395_fu_3409_p2          |       xor|   0|  0|    2|           1|           2|
    |xor_ln896_396_fu_3473_p2          |       xor|   0|  0|    2|           1|           2|
    |xor_ln896_397_fu_3601_p2          |       xor|   0|  0|    2|           1|           2|
    |xor_ln896_398_fu_3665_p2          |       xor|   0|  0|    2|           1|           2|
    |xor_ln896_399_fu_3815_p2          |       xor|   0|  0|    2|           1|           2|
    |xor_ln896_400_fu_3879_p2          |       xor|   0|  0|    2|           1|           2|
    |xor_ln896_401_fu_4007_p2          |       xor|   0|  0|    2|           1|           2|
    |xor_ln896_402_fu_4071_p2          |       xor|   0|  0|    2|           1|           2|
    |xor_ln896_403_fu_4221_p2          |       xor|   0|  0|    2|           1|           2|
    |xor_ln896_404_fu_4285_p2          |       xor|   0|  0|    2|           1|           2|
    |xor_ln896_405_fu_4413_p2          |       xor|   0|  0|    2|           1|           2|
    |xor_ln896_406_fu_4477_p2          |       xor|   0|  0|    2|           1|           2|
    |xor_ln896_407_fu_4627_p2          |       xor|   0|  0|    2|           1|           2|
    |xor_ln896_408_fu_4691_p2          |       xor|   0|  0|    2|           1|           2|
    |xor_ln896_409_fu_4819_p2          |       xor|   0|  0|    2|           1|           2|
    |xor_ln896_410_fu_4883_p2          |       xor|   0|  0|    2|           1|           2|
    |xor_ln896_411_fu_5033_p2          |       xor|   0|  0|    2|           1|           2|
    |xor_ln896_412_fu_5097_p2          |       xor|   0|  0|    2|           1|           2|
    |xor_ln896_413_fu_5225_p2          |       xor|   0|  0|    2|           1|           2|
    |xor_ln896_414_fu_5289_p2          |       xor|   0|  0|    2|           1|           2|
    |xor_ln896_415_fu_5439_p2          |       xor|   0|  0|    2|           1|           2|
    |xor_ln896_416_fu_5503_p2          |       xor|   0|  0|    2|           1|           2|
    |xor_ln896_417_fu_5631_p2          |       xor|   0|  0|    2|           1|           2|
    |xor_ln896_418_fu_5695_p2          |       xor|   0|  0|    2|           1|           2|
    |xor_ln896_419_fu_5845_p2          |       xor|   0|  0|    2|           1|           2|
    |xor_ln896_420_fu_5909_p2          |       xor|   0|  0|    2|           1|           2|
    |xor_ln896_421_fu_6037_p2          |       xor|   0|  0|    2|           1|           2|
    |xor_ln896_422_fu_6101_p2          |       xor|   0|  0|    2|           1|           2|
    |xor_ln896_423_fu_6251_p2          |       xor|   0|  0|    2|           1|           2|
    |xor_ln896_424_fu_6315_p2          |       xor|   0|  0|    2|           1|           2|
    |xor_ln896_425_fu_6443_p2          |       xor|   0|  0|    2|           1|           2|
    |xor_ln896_426_fu_6507_p2          |       xor|   0|  0|    2|           1|           2|
    |xor_ln896_427_fu_6657_p2          |       xor|   0|  0|    2|           1|           2|
    |xor_ln896_428_fu_6721_p2          |       xor|   0|  0|    2|           1|           2|
    |xor_ln896_429_fu_6849_p2          |       xor|   0|  0|    2|           1|           2|
    |xor_ln896_430_fu_6913_p2          |       xor|   0|  0|    2|           1|           2|
    |xor_ln896_431_fu_7063_p2          |       xor|   0|  0|    2|           1|           2|
    |xor_ln896_432_fu_7127_p2          |       xor|   0|  0|    2|           1|           2|
    |xor_ln896_433_fu_7255_p2          |       xor|   0|  0|    2|           1|           2|
    |xor_ln896_434_fu_7319_p2          |       xor|   0|  0|    2|           1|           2|
    |xor_ln896_435_fu_7469_p2          |       xor|   0|  0|    2|           1|           2|
    |xor_ln896_436_fu_7533_p2          |       xor|   0|  0|    2|           1|           2|
    |xor_ln896_437_fu_7661_p2          |       xor|   0|  0|    2|           1|           2|
    |xor_ln896_438_fu_7725_p2          |       xor|   0|  0|    2|           1|           2|
    |xor_ln896_439_fu_7875_p2          |       xor|   0|  0|    2|           1|           2|
    |xor_ln896_440_fu_7939_p2          |       xor|   0|  0|    2|           1|           2|
    |xor_ln896_441_fu_8067_p2          |       xor|   0|  0|    2|           1|           2|
    |xor_ln896_442_fu_8131_p2          |       xor|   0|  0|    2|           1|           2|
    |xor_ln896_443_fu_8281_p2          |       xor|   0|  0|    2|           1|           2|
    |xor_ln896_444_fu_8345_p2          |       xor|   0|  0|    2|           1|           2|
    |xor_ln896_445_fu_8473_p2          |       xor|   0|  0|    2|           1|           2|
    |xor_ln896_446_fu_8537_p2          |       xor|   0|  0|    2|           1|           2|
    |xor_ln896_447_fu_8687_p2          |       xor|   0|  0|    2|           1|           2|
    |xor_ln896_448_fu_8751_p2          |       xor|   0|  0|    2|           1|           2|
    |xor_ln896_449_fu_8879_p2          |       xor|   0|  0|    2|           1|           2|
    |xor_ln896_450_fu_8943_p2          |       xor|   0|  0|    2|           1|           2|
    |xor_ln896_451_fu_9093_p2          |       xor|   0|  0|    2|           1|           2|
    |xor_ln896_452_fu_9157_p2          |       xor|   0|  0|    2|           1|           2|
    |xor_ln896_453_fu_9285_p2          |       xor|   0|  0|    2|           1|           2|
    |xor_ln896_454_fu_9349_p2          |       xor|   0|  0|    2|           1|           2|
    |xor_ln896_455_fu_9499_p2          |       xor|   0|  0|    2|           1|           2|
    |xor_ln896_456_fu_9563_p2          |       xor|   0|  0|    2|           1|           2|
    |xor_ln896_457_fu_9691_p2          |       xor|   0|  0|    2|           1|           2|
    |xor_ln896_458_fu_9755_p2          |       xor|   0|  0|    2|           1|           2|
    |xor_ln896_459_fu_9905_p2          |       xor|   0|  0|    2|           1|           2|
    |xor_ln896_460_fu_9969_p2          |       xor|   0|  0|    2|           1|           2|
    |xor_ln896_461_fu_10097_p2         |       xor|   0|  0|    2|           1|           2|
    |xor_ln896_462_fu_10161_p2         |       xor|   0|  0|    2|           1|           2|
    |xor_ln896_463_fu_10311_p2         |       xor|   0|  0|    2|           1|           2|
    |xor_ln896_464_fu_10375_p2         |       xor|   0|  0|    2|           1|           2|
    |xor_ln896_465_fu_10503_p2         |       xor|   0|  0|    2|           1|           2|
    |xor_ln896_466_fu_10567_p2         |       xor|   0|  0|    2|           1|           2|
    |xor_ln896_467_fu_10717_p2         |       xor|   0|  0|    2|           1|           2|
    |xor_ln896_468_fu_10781_p2         |       xor|   0|  0|    2|           1|           2|
    |xor_ln896_469_fu_10909_p2         |       xor|   0|  0|    2|           1|           2|
    |xor_ln896_470_fu_10973_p2         |       xor|   0|  0|    2|           1|           2|
    |xor_ln896_471_fu_11123_p2         |       xor|   0|  0|    2|           1|           2|
    |xor_ln896_472_fu_11187_p2         |       xor|   0|  0|    2|           1|           2|
    |xor_ln896_473_fu_11315_p2         |       xor|   0|  0|    2|           1|           2|
    |xor_ln896_474_fu_11379_p2         |       xor|   0|  0|    2|           1|           2|
    |xor_ln896_475_fu_11529_p2         |       xor|   0|  0|    2|           1|           2|
    |xor_ln896_476_fu_11593_p2         |       xor|   0|  0|    2|           1|           2|
    |xor_ln896_477_fu_11721_p2         |       xor|   0|  0|    2|           1|           2|
    |xor_ln896_478_fu_11785_p2         |       xor|   0|  0|    2|           1|           2|
    |xor_ln896_479_fu_11935_p2         |       xor|   0|  0|    2|           1|           2|
    |xor_ln896_480_fu_11999_p2         |       xor|   0|  0|    2|           1|           2|
    |xor_ln896_481_fu_12127_p2         |       xor|   0|  0|    2|           1|           2|
    |xor_ln896_482_fu_12191_p2         |       xor|   0|  0|    2|           1|           2|
    |xor_ln896_483_fu_12341_p2         |       xor|   0|  0|    2|           1|           2|
    |xor_ln896_484_fu_12405_p2         |       xor|   0|  0|    2|           1|           2|
    |xor_ln896_485_fu_12533_p2         |       xor|   0|  0|    2|           1|           2|
    |xor_ln896_486_fu_12597_p2         |       xor|   0|  0|    2|           1|           2|
    |xor_ln896_487_fu_12747_p2         |       xor|   0|  0|    2|           1|           2|
    |xor_ln896_488_fu_12811_p2         |       xor|   0|  0|    2|           1|           2|
    |xor_ln896_489_fu_12939_p2         |       xor|   0|  0|    2|           1|           2|
    |xor_ln896_490_fu_13003_p2         |       xor|   0|  0|    2|           1|           2|
    |xor_ln896_491_fu_13153_p2         |       xor|   0|  0|    2|           1|           2|
    |xor_ln896_492_fu_13217_p2         |       xor|   0|  0|    2|           1|           2|
    |xor_ln896_493_fu_13345_p2         |       xor|   0|  0|    2|           1|           2|
    |xor_ln896_494_fu_13409_p2         |       xor|   0|  0|    2|           1|           2|
    |xor_ln896_495_fu_13559_p2         |       xor|   0|  0|    2|           1|           2|
    |xor_ln896_496_fu_13623_p2         |       xor|   0|  0|    2|           1|           2|
    |xor_ln896_497_fu_13751_p2         |       xor|   0|  0|    2|           1|           2|
    |xor_ln896_498_fu_13815_p2         |       xor|   0|  0|    2|           1|           2|
    |xor_ln896_499_fu_13965_p2         |       xor|   0|  0|    2|           1|           2|
    |xor_ln896_500_fu_14029_p2         |       xor|   0|  0|    2|           1|           2|
    |xor_ln896_501_fu_14157_p2         |       xor|   0|  0|    2|           1|           2|
    |xor_ln896_502_fu_14221_p2         |       xor|   0|  0|    2|           1|           2|
    |xor_ln896_503_fu_14371_p2         |       xor|   0|  0|    2|           1|           2|
    |xor_ln896_504_fu_14435_p2         |       xor|   0|  0|    2|           1|           2|
    |xor_ln896_505_fu_14563_p2         |       xor|   0|  0|    2|           1|           2|
    |xor_ln896_506_fu_14627_p2         |       xor|   0|  0|    2|           1|           2|
    |xor_ln896_507_fu_14777_p2         |       xor|   0|  0|    2|           1|           2|
    |xor_ln896_508_fu_14841_p2         |       xor|   0|  0|    2|           1|           2|
    |xor_ln896_509_fu_14969_p2         |       xor|   0|  0|    2|           1|           2|
    |xor_ln896_510_fu_15033_p2         |       xor|   0|  0|    2|           1|           2|
    |xor_ln896_511_fu_15183_p2         |       xor|   0|  0|    2|           1|           2|
    |xor_ln896_512_fu_15247_p2         |       xor|   0|  0|    2|           1|           2|
    |xor_ln896_513_fu_15375_p2         |       xor|   0|  0|    2|           1|           2|
    |xor_ln896_514_fu_15439_p2         |       xor|   0|  0|    2|           1|           2|
    |xor_ln896_515_fu_15589_p2         |       xor|   0|  0|    2|           1|           2|
    |xor_ln896_516_fu_15653_p2         |       xor|   0|  0|    2|           1|           2|
    |xor_ln896_517_fu_15781_p2         |       xor|   0|  0|    2|           1|           2|
    |xor_ln896_518_fu_15845_p2         |       xor|   0|  0|    2|           1|           2|
    |xor_ln896_519_fu_19867_p2         |       xor|   0|  0|    2|           1|           2|
    |xor_ln896_520_fu_19959_p2         |       xor|   0|  0|    2|           1|           2|
    |xor_ln896_521_fu_19971_p2         |       xor|   0|  0|    2|           1|           1|
    |xor_ln896_fu_2998_p2              |       xor|   0|  0|    2|           1|           2|
    +----------------------------------+----------+----+---+-----+------------+------------+
    |Total                             |          |   0|  0|11168|        6005|        7755|
    +----------------------------------+----------+----+---+-----+------------+------------+

    * Multiplexer: 
    +---------------------+-----+-----------+-----+-----------+
    |         Name        | LUT | Input Size| Bits| Total Bits|
    +---------------------+-----+-----------+-----+-----------+
    |ap_NS_fsm            |  351|         76|    1|         76|
    |ap_return_0          |    9|          2|   17|         34|
    |ap_return_1          |    9|          2|   17|         34|
    |ap_return_10         |    9|          2|   17|         34|
    |ap_return_11         |    9|          2|   17|         34|
    |ap_return_12         |    9|          2|   17|         34|
    |ap_return_13         |    9|          2|   17|         34|
    |ap_return_14         |    9|          2|   17|         34|
    |ap_return_15         |    9|          2|   17|         34|
    |ap_return_16         |    9|          2|   17|         34|
    |ap_return_17         |    9|          2|   17|         34|
    |ap_return_18         |    9|          2|   17|         34|
    |ap_return_19         |    9|          2|   17|         34|
    |ap_return_2          |    9|          2|   17|         34|
    |ap_return_20         |    9|          2|   17|         34|
    |ap_return_21         |    9|          2|   17|         34|
    |ap_return_22         |    9|          2|   17|         34|
    |ap_return_23         |    9|          2|   17|         34|
    |ap_return_24         |    9|          2|   17|         34|
    |ap_return_25         |    9|          2|   17|         34|
    |ap_return_26         |    9|          2|   17|         34|
    |ap_return_27         |    9|          2|   17|         34|
    |ap_return_28         |    9|          2|   17|         34|
    |ap_return_29         |    9|          2|   17|         34|
    |ap_return_3          |    9|          2|   17|         34|
    |ap_return_30         |    9|          2|   17|         34|
    |ap_return_31         |    9|          2|   17|         34|
    |ap_return_32         |    9|          2|   17|         34|
    |ap_return_33         |    9|          2|   17|         34|
    |ap_return_34         |    9|          2|   17|         34|
    |ap_return_35         |    9|          2|   17|         34|
    |ap_return_36         |    9|          2|   17|         34|
    |ap_return_37         |    9|          2|   17|         34|
    |ap_return_38         |    9|          2|   17|         34|
    |ap_return_39         |    9|          2|   17|         34|
    |ap_return_4          |    9|          2|   17|         34|
    |ap_return_40         |    9|          2|   17|         34|
    |ap_return_41         |    9|          2|   17|         34|
    |ap_return_42         |    9|          2|   17|         34|
    |ap_return_43         |    9|          2|   17|         34|
    |ap_return_44         |    9|          2|   17|         34|
    |ap_return_45         |    9|          2|   17|         34|
    |ap_return_46         |    9|          2|   17|         34|
    |ap_return_47         |    9|          2|   17|         34|
    |ap_return_48         |    9|          2|   17|         34|
    |ap_return_49         |    9|          2|   17|         34|
    |ap_return_5          |    9|          2|   17|         34|
    |ap_return_50         |    9|          2|   17|         34|
    |ap_return_51         |    9|          2|   17|         34|
    |ap_return_52         |    9|          2|   17|         34|
    |ap_return_53         |    9|          2|   17|         34|
    |ap_return_54         |    9|          2|   17|         34|
    |ap_return_55         |    9|          2|   17|         34|
    |ap_return_56         |    9|          2|   17|         34|
    |ap_return_57         |    9|          2|   17|         34|
    |ap_return_58         |    9|          2|   17|         34|
    |ap_return_59         |    9|          2|   17|         34|
    |ap_return_6          |    9|          2|   17|         34|
    |ap_return_60         |    9|          2|   17|         34|
    |ap_return_61         |    9|          2|   17|         34|
    |ap_return_62         |    9|          2|   17|         34|
    |ap_return_63         |    9|          2|   17|         34|
    |ap_return_7          |    9|          2|   17|         34|
    |ap_return_8          |    9|          2|   17|         34|
    |ap_return_9          |    9|          2|   17|         34|
    |ii_fu_806            |    9|          2|    7|         14|
    |qh_state_V_address0  |  279|         65|    6|        390|
    |qh_state_V_address1  |  273|         64|    6|        384|
    |qh_state_V_ce0       |   14|          3|    1|          3|
    |qh_state_V_d0        |  152|         33|    8|        264|
    |qh_state_V_d1        |  152|         33|    8|        264|
    +---------------------+-----+-----------+-----+-----------+
    |Total                | 1806|        404| 1125|       3571|
    +---------------------+-----+-----------+-----+-----------+

    * Register: 
    +----------------------------------------------------------------------------------------------+-----+----+-----+-----------+
    |                                             Name                                             |  FF | LUT| Bits| Const Bits|
    +----------------------------------------------------------------------------------------------+-----+----+-----+-----------+
    |add_ln485_reg_29620                                                                           |    7|   0|    7|          0|
    |ap_CS_fsm                                                                                     |   75|   0|   75|          0|
    |ap_return_0_preg                                                                              |   17|   0|   17|          0|
    |ap_return_10_preg                                                                             |   17|   0|   17|          0|
    |ap_return_11_preg                                                                             |   17|   0|   17|          0|
    |ap_return_12_preg                                                                             |   17|   0|   17|          0|
    |ap_return_13_preg                                                                             |   17|   0|   17|          0|
    |ap_return_14_preg                                                                             |   17|   0|   17|          0|
    |ap_return_15_preg                                                                             |   17|   0|   17|          0|
    |ap_return_16_preg                                                                             |   17|   0|   17|          0|
    |ap_return_17_preg                                                                             |   17|   0|   17|          0|
    |ap_return_18_preg                                                                             |   17|   0|   17|          0|
    |ap_return_19_preg                                                                             |   17|   0|   17|          0|
    |ap_return_1_preg                                                                              |   17|   0|   17|          0|
    |ap_return_20_preg                                                                             |   17|   0|   17|          0|
    |ap_return_21_preg                                                                             |   17|   0|   17|          0|
    |ap_return_22_preg                                                                             |   17|   0|   17|          0|
    |ap_return_23_preg                                                                             |   17|   0|   17|          0|
    |ap_return_24_preg                                                                             |   17|   0|   17|          0|
    |ap_return_25_preg                                                                             |   17|   0|   17|          0|
    |ap_return_26_preg                                                                             |   17|   0|   17|          0|
    |ap_return_27_preg                                                                             |   17|   0|   17|          0|
    |ap_return_28_preg                                                                             |   17|   0|   17|          0|
    |ap_return_29_preg                                                                             |   17|   0|   17|          0|
    |ap_return_2_preg                                                                              |   17|   0|   17|          0|
    |ap_return_30_preg                                                                             |   17|   0|   17|          0|
    |ap_return_31_preg                                                                             |   17|   0|   17|          0|
    |ap_return_32_preg                                                                             |   17|   0|   17|          0|
    |ap_return_33_preg                                                                             |   17|   0|   17|          0|
    |ap_return_34_preg                                                                             |   17|   0|   17|          0|
    |ap_return_35_preg                                                                             |   17|   0|   17|          0|
    |ap_return_36_preg                                                                             |   17|   0|   17|          0|
    |ap_return_37_preg                                                                             |   17|   0|   17|          0|
    |ap_return_38_preg                                                                             |   17|   0|   17|          0|
    |ap_return_39_preg                                                                             |   17|   0|   17|          0|
    |ap_return_3_preg                                                                              |   17|   0|   17|          0|
    |ap_return_40_preg                                                                             |   17|   0|   17|          0|
    |ap_return_41_preg                                                                             |   17|   0|   17|          0|
    |ap_return_42_preg                                                                             |   17|   0|   17|          0|
    |ap_return_43_preg                                                                             |   17|   0|   17|          0|
    |ap_return_44_preg                                                                             |   17|   0|   17|          0|
    |ap_return_45_preg                                                                             |   17|   0|   17|          0|
    |ap_return_46_preg                                                                             |   17|   0|   17|          0|
    |ap_return_47_preg                                                                             |   17|   0|   17|          0|
    |ap_return_48_preg                                                                             |   17|   0|   17|          0|
    |ap_return_49_preg                                                                             |   17|   0|   17|          0|
    |ap_return_4_preg                                                                              |   17|   0|   17|          0|
    |ap_return_50_preg                                                                             |   17|   0|   17|          0|
    |ap_return_51_preg                                                                             |   17|   0|   17|          0|
    |ap_return_52_preg                                                                             |   17|   0|   17|          0|
    |ap_return_53_preg                                                                             |   17|   0|   17|          0|
    |ap_return_54_preg                                                                             |   17|   0|   17|          0|
    |ap_return_55_preg                                                                             |   17|   0|   17|          0|
    |ap_return_56_preg                                                                             |   17|   0|   17|          0|
    |ap_return_57_preg                                                                             |   17|   0|   17|          0|
    |ap_return_58_preg                                                                             |   17|   0|   17|          0|
    |ap_return_59_preg                                                                             |   17|   0|   17|          0|
    |ap_return_5_preg                                                                              |   17|   0|   17|          0|
    |ap_return_60_preg                                                                             |   17|   0|   17|          0|
    |ap_return_61_preg                                                                             |   17|   0|   17|          0|
    |ap_return_62_preg                                                                             |   17|   0|   17|          0|
    |ap_return_63_preg                                                                             |   17|   0|   17|          0|
    |ap_return_6_preg                                                                              |   17|   0|   17|          0|
    |ap_return_7_preg                                                                              |   17|   0|   17|          0|
    |ap_return_8_preg                                                                              |   17|   0|   17|          0|
    |ap_return_9_preg                                                                              |   17|   0|   17|          0|
    |grp_dense_resource_ap_fixed_16_6_5_3_0_ap_fixed_23_12_5_3_0_config2_1_s_fu_1987_ap_start_reg  |    1|   0|    1|          0|
    |grp_dense_resource_ap_fixed_8_3_4_0_0_ap_fixed_23_12_5_3_0_config2_2_s_fu_2375_ap_start_reg   |    1|   0|    1|          0|
    |ii_fu_806                                                                                     |    7|   0|    7|          0|
    |inputacc_h_V_100_reg_29482                                                                    |   31|   0|   31|          0|
    |inputacc_h_V_101_reg_29487                                                                    |   31|   0|   31|          0|
    |inputacc_h_V_102_reg_29492                                                                    |   31|   0|   31|          0|
    |inputacc_h_V_103_reg_29497                                                                    |   31|   0|   31|          0|
    |inputacc_h_V_104_reg_29502                                                                    |   31|   0|   31|          0|
    |inputacc_h_V_105_reg_29507                                                                    |   31|   0|   31|          0|
    |inputacc_h_V_106_reg_29512                                                                    |   31|   0|   31|          0|
    |inputacc_h_V_107_reg_29517                                                                    |   31|   0|   31|          0|
    |inputacc_h_V_108_reg_29522                                                                    |   31|   0|   31|          0|
    |inputacc_h_V_109_reg_29527                                                                    |   31|   0|   31|          0|
    |inputacc_h_V_110_reg_29532                                                                    |   31|   0|   31|          0|
    |inputacc_h_V_111_reg_29537                                                                    |   31|   0|   31|          0|
    |inputacc_h_V_112_reg_29542                                                                    |   31|   0|   31|          0|
    |inputacc_h_V_113_reg_29547                                                                    |   31|   0|   31|          0|
    |inputacc_h_V_114_reg_29552                                                                    |   31|   0|   31|          0|
    |inputacc_h_V_115_reg_29557                                                                    |   31|   0|   31|          0|
    |inputacc_h_V_116_reg_29562                                                                    |   31|   0|   31|          0|
    |inputacc_h_V_117_reg_29567                                                                    |   31|   0|   31|          0|
    |inputacc_h_V_118_reg_29572                                                                    |   31|   0|   31|          0|
    |inputacc_h_V_119_reg_29577                                                                    |   31|   0|   31|          0|
    |inputacc_h_V_120_reg_29582                                                                    |   31|   0|   31|          0|
    |inputacc_h_V_121_reg_29587                                                                    |   31|   0|   31|          0|
    |inputacc_h_V_122_reg_29592                                                                    |   31|   0|   31|          0|
    |inputacc_h_V_123_reg_29597                                                                    |   31|   0|   31|          0|
    |inputacc_h_V_124_reg_29602                                                                    |   31|   0|   31|          0|
    |inputacc_h_V_125_reg_29607                                                                    |   31|   0|   31|          0|
    |inputacc_h_V_126_reg_29612                                                                    |   31|   0|   31|          0|
    |inputacc_h_V_64_reg_29302                                                                     |   31|   0|   31|          0|
    |inputacc_h_V_65_reg_29307                                                                     |   31|   0|   31|          0|
    |inputacc_h_V_66_reg_29312                                                                     |   31|   0|   31|          0|
    |inputacc_h_V_67_reg_29317                                                                     |   31|   0|   31|          0|
    |inputacc_h_V_68_reg_29322                                                                     |   31|   0|   31|          0|
    |inputacc_h_V_69_reg_29327                                                                     |   31|   0|   31|          0|
    |inputacc_h_V_70_reg_29332                                                                     |   31|   0|   31|          0|
    |inputacc_h_V_71_reg_29337                                                                     |   31|   0|   31|          0|
    |inputacc_h_V_72_reg_29342                                                                     |   31|   0|   31|          0|
    |inputacc_h_V_73_reg_29347                                                                     |   31|   0|   31|          0|
    |inputacc_h_V_74_reg_29352                                                                     |   31|   0|   31|          0|
    |inputacc_h_V_75_reg_29357                                                                     |   31|   0|   31|          0|
    |inputacc_h_V_76_reg_29362                                                                     |   31|   0|   31|          0|
    |inputacc_h_V_77_reg_29367                                                                     |   31|   0|   31|          0|
    |inputacc_h_V_78_reg_29372                                                                     |   31|   0|   31|          0|
    |inputacc_h_V_79_reg_29377                                                                     |   31|   0|   31|          0|
    |inputacc_h_V_80_reg_29382                                                                     |   31|   0|   31|          0|
    |inputacc_h_V_81_reg_29387                                                                     |   31|   0|   31|          0|
    |inputacc_h_V_82_reg_29392                                                                     |   31|   0|   31|          0|
    |inputacc_h_V_83_reg_29397                                                                     |   31|   0|   31|          0|
    |inputacc_h_V_84_reg_29402                                                                     |   31|   0|   31|          0|
    |inputacc_h_V_85_reg_29407                                                                     |   31|   0|   31|          0|
    |inputacc_h_V_86_reg_29412                                                                     |   31|   0|   31|          0|
    |inputacc_h_V_87_reg_29417                                                                     |   31|   0|   31|          0|
    |inputacc_h_V_88_reg_29422                                                                     |   31|   0|   31|          0|
    |inputacc_h_V_89_reg_29427                                                                     |   31|   0|   31|          0|
    |inputacc_h_V_90_reg_29432                                                                     |   31|   0|   31|          0|
    |inputacc_h_V_91_reg_29437                                                                     |   31|   0|   31|          0|
    |inputacc_h_V_92_reg_29442                                                                     |   31|   0|   31|          0|
    |inputacc_h_V_93_reg_29447                                                                     |   31|   0|   31|          0|
    |inputacc_h_V_94_reg_29452                                                                     |   31|   0|   31|          0|
    |inputacc_h_V_95_reg_29457                                                                     |   31|   0|   31|          0|
    |inputacc_h_V_96_reg_29462                                                                     |   31|   0|   31|          0|
    |inputacc_h_V_97_reg_29467                                                                     |   31|   0|   31|          0|
    |inputacc_h_V_98_reg_29472                                                                     |   31|   0|   31|          0|
    |inputacc_h_V_99_reg_29477                                                                     |   31|   0|   31|          0|
    |inputacc_h_V_reg_29297                                                                        |   31|   0|   31|          0|
    |inputacc_zr_V_128_reg_27318                                                                   |   23|   0|   23|          0|
    |inputacc_zr_V_129_reg_27323                                                                   |   23|   0|   23|          0|
    |inputacc_zr_V_130_reg_27328                                                                   |   23|   0|   23|          0|
    |inputacc_zr_V_131_reg_27333                                                                   |   23|   0|   23|          0|
    |inputacc_zr_V_132_reg_27338                                                                   |   23|   0|   23|          0|
    |inputacc_zr_V_133_reg_27343                                                                   |   23|   0|   23|          0|
    |inputacc_zr_V_134_reg_27348                                                                   |   23|   0|   23|          0|
    |inputacc_zr_V_135_reg_27353                                                                   |   23|   0|   23|          0|
    |inputacc_zr_V_136_reg_27358                                                                   |   23|   0|   23|          0|
    |inputacc_zr_V_137_reg_27363                                                                   |   23|   0|   23|          0|
    |inputacc_zr_V_138_reg_27368                                                                   |   23|   0|   23|          0|
    |inputacc_zr_V_139_reg_27373                                                                   |   23|   0|   23|          0|
    |inputacc_zr_V_140_reg_27378                                                                   |   23|   0|   23|          0|
    |inputacc_zr_V_141_reg_27383                                                                   |   23|   0|   23|          0|
    |inputacc_zr_V_142_reg_27388                                                                   |   23|   0|   23|          0|
    |inputacc_zr_V_143_reg_27393                                                                   |   23|   0|   23|          0|
    |inputacc_zr_V_144_reg_27398                                                                   |   23|   0|   23|          0|
    |inputacc_zr_V_145_reg_27403                                                                   |   23|   0|   23|          0|
    |inputacc_zr_V_146_reg_27408                                                                   |   23|   0|   23|          0|
    |inputacc_zr_V_147_reg_27413                                                                   |   23|   0|   23|          0|
    |inputacc_zr_V_148_reg_27418                                                                   |   23|   0|   23|          0|
    |inputacc_zr_V_149_reg_27423                                                                   |   23|   0|   23|          0|
    |inputacc_zr_V_150_reg_27428                                                                   |   23|   0|   23|          0|
    |inputacc_zr_V_151_reg_27433                                                                   |   23|   0|   23|          0|
    |inputacc_zr_V_152_reg_27438                                                                   |   23|   0|   23|          0|
    |inputacc_zr_V_153_reg_27443                                                                   |   23|   0|   23|          0|
    |inputacc_zr_V_154_reg_27448                                                                   |   23|   0|   23|          0|
    |inputacc_zr_V_155_reg_27453                                                                   |   23|   0|   23|          0|
    |inputacc_zr_V_156_reg_27458                                                                   |   23|   0|   23|          0|
    |inputacc_zr_V_157_reg_27463                                                                   |   23|   0|   23|          0|
    |inputacc_zr_V_158_reg_27468                                                                   |   23|   0|   23|          0|
    |inputacc_zr_V_159_reg_27473                                                                   |   23|   0|   23|          0|
    |inputacc_zr_V_160_reg_27478                                                                   |   23|   0|   23|          0|
    |inputacc_zr_V_161_reg_27483                                                                   |   23|   0|   23|          0|
    |inputacc_zr_V_162_reg_27488                                                                   |   23|   0|   23|          0|
    |inputacc_zr_V_163_reg_27493                                                                   |   23|   0|   23|          0|
    |inputacc_zr_V_164_reg_27498                                                                   |   23|   0|   23|          0|
    |inputacc_zr_V_165_reg_27503                                                                   |   23|   0|   23|          0|
    |inputacc_zr_V_166_reg_27508                                                                   |   23|   0|   23|          0|
    |inputacc_zr_V_167_reg_27513                                                                   |   23|   0|   23|          0|
    |inputacc_zr_V_168_reg_27518                                                                   |   23|   0|   23|          0|
    |inputacc_zr_V_169_reg_27523                                                                   |   23|   0|   23|          0|
    |inputacc_zr_V_170_reg_27528                                                                   |   23|   0|   23|          0|
    |inputacc_zr_V_171_reg_27533                                                                   |   23|   0|   23|          0|
    |inputacc_zr_V_172_reg_27538                                                                   |   23|   0|   23|          0|
    |inputacc_zr_V_173_reg_27543                                                                   |   23|   0|   23|          0|
    |inputacc_zr_V_174_reg_27548                                                                   |   23|   0|   23|          0|
    |inputacc_zr_V_175_reg_27553                                                                   |   23|   0|   23|          0|
    |inputacc_zr_V_176_reg_27558                                                                   |   23|   0|   23|          0|
    |inputacc_zr_V_177_reg_27563                                                                   |   23|   0|   23|          0|
    |inputacc_zr_V_178_reg_27568                                                                   |   23|   0|   23|          0|
    |inputacc_zr_V_179_reg_27573                                                                   |   23|   0|   23|          0|
    |inputacc_zr_V_180_reg_27578                                                                   |   23|   0|   23|          0|
    |inputacc_zr_V_181_reg_27583                                                                   |   23|   0|   23|          0|
    |inputacc_zr_V_182_reg_27588                                                                   |   23|   0|   23|          0|
    |inputacc_zr_V_183_reg_27593                                                                   |   23|   0|   23|          0|
    |inputacc_zr_V_184_reg_27598                                                                   |   23|   0|   23|          0|
    |inputacc_zr_V_185_reg_27603                                                                   |   23|   0|   23|          0|
    |inputacc_zr_V_186_reg_27608                                                                   |   23|   0|   23|          0|
    |inputacc_zr_V_187_reg_27613                                                                   |   23|   0|   23|          0|
    |inputacc_zr_V_188_reg_27618                                                                   |   23|   0|   23|          0|
    |inputacc_zr_V_189_reg_27623                                                                   |   23|   0|   23|          0|
    |inputacc_zr_V_190_reg_27628                                                                   |   23|   0|   23|          0|
    |inputacc_zr_V_191_reg_27633                                                                   |   23|   0|   23|          0|
    |inputacc_zr_V_192_reg_27638                                                                   |   23|   0|   23|          0|
    |inputacc_zr_V_193_reg_27643                                                                   |   23|   0|   23|          0|
    |inputacc_zr_V_194_reg_27648                                                                   |   23|   0|   23|          0|
    |inputacc_zr_V_195_reg_27653                                                                   |   23|   0|   23|          0|
    |inputacc_zr_V_196_reg_27658                                                                   |   23|   0|   23|          0|
    |inputacc_zr_V_197_reg_27663                                                                   |   23|   0|   23|          0|
    |inputacc_zr_V_198_reg_27668                                                                   |   23|   0|   23|          0|
    |inputacc_zr_V_199_reg_27673                                                                   |   23|   0|   23|          0|
    |inputacc_zr_V_200_reg_27678                                                                   |   23|   0|   23|          0|
    |inputacc_zr_V_201_reg_27683                                                                   |   23|   0|   23|          0|
    |inputacc_zr_V_202_reg_27688                                                                   |   23|   0|   23|          0|
    |inputacc_zr_V_203_reg_27693                                                                   |   23|   0|   23|          0|
    |inputacc_zr_V_204_reg_27698                                                                   |   23|   0|   23|          0|
    |inputacc_zr_V_205_reg_27703                                                                   |   23|   0|   23|          0|
    |inputacc_zr_V_206_reg_27708                                                                   |   23|   0|   23|          0|
    |inputacc_zr_V_207_reg_27713                                                                   |   23|   0|   23|          0|
    |inputacc_zr_V_208_reg_27718                                                                   |   23|   0|   23|          0|
    |inputacc_zr_V_209_reg_27723                                                                   |   23|   0|   23|          0|
    |inputacc_zr_V_210_reg_27728                                                                   |   23|   0|   23|          0|
    |inputacc_zr_V_211_reg_27733                                                                   |   23|   0|   23|          0|
    |inputacc_zr_V_212_reg_27738                                                                   |   23|   0|   23|          0|
    |inputacc_zr_V_213_reg_27743                                                                   |   23|   0|   23|          0|
    |inputacc_zr_V_214_reg_27748                                                                   |   23|   0|   23|          0|
    |inputacc_zr_V_215_reg_27753                                                                   |   23|   0|   23|          0|
    |inputacc_zr_V_216_reg_27758                                                                   |   23|   0|   23|          0|
    |inputacc_zr_V_217_reg_27763                                                                   |   23|   0|   23|          0|
    |inputacc_zr_V_218_reg_27768                                                                   |   23|   0|   23|          0|
    |inputacc_zr_V_219_reg_27773                                                                   |   23|   0|   23|          0|
    |inputacc_zr_V_220_reg_27778                                                                   |   23|   0|   23|          0|
    |inputacc_zr_V_221_reg_27783                                                                   |   23|   0|   23|          0|
    |inputacc_zr_V_222_reg_27788                                                                   |   23|   0|   23|          0|
    |inputacc_zr_V_223_reg_27793                                                                   |   23|   0|   23|          0|
    |inputacc_zr_V_224_reg_27798                                                                   |   23|   0|   23|          0|
    |inputacc_zr_V_225_reg_27803                                                                   |   23|   0|   23|          0|
    |inputacc_zr_V_226_reg_27808                                                                   |   23|   0|   23|          0|
    |inputacc_zr_V_227_reg_27813                                                                   |   23|   0|   23|          0|
    |inputacc_zr_V_228_reg_27818                                                                   |   23|   0|   23|          0|
    |inputacc_zr_V_229_reg_27823                                                                   |   23|   0|   23|          0|
    |inputacc_zr_V_230_reg_27828                                                                   |   23|   0|   23|          0|
    |inputacc_zr_V_231_reg_27833                                                                   |   23|   0|   23|          0|
    |inputacc_zr_V_232_reg_27838                                                                   |   23|   0|   23|          0|
    |inputacc_zr_V_233_reg_27843                                                                   |   23|   0|   23|          0|
    |inputacc_zr_V_234_reg_27848                                                                   |   23|   0|   23|          0|
    |inputacc_zr_V_235_reg_27853                                                                   |   23|   0|   23|          0|
    |inputacc_zr_V_236_reg_27858                                                                   |   23|   0|   23|          0|
    |inputacc_zr_V_237_reg_27863                                                                   |   23|   0|   23|          0|
    |inputacc_zr_V_238_reg_27868                                                                   |   23|   0|   23|          0|
    |inputacc_zr_V_239_reg_27873                                                                   |   23|   0|   23|          0|
    |inputacc_zr_V_240_reg_27878                                                                   |   23|   0|   23|          0|
    |inputacc_zr_V_241_reg_27883                                                                   |   23|   0|   23|          0|
    |inputacc_zr_V_242_reg_27888                                                                   |   23|   0|   23|          0|
    |inputacc_zr_V_243_reg_27893                                                                   |   23|   0|   23|          0|
    |inputacc_zr_V_244_reg_27898                                                                   |   23|   0|   23|          0|
    |inputacc_zr_V_245_reg_27903                                                                   |   23|   0|   23|          0|
    |inputacc_zr_V_246_reg_27908                                                                   |   23|   0|   23|          0|
    |inputacc_zr_V_247_reg_27913                                                                   |   23|   0|   23|          0|
    |inputacc_zr_V_248_reg_27918                                                                   |   23|   0|   23|          0|
    |inputacc_zr_V_249_reg_27923                                                                   |   23|   0|   23|          0|
    |inputacc_zr_V_250_reg_27928                                                                   |   23|   0|   23|          0|
    |inputacc_zr_V_251_reg_27933                                                                   |   23|   0|   23|          0|
    |inputacc_zr_V_252_reg_27938                                                                   |   23|   0|   23|          0|
    |inputacc_zr_V_253_reg_27943                                                                   |   23|   0|   23|          0|
    |inputacc_zr_V_254_reg_27948                                                                   |   23|   0|   23|          0|
    |inputacc_zr_V_reg_27313                                                                       |   23|   0|   23|          0|
    |p_ZZN4nnet10gru_staticI8ap_fixedILi16ELi6EL9ap_q_mode5EL9ap_o_mode3ELi0EES1_ILi17             |   17|   0|   17|          0|
    |p_ZZN4nnet10gru_staticI8ap_fixedILi16ELi6EL9ap_q_mode5EL9ap_o_mode3ELi0EES1_ILi17_1           |   17|   0|   17|          0|
    |p_ZZN4nnet10gru_staticI8ap_fixedILi16ELi6EL9ap_q_mode5EL9ap_o_mode3ELi0EES1_ILi17_10          |   17|   0|   17|          0|
    |p_ZZN4nnet10gru_staticI8ap_fixedILi16ELi6EL9ap_q_mode5EL9ap_o_mode3ELi0EES1_ILi17_11          |   17|   0|   17|          0|
    |p_ZZN4nnet10gru_staticI8ap_fixedILi16ELi6EL9ap_q_mode5EL9ap_o_mode3ELi0EES1_ILi17_12          |   17|   0|   17|          0|
    |p_ZZN4nnet10gru_staticI8ap_fixedILi16ELi6EL9ap_q_mode5EL9ap_o_mode3ELi0EES1_ILi17_13          |   17|   0|   17|          0|
    |p_ZZN4nnet10gru_staticI8ap_fixedILi16ELi6EL9ap_q_mode5EL9ap_o_mode3ELi0EES1_ILi17_14          |   17|   0|   17|          0|
    |p_ZZN4nnet10gru_staticI8ap_fixedILi16ELi6EL9ap_q_mode5EL9ap_o_mode3ELi0EES1_ILi17_15          |   17|   0|   17|          0|
    |p_ZZN4nnet10gru_staticI8ap_fixedILi16ELi6EL9ap_q_mode5EL9ap_o_mode3ELi0EES1_ILi17_16          |   17|   0|   17|          0|
    |p_ZZN4nnet10gru_staticI8ap_fixedILi16ELi6EL9ap_q_mode5EL9ap_o_mode3ELi0EES1_ILi17_17          |   17|   0|   17|          0|
    |p_ZZN4nnet10gru_staticI8ap_fixedILi16ELi6EL9ap_q_mode5EL9ap_o_mode3ELi0EES1_ILi17_18          |   17|   0|   17|          0|
    |p_ZZN4nnet10gru_staticI8ap_fixedILi16ELi6EL9ap_q_mode5EL9ap_o_mode3ELi0EES1_ILi17_19          |   17|   0|   17|          0|
    |p_ZZN4nnet10gru_staticI8ap_fixedILi16ELi6EL9ap_q_mode5EL9ap_o_mode3ELi0EES1_ILi17_2           |   17|   0|   17|          0|
    |p_ZZN4nnet10gru_staticI8ap_fixedILi16ELi6EL9ap_q_mode5EL9ap_o_mode3ELi0EES1_ILi17_20          |   17|   0|   17|          0|
    |p_ZZN4nnet10gru_staticI8ap_fixedILi16ELi6EL9ap_q_mode5EL9ap_o_mode3ELi0EES1_ILi17_21          |   17|   0|   17|          0|
    |p_ZZN4nnet10gru_staticI8ap_fixedILi16ELi6EL9ap_q_mode5EL9ap_o_mode3ELi0EES1_ILi17_22          |   17|   0|   17|          0|
    |p_ZZN4nnet10gru_staticI8ap_fixedILi16ELi6EL9ap_q_mode5EL9ap_o_mode3ELi0EES1_ILi17_23          |   17|   0|   17|          0|
    |p_ZZN4nnet10gru_staticI8ap_fixedILi16ELi6EL9ap_q_mode5EL9ap_o_mode3ELi0EES1_ILi17_24          |   17|   0|   17|          0|
    |p_ZZN4nnet10gru_staticI8ap_fixedILi16ELi6EL9ap_q_mode5EL9ap_o_mode3ELi0EES1_ILi17_25          |   17|   0|   17|          0|
    |p_ZZN4nnet10gru_staticI8ap_fixedILi16ELi6EL9ap_q_mode5EL9ap_o_mode3ELi0EES1_ILi17_26          |   17|   0|   17|          0|
    |p_ZZN4nnet10gru_staticI8ap_fixedILi16ELi6EL9ap_q_mode5EL9ap_o_mode3ELi0EES1_ILi17_27          |   17|   0|   17|          0|
    |p_ZZN4nnet10gru_staticI8ap_fixedILi16ELi6EL9ap_q_mode5EL9ap_o_mode3ELi0EES1_ILi17_28          |   17|   0|   17|          0|
    |p_ZZN4nnet10gru_staticI8ap_fixedILi16ELi6EL9ap_q_mode5EL9ap_o_mode3ELi0EES1_ILi17_29          |   17|   0|   17|          0|
    |p_ZZN4nnet10gru_staticI8ap_fixedILi16ELi6EL9ap_q_mode5EL9ap_o_mode3ELi0EES1_ILi17_3           |   17|   0|   17|          0|
    |p_ZZN4nnet10gru_staticI8ap_fixedILi16ELi6EL9ap_q_mode5EL9ap_o_mode3ELi0EES1_ILi17_30          |   17|   0|   17|          0|
    |p_ZZN4nnet10gru_staticI8ap_fixedILi16ELi6EL9ap_q_mode5EL9ap_o_mode3ELi0EES1_ILi17_31          |   17|   0|   17|          0|
    |p_ZZN4nnet10gru_staticI8ap_fixedILi16ELi6EL9ap_q_mode5EL9ap_o_mode3ELi0EES1_ILi17_32          |   17|   0|   17|          0|
    |p_ZZN4nnet10gru_staticI8ap_fixedILi16ELi6EL9ap_q_mode5EL9ap_o_mode3ELi0EES1_ILi17_33          |   17|   0|   17|          0|
    |p_ZZN4nnet10gru_staticI8ap_fixedILi16ELi6EL9ap_q_mode5EL9ap_o_mode3ELi0EES1_ILi17_34          |   17|   0|   17|          0|
    |p_ZZN4nnet10gru_staticI8ap_fixedILi16ELi6EL9ap_q_mode5EL9ap_o_mode3ELi0EES1_ILi17_35          |   17|   0|   17|          0|
    |p_ZZN4nnet10gru_staticI8ap_fixedILi16ELi6EL9ap_q_mode5EL9ap_o_mode3ELi0EES1_ILi17_36          |   17|   0|   17|          0|
    |p_ZZN4nnet10gru_staticI8ap_fixedILi16ELi6EL9ap_q_mode5EL9ap_o_mode3ELi0EES1_ILi17_37          |   17|   0|   17|          0|
    |p_ZZN4nnet10gru_staticI8ap_fixedILi16ELi6EL9ap_q_mode5EL9ap_o_mode3ELi0EES1_ILi17_38          |   17|   0|   17|          0|
    |p_ZZN4nnet10gru_staticI8ap_fixedILi16ELi6EL9ap_q_mode5EL9ap_o_mode3ELi0EES1_ILi17_39          |   17|   0|   17|          0|
    |p_ZZN4nnet10gru_staticI8ap_fixedILi16ELi6EL9ap_q_mode5EL9ap_o_mode3ELi0EES1_ILi17_4           |   17|   0|   17|          0|
    |p_ZZN4nnet10gru_staticI8ap_fixedILi16ELi6EL9ap_q_mode5EL9ap_o_mode3ELi0EES1_ILi17_40          |   17|   0|   17|          0|
    |p_ZZN4nnet10gru_staticI8ap_fixedILi16ELi6EL9ap_q_mode5EL9ap_o_mode3ELi0EES1_ILi17_41          |   17|   0|   17|          0|
    |p_ZZN4nnet10gru_staticI8ap_fixedILi16ELi6EL9ap_q_mode5EL9ap_o_mode3ELi0EES1_ILi17_42          |   17|   0|   17|          0|
    |p_ZZN4nnet10gru_staticI8ap_fixedILi16ELi6EL9ap_q_mode5EL9ap_o_mode3ELi0EES1_ILi17_43          |   17|   0|   17|          0|
    |p_ZZN4nnet10gru_staticI8ap_fixedILi16ELi6EL9ap_q_mode5EL9ap_o_mode3ELi0EES1_ILi17_44          |   17|   0|   17|          0|
    |p_ZZN4nnet10gru_staticI8ap_fixedILi16ELi6EL9ap_q_mode5EL9ap_o_mode3ELi0EES1_ILi17_45          |   17|   0|   17|          0|
    |p_ZZN4nnet10gru_staticI8ap_fixedILi16ELi6EL9ap_q_mode5EL9ap_o_mode3ELi0EES1_ILi17_46          |   17|   0|   17|          0|
    |p_ZZN4nnet10gru_staticI8ap_fixedILi16ELi6EL9ap_q_mode5EL9ap_o_mode3ELi0EES1_ILi17_47          |   17|   0|   17|          0|
    |p_ZZN4nnet10gru_staticI8ap_fixedILi16ELi6EL9ap_q_mode5EL9ap_o_mode3ELi0EES1_ILi17_48          |   17|   0|   17|          0|
    |p_ZZN4nnet10gru_staticI8ap_fixedILi16ELi6EL9ap_q_mode5EL9ap_o_mode3ELi0EES1_ILi17_49          |   17|   0|   17|          0|
    |p_ZZN4nnet10gru_staticI8ap_fixedILi16ELi6EL9ap_q_mode5EL9ap_o_mode3ELi0EES1_ILi17_5           |   17|   0|   17|          0|
    |p_ZZN4nnet10gru_staticI8ap_fixedILi16ELi6EL9ap_q_mode5EL9ap_o_mode3ELi0EES1_ILi17_50          |   17|   0|   17|          0|
    |p_ZZN4nnet10gru_staticI8ap_fixedILi16ELi6EL9ap_q_mode5EL9ap_o_mode3ELi0EES1_ILi17_51          |   17|   0|   17|          0|
    |p_ZZN4nnet10gru_staticI8ap_fixedILi16ELi6EL9ap_q_mode5EL9ap_o_mode3ELi0EES1_ILi17_52          |   17|   0|   17|          0|
    |p_ZZN4nnet10gru_staticI8ap_fixedILi16ELi6EL9ap_q_mode5EL9ap_o_mode3ELi0EES1_ILi17_53          |   17|   0|   17|          0|
    |p_ZZN4nnet10gru_staticI8ap_fixedILi16ELi6EL9ap_q_mode5EL9ap_o_mode3ELi0EES1_ILi17_6           |   17|   0|   17|          0|
    |p_ZZN4nnet10gru_staticI8ap_fixedILi16ELi6EL9ap_q_mode5EL9ap_o_mode3ELi0EES1_ILi17_7           |   17|   0|   17|          0|
    |p_ZZN4nnet10gru_staticI8ap_fixedILi16ELi6EL9ap_q_mode5EL9ap_o_mode3ELi0EES1_ILi17_8           |   17|   0|   17|          0|
    |p_ZZN4nnet10gru_staticI8ap_fixedILi16ELi6EL9ap_q_mode5EL9ap_o_mode3ELi0EES1_ILi17_9           |   17|   0|   17|          0|
    |r_V_1000_fu_890                                                                               |    8|   0|    8|          0|
    |r_V_1003_fu_894                                                                               |    8|   0|    8|          0|
    |r_V_1004_fu_898                                                                               |    8|   0|    8|          0|
    |r_V_1007_fu_902                                                                               |    8|   0|    8|          0|
    |r_V_1008_fu_906                                                                               |    8|   0|    8|          0|
    |r_V_1011_fu_910                                                                               |    8|   0|    8|          0|
    |r_V_1012_fu_914                                                                               |    8|   0|    8|          0|
    |r_V_1015_fu_918                                                                               |    8|   0|    8|          0|
    |r_V_1016_fu_922                                                                               |    8|   0|    8|          0|
    |r_V_1019_fu_926                                                                               |    8|   0|    8|          0|
    |r_V_1020_fu_930                                                                               |    8|   0|    8|          0|
    |r_V_1023_fu_934                                                                               |    8|   0|    8|          0|
    |r_V_1024_fu_938                                                                               |    8|   0|    8|          0|
    |r_V_1027_fu_942                                                                               |    8|   0|    8|          0|
    |r_V_1028_fu_946                                                                               |    8|   0|    8|          0|
    |r_V_1031_fu_950                                                                               |    8|   0|    8|          0|
    |r_V_1032_fu_954                                                                               |    8|   0|    8|          0|
    |r_V_1035_fu_958                                                                               |    8|   0|    8|          0|
    |r_V_1036_fu_962                                                                               |    8|   0|    8|          0|
    |r_V_1039_fu_966                                                                               |    8|   0|    8|          0|
    |r_V_1040_fu_970                                                                               |    8|   0|    8|          0|
    |r_V_1043_fu_974                                                                               |    8|   0|    8|          0|
    |r_V_1044_fu_978                                                                               |    8|   0|    8|          0|
    |r_V_1047_fu_982                                                                               |    8|   0|    8|          0|
    |r_V_1048_fu_986                                                                               |    8|   0|    8|          0|
    |r_V_1051_fu_990                                                                               |    8|   0|    8|          0|
    |r_V_1052_fu_994                                                                               |    8|   0|    8|          0|
    |r_V_1055_fu_998                                                                               |    8|   0|    8|          0|
    |r_V_1056_fu_1002                                                                              |    8|   0|    8|          0|
    |r_V_1059_fu_1006                                                                              |    8|   0|    8|          0|
    |r_V_1060_fu_1010                                                                              |    8|   0|    8|          0|
    |r_V_1063_fu_1014                                                                              |    8|   0|    8|          0|
    |r_V_1064_fu_1018                                                                              |    8|   0|    8|          0|
    |r_V_1067_fu_1022                                                                              |    8|   0|    8|          0|
    |r_V_1068_fu_1026                                                                              |    8|   0|    8|          0|
    |r_V_1071_fu_1030                                                                              |    8|   0|    8|          0|
    |r_V_1072_fu_1034                                                                              |    8|   0|    8|          0|
    |r_V_1075_fu_1038                                                                              |    8|   0|    8|          0|
    |r_V_1076_fu_1042                                                                              |    8|   0|    8|          0|
    |r_V_1079_fu_1046                                                                              |    8|   0|    8|          0|
    |r_V_1080_fu_1050                                                                              |    8|   0|    8|          0|
    |r_V_1082_fu_1054                                                                              |    8|   0|    8|          0|
    |r_V_1083_fu_1058                                                                              |    8|   0|    8|          0|
    |r_V_1084_fu_1062                                                                              |    8|   0|    8|          0|
    |r_V_1280_reg_29644                                                                            |    8|   0|    8|          0|
    |r_V_1283_reg_29649                                                                            |    8|   0|    8|          0|
    |r_V_1286_reg_29654                                                                            |    8|   0|    8|          0|
    |r_V_1289_reg_29659                                                                            |    8|   0|    8|          0|
    |r_V_1292_reg_29664                                                                            |    8|   0|    8|          0|
    |r_V_1295_reg_29669                                                                            |    8|   0|    8|          0|
    |r_V_1298_reg_29674                                                                            |    8|   0|    8|          0|
    |r_V_1301_reg_29679                                                                            |    8|   0|    8|          0|
    |r_V_1304_reg_29684                                                                            |    8|   0|    8|          0|
    |r_V_1307_reg_29689                                                                            |    8|   0|    8|          0|
    |r_V_1310_reg_29694                                                                            |    8|   0|    8|          0|
    |r_V_1313_reg_29699                                                                            |    8|   0|    8|          0|
    |r_V_1316_reg_29704                                                                            |    8|   0|    8|          0|
    |r_V_1319_reg_29709                                                                            |    8|   0|    8|          0|
    |r_V_1322_reg_29714                                                                            |    8|   0|    8|          0|
    |r_V_1325_reg_29719                                                                            |    8|   0|    8|          0|
    |r_V_1328_reg_29724                                                                            |    8|   0|    8|          0|
    |r_V_1331_reg_29729                                                                            |    8|   0|    8|          0|
    |r_V_1334_reg_29734                                                                            |    8|   0|    8|          0|
    |r_V_1337_reg_29739                                                                            |    8|   0|    8|          0|
    |r_V_1340_reg_29744                                                                            |    8|   0|    8|          0|
    |r_V_1343_reg_29749                                                                            |    8|   0|    8|          0|
    |r_V_1346_reg_29754                                                                            |    8|   0|    8|          0|
    |r_V_1349_reg_29759                                                                            |    8|   0|    8|          0|
    |r_V_1352_reg_29764                                                                            |    8|   0|    8|          0|
    |r_V_1355_reg_29769                                                                            |    8|   0|    8|          0|
    |r_V_1358_reg_29774                                                                            |    8|   0|    8|          0|
    |r_V_1361_reg_29779                                                                            |    8|   0|    8|          0|
    |r_V_1364_reg_29784                                                                            |    8|   0|    8|          0|
    |r_V_1367_reg_29789                                                                            |    8|   0|    8|          0|
    |r_V_1370_reg_29794                                                                            |    8|   0|    8|          0|
    |r_V_1373_reg_29799                                                                            |    8|   0|    8|          0|
    |r_V_1376_reg_29804                                                                            |    8|   0|    8|          0|
    |r_V_1379_reg_29809                                                                            |    8|   0|    8|          0|
    |r_V_1382_reg_29814                                                                            |    8|   0|    8|          0|
    |r_V_1385_reg_29819                                                                            |    8|   0|    8|          0|
    |r_V_1388_reg_29824                                                                            |    8|   0|    8|          0|
    |r_V_1391_reg_29829                                                                            |    8|   0|    8|          0|
    |r_V_1394_reg_29834                                                                            |    8|   0|    8|          0|
    |r_V_1397_reg_29839                                                                            |    8|   0|    8|          0|
    |r_V_1400_reg_29844                                                                            |    8|   0|    8|          0|
    |r_V_1403_reg_29849                                                                            |    8|   0|    8|          0|
    |r_V_1406_reg_29854                                                                            |    8|   0|    8|          0|
    |r_V_1409_reg_29859                                                                            |    8|   0|    8|          0|
    |r_V_1412_reg_29864                                                                            |    8|   0|    8|          0|
    |r_V_1415_reg_29869                                                                            |    8|   0|    8|          0|
    |r_V_1418_reg_29874                                                                            |    8|   0|    8|          0|
    |r_V_1421_reg_29879                                                                            |    8|   0|    8|          0|
    |r_V_1424_reg_29884                                                                            |    8|   0|    8|          0|
    |r_V_1427_reg_29889                                                                            |    8|   0|    8|          0|
    |r_V_1430_reg_29894                                                                            |    8|   0|    8|          0|
    |r_V_1433_reg_29899                                                                            |    8|   0|    8|          0|
    |r_V_1436_reg_29904                                                                            |    8|   0|    8|          0|
    |r_V_1439_reg_29909                                                                            |    8|   0|    8|          0|
    |r_V_1442_reg_29914                                                                            |    8|   0|    8|          0|
    |r_V_1445_reg_29919                                                                            |    8|   0|    8|          0|
    |r_V_1448_reg_30494                                                                            |    8|   0|    8|          0|
    |r_V_1451_reg_30509                                                                            |    8|   0|    8|          0|
    |r_V_1454_reg_30574                                                                            |    8|   0|    8|          0|
    |r_V_1457_reg_30579                                                                            |    8|   0|    8|          0|
    |r_V_1466_reg_26656                                                                            |    8|   0|    8|          0|
    |r_V_1469_reg_26662                                                                            |    8|   0|    8|          0|
    |r_V_960_fu_810                                                                                |    8|   0|    8|          0|
    |r_V_963_fu_814                                                                                |    8|   0|    8|          0|
    |r_V_964_fu_818                                                                                |    8|   0|    8|          0|
    |r_V_967_fu_822                                                                                |    8|   0|    8|          0|
    |r_V_968_fu_826                                                                                |    8|   0|    8|          0|
    |r_V_971_fu_830                                                                                |    8|   0|    8|          0|
    |r_V_972_fu_834                                                                                |    8|   0|    8|          0|
    |r_V_975_fu_838                                                                                |    8|   0|    8|          0|
    |r_V_976_fu_842                                                                                |    8|   0|    8|          0|
    |r_V_979_fu_846                                                                                |    8|   0|    8|          0|
    |r_V_980_fu_850                                                                                |    8|   0|    8|          0|
    |r_V_983_fu_854                                                                                |    8|   0|    8|          0|
    |r_V_984_fu_858                                                                                |    8|   0|    8|          0|
    |r_V_987_fu_862                                                                                |    8|   0|    8|          0|
    |r_V_988_fu_866                                                                                |    8|   0|    8|          0|
    |r_V_991_fu_870                                                                                |    8|   0|    8|          0|
    |r_V_992_fu_874                                                                                |    8|   0|    8|          0|
    |r_V_995_fu_878                                                                                |    8|   0|    8|          0|
    |r_V_996_fu_882                                                                                |    8|   0|    8|          0|
    |r_V_999_fu_886                                                                                |    8|   0|    8|          0|
    |select_ln346_195_reg_26041                                                                    |    8|   0|    8|          0|
    |select_ln346_196_reg_26056                                                                    |    8|   0|    8|          0|
    |select_ln346_197_reg_26061                                                                    |    8|   0|    8|          0|
    |select_ln346_198_reg_26076                                                                    |    8|   0|    8|          0|
    |select_ln346_199_reg_26081                                                                    |    8|   0|    8|          0|
    |select_ln346_200_reg_26096                                                                    |    8|   0|    8|          0|
    |select_ln346_201_reg_26101                                                                    |    8|   0|    8|          0|
    |select_ln346_202_reg_26116                                                                    |    8|   0|    8|          0|
    |select_ln346_203_reg_26121                                                                    |    8|   0|    8|          0|
    |select_ln346_204_reg_26136                                                                    |    8|   0|    8|          0|
    |select_ln346_205_reg_26141                                                                    |    8|   0|    8|          0|
    |select_ln346_206_reg_26156                                                                    |    8|   0|    8|          0|
    |select_ln346_207_reg_26161                                                                    |    8|   0|    8|          0|
    |select_ln346_208_reg_26176                                                                    |    8|   0|    8|          0|
    |select_ln346_209_reg_26181                                                                    |    8|   0|    8|          0|
    |select_ln346_210_reg_26196                                                                    |    8|   0|    8|          0|
    |select_ln346_211_reg_26201                                                                    |    8|   0|    8|          0|
    |select_ln346_212_reg_26216                                                                    |    8|   0|    8|          0|
    |select_ln346_213_reg_26221                                                                    |    8|   0|    8|          0|
    |select_ln346_214_reg_26236                                                                    |    8|   0|    8|          0|
    |select_ln346_215_reg_26241                                                                    |    8|   0|    8|          0|
    |select_ln346_216_reg_26256                                                                    |    8|   0|    8|          0|
    |select_ln346_217_reg_26261                                                                    |    8|   0|    8|          0|
    |select_ln346_218_reg_26276                                                                    |    8|   0|    8|          0|
    |select_ln346_219_reg_26281                                                                    |    8|   0|    8|          0|
    |select_ln346_220_reg_26296                                                                    |    8|   0|    8|          0|
    |select_ln346_221_reg_26301                                                                    |    8|   0|    8|          0|
    |select_ln346_222_reg_26316                                                                    |    8|   0|    8|          0|
    |select_ln346_223_reg_26321                                                                    |    8|   0|    8|          0|
    |select_ln346_224_reg_26336                                                                    |    8|   0|    8|          0|
    |select_ln346_225_reg_26341                                                                    |    8|   0|    8|          0|
    |select_ln346_226_reg_26356                                                                    |    8|   0|    8|          0|
    |select_ln346_227_reg_26361                                                                    |    8|   0|    8|          0|
    |select_ln346_228_reg_26376                                                                    |    8|   0|    8|          0|
    |select_ln346_229_reg_26381                                                                    |    8|   0|    8|          0|
    |select_ln346_230_reg_26396                                                                    |    8|   0|    8|          0|
    |select_ln346_231_reg_26401                                                                    |    8|   0|    8|          0|
    |select_ln346_232_reg_26416                                                                    |    8|   0|    8|          0|
    |select_ln346_233_reg_26421                                                                    |    8|   0|    8|          0|
    |select_ln346_234_reg_26436                                                                    |    8|   0|    8|          0|
    |select_ln346_235_reg_26441                                                                    |    8|   0|    8|          0|
    |select_ln346_236_reg_26456                                                                    |    8|   0|    8|          0|
    |select_ln346_237_reg_26461                                                                    |    8|   0|    8|          0|
    |select_ln346_238_reg_26476                                                                    |    8|   0|    8|          0|
    |select_ln346_239_reg_26481                                                                    |    8|   0|    8|          0|
    |select_ln346_240_reg_26496                                                                    |    8|   0|    8|          0|
    |select_ln346_241_reg_26501                                                                    |    8|   0|    8|          0|
    |select_ln346_242_reg_26516                                                                    |    8|   0|    8|          0|
    |select_ln346_243_reg_26521                                                                    |    8|   0|    8|          0|
    |select_ln346_244_reg_26536                                                                    |    8|   0|    8|          0|
    |select_ln346_245_reg_26541                                                                    |    8|   0|    8|          0|
    |select_ln346_246_reg_26556                                                                    |    8|   0|    8|          0|
    |select_ln346_247_reg_26561                                                                    |    8|   0|    8|          0|
    |select_ln346_248_reg_26576                                                                    |    8|   0|    8|          0|
    |select_ln346_249_reg_26581                                                                    |    8|   0|    8|          0|
    |select_ln346_250_reg_26596                                                                    |    8|   0|    8|          0|
    |select_ln346_251_reg_26601                                                                    |    8|   0|    8|          0|
    |select_ln346_252_reg_26616                                                                    |    8|   0|    8|          0|
    |select_ln346_253_reg_26621                                                                    |    8|   0|    8|          0|
    |select_ln346_254_reg_26636                                                                    |    8|   0|    8|          0|
    |select_ln346_255_reg_26641                                                                    |    8|   0|    8|          0|
    |select_ln346_reg_26036                                                                        |    8|   0|    8|          0|
    |sigmoid_V_2_reg_29629                                                                         |   21|   0|   22|          1|
    |tmp_2457_reg_29637                                                                            |    1|   0|    1|          0|
    |tmpres_V_319_reg_26673                                                                        |   23|   0|   23|          0|
    |tmpres_V_320_reg_26678                                                                        |   23|   0|   23|          0|
    |tmpres_V_321_reg_26683                                                                        |   23|   0|   23|          0|
    |tmpres_V_322_reg_26688                                                                        |   23|   0|   23|          0|
    |tmpres_V_323_reg_26693                                                                        |   23|   0|   23|          0|
    |tmpres_V_324_reg_26698                                                                        |   23|   0|   23|          0|
    |tmpres_V_325_reg_26703                                                                        |   23|   0|   23|          0|
    |tmpres_V_326_reg_26708                                                                        |   23|   0|   23|          0|
    |tmpres_V_327_reg_26713                                                                        |   23|   0|   23|          0|
    |tmpres_V_328_reg_26718                                                                        |   23|   0|   23|          0|
    |tmpres_V_329_reg_26723                                                                        |   23|   0|   23|          0|
    |tmpres_V_330_reg_26728                                                                        |   23|   0|   23|          0|
    |tmpres_V_331_reg_26733                                                                        |   23|   0|   23|          0|
    |tmpres_V_332_reg_26738                                                                        |   23|   0|   23|          0|
    |tmpres_V_333_reg_26743                                                                        |   23|   0|   23|          0|
    |tmpres_V_334_reg_26748                                                                        |   23|   0|   23|          0|
    |tmpres_V_335_reg_26753                                                                        |   23|   0|   23|          0|
    |tmpres_V_336_reg_26758                                                                        |   23|   0|   23|          0|
    |tmpres_V_337_reg_26763                                                                        |   23|   0|   23|          0|
    |tmpres_V_338_reg_26768                                                                        |   23|   0|   23|          0|
    |tmpres_V_339_reg_26773                                                                        |   23|   0|   23|          0|
    |tmpres_V_340_reg_26778                                                                        |   23|   0|   23|          0|
    |tmpres_V_341_reg_26783                                                                        |   23|   0|   23|          0|
    |tmpres_V_342_reg_26788                                                                        |   23|   0|   23|          0|
    |tmpres_V_343_reg_26793                                                                        |   23|   0|   23|          0|
    |tmpres_V_344_reg_26798                                                                        |   23|   0|   23|          0|
    |tmpres_V_345_reg_26803                                                                        |   23|   0|   23|          0|
    |tmpres_V_346_reg_26808                                                                        |   23|   0|   23|          0|
    |tmpres_V_347_reg_26813                                                                        |   23|   0|   23|          0|
    |tmpres_V_348_reg_26818                                                                        |   23|   0|   23|          0|
    |tmpres_V_349_reg_26823                                                                        |   23|   0|   23|          0|
    |tmpres_V_350_reg_26828                                                                        |   23|   0|   23|          0|
    |tmpres_V_351_reg_26833                                                                        |   23|   0|   23|          0|
    |tmpres_V_352_reg_26838                                                                        |   23|   0|   23|          0|
    |tmpres_V_353_reg_26843                                                                        |   23|   0|   23|          0|
    |tmpres_V_354_reg_26848                                                                        |   23|   0|   23|          0|
    |tmpres_V_355_reg_26853                                                                        |   23|   0|   23|          0|
    |tmpres_V_356_reg_26858                                                                        |   23|   0|   23|          0|
    |tmpres_V_357_reg_26863                                                                        |   23|   0|   23|          0|
    |tmpres_V_358_reg_26868                                                                        |   23|   0|   23|          0|
    |tmpres_V_359_reg_26873                                                                        |   23|   0|   23|          0|
    |tmpres_V_360_reg_26878                                                                        |   23|   0|   23|          0|
    |tmpres_V_361_reg_26883                                                                        |   23|   0|   23|          0|
    |tmpres_V_362_reg_26888                                                                        |   23|   0|   23|          0|
    |tmpres_V_363_reg_26893                                                                        |   23|   0|   23|          0|
    |tmpres_V_364_reg_26898                                                                        |   23|   0|   23|          0|
    |tmpres_V_365_reg_26903                                                                        |   23|   0|   23|          0|
    |tmpres_V_366_reg_26908                                                                        |   23|   0|   23|          0|
    |tmpres_V_367_reg_26913                                                                        |   23|   0|   23|          0|
    |tmpres_V_368_reg_26918                                                                        |   23|   0|   23|          0|
    |tmpres_V_369_reg_26923                                                                        |   23|   0|   23|          0|
    |tmpres_V_370_reg_26928                                                                        |   23|   0|   23|          0|
    |tmpres_V_371_reg_26933                                                                        |   23|   0|   23|          0|
    |tmpres_V_372_reg_26938                                                                        |   23|   0|   23|          0|
    |tmpres_V_373_reg_26943                                                                        |   23|   0|   23|          0|
    |tmpres_V_374_reg_26948                                                                        |   23|   0|   23|          0|
    |tmpres_V_375_reg_26953                                                                        |   23|   0|   23|          0|
    |tmpres_V_376_reg_26958                                                                        |   23|   0|   23|          0|
    |tmpres_V_377_reg_26963                                                                        |   23|   0|   23|          0|
    |tmpres_V_378_reg_26968                                                                        |   23|   0|   23|          0|
    |tmpres_V_379_reg_26973                                                                        |   23|   0|   23|          0|
    |tmpres_V_380_reg_26978                                                                        |   23|   0|   23|          0|
    |tmpres_V_381_reg_26983                                                                        |   23|   0|   23|          0|
    |tmpres_V_382_reg_26988                                                                        |   23|   0|   23|          0|
    |tmpres_state_zr_V_319_reg_26993                                                               |   23|   0|   23|          0|
    |tmpres_state_zr_V_320_reg_26998                                                               |   23|   0|   23|          0|
    |tmpres_state_zr_V_321_reg_27003                                                               |   23|   0|   23|          0|
    |tmpres_state_zr_V_322_reg_27008                                                               |   23|   0|   23|          0|
    |tmpres_state_zr_V_323_reg_27013                                                               |   23|   0|   23|          0|
    |tmpres_state_zr_V_324_reg_27018                                                               |   23|   0|   23|          0|
    |tmpres_state_zr_V_325_reg_27023                                                               |   23|   0|   23|          0|
    |tmpres_state_zr_V_326_reg_27028                                                               |   23|   0|   23|          0|
    |tmpres_state_zr_V_327_reg_27033                                                               |   23|   0|   23|          0|
    |tmpres_state_zr_V_328_reg_27038                                                               |   23|   0|   23|          0|
    |tmpres_state_zr_V_329_reg_27043                                                               |   23|   0|   23|          0|
    |tmpres_state_zr_V_330_reg_27048                                                               |   23|   0|   23|          0|
    |tmpres_state_zr_V_331_reg_27053                                                               |   23|   0|   23|          0|
    |tmpres_state_zr_V_332_reg_27058                                                               |   23|   0|   23|          0|
    |tmpres_state_zr_V_333_reg_27063                                                               |   23|   0|   23|          0|
    |tmpres_state_zr_V_334_reg_27068                                                               |   23|   0|   23|          0|
    |tmpres_state_zr_V_335_reg_27073                                                               |   23|   0|   23|          0|
    |tmpres_state_zr_V_336_reg_27078                                                               |   23|   0|   23|          0|
    |tmpres_state_zr_V_337_reg_27083                                                               |   23|   0|   23|          0|
    |tmpres_state_zr_V_338_reg_27088                                                               |   23|   0|   23|          0|
    |tmpres_state_zr_V_339_reg_27093                                                               |   23|   0|   23|          0|
    |tmpres_state_zr_V_340_reg_27098                                                               |   23|   0|   23|          0|
    |tmpres_state_zr_V_341_reg_27103                                                               |   23|   0|   23|          0|
    |tmpres_state_zr_V_342_reg_27108                                                               |   23|   0|   23|          0|
    |tmpres_state_zr_V_343_reg_27113                                                               |   23|   0|   23|          0|
    |tmpres_state_zr_V_344_reg_27118                                                               |   23|   0|   23|          0|
    |tmpres_state_zr_V_345_reg_27123                                                               |   23|   0|   23|          0|
    |tmpres_state_zr_V_346_reg_27128                                                               |   23|   0|   23|          0|
    |tmpres_state_zr_V_347_reg_27133                                                               |   23|   0|   23|          0|
    |tmpres_state_zr_V_348_reg_27138                                                               |   23|   0|   23|          0|
    |tmpres_state_zr_V_349_reg_27143                                                               |   23|   0|   23|          0|
    |tmpres_state_zr_V_350_reg_27148                                                               |   23|   0|   23|          0|
    |tmpres_state_zr_V_351_reg_27153                                                               |   23|   0|   23|          0|
    |tmpres_state_zr_V_352_reg_27158                                                               |   23|   0|   23|          0|
    |tmpres_state_zr_V_353_reg_27163                                                               |   23|   0|   23|          0|
    |tmpres_state_zr_V_354_reg_27168                                                               |   23|   0|   23|          0|
    |tmpres_state_zr_V_355_reg_27173                                                               |   23|   0|   23|          0|
    |tmpres_state_zr_V_356_reg_27178                                                               |   23|   0|   23|          0|
    |tmpres_state_zr_V_357_reg_27183                                                               |   23|   0|   23|          0|
    |tmpres_state_zr_V_358_reg_27188                                                               |   23|   0|   23|          0|
    |tmpres_state_zr_V_359_reg_27193                                                               |   23|   0|   23|          0|
    |tmpres_state_zr_V_360_reg_27198                                                               |   23|   0|   23|          0|
    |tmpres_state_zr_V_361_reg_27203                                                               |   23|   0|   23|          0|
    |tmpres_state_zr_V_362_reg_27208                                                               |   23|   0|   23|          0|
    |tmpres_state_zr_V_363_reg_27213                                                               |   23|   0|   23|          0|
    |tmpres_state_zr_V_364_reg_27218                                                               |   23|   0|   23|          0|
    |tmpres_state_zr_V_365_reg_27223                                                               |   23|   0|   23|          0|
    |tmpres_state_zr_V_366_reg_27228                                                               |   23|   0|   23|          0|
    |tmpres_state_zr_V_367_reg_27233                                                               |   23|   0|   23|          0|
    |tmpres_state_zr_V_368_reg_27238                                                               |   23|   0|   23|          0|
    |tmpres_state_zr_V_369_reg_27243                                                               |   23|   0|   23|          0|
    |tmpres_state_zr_V_370_reg_27248                                                               |   23|   0|   23|          0|
    |tmpres_state_zr_V_371_reg_27253                                                               |   23|   0|   23|          0|
    |tmpres_state_zr_V_372_reg_27258                                                               |   23|   0|   23|          0|
    |tmpres_state_zr_V_373_reg_27263                                                               |   23|   0|   23|          0|
    |tmpres_state_zr_V_374_reg_27268                                                               |   23|   0|   23|          0|
    |tmpres_state_zr_V_375_reg_27273                                                               |   23|   0|   23|          0|
    |tmpres_state_zr_V_376_reg_27278                                                               |   23|   0|   23|          0|
    |tmpres_state_zr_V_377_reg_27283                                                               |   23|   0|   23|          0|
    |tmpres_state_zr_V_378_reg_27288                                                               |   23|   0|   23|          0|
    |tmpres_state_zr_V_379_reg_27293                                                               |   23|   0|   23|          0|
    |tmpres_state_zr_V_380_reg_27298                                                               |   23|   0|   23|          0|
    |tmpres_state_zr_V_381_reg_27303                                                               |   23|   0|   23|          0|
    |tmpres_state_zr_V_382_reg_27308                                                               |   23|   0|   23|          0|
    |tmpres_zr_V_382_reg_27959                                                                     |    8|   0|    8|          0|
    |tmpres_zr_V_383_reg_27965                                                                     |    8|   0|    8|          0|
    |tmpres_zr_V_384_reg_27971                                                                     |    8|   0|    8|          0|
    |tmpres_zr_V_385_reg_27977                                                                     |    8|   0|    8|          0|
    |tmpres_zr_V_386_reg_27983                                                                     |    8|   0|    8|          0|
    |tmpres_zr_V_387_reg_27989                                                                     |    8|   0|    8|          0|
    |tmpres_zr_V_388_reg_27995                                                                     |    8|   0|    8|          0|
    |tmpres_zr_V_389_reg_28001                                                                     |    8|   0|    8|          0|
    |tmpres_zr_V_390_reg_28007                                                                     |    8|   0|    8|          0|
    |tmpres_zr_V_391_reg_28013                                                                     |    8|   0|    8|          0|
    |tmpres_zr_V_392_reg_28019                                                                     |    8|   0|    8|          0|
    |tmpres_zr_V_393_reg_28025                                                                     |    8|   0|    8|          0|
    |tmpres_zr_V_394_reg_28031                                                                     |    8|   0|    8|          0|
    |tmpres_zr_V_395_reg_28037                                                                     |    8|   0|    8|          0|
    |tmpres_zr_V_396_reg_28043                                                                     |    8|   0|    8|          0|
    |tmpres_zr_V_397_reg_28049                                                                     |    8|   0|    8|          0|
    |tmpres_zr_V_398_reg_28055                                                                     |    8|   0|    8|          0|
    |tmpres_zr_V_399_reg_28061                                                                     |    8|   0|    8|          0|
    |tmpres_zr_V_400_reg_28067                                                                     |    8|   0|    8|          0|
    |tmpres_zr_V_401_reg_28073                                                                     |    8|   0|    8|          0|
    |tmpres_zr_V_402_reg_28079                                                                     |    8|   0|    8|          0|
    |tmpres_zr_V_403_reg_28085                                                                     |    8|   0|    8|          0|
    |tmpres_zr_V_404_reg_28091                                                                     |    8|   0|    8|          0|
    |tmpres_zr_V_405_reg_28097                                                                     |    8|   0|    8|          0|
    |tmpres_zr_V_406_reg_28103                                                                     |    8|   0|    8|          0|
    |tmpres_zr_V_407_reg_28109                                                                     |    8|   0|    8|          0|
    |tmpres_zr_V_408_reg_28115                                                                     |    8|   0|    8|          0|
    |tmpres_zr_V_409_reg_28121                                                                     |    8|   0|    8|          0|
    |tmpres_zr_V_410_reg_28127                                                                     |    8|   0|    8|          0|
    |tmpres_zr_V_411_reg_28133                                                                     |    8|   0|    8|          0|
    |tmpres_zr_V_412_reg_28139                                                                     |    8|   0|    8|          0|
    |tmpres_zr_V_413_reg_28145                                                                     |    8|   0|    8|          0|
    |tmpres_zr_V_414_reg_28151                                                                     |    8|   0|    8|          0|
    |tmpres_zr_V_415_reg_28157                                                                     |    8|   0|    8|          0|
    |tmpres_zr_V_416_reg_28163                                                                     |    8|   0|    8|          0|
    |tmpres_zr_V_417_reg_28169                                                                     |    8|   0|    8|          0|
    |tmpres_zr_V_418_reg_28175                                                                     |    8|   0|    8|          0|
    |tmpres_zr_V_419_reg_28181                                                                     |    8|   0|    8|          0|
    |tmpres_zr_V_420_reg_28187                                                                     |    8|   0|    8|          0|
    |tmpres_zr_V_421_reg_28193                                                                     |    8|   0|    8|          0|
    |tmpres_zr_V_422_reg_28199                                                                     |    8|   0|    8|          0|
    |tmpres_zr_V_423_reg_28205                                                                     |    8|   0|    8|          0|
    |tmpres_zr_V_424_reg_28211                                                                     |    8|   0|    8|          0|
    |tmpres_zr_V_425_reg_28217                                                                     |    8|   0|    8|          0|
    |tmpres_zr_V_426_reg_28223                                                                     |    8|   0|    8|          0|
    |tmpres_zr_V_427_reg_28229                                                                     |    8|   0|    8|          0|
    |tmpres_zr_V_428_reg_28235                                                                     |    8|   0|    8|          0|
    |tmpres_zr_V_429_reg_28241                                                                     |    8|   0|    8|          0|
    |tmpres_zr_V_430_reg_28247                                                                     |    8|   0|    8|          0|
    |tmpres_zr_V_431_reg_28253                                                                     |    8|   0|    8|          0|
    |tmpres_zr_V_432_reg_28259                                                                     |    8|   0|    8|          0|
    |tmpres_zr_V_433_reg_28265                                                                     |    8|   0|    8|          0|
    |tmpres_zr_V_434_reg_28271                                                                     |    8|   0|    8|          0|
    |tmpres_zr_V_435_reg_28277                                                                     |    8|   0|    8|          0|
    |tmpres_zr_V_436_reg_28283                                                                     |    8|   0|    8|          0|
    |tmpres_zr_V_437_reg_28289                                                                     |    8|   0|    8|          0|
    |tmpres_zr_V_438_reg_28295                                                                     |    8|   0|    8|          0|
    |tmpres_zr_V_439_reg_28301                                                                     |    8|   0|    8|          0|
    |tmpres_zr_V_440_reg_28307                                                                     |    8|   0|    8|          0|
    |tmpres_zr_V_441_reg_28313                                                                     |    8|   0|    8|          0|
    |tmpres_zr_V_442_reg_28319                                                                     |    8|   0|    8|          0|
    |tmpres_zr_V_443_reg_28325                                                                     |    8|   0|    8|          0|
    |tmpres_zr_V_444_reg_28331                                                                     |    8|   0|    8|          0|
    |tmpres_zr_V_reg_27953                                                                         |    8|   0|    8|          0|
    |trunc_ln1273_reg_29625                                                                        |    6|   0|    6|          0|
    |void_gru_static_bool_ap_fixed_ap_fixed_weight_t_weight_t_bias_t_bias_t_h_s_10                 |   17|   0|   17|          0|
    |void_gru_static_bool_ap_fixed_ap_fixed_weight_t_weight_t_bias_t_bias_t_h_s_11                 |   17|   0|   17|          0|
    |void_gru_static_bool_ap_fixed_ap_fixed_weight_t_weight_t_bias_t_bias_t_h_s_12                 |   17|   0|   17|          0|
    |void_gru_static_bool_ap_fixed_ap_fixed_weight_t_weight_t_bias_t_bias_t_h_s_13                 |   17|   0|   17|          0|
    |void_gru_static_bool_ap_fixed_ap_fixed_weight_t_weight_t_bias_t_bias_t_h_s_14                 |   17|   0|   17|          0|
    |void_gru_static_bool_ap_fixed_ap_fixed_weight_t_weight_t_bias_t_bias_t_h_s_15                 |   17|   0|   17|          0|
    |void_gru_static_bool_ap_fixed_ap_fixed_weight_t_weight_t_bias_t_bias_t_h_s_16                 |   17|   0|   17|          0|
    |void_gru_static_bool_ap_fixed_ap_fixed_weight_t_weight_t_bias_t_bias_t_h_s_17                 |   17|   0|   17|          0|
    |void_gru_static_bool_ap_fixed_ap_fixed_weight_t_weight_t_bias_t_bias_t_h_s_18                 |   17|   0|   17|          0|
    |void_gru_static_bool_ap_fixed_ap_fixed_weight_t_weight_t_bias_t_bias_t_h_s_19                 |   17|   0|   17|          0|
    +----------------------------------------------------------------------------------------------+-----+----+-----+-----------+
    |Total                                                                                         |12183|   0|12184|          1|
    +----------------------------------------------------------------------------------------------+-----+----+-----+-----------+



================================================================
== Interface
================================================================
* Summary: 
+----------------------+-----+------+------------+---------------------------------------------------------------------------+--------------+
|       RTL Ports      | Dir | Bits |  Protocol  |                               Source Object                               |    C Type    |
+----------------------+-----+------+------------+---------------------------------------------------------------------------+--------------+
|ap_clk                |   in|     1|  ap_ctrl_hs|  gru_static<ap_fixed<16, 6, 5, 3, 0>, ap_fixed<17, 4, 5, 3, 0>, config2_f>|  return value|
|ap_rst                |   in|     1|  ap_ctrl_hs|  gru_static<ap_fixed<16, 6, 5, 3, 0>, ap_fixed<17, 4, 5, 3, 0>, config2_f>|  return value|
|ap_start              |   in|     1|  ap_ctrl_hs|  gru_static<ap_fixed<16, 6, 5, 3, 0>, ap_fixed<17, 4, 5, 3, 0>, config2_f>|  return value|
|ap_done               |  out|     1|  ap_ctrl_hs|  gru_static<ap_fixed<16, 6, 5, 3, 0>, ap_fixed<17, 4, 5, 3, 0>, config2_f>|  return value|
|ap_idle               |  out|     1|  ap_ctrl_hs|  gru_static<ap_fixed<16, 6, 5, 3, 0>, ap_fixed<17, 4, 5, 3, 0>, config2_f>|  return value|
|ap_ready              |  out|     1|  ap_ctrl_hs|  gru_static<ap_fixed<16, 6, 5, 3, 0>, ap_fixed<17, 4, 5, 3, 0>, config2_f>|  return value|
|ap_return_0           |  out|    17|  ap_ctrl_hs|  gru_static<ap_fixed<16, 6, 5, 3, 0>, ap_fixed<17, 4, 5, 3, 0>, config2_f>|  return value|
|ap_return_1           |  out|    17|  ap_ctrl_hs|  gru_static<ap_fixed<16, 6, 5, 3, 0>, ap_fixed<17, 4, 5, 3, 0>, config2_f>|  return value|
|ap_return_2           |  out|    17|  ap_ctrl_hs|  gru_static<ap_fixed<16, 6, 5, 3, 0>, ap_fixed<17, 4, 5, 3, 0>, config2_f>|  return value|
|ap_return_3           |  out|    17|  ap_ctrl_hs|  gru_static<ap_fixed<16, 6, 5, 3, 0>, ap_fixed<17, 4, 5, 3, 0>, config2_f>|  return value|
|ap_return_4           |  out|    17|  ap_ctrl_hs|  gru_static<ap_fixed<16, 6, 5, 3, 0>, ap_fixed<17, 4, 5, 3, 0>, config2_f>|  return value|
|ap_return_5           |  out|    17|  ap_ctrl_hs|  gru_static<ap_fixed<16, 6, 5, 3, 0>, ap_fixed<17, 4, 5, 3, 0>, config2_f>|  return value|
|ap_return_6           |  out|    17|  ap_ctrl_hs|  gru_static<ap_fixed<16, 6, 5, 3, 0>, ap_fixed<17, 4, 5, 3, 0>, config2_f>|  return value|
|ap_return_7           |  out|    17|  ap_ctrl_hs|  gru_static<ap_fixed<16, 6, 5, 3, 0>, ap_fixed<17, 4, 5, 3, 0>, config2_f>|  return value|
|ap_return_8           |  out|    17|  ap_ctrl_hs|  gru_static<ap_fixed<16, 6, 5, 3, 0>, ap_fixed<17, 4, 5, 3, 0>, config2_f>|  return value|
|ap_return_9           |  out|    17|  ap_ctrl_hs|  gru_static<ap_fixed<16, 6, 5, 3, 0>, ap_fixed<17, 4, 5, 3, 0>, config2_f>|  return value|
|ap_return_10          |  out|    17|  ap_ctrl_hs|  gru_static<ap_fixed<16, 6, 5, 3, 0>, ap_fixed<17, 4, 5, 3, 0>, config2_f>|  return value|
|ap_return_11          |  out|    17|  ap_ctrl_hs|  gru_static<ap_fixed<16, 6, 5, 3, 0>, ap_fixed<17, 4, 5, 3, 0>, config2_f>|  return value|
|ap_return_12          |  out|    17|  ap_ctrl_hs|  gru_static<ap_fixed<16, 6, 5, 3, 0>, ap_fixed<17, 4, 5, 3, 0>, config2_f>|  return value|
|ap_return_13          |  out|    17|  ap_ctrl_hs|  gru_static<ap_fixed<16, 6, 5, 3, 0>, ap_fixed<17, 4, 5, 3, 0>, config2_f>|  return value|
|ap_return_14          |  out|    17|  ap_ctrl_hs|  gru_static<ap_fixed<16, 6, 5, 3, 0>, ap_fixed<17, 4, 5, 3, 0>, config2_f>|  return value|
|ap_return_15          |  out|    17|  ap_ctrl_hs|  gru_static<ap_fixed<16, 6, 5, 3, 0>, ap_fixed<17, 4, 5, 3, 0>, config2_f>|  return value|
|ap_return_16          |  out|    17|  ap_ctrl_hs|  gru_static<ap_fixed<16, 6, 5, 3, 0>, ap_fixed<17, 4, 5, 3, 0>, config2_f>|  return value|
|ap_return_17          |  out|    17|  ap_ctrl_hs|  gru_static<ap_fixed<16, 6, 5, 3, 0>, ap_fixed<17, 4, 5, 3, 0>, config2_f>|  return value|
|ap_return_18          |  out|    17|  ap_ctrl_hs|  gru_static<ap_fixed<16, 6, 5, 3, 0>, ap_fixed<17, 4, 5, 3, 0>, config2_f>|  return value|
|ap_return_19          |  out|    17|  ap_ctrl_hs|  gru_static<ap_fixed<16, 6, 5, 3, 0>, ap_fixed<17, 4, 5, 3, 0>, config2_f>|  return value|
|ap_return_20          |  out|    17|  ap_ctrl_hs|  gru_static<ap_fixed<16, 6, 5, 3, 0>, ap_fixed<17, 4, 5, 3, 0>, config2_f>|  return value|
|ap_return_21          |  out|    17|  ap_ctrl_hs|  gru_static<ap_fixed<16, 6, 5, 3, 0>, ap_fixed<17, 4, 5, 3, 0>, config2_f>|  return value|
|ap_return_22          |  out|    17|  ap_ctrl_hs|  gru_static<ap_fixed<16, 6, 5, 3, 0>, ap_fixed<17, 4, 5, 3, 0>, config2_f>|  return value|
|ap_return_23          |  out|    17|  ap_ctrl_hs|  gru_static<ap_fixed<16, 6, 5, 3, 0>, ap_fixed<17, 4, 5, 3, 0>, config2_f>|  return value|
|ap_return_24          |  out|    17|  ap_ctrl_hs|  gru_static<ap_fixed<16, 6, 5, 3, 0>, ap_fixed<17, 4, 5, 3, 0>, config2_f>|  return value|
|ap_return_25          |  out|    17|  ap_ctrl_hs|  gru_static<ap_fixed<16, 6, 5, 3, 0>, ap_fixed<17, 4, 5, 3, 0>, config2_f>|  return value|
|ap_return_26          |  out|    17|  ap_ctrl_hs|  gru_static<ap_fixed<16, 6, 5, 3, 0>, ap_fixed<17, 4, 5, 3, 0>, config2_f>|  return value|
|ap_return_27          |  out|    17|  ap_ctrl_hs|  gru_static<ap_fixed<16, 6, 5, 3, 0>, ap_fixed<17, 4, 5, 3, 0>, config2_f>|  return value|
|ap_return_28          |  out|    17|  ap_ctrl_hs|  gru_static<ap_fixed<16, 6, 5, 3, 0>, ap_fixed<17, 4, 5, 3, 0>, config2_f>|  return value|
|ap_return_29          |  out|    17|  ap_ctrl_hs|  gru_static<ap_fixed<16, 6, 5, 3, 0>, ap_fixed<17, 4, 5, 3, 0>, config2_f>|  return value|
|ap_return_30          |  out|    17|  ap_ctrl_hs|  gru_static<ap_fixed<16, 6, 5, 3, 0>, ap_fixed<17, 4, 5, 3, 0>, config2_f>|  return value|
|ap_return_31          |  out|    17|  ap_ctrl_hs|  gru_static<ap_fixed<16, 6, 5, 3, 0>, ap_fixed<17, 4, 5, 3, 0>, config2_f>|  return value|
|ap_return_32          |  out|    17|  ap_ctrl_hs|  gru_static<ap_fixed<16, 6, 5, 3, 0>, ap_fixed<17, 4, 5, 3, 0>, config2_f>|  return value|
|ap_return_33          |  out|    17|  ap_ctrl_hs|  gru_static<ap_fixed<16, 6, 5, 3, 0>, ap_fixed<17, 4, 5, 3, 0>, config2_f>|  return value|
|ap_return_34          |  out|    17|  ap_ctrl_hs|  gru_static<ap_fixed<16, 6, 5, 3, 0>, ap_fixed<17, 4, 5, 3, 0>, config2_f>|  return value|
|ap_return_35          |  out|    17|  ap_ctrl_hs|  gru_static<ap_fixed<16, 6, 5, 3, 0>, ap_fixed<17, 4, 5, 3, 0>, config2_f>|  return value|
|ap_return_36          |  out|    17|  ap_ctrl_hs|  gru_static<ap_fixed<16, 6, 5, 3, 0>, ap_fixed<17, 4, 5, 3, 0>, config2_f>|  return value|
|ap_return_37          |  out|    17|  ap_ctrl_hs|  gru_static<ap_fixed<16, 6, 5, 3, 0>, ap_fixed<17, 4, 5, 3, 0>, config2_f>|  return value|
|ap_return_38          |  out|    17|  ap_ctrl_hs|  gru_static<ap_fixed<16, 6, 5, 3, 0>, ap_fixed<17, 4, 5, 3, 0>, config2_f>|  return value|
|ap_return_39          |  out|    17|  ap_ctrl_hs|  gru_static<ap_fixed<16, 6, 5, 3, 0>, ap_fixed<17, 4, 5, 3, 0>, config2_f>|  return value|
|ap_return_40          |  out|    17|  ap_ctrl_hs|  gru_static<ap_fixed<16, 6, 5, 3, 0>, ap_fixed<17, 4, 5, 3, 0>, config2_f>|  return value|
|ap_return_41          |  out|    17|  ap_ctrl_hs|  gru_static<ap_fixed<16, 6, 5, 3, 0>, ap_fixed<17, 4, 5, 3, 0>, config2_f>|  return value|
|ap_return_42          |  out|    17|  ap_ctrl_hs|  gru_static<ap_fixed<16, 6, 5, 3, 0>, ap_fixed<17, 4, 5, 3, 0>, config2_f>|  return value|
|ap_return_43          |  out|    17|  ap_ctrl_hs|  gru_static<ap_fixed<16, 6, 5, 3, 0>, ap_fixed<17, 4, 5, 3, 0>, config2_f>|  return value|
|ap_return_44          |  out|    17|  ap_ctrl_hs|  gru_static<ap_fixed<16, 6, 5, 3, 0>, ap_fixed<17, 4, 5, 3, 0>, config2_f>|  return value|
|ap_return_45          |  out|    17|  ap_ctrl_hs|  gru_static<ap_fixed<16, 6, 5, 3, 0>, ap_fixed<17, 4, 5, 3, 0>, config2_f>|  return value|
|ap_return_46          |  out|    17|  ap_ctrl_hs|  gru_static<ap_fixed<16, 6, 5, 3, 0>, ap_fixed<17, 4, 5, 3, 0>, config2_f>|  return value|
|ap_return_47          |  out|    17|  ap_ctrl_hs|  gru_static<ap_fixed<16, 6, 5, 3, 0>, ap_fixed<17, 4, 5, 3, 0>, config2_f>|  return value|
|ap_return_48          |  out|    17|  ap_ctrl_hs|  gru_static<ap_fixed<16, 6, 5, 3, 0>, ap_fixed<17, 4, 5, 3, 0>, config2_f>|  return value|
|ap_return_49          |  out|    17|  ap_ctrl_hs|  gru_static<ap_fixed<16, 6, 5, 3, 0>, ap_fixed<17, 4, 5, 3, 0>, config2_f>|  return value|
|ap_return_50          |  out|    17|  ap_ctrl_hs|  gru_static<ap_fixed<16, 6, 5, 3, 0>, ap_fixed<17, 4, 5, 3, 0>, config2_f>|  return value|
|ap_return_51          |  out|    17|  ap_ctrl_hs|  gru_static<ap_fixed<16, 6, 5, 3, 0>, ap_fixed<17, 4, 5, 3, 0>, config2_f>|  return value|
|ap_return_52          |  out|    17|  ap_ctrl_hs|  gru_static<ap_fixed<16, 6, 5, 3, 0>, ap_fixed<17, 4, 5, 3, 0>, config2_f>|  return value|
|ap_return_53          |  out|    17|  ap_ctrl_hs|  gru_static<ap_fixed<16, 6, 5, 3, 0>, ap_fixed<17, 4, 5, 3, 0>, config2_f>|  return value|
|ap_return_54          |  out|    17|  ap_ctrl_hs|  gru_static<ap_fixed<16, 6, 5, 3, 0>, ap_fixed<17, 4, 5, 3, 0>, config2_f>|  return value|
|ap_return_55          |  out|    17|  ap_ctrl_hs|  gru_static<ap_fixed<16, 6, 5, 3, 0>, ap_fixed<17, 4, 5, 3, 0>, config2_f>|  return value|
|ap_return_56          |  out|    17|  ap_ctrl_hs|  gru_static<ap_fixed<16, 6, 5, 3, 0>, ap_fixed<17, 4, 5, 3, 0>, config2_f>|  return value|
|ap_return_57          |  out|    17|  ap_ctrl_hs|  gru_static<ap_fixed<16, 6, 5, 3, 0>, ap_fixed<17, 4, 5, 3, 0>, config2_f>|  return value|
|ap_return_58          |  out|    17|  ap_ctrl_hs|  gru_static<ap_fixed<16, 6, 5, 3, 0>, ap_fixed<17, 4, 5, 3, 0>, config2_f>|  return value|
|ap_return_59          |  out|    17|  ap_ctrl_hs|  gru_static<ap_fixed<16, 6, 5, 3, 0>, ap_fixed<17, 4, 5, 3, 0>, config2_f>|  return value|
|ap_return_60          |  out|    17|  ap_ctrl_hs|  gru_static<ap_fixed<16, 6, 5, 3, 0>, ap_fixed<17, 4, 5, 3, 0>, config2_f>|  return value|
|ap_return_61          |  out|    17|  ap_ctrl_hs|  gru_static<ap_fixed<16, 6, 5, 3, 0>, ap_fixed<17, 4, 5, 3, 0>, config2_f>|  return value|
|ap_return_62          |  out|    17|  ap_ctrl_hs|  gru_static<ap_fixed<16, 6, 5, 3, 0>, ap_fixed<17, 4, 5, 3, 0>, config2_f>|  return value|
|ap_return_63          |  out|    17|  ap_ctrl_hs|  gru_static<ap_fixed<16, 6, 5, 3, 0>, ap_fixed<17, 4, 5, 3, 0>, config2_f>|  return value|
|reset_state           |   in|     1|     ap_none|                                                                reset_state|        scalar|
|p_read                |   in|  1120|     ap_none|                                                                     p_read|        scalar|
|h_newstate_0_read     |   in|    17|     ap_none|                                                          h_newstate_0_read|        scalar|
|h_newstate_1_read     |   in|    17|     ap_none|                                                          h_newstate_1_read|        scalar|
|h_newstate_2_read     |   in|    17|     ap_none|                                                          h_newstate_2_read|        scalar|
|h_newstate_3_read     |   in|    17|     ap_none|                                                          h_newstate_3_read|        scalar|
|h_newstate_4_read     |   in|    17|     ap_none|                                                          h_newstate_4_read|        scalar|
|h_newstate_5_read     |   in|    17|     ap_none|                                                          h_newstate_5_read|        scalar|
|h_newstate_6_read     |   in|    17|     ap_none|                                                          h_newstate_6_read|        scalar|
|h_newstate_7_read     |   in|    17|     ap_none|                                                          h_newstate_7_read|        scalar|
|h_newstate_8_read     |   in|    17|     ap_none|                                                          h_newstate_8_read|        scalar|
|h_newstate_9_read     |   in|    17|     ap_none|                                                          h_newstate_9_read|        scalar|
|h_newstate_10_read    |   in|    17|     ap_none|                                                         h_newstate_10_read|        scalar|
|h_newstate_11_read    |   in|    17|     ap_none|                                                         h_newstate_11_read|        scalar|
|h_newstate_1213_read  |   in|    17|     ap_none|                                                       h_newstate_1213_read|        scalar|
|h_newstate_13_read    |   in|    17|     ap_none|                                                         h_newstate_13_read|        scalar|
|h_newstate_14_read    |   in|    17|     ap_none|                                                         h_newstate_14_read|        scalar|
|h_newstate_15_read    |   in|    17|     ap_none|                                                         h_newstate_15_read|        scalar|
|h_newstate_16_read    |   in|    17|     ap_none|                                                         h_newstate_16_read|        scalar|
|h_newstate_17_read    |   in|    17|     ap_none|                                                         h_newstate_17_read|        scalar|
|h_newstate_18_read    |   in|    17|     ap_none|                                                         h_newstate_18_read|        scalar|
|h_newstate_19_read    |   in|    17|     ap_none|                                                         h_newstate_19_read|        scalar|
|h_newstate_20_read    |   in|    17|     ap_none|                                                         h_newstate_20_read|        scalar|
|h_newstate_21_read    |   in|    17|     ap_none|                                                         h_newstate_21_read|        scalar|
|h_newstate_22_read    |   in|    17|     ap_none|                                                         h_newstate_22_read|        scalar|
|h_newstate_2325_read  |   in|    17|     ap_none|                                                       h_newstate_2325_read|        scalar|
|h_newstate_24_read    |   in|    17|     ap_none|                                                         h_newstate_24_read|        scalar|
|h_newstate_25_read    |   in|    17|     ap_none|                                                         h_newstate_25_read|        scalar|
|h_newstate_26_read    |   in|    17|     ap_none|                                                         h_newstate_26_read|        scalar|
|h_newstate_27_read    |   in|    17|     ap_none|                                                         h_newstate_27_read|        scalar|
|h_newstate_28_read    |   in|    17|     ap_none|                                                         h_newstate_28_read|        scalar|
|h_newstate_29_read    |   in|    17|     ap_none|                                                         h_newstate_29_read|        scalar|
|h_newstate_30_read    |   in|    17|     ap_none|                                                         h_newstate_30_read|        scalar|
|h_newstate_31_read    |   in|    17|     ap_none|                                                         h_newstate_31_read|        scalar|
|h_newstate_32_read    |   in|    17|     ap_none|                                                         h_newstate_32_read|        scalar|
|h_newstate_33_read    |   in|    17|     ap_none|                                                         h_newstate_33_read|        scalar|
|h_newstate_3437_read  |   in|    17|     ap_none|                                                       h_newstate_3437_read|        scalar|
|h_newstate_35_read    |   in|    17|     ap_none|                                                         h_newstate_35_read|        scalar|
|h_newstate_36_read    |   in|    17|     ap_none|                                                         h_newstate_36_read|        scalar|
|h_newstate_37_read    |   in|    17|     ap_none|                                                         h_newstate_37_read|        scalar|
|h_newstate_38_read    |   in|    17|     ap_none|                                                         h_newstate_38_read|        scalar|
|h_newstate_39_read    |   in|    17|     ap_none|                                                         h_newstate_39_read|        scalar|
|h_newstate_40_read    |   in|    17|     ap_none|                                                         h_newstate_40_read|        scalar|
|h_newstate_41_read    |   in|    17|     ap_none|                                                         h_newstate_41_read|        scalar|
|h_newstate_42_read    |   in|    17|     ap_none|                                                         h_newstate_42_read|        scalar|
|h_newstate_43_read    |   in|    17|     ap_none|                                                         h_newstate_43_read|        scalar|
|h_newstate_44_read    |   in|    17|     ap_none|                                                         h_newstate_44_read|        scalar|
|h_newstate_4549_read  |   in|    17|     ap_none|                                                       h_newstate_4549_read|        scalar|
|h_newstate_46_read    |   in|    17|     ap_none|                                                         h_newstate_46_read|        scalar|
|h_newstate_47_read    |   in|    17|     ap_none|                                                         h_newstate_47_read|        scalar|
|h_newstate_48_read    |   in|    17|     ap_none|                                                         h_newstate_48_read|        scalar|
|h_newstate_49_read    |   in|    17|     ap_none|                                                         h_newstate_49_read|        scalar|
|h_newstate_50_read    |   in|    17|     ap_none|                                                         h_newstate_50_read|        scalar|
|h_newstate_51_read    |   in|    17|     ap_none|                                                         h_newstate_51_read|        scalar|
|h_newstate_52_read    |   in|    17|     ap_none|                                                         h_newstate_52_read|        scalar|
|h_newstate_53_read    |   in|    17|     ap_none|                                                         h_newstate_53_read|        scalar|
|h_newstate_54_read    |   in|    17|     ap_none|                                                         h_newstate_54_read|        scalar|
|h_newstate_55_read    |   in|    17|     ap_none|                                                         h_newstate_55_read|        scalar|
|h_newstate_5661_read  |   in|    17|     ap_none|                                                       h_newstate_5661_read|        scalar|
|h_newstate_57_read    |   in|    17|     ap_none|                                                         h_newstate_57_read|        scalar|
|h_newstate_58_read    |   in|    17|     ap_none|                                                         h_newstate_58_read|        scalar|
|h_newstate_59_read    |   in|    17|     ap_none|                                                         h_newstate_59_read|        scalar|
|h_newstate_60_read    |   in|    17|     ap_none|                                                         h_newstate_60_read|        scalar|
|h_newstate_61_read    |   in|    17|     ap_none|                                                         h_newstate_61_read|        scalar|
|h_newstate_62_read    |   in|    17|     ap_none|                                                         h_newstate_62_read|        scalar|
|h_newstate_63_read    |   in|    17|     ap_none|                                                         h_newstate_63_read|        scalar|
+----------------------+-----+------+------------+---------------------------------------------------------------------------+--------------+

