

================================================================
== Vitis HLS Report for 'hard_sigmoid_ap_fixed_ap_ufixed_8_0_4_0_0_hard_sigmoid_config2_recr_s'
================================================================
* Date:           Wed Feb 14 14:26:37 2024

* Version:        2022.2 (Build 3670227 on Oct 13 2022)
* Project:        alveo_hls4ml
* Solution:       solution (Vitis Kernel Flow Target)
* Product family: virtexuplus
* Target device:  xcu55c-fsvh2892-2L-e


================================================================
== Performance Estimates
================================================================
+ Timing: 
    * Summary: 
    +--------+---------+----------+------------+
    |  Clock |  Target | Estimated| Uncertainty|
    +--------+---------+----------+------------+
    |ap_clk  |  4.00 ns|  2.609 ns|     1.08 ns|
    +--------+---------+----------+------------+

+ Latency: 
    * Summary: 
    +---------+---------+----------+----------+-----+-----+---------+
    |  Latency (cycles) |  Latency (absolute) |  Interval | Pipeline|
    |   min   |   max   |    min   |    max   | min | max |   Type  |
    +---------+---------+----------+----------+-----+-----+---------+
    |        1|        1|  4.000 ns|  4.000 ns|    1|    1|      yes|
    +---------+---------+----------+----------+-----+-----+---------+

    + Detail: 
        * Instance: 
        N/A

        * Loop: 
        N/A



================================================================
== Utilization Estimates
================================================================
* Summary: 
+---------------------+---------+------+---------+---------+-----+
|         Name        | BRAM_18K|  DSP |    FF   |   LUT   | URAM|
+---------------------+---------+------+---------+---------+-----+
|DSP                  |        -|     -|        -|        -|    -|
|Expression           |        -|     -|        0|    18432|    -|
|FIFO                 |        -|     -|        -|        -|    -|
|Instance             |        -|     -|        -|        -|    -|
|Memory               |        -|     -|        -|        -|    -|
|Multiplexer          |        -|     -|        -|        -|    -|
|Register             |        -|     -|     1792|        -|    -|
+---------------------+---------+------+---------+---------+-----+
|Total                |        0|     0|     1792|    18432|    0|
+---------------------+---------+------+---------+---------+-----+
|Available SLR        |     1344|  3008|   869120|   434560|  320|
+---------------------+---------+------+---------+---------+-----+
|Utilization SLR (%)  |        0|     0|       ~0|        4|    0|
+---------------------+---------+------+---------+---------+-----+
|Available            |     4032|  9024|  2607360|  1303680|  960|
+---------------------+---------+------+---------+---------+-----+
|Utilization (%)      |        0|     0|       ~0|        1|    0|
+---------------------+---------+------+---------+---------+-----+

+ Detail: 
    * Instance: 
    N/A

    * DSP: 
    N/A

    * Memory: 
    N/A

    * FIFO: 
    N/A

    * Expression: 
    +----------------------------------+----------+----+---+-----+------------+------------+
    |           Variable Name          | Operation| DSP| FF| LUT | Bitwidth P0| Bitwidth P1|
    +----------------------------------+----------+----+---+-----+------------+------------+
    |add_ln1347_100_fu_9226_p2         |         +|   0|  0|   21|          14|          13|
    |add_ln1347_101_fu_9308_p2         |         +|   0|  0|   21|          14|          13|
    |add_ln1347_102_fu_9390_p2         |         +|   0|  0|   21|          14|          13|
    |add_ln1347_103_fu_9472_p2         |         +|   0|  0|   21|          14|          13|
    |add_ln1347_104_fu_9554_p2         |         +|   0|  0|   21|          14|          13|
    |add_ln1347_105_fu_9636_p2         |         +|   0|  0|   21|          14|          13|
    |add_ln1347_106_fu_9718_p2         |         +|   0|  0|   21|          14|          13|
    |add_ln1347_107_fu_9800_p2         |         +|   0|  0|   21|          14|          13|
    |add_ln1347_108_fu_9882_p2         |         +|   0|  0|   21|          14|          13|
    |add_ln1347_109_fu_9964_p2         |         +|   0|  0|   21|          14|          13|
    |add_ln1347_10_fu_1846_p2          |         +|   0|  0|   21|          14|          13|
    |add_ln1347_110_fu_10046_p2        |         +|   0|  0|   21|          14|          13|
    |add_ln1347_111_fu_10128_p2        |         +|   0|  0|   21|          14|          13|
    |add_ln1347_112_fu_10210_p2        |         +|   0|  0|   21|          14|          13|
    |add_ln1347_113_fu_10292_p2        |         +|   0|  0|   21|          14|          13|
    |add_ln1347_114_fu_10374_p2        |         +|   0|  0|   21|          14|          13|
    |add_ln1347_115_fu_10456_p2        |         +|   0|  0|   21|          14|          13|
    |add_ln1347_116_fu_10538_p2        |         +|   0|  0|   21|          14|          13|
    |add_ln1347_117_fu_10620_p2        |         +|   0|  0|   21|          14|          13|
    |add_ln1347_118_fu_10702_p2        |         +|   0|  0|   21|          14|          13|
    |add_ln1347_119_fu_10784_p2        |         +|   0|  0|   21|          14|          13|
    |add_ln1347_11_fu_1928_p2          |         +|   0|  0|   21|          14|          13|
    |add_ln1347_120_fu_10866_p2        |         +|   0|  0|   21|          14|          13|
    |add_ln1347_121_fu_10948_p2        |         +|   0|  0|   21|          14|          13|
    |add_ln1347_122_fu_11030_p2        |         +|   0|  0|   21|          14|          13|
    |add_ln1347_123_fu_11112_p2        |         +|   0|  0|   21|          14|          13|
    |add_ln1347_124_fu_11194_p2        |         +|   0|  0|   21|          14|          13|
    |add_ln1347_125_fu_11276_p2        |         +|   0|  0|   21|          14|          13|
    |add_ln1347_126_fu_11358_p2        |         +|   0|  0|   21|          14|          13|
    |add_ln1347_127_fu_11440_p2        |         +|   0|  0|   21|          14|          13|
    |add_ln1347_128_fu_11522_p2        |         +|   0|  0|   21|          14|          13|
    |add_ln1347_12_fu_2010_p2          |         +|   0|  0|   21|          14|          13|
    |add_ln1347_13_fu_2092_p2          |         +|   0|  0|   21|          14|          13|
    |add_ln1347_14_fu_2174_p2          |         +|   0|  0|   21|          14|          13|
    |add_ln1347_15_fu_2256_p2          |         +|   0|  0|   21|          14|          13|
    |add_ln1347_16_fu_2338_p2          |         +|   0|  0|   21|          14|          13|
    |add_ln1347_17_fu_2420_p2          |         +|   0|  0|   21|          14|          13|
    |add_ln1347_18_fu_2502_p2          |         +|   0|  0|   21|          14|          13|
    |add_ln1347_19_fu_2584_p2          |         +|   0|  0|   21|          14|          13|
    |add_ln1347_1_fu_1108_p2           |         +|   0|  0|   21|          14|          13|
    |add_ln1347_20_fu_2666_p2          |         +|   0|  0|   21|          14|          13|
    |add_ln1347_21_fu_2748_p2          |         +|   0|  0|   21|          14|          13|
    |add_ln1347_22_fu_2830_p2          |         +|   0|  0|   21|          14|          13|
    |add_ln1347_23_fu_2912_p2          |         +|   0|  0|   21|          14|          13|
    |add_ln1347_24_fu_2994_p2          |         +|   0|  0|   21|          14|          13|
    |add_ln1347_25_fu_3076_p2          |         +|   0|  0|   21|          14|          13|
    |add_ln1347_26_fu_3158_p2          |         +|   0|  0|   21|          14|          13|
    |add_ln1347_27_fu_3240_p2          |         +|   0|  0|   21|          14|          13|
    |add_ln1347_28_fu_3322_p2          |         +|   0|  0|   21|          14|          13|
    |add_ln1347_29_fu_3404_p2          |         +|   0|  0|   21|          14|          13|
    |add_ln1347_2_fu_1190_p2           |         +|   0|  0|   21|          14|          13|
    |add_ln1347_30_fu_3486_p2          |         +|   0|  0|   21|          14|          13|
    |add_ln1347_31_fu_3568_p2          |         +|   0|  0|   21|          14|          13|
    |add_ln1347_32_fu_3650_p2          |         +|   0|  0|   21|          14|          13|
    |add_ln1347_33_fu_3732_p2          |         +|   0|  0|   21|          14|          13|
    |add_ln1347_34_fu_3814_p2          |         +|   0|  0|   21|          14|          13|
    |add_ln1347_35_fu_3896_p2          |         +|   0|  0|   21|          14|          13|
    |add_ln1347_36_fu_3978_p2          |         +|   0|  0|   21|          14|          13|
    |add_ln1347_37_fu_4060_p2          |         +|   0|  0|   21|          14|          13|
    |add_ln1347_38_fu_4142_p2          |         +|   0|  0|   21|          14|          13|
    |add_ln1347_39_fu_4224_p2          |         +|   0|  0|   21|          14|          13|
    |add_ln1347_3_fu_1272_p2           |         +|   0|  0|   21|          14|          13|
    |add_ln1347_40_fu_4306_p2          |         +|   0|  0|   21|          14|          13|
    |add_ln1347_41_fu_4388_p2          |         +|   0|  0|   21|          14|          13|
    |add_ln1347_42_fu_4470_p2          |         +|   0|  0|   21|          14|          13|
    |add_ln1347_43_fu_4552_p2          |         +|   0|  0|   21|          14|          13|
    |add_ln1347_44_fu_4634_p2          |         +|   0|  0|   21|          14|          13|
    |add_ln1347_45_fu_4716_p2          |         +|   0|  0|   21|          14|          13|
    |add_ln1347_46_fu_4798_p2          |         +|   0|  0|   21|          14|          13|
    |add_ln1347_47_fu_4880_p2          |         +|   0|  0|   21|          14|          13|
    |add_ln1347_48_fu_4962_p2          |         +|   0|  0|   21|          14|          13|
    |add_ln1347_49_fu_5044_p2          |         +|   0|  0|   21|          14|          13|
    |add_ln1347_4_fu_1354_p2           |         +|   0|  0|   21|          14|          13|
    |add_ln1347_50_fu_5126_p2          |         +|   0|  0|   21|          14|          13|
    |add_ln1347_51_fu_5208_p2          |         +|   0|  0|   21|          14|          13|
    |add_ln1347_52_fu_5290_p2          |         +|   0|  0|   21|          14|          13|
    |add_ln1347_53_fu_5372_p2          |         +|   0|  0|   21|          14|          13|
    |add_ln1347_54_fu_5454_p2          |         +|   0|  0|   21|          14|          13|
    |add_ln1347_55_fu_5536_p2          |         +|   0|  0|   21|          14|          13|
    |add_ln1347_56_fu_5618_p2          |         +|   0|  0|   21|          14|          13|
    |add_ln1347_57_fu_5700_p2          |         +|   0|  0|   21|          14|          13|
    |add_ln1347_58_fu_5782_p2          |         +|   0|  0|   21|          14|          13|
    |add_ln1347_59_fu_5864_p2          |         +|   0|  0|   21|          14|          13|
    |add_ln1347_5_fu_1436_p2           |         +|   0|  0|   21|          14|          13|
    |add_ln1347_60_fu_5946_p2          |         +|   0|  0|   21|          14|          13|
    |add_ln1347_61_fu_6028_p2          |         +|   0|  0|   21|          14|          13|
    |add_ln1347_62_fu_6110_p2          |         +|   0|  0|   21|          14|          13|
    |add_ln1347_63_fu_6192_p2          |         +|   0|  0|   21|          14|          13|
    |add_ln1347_64_fu_6274_p2          |         +|   0|  0|   21|          14|          13|
    |add_ln1347_65_fu_6356_p2          |         +|   0|  0|   21|          14|          13|
    |add_ln1347_66_fu_6438_p2          |         +|   0|  0|   21|          14|          13|
    |add_ln1347_67_fu_6520_p2          |         +|   0|  0|   21|          14|          13|
    |add_ln1347_68_fu_6602_p2          |         +|   0|  0|   21|          14|          13|
    |add_ln1347_69_fu_6684_p2          |         +|   0|  0|   21|          14|          13|
    |add_ln1347_6_fu_1518_p2           |         +|   0|  0|   21|          14|          13|
    |add_ln1347_70_fu_6766_p2          |         +|   0|  0|   21|          14|          13|
    |add_ln1347_71_fu_6848_p2          |         +|   0|  0|   21|          14|          13|
    |add_ln1347_72_fu_6930_p2          |         +|   0|  0|   21|          14|          13|
    |add_ln1347_73_fu_7012_p2          |         +|   0|  0|   21|          14|          13|
    |add_ln1347_74_fu_7094_p2          |         +|   0|  0|   21|          14|          13|
    |add_ln1347_75_fu_7176_p2          |         +|   0|  0|   21|          14|          13|
    |add_ln1347_76_fu_7258_p2          |         +|   0|  0|   21|          14|          13|
    |add_ln1347_77_fu_7340_p2          |         +|   0|  0|   21|          14|          13|
    |add_ln1347_78_fu_7422_p2          |         +|   0|  0|   21|          14|          13|
    |add_ln1347_79_fu_7504_p2          |         +|   0|  0|   21|          14|          13|
    |add_ln1347_7_fu_1600_p2           |         +|   0|  0|   21|          14|          13|
    |add_ln1347_80_fu_7586_p2          |         +|   0|  0|   21|          14|          13|
    |add_ln1347_81_fu_7668_p2          |         +|   0|  0|   21|          14|          13|
    |add_ln1347_82_fu_7750_p2          |         +|   0|  0|   21|          14|          13|
    |add_ln1347_83_fu_7832_p2          |         +|   0|  0|   21|          14|          13|
    |add_ln1347_84_fu_7914_p2          |         +|   0|  0|   21|          14|          13|
    |add_ln1347_85_fu_7996_p2          |         +|   0|  0|   21|          14|          13|
    |add_ln1347_86_fu_8078_p2          |         +|   0|  0|   21|          14|          13|
    |add_ln1347_87_fu_8160_p2          |         +|   0|  0|   21|          14|          13|
    |add_ln1347_88_fu_8242_p2          |         +|   0|  0|   21|          14|          13|
    |add_ln1347_89_fu_8324_p2          |         +|   0|  0|   21|          14|          13|
    |add_ln1347_8_fu_1682_p2           |         +|   0|  0|   21|          14|          13|
    |add_ln1347_90_fu_8406_p2          |         +|   0|  0|   21|          14|          13|
    |add_ln1347_91_fu_8488_p2          |         +|   0|  0|   21|          14|          13|
    |add_ln1347_92_fu_8570_p2          |         +|   0|  0|   21|          14|          13|
    |add_ln1347_93_fu_8652_p2          |         +|   0|  0|   21|          14|          13|
    |add_ln1347_94_fu_8734_p2          |         +|   0|  0|   21|          14|          13|
    |add_ln1347_95_fu_8816_p2          |         +|   0|  0|   21|          14|          13|
    |add_ln1347_96_fu_8898_p2          |         +|   0|  0|   21|          14|          13|
    |add_ln1347_97_fu_8980_p2          |         +|   0|  0|   21|          14|          13|
    |add_ln1347_98_fu_9062_p2          |         +|   0|  0|   21|          14|          13|
    |add_ln1347_99_fu_9144_p2          |         +|   0|  0|   21|          14|          13|
    |add_ln1347_9_fu_1764_p2           |         +|   0|  0|   21|          14|          13|
    |p_Val2_1001_fu_23078_p2           |         +|   0|  0|   15|           8|           8|
    |p_Val2_1004_fu_23176_p2           |         +|   0|  0|   15|           8|           8|
    |p_Val2_1007_fu_23274_p2           |         +|   0|  0|   15|           8|           8|
    |p_Val2_1010_fu_23372_p2           |         +|   0|  0|   15|           8|           8|
    |p_Val2_1013_fu_23470_p2           |         +|   0|  0|   15|           8|           8|
    |p_Val2_1016_fu_23568_p2           |         +|   0|  0|   15|           8|           8|
    |p_Val2_1019_fu_23666_p2           |         +|   0|  0|   15|           8|           8|
    |p_Val2_1022_fu_23764_p2           |         +|   0|  0|   15|           8|           8|
    |p_Val2_1025_fu_23862_p2           |         +|   0|  0|   15|           8|           8|
    |p_Val2_1028_fu_23960_p2           |         +|   0|  0|   15|           8|           8|
    |p_Val2_1031_fu_24058_p2           |         +|   0|  0|   15|           8|           8|
    |p_Val2_650_fu_11612_p2            |         +|   0|  0|   15|           8|           8|
    |p_Val2_653_fu_11710_p2            |         +|   0|  0|   15|           8|           8|
    |p_Val2_656_fu_11808_p2            |         +|   0|  0|   15|           8|           8|
    |p_Val2_659_fu_11906_p2            |         +|   0|  0|   15|           8|           8|
    |p_Val2_662_fu_12004_p2            |         +|   0|  0|   15|           8|           8|
    |p_Val2_665_fu_12102_p2            |         +|   0|  0|   15|           8|           8|
    |p_Val2_668_fu_12200_p2            |         +|   0|  0|   15|           8|           8|
    |p_Val2_671_fu_12298_p2            |         +|   0|  0|   15|           8|           8|
    |p_Val2_674_fu_12396_p2            |         +|   0|  0|   15|           8|           8|
    |p_Val2_677_fu_12494_p2            |         +|   0|  0|   15|           8|           8|
    |p_Val2_680_fu_12592_p2            |         +|   0|  0|   15|           8|           8|
    |p_Val2_683_fu_12690_p2            |         +|   0|  0|   15|           8|           8|
    |p_Val2_686_fu_12788_p2            |         +|   0|  0|   15|           8|           8|
    |p_Val2_689_fu_12886_p2            |         +|   0|  0|   15|           8|           8|
    |p_Val2_692_fu_12984_p2            |         +|   0|  0|   15|           8|           8|
    |p_Val2_695_fu_13082_p2            |         +|   0|  0|   15|           8|           8|
    |p_Val2_698_fu_13180_p2            |         +|   0|  0|   15|           8|           8|
    |p_Val2_701_fu_13278_p2            |         +|   0|  0|   15|           8|           8|
    |p_Val2_704_fu_13376_p2            |         +|   0|  0|   15|           8|           8|
    |p_Val2_707_fu_13474_p2            |         +|   0|  0|   15|           8|           8|
    |p_Val2_710_fu_13572_p2            |         +|   0|  0|   15|           8|           8|
    |p_Val2_713_fu_13670_p2            |         +|   0|  0|   15|           8|           8|
    |p_Val2_716_fu_13768_p2            |         +|   0|  0|   15|           8|           8|
    |p_Val2_719_fu_13866_p2            |         +|   0|  0|   15|           8|           8|
    |p_Val2_722_fu_13964_p2            |         +|   0|  0|   15|           8|           8|
    |p_Val2_725_fu_14062_p2            |         +|   0|  0|   15|           8|           8|
    |p_Val2_728_fu_14160_p2            |         +|   0|  0|   15|           8|           8|
    |p_Val2_731_fu_14258_p2            |         +|   0|  0|   15|           8|           8|
    |p_Val2_734_fu_14356_p2            |         +|   0|  0|   15|           8|           8|
    |p_Val2_737_fu_14454_p2            |         +|   0|  0|   15|           8|           8|
    |p_Val2_740_fu_14552_p2            |         +|   0|  0|   15|           8|           8|
    |p_Val2_743_fu_14650_p2            |         +|   0|  0|   15|           8|           8|
    |p_Val2_746_fu_14748_p2            |         +|   0|  0|   15|           8|           8|
    |p_Val2_749_fu_14846_p2            |         +|   0|  0|   15|           8|           8|
    |p_Val2_752_fu_14944_p2            |         +|   0|  0|   15|           8|           8|
    |p_Val2_755_fu_15042_p2            |         +|   0|  0|   15|           8|           8|
    |p_Val2_758_fu_15140_p2            |         +|   0|  0|   15|           8|           8|
    |p_Val2_761_fu_15238_p2            |         +|   0|  0|   15|           8|           8|
    |p_Val2_764_fu_15336_p2            |         +|   0|  0|   15|           8|           8|
    |p_Val2_767_fu_15434_p2            |         +|   0|  0|   15|           8|           8|
    |p_Val2_770_fu_15532_p2            |         +|   0|  0|   15|           8|           8|
    |p_Val2_773_fu_15630_p2            |         +|   0|  0|   15|           8|           8|
    |p_Val2_776_fu_15728_p2            |         +|   0|  0|   15|           8|           8|
    |p_Val2_779_fu_15826_p2            |         +|   0|  0|   15|           8|           8|
    |p_Val2_782_fu_15924_p2            |         +|   0|  0|   15|           8|           8|
    |p_Val2_785_fu_16022_p2            |         +|   0|  0|   15|           8|           8|
    |p_Val2_788_fu_16120_p2            |         +|   0|  0|   15|           8|           8|
    |p_Val2_791_fu_16218_p2            |         +|   0|  0|   15|           8|           8|
    |p_Val2_794_fu_16316_p2            |         +|   0|  0|   15|           8|           8|
    |p_Val2_797_fu_16414_p2            |         +|   0|  0|   15|           8|           8|
    |p_Val2_800_fu_16512_p2            |         +|   0|  0|   15|           8|           8|
    |p_Val2_803_fu_16610_p2            |         +|   0|  0|   15|           8|           8|
    |p_Val2_806_fu_16708_p2            |         +|   0|  0|   15|           8|           8|
    |p_Val2_809_fu_16806_p2            |         +|   0|  0|   15|           8|           8|
    |p_Val2_812_fu_16904_p2            |         +|   0|  0|   15|           8|           8|
    |p_Val2_815_fu_17002_p2            |         +|   0|  0|   15|           8|           8|
    |p_Val2_818_fu_17100_p2            |         +|   0|  0|   15|           8|           8|
    |p_Val2_821_fu_17198_p2            |         +|   0|  0|   15|           8|           8|
    |p_Val2_824_fu_17296_p2            |         +|   0|  0|   15|           8|           8|
    |p_Val2_827_fu_17394_p2            |         +|   0|  0|   15|           8|           8|
    |p_Val2_830_fu_17492_p2            |         +|   0|  0|   15|           8|           8|
    |p_Val2_833_fu_17590_p2            |         +|   0|  0|   15|           8|           8|
    |p_Val2_836_fu_17688_p2            |         +|   0|  0|   15|           8|           8|
    |p_Val2_839_fu_17786_p2            |         +|   0|  0|   15|           8|           8|
    |p_Val2_842_fu_17884_p2            |         +|   0|  0|   15|           8|           8|
    |p_Val2_845_fu_17982_p2            |         +|   0|  0|   15|           8|           8|
    |p_Val2_848_fu_18080_p2            |         +|   0|  0|   15|           8|           8|
    |p_Val2_851_fu_18178_p2            |         +|   0|  0|   15|           8|           8|
    |p_Val2_854_fu_18276_p2            |         +|   0|  0|   15|           8|           8|
    |p_Val2_857_fu_18374_p2            |         +|   0|  0|   15|           8|           8|
    |p_Val2_860_fu_18472_p2            |         +|   0|  0|   15|           8|           8|
    |p_Val2_863_fu_18570_p2            |         +|   0|  0|   15|           8|           8|
    |p_Val2_866_fu_18668_p2            |         +|   0|  0|   15|           8|           8|
    |p_Val2_869_fu_18766_p2            |         +|   0|  0|   15|           8|           8|
    |p_Val2_872_fu_18864_p2            |         +|   0|  0|   15|           8|           8|
    |p_Val2_875_fu_18962_p2            |         +|   0|  0|   15|           8|           8|
    |p_Val2_878_fu_19060_p2            |         +|   0|  0|   15|           8|           8|
    |p_Val2_881_fu_19158_p2            |         +|   0|  0|   15|           8|           8|
    |p_Val2_884_fu_19256_p2            |         +|   0|  0|   15|           8|           8|
    |p_Val2_887_fu_19354_p2            |         +|   0|  0|   15|           8|           8|
    |p_Val2_890_fu_19452_p2            |         +|   0|  0|   15|           8|           8|
    |p_Val2_893_fu_19550_p2            |         +|   0|  0|   15|           8|           8|
    |p_Val2_896_fu_19648_p2            |         +|   0|  0|   15|           8|           8|
    |p_Val2_899_fu_19746_p2            |         +|   0|  0|   15|           8|           8|
    |p_Val2_902_fu_19844_p2            |         +|   0|  0|   15|           8|           8|
    |p_Val2_905_fu_19942_p2            |         +|   0|  0|   15|           8|           8|
    |p_Val2_908_fu_20040_p2            |         +|   0|  0|   15|           8|           8|
    |p_Val2_911_fu_20138_p2            |         +|   0|  0|   15|           8|           8|
    |p_Val2_914_fu_20236_p2            |         +|   0|  0|   15|           8|           8|
    |p_Val2_917_fu_20334_p2            |         +|   0|  0|   15|           8|           8|
    |p_Val2_920_fu_20432_p2            |         +|   0|  0|   15|           8|           8|
    |p_Val2_923_fu_20530_p2            |         +|   0|  0|   15|           8|           8|
    |p_Val2_926_fu_20628_p2            |         +|   0|  0|   15|           8|           8|
    |p_Val2_929_fu_20726_p2            |         +|   0|  0|   15|           8|           8|
    |p_Val2_932_fu_20824_p2            |         +|   0|  0|   15|           8|           8|
    |p_Val2_935_fu_20922_p2            |         +|   0|  0|   15|           8|           8|
    |p_Val2_938_fu_21020_p2            |         +|   0|  0|   15|           8|           8|
    |p_Val2_941_fu_21118_p2            |         +|   0|  0|   15|           8|           8|
    |p_Val2_944_fu_21216_p2            |         +|   0|  0|   15|           8|           8|
    |p_Val2_947_fu_21314_p2            |         +|   0|  0|   15|           8|           8|
    |p_Val2_950_fu_21412_p2            |         +|   0|  0|   15|           8|           8|
    |p_Val2_953_fu_21510_p2            |         +|   0|  0|   15|           8|           8|
    |p_Val2_956_fu_21608_p2            |         +|   0|  0|   15|           8|           8|
    |p_Val2_959_fu_21706_p2            |         +|   0|  0|   15|           8|           8|
    |p_Val2_962_fu_21804_p2            |         +|   0|  0|   15|           8|           8|
    |p_Val2_965_fu_21902_p2            |         +|   0|  0|   15|           8|           8|
    |p_Val2_968_fu_22000_p2            |         +|   0|  0|   15|           8|           8|
    |p_Val2_971_fu_22098_p2            |         +|   0|  0|   15|           8|           8|
    |p_Val2_974_fu_22196_p2            |         +|   0|  0|   15|           8|           8|
    |p_Val2_977_fu_22294_p2            |         +|   0|  0|   15|           8|           8|
    |p_Val2_980_fu_22392_p2            |         +|   0|  0|   15|           8|           8|
    |p_Val2_983_fu_22490_p2            |         +|   0|  0|   15|           8|           8|
    |p_Val2_986_fu_22588_p2            |         +|   0|  0|   15|           8|           8|
    |p_Val2_989_fu_22686_p2            |         +|   0|  0|   15|           8|           8|
    |p_Val2_992_fu_22784_p2            |         +|   0|  0|   15|           8|           8|
    |p_Val2_995_fu_22882_p2            |         +|   0|  0|   15|           8|           8|
    |p_Val2_998_fu_22980_p2            |         +|   0|  0|   15|           8|           8|
    |ret_V_100_fu_9302_p2              |         +|   0|  0|   32|          25|          13|
    |ret_V_101_fu_9384_p2              |         +|   0|  0|   32|          25|          13|
    |ret_V_102_fu_9466_p2              |         +|   0|  0|   32|          25|          13|
    |ret_V_103_fu_9548_p2              |         +|   0|  0|   32|          25|          13|
    |ret_V_104_fu_9630_p2              |         +|   0|  0|   32|          25|          13|
    |ret_V_105_fu_9712_p2              |         +|   0|  0|   32|          25|          13|
    |ret_V_106_fu_9794_p2              |         +|   0|  0|   32|          25|          13|
    |ret_V_107_fu_9876_p2              |         +|   0|  0|   32|          25|          13|
    |ret_V_108_fu_9958_p2              |         +|   0|  0|   32|          25|          13|
    |ret_V_109_fu_10040_p2             |         +|   0|  0|   32|          25|          13|
    |ret_V_10_fu_1922_p2               |         +|   0|  0|   32|          25|          13|
    |ret_V_110_fu_10122_p2             |         +|   0|  0|   32|          25|          13|
    |ret_V_111_fu_10204_p2             |         +|   0|  0|   32|          25|          13|
    |ret_V_112_fu_10286_p2             |         +|   0|  0|   32|          25|          13|
    |ret_V_113_fu_10368_p2             |         +|   0|  0|   32|          25|          13|
    |ret_V_114_fu_10450_p2             |         +|   0|  0|   32|          25|          13|
    |ret_V_115_fu_10532_p2             |         +|   0|  0|   32|          25|          13|
    |ret_V_116_fu_10614_p2             |         +|   0|  0|   32|          25|          13|
    |ret_V_117_fu_10696_p2             |         +|   0|  0|   32|          25|          13|
    |ret_V_118_fu_10778_p2             |         +|   0|  0|   32|          25|          13|
    |ret_V_119_fu_10860_p2             |         +|   0|  0|   32|          25|          13|
    |ret_V_11_fu_2004_p2               |         +|   0|  0|   32|          25|          13|
    |ret_V_120_fu_10942_p2             |         +|   0|  0|   32|          25|          13|
    |ret_V_121_fu_11024_p2             |         +|   0|  0|   32|          25|          13|
    |ret_V_122_fu_11106_p2             |         +|   0|  0|   32|          25|          13|
    |ret_V_123_fu_11188_p2             |         +|   0|  0|   32|          25|          13|
    |ret_V_124_fu_11270_p2             |         +|   0|  0|   32|          25|          13|
    |ret_V_125_fu_11352_p2             |         +|   0|  0|   32|          25|          13|
    |ret_V_126_fu_11434_p2             |         +|   0|  0|   32|          25|          13|
    |ret_V_127_fu_11516_p2             |         +|   0|  0|   32|          25|          13|
    |ret_V_12_fu_2086_p2               |         +|   0|  0|   32|          25|          13|
    |ret_V_13_fu_2168_p2               |         +|   0|  0|   32|          25|          13|
    |ret_V_14_fu_2250_p2               |         +|   0|  0|   32|          25|          13|
    |ret_V_15_fu_2332_p2               |         +|   0|  0|   32|          25|          13|
    |ret_V_16_fu_2414_p2               |         +|   0|  0|   32|          25|          13|
    |ret_V_17_fu_2496_p2               |         +|   0|  0|   32|          25|          13|
    |ret_V_18_fu_2578_p2               |         +|   0|  0|   32|          25|          13|
    |ret_V_19_fu_2660_p2               |         +|   0|  0|   32|          25|          13|
    |ret_V_1_fu_1184_p2                |         +|   0|  0|   32|          25|          13|
    |ret_V_20_fu_2742_p2               |         +|   0|  0|   32|          25|          13|
    |ret_V_21_fu_2824_p2               |         +|   0|  0|   32|          25|          13|
    |ret_V_22_fu_2906_p2               |         +|   0|  0|   32|          25|          13|
    |ret_V_23_fu_2988_p2               |         +|   0|  0|   32|          25|          13|
    |ret_V_24_fu_3070_p2               |         +|   0|  0|   32|          25|          13|
    |ret_V_25_fu_3152_p2               |         +|   0|  0|   32|          25|          13|
    |ret_V_26_fu_3234_p2               |         +|   0|  0|   32|          25|          13|
    |ret_V_27_fu_3316_p2               |         +|   0|  0|   32|          25|          13|
    |ret_V_28_fu_3398_p2               |         +|   0|  0|   32|          25|          13|
    |ret_V_29_fu_3480_p2               |         +|   0|  0|   32|          25|          13|
    |ret_V_2_fu_1266_p2                |         +|   0|  0|   32|          25|          13|
    |ret_V_30_fu_3562_p2               |         +|   0|  0|   32|          25|          13|
    |ret_V_31_fu_3644_p2               |         +|   0|  0|   32|          25|          13|
    |ret_V_32_fu_3726_p2               |         +|   0|  0|   32|          25|          13|
    |ret_V_33_fu_3808_p2               |         +|   0|  0|   32|          25|          13|
    |ret_V_34_fu_3890_p2               |         +|   0|  0|   32|          25|          13|
    |ret_V_35_fu_3972_p2               |         +|   0|  0|   32|          25|          13|
    |ret_V_36_fu_4054_p2               |         +|   0|  0|   32|          25|          13|
    |ret_V_37_fu_4136_p2               |         +|   0|  0|   32|          25|          13|
    |ret_V_38_fu_4218_p2               |         +|   0|  0|   32|          25|          13|
    |ret_V_39_fu_4300_p2               |         +|   0|  0|   32|          25|          13|
    |ret_V_3_fu_1348_p2                |         +|   0|  0|   32|          25|          13|
    |ret_V_40_fu_4382_p2               |         +|   0|  0|   32|          25|          13|
    |ret_V_41_fu_4464_p2               |         +|   0|  0|   32|          25|          13|
    |ret_V_42_fu_4546_p2               |         +|   0|  0|   32|          25|          13|
    |ret_V_43_fu_4628_p2               |         +|   0|  0|   32|          25|          13|
    |ret_V_44_fu_4710_p2               |         +|   0|  0|   32|          25|          13|
    |ret_V_45_fu_4792_p2               |         +|   0|  0|   32|          25|          13|
    |ret_V_46_fu_4874_p2               |         +|   0|  0|   32|          25|          13|
    |ret_V_47_fu_4956_p2               |         +|   0|  0|   32|          25|          13|
    |ret_V_48_fu_5038_p2               |         +|   0|  0|   32|          25|          13|
    |ret_V_49_fu_5120_p2               |         +|   0|  0|   32|          25|          13|
    |ret_V_4_fu_1430_p2                |         +|   0|  0|   32|          25|          13|
    |ret_V_50_fu_5202_p2               |         +|   0|  0|   32|          25|          13|
    |ret_V_51_fu_5284_p2               |         +|   0|  0|   32|          25|          13|
    |ret_V_52_fu_5366_p2               |         +|   0|  0|   32|          25|          13|
    |ret_V_53_fu_5448_p2               |         +|   0|  0|   32|          25|          13|
    |ret_V_54_fu_5530_p2               |         +|   0|  0|   32|          25|          13|
    |ret_V_55_fu_5612_p2               |         +|   0|  0|   32|          25|          13|
    |ret_V_56_fu_5694_p2               |         +|   0|  0|   32|          25|          13|
    |ret_V_57_fu_5776_p2               |         +|   0|  0|   32|          25|          13|
    |ret_V_58_fu_5858_p2               |         +|   0|  0|   32|          25|          13|
    |ret_V_59_fu_5940_p2               |         +|   0|  0|   32|          25|          13|
    |ret_V_5_fu_1512_p2                |         +|   0|  0|   32|          25|          13|
    |ret_V_60_fu_6022_p2               |         +|   0|  0|   32|          25|          13|
    |ret_V_61_fu_6104_p2               |         +|   0|  0|   32|          25|          13|
    |ret_V_62_fu_6186_p2               |         +|   0|  0|   32|          25|          13|
    |ret_V_63_fu_6268_p2               |         +|   0|  0|   32|          25|          13|
    |ret_V_64_fu_6350_p2               |         +|   0|  0|   32|          25|          13|
    |ret_V_65_fu_6432_p2               |         +|   0|  0|   32|          25|          13|
    |ret_V_66_fu_6514_p2               |         +|   0|  0|   32|          25|          13|
    |ret_V_67_fu_6596_p2               |         +|   0|  0|   32|          25|          13|
    |ret_V_68_fu_6678_p2               |         +|   0|  0|   32|          25|          13|
    |ret_V_69_fu_6760_p2               |         +|   0|  0|   32|          25|          13|
    |ret_V_6_fu_1594_p2                |         +|   0|  0|   32|          25|          13|
    |ret_V_70_fu_6842_p2               |         +|   0|  0|   32|          25|          13|
    |ret_V_71_fu_6924_p2               |         +|   0|  0|   32|          25|          13|
    |ret_V_72_fu_7006_p2               |         +|   0|  0|   32|          25|          13|
    |ret_V_73_fu_7088_p2               |         +|   0|  0|   32|          25|          13|
    |ret_V_74_fu_7170_p2               |         +|   0|  0|   32|          25|          13|
    |ret_V_75_fu_7252_p2               |         +|   0|  0|   32|          25|          13|
    |ret_V_76_fu_7334_p2               |         +|   0|  0|   32|          25|          13|
    |ret_V_77_fu_7416_p2               |         +|   0|  0|   32|          25|          13|
    |ret_V_78_fu_7498_p2               |         +|   0|  0|   32|          25|          13|
    |ret_V_79_fu_7580_p2               |         +|   0|  0|   32|          25|          13|
    |ret_V_7_fu_1676_p2                |         +|   0|  0|   32|          25|          13|
    |ret_V_80_fu_7662_p2               |         +|   0|  0|   32|          25|          13|
    |ret_V_81_fu_7744_p2               |         +|   0|  0|   32|          25|          13|
    |ret_V_82_fu_7826_p2               |         +|   0|  0|   32|          25|          13|
    |ret_V_83_fu_7908_p2               |         +|   0|  0|   32|          25|          13|
    |ret_V_84_fu_7990_p2               |         +|   0|  0|   32|          25|          13|
    |ret_V_85_fu_8072_p2               |         +|   0|  0|   32|          25|          13|
    |ret_V_86_fu_8154_p2               |         +|   0|  0|   32|          25|          13|
    |ret_V_87_fu_8236_p2               |         +|   0|  0|   32|          25|          13|
    |ret_V_88_fu_8318_p2               |         +|   0|  0|   32|          25|          13|
    |ret_V_89_fu_8400_p2               |         +|   0|  0|   32|          25|          13|
    |ret_V_8_fu_1758_p2                |         +|   0|  0|   32|          25|          13|
    |ret_V_90_fu_8482_p2               |         +|   0|  0|   32|          25|          13|
    |ret_V_91_fu_8564_p2               |         +|   0|  0|   32|          25|          13|
    |ret_V_92_fu_8646_p2               |         +|   0|  0|   32|          25|          13|
    |ret_V_93_fu_8728_p2               |         +|   0|  0|   32|          25|          13|
    |ret_V_94_fu_8810_p2               |         +|   0|  0|   32|          25|          13|
    |ret_V_95_fu_8892_p2               |         +|   0|  0|   32|          25|          13|
    |ret_V_96_fu_8974_p2               |         +|   0|  0|   32|          25|          13|
    |ret_V_97_fu_9056_p2               |         +|   0|  0|   32|          25|          13|
    |ret_V_98_fu_9138_p2               |         +|   0|  0|   32|          25|          13|
    |ret_V_99_fu_9220_p2               |         +|   0|  0|   32|          25|          13|
    |ret_V_9_fu_1840_p2                |         +|   0|  0|   32|          25|          13|
    |ret_V_fu_1102_p2                  |         +|   0|  0|   32|          25|          13|
    |and_ln374_194_fu_11700_p2         |       and|   0|  0|    2|           1|           1|
    |and_ln374_195_fu_11798_p2         |       and|   0|  0|    2|           1|           1|
    |and_ln374_196_fu_11896_p2         |       and|   0|  0|    2|           1|           1|
    |and_ln374_197_fu_11994_p2         |       and|   0|  0|    2|           1|           1|
    |and_ln374_198_fu_12092_p2         |       and|   0|  0|    2|           1|           1|
    |and_ln374_199_fu_12190_p2         |       and|   0|  0|    2|           1|           1|
    |and_ln374_200_fu_12288_p2         |       and|   0|  0|    2|           1|           1|
    |and_ln374_201_fu_12386_p2         |       and|   0|  0|    2|           1|           1|
    |and_ln374_202_fu_12484_p2         |       and|   0|  0|    2|           1|           1|
    |and_ln374_203_fu_12582_p2         |       and|   0|  0|    2|           1|           1|
    |and_ln374_204_fu_12680_p2         |       and|   0|  0|    2|           1|           1|
    |and_ln374_205_fu_12778_p2         |       and|   0|  0|    2|           1|           1|
    |and_ln374_206_fu_12876_p2         |       and|   0|  0|    2|           1|           1|
    |and_ln374_207_fu_12974_p2         |       and|   0|  0|    2|           1|           1|
    |and_ln374_208_fu_13072_p2         |       and|   0|  0|    2|           1|           1|
    |and_ln374_209_fu_13170_p2         |       and|   0|  0|    2|           1|           1|
    |and_ln374_210_fu_13268_p2         |       and|   0|  0|    2|           1|           1|
    |and_ln374_211_fu_13366_p2         |       and|   0|  0|    2|           1|           1|
    |and_ln374_212_fu_13464_p2         |       and|   0|  0|    2|           1|           1|
    |and_ln374_213_fu_13562_p2         |       and|   0|  0|    2|           1|           1|
    |and_ln374_214_fu_13660_p2         |       and|   0|  0|    2|           1|           1|
    |and_ln374_215_fu_13758_p2         |       and|   0|  0|    2|           1|           1|
    |and_ln374_216_fu_13856_p2         |       and|   0|  0|    2|           1|           1|
    |and_ln374_217_fu_13954_p2         |       and|   0|  0|    2|           1|           1|
    |and_ln374_218_fu_14052_p2         |       and|   0|  0|    2|           1|           1|
    |and_ln374_219_fu_14150_p2         |       and|   0|  0|    2|           1|           1|
    |and_ln374_220_fu_14248_p2         |       and|   0|  0|    2|           1|           1|
    |and_ln374_221_fu_14346_p2         |       and|   0|  0|    2|           1|           1|
    |and_ln374_222_fu_14444_p2         |       and|   0|  0|    2|           1|           1|
    |and_ln374_223_fu_14542_p2         |       and|   0|  0|    2|           1|           1|
    |and_ln374_224_fu_14640_p2         |       and|   0|  0|    2|           1|           1|
    |and_ln374_225_fu_14738_p2         |       and|   0|  0|    2|           1|           1|
    |and_ln374_226_fu_14836_p2         |       and|   0|  0|    2|           1|           1|
    |and_ln374_227_fu_14934_p2         |       and|   0|  0|    2|           1|           1|
    |and_ln374_228_fu_15032_p2         |       and|   0|  0|    2|           1|           1|
    |and_ln374_229_fu_15130_p2         |       and|   0|  0|    2|           1|           1|
    |and_ln374_230_fu_15228_p2         |       and|   0|  0|    2|           1|           1|
    |and_ln374_231_fu_15326_p2         |       and|   0|  0|    2|           1|           1|
    |and_ln374_232_fu_15424_p2         |       and|   0|  0|    2|           1|           1|
    |and_ln374_233_fu_15522_p2         |       and|   0|  0|    2|           1|           1|
    |and_ln374_234_fu_15620_p2         |       and|   0|  0|    2|           1|           1|
    |and_ln374_235_fu_15718_p2         |       and|   0|  0|    2|           1|           1|
    |and_ln374_236_fu_15816_p2         |       and|   0|  0|    2|           1|           1|
    |and_ln374_237_fu_15914_p2         |       and|   0|  0|    2|           1|           1|
    |and_ln374_238_fu_16012_p2         |       and|   0|  0|    2|           1|           1|
    |and_ln374_239_fu_16110_p2         |       and|   0|  0|    2|           1|           1|
    |and_ln374_240_fu_16208_p2         |       and|   0|  0|    2|           1|           1|
    |and_ln374_241_fu_16306_p2         |       and|   0|  0|    2|           1|           1|
    |and_ln374_242_fu_16404_p2         |       and|   0|  0|    2|           1|           1|
    |and_ln374_243_fu_16502_p2         |       and|   0|  0|    2|           1|           1|
    |and_ln374_244_fu_16600_p2         |       and|   0|  0|    2|           1|           1|
    |and_ln374_245_fu_16698_p2         |       and|   0|  0|    2|           1|           1|
    |and_ln374_246_fu_16796_p2         |       and|   0|  0|    2|           1|           1|
    |and_ln374_247_fu_16894_p2         |       and|   0|  0|    2|           1|           1|
    |and_ln374_248_fu_16992_p2         |       and|   0|  0|    2|           1|           1|
    |and_ln374_249_fu_17090_p2         |       and|   0|  0|    2|           1|           1|
    |and_ln374_250_fu_17188_p2         |       and|   0|  0|    2|           1|           1|
    |and_ln374_251_fu_17286_p2         |       and|   0|  0|    2|           1|           1|
    |and_ln374_252_fu_17384_p2         |       and|   0|  0|    2|           1|           1|
    |and_ln374_253_fu_17482_p2         |       and|   0|  0|    2|           1|           1|
    |and_ln374_254_fu_17580_p2         |       and|   0|  0|    2|           1|           1|
    |and_ln374_255_fu_17678_p2         |       and|   0|  0|    2|           1|           1|
    |and_ln374_256_fu_17776_p2         |       and|   0|  0|    2|           1|           1|
    |and_ln374_257_fu_17874_p2         |       and|   0|  0|    2|           1|           1|
    |and_ln374_258_fu_17972_p2         |       and|   0|  0|    2|           1|           1|
    |and_ln374_259_fu_18070_p2         |       and|   0|  0|    2|           1|           1|
    |and_ln374_260_fu_18168_p2         |       and|   0|  0|    2|           1|           1|
    |and_ln374_261_fu_18266_p2         |       and|   0|  0|    2|           1|           1|
    |and_ln374_262_fu_18364_p2         |       and|   0|  0|    2|           1|           1|
    |and_ln374_263_fu_18462_p2         |       and|   0|  0|    2|           1|           1|
    |and_ln374_264_fu_18560_p2         |       and|   0|  0|    2|           1|           1|
    |and_ln374_265_fu_18658_p2         |       and|   0|  0|    2|           1|           1|
    |and_ln374_266_fu_18756_p2         |       and|   0|  0|    2|           1|           1|
    |and_ln374_267_fu_18854_p2         |       and|   0|  0|    2|           1|           1|
    |and_ln374_268_fu_18952_p2         |       and|   0|  0|    2|           1|           1|
    |and_ln374_269_fu_19050_p2         |       and|   0|  0|    2|           1|           1|
    |and_ln374_270_fu_19148_p2         |       and|   0|  0|    2|           1|           1|
    |and_ln374_271_fu_19246_p2         |       and|   0|  0|    2|           1|           1|
    |and_ln374_272_fu_19344_p2         |       and|   0|  0|    2|           1|           1|
    |and_ln374_273_fu_19442_p2         |       and|   0|  0|    2|           1|           1|
    |and_ln374_274_fu_19540_p2         |       and|   0|  0|    2|           1|           1|
    |and_ln374_275_fu_19638_p2         |       and|   0|  0|    2|           1|           1|
    |and_ln374_276_fu_19736_p2         |       and|   0|  0|    2|           1|           1|
    |and_ln374_277_fu_19834_p2         |       and|   0|  0|    2|           1|           1|
    |and_ln374_278_fu_19932_p2         |       and|   0|  0|    2|           1|           1|
    |and_ln374_279_fu_20030_p2         |       and|   0|  0|    2|           1|           1|
    |and_ln374_280_fu_20128_p2         |       and|   0|  0|    2|           1|           1|
    |and_ln374_281_fu_20226_p2         |       and|   0|  0|    2|           1|           1|
    |and_ln374_282_fu_20324_p2         |       and|   0|  0|    2|           1|           1|
    |and_ln374_283_fu_20422_p2         |       and|   0|  0|    2|           1|           1|
    |and_ln374_284_fu_20520_p2         |       and|   0|  0|    2|           1|           1|
    |and_ln374_285_fu_20618_p2         |       and|   0|  0|    2|           1|           1|
    |and_ln374_286_fu_20716_p2         |       and|   0|  0|    2|           1|           1|
    |and_ln374_287_fu_20814_p2         |       and|   0|  0|    2|           1|           1|
    |and_ln374_288_fu_20912_p2         |       and|   0|  0|    2|           1|           1|
    |and_ln374_289_fu_21010_p2         |       and|   0|  0|    2|           1|           1|
    |and_ln374_290_fu_21108_p2         |       and|   0|  0|    2|           1|           1|
    |and_ln374_291_fu_21206_p2         |       and|   0|  0|    2|           1|           1|
    |and_ln374_292_fu_21304_p2         |       and|   0|  0|    2|           1|           1|
    |and_ln374_293_fu_21402_p2         |       and|   0|  0|    2|           1|           1|
    |and_ln374_294_fu_21500_p2         |       and|   0|  0|    2|           1|           1|
    |and_ln374_295_fu_21598_p2         |       and|   0|  0|    2|           1|           1|
    |and_ln374_296_fu_21696_p2         |       and|   0|  0|    2|           1|           1|
    |and_ln374_297_fu_21794_p2         |       and|   0|  0|    2|           1|           1|
    |and_ln374_298_fu_21892_p2         |       and|   0|  0|    2|           1|           1|
    |and_ln374_299_fu_21990_p2         |       and|   0|  0|    2|           1|           1|
    |and_ln374_300_fu_22088_p2         |       and|   0|  0|    2|           1|           1|
    |and_ln374_301_fu_22186_p2         |       and|   0|  0|    2|           1|           1|
    |and_ln374_302_fu_22284_p2         |       and|   0|  0|    2|           1|           1|
    |and_ln374_303_fu_22382_p2         |       and|   0|  0|    2|           1|           1|
    |and_ln374_304_fu_22480_p2         |       and|   0|  0|    2|           1|           1|
    |and_ln374_305_fu_22578_p2         |       and|   0|  0|    2|           1|           1|
    |and_ln374_306_fu_22676_p2         |       and|   0|  0|    2|           1|           1|
    |and_ln374_307_fu_22774_p2         |       and|   0|  0|    2|           1|           1|
    |and_ln374_308_fu_22872_p2         |       and|   0|  0|    2|           1|           1|
    |and_ln374_309_fu_22970_p2         |       and|   0|  0|    2|           1|           1|
    |and_ln374_310_fu_23068_p2         |       and|   0|  0|    2|           1|           1|
    |and_ln374_311_fu_23166_p2         |       and|   0|  0|    2|           1|           1|
    |and_ln374_312_fu_23264_p2         |       and|   0|  0|    2|           1|           1|
    |and_ln374_313_fu_23362_p2         |       and|   0|  0|    2|           1|           1|
    |and_ln374_314_fu_23460_p2         |       and|   0|  0|    2|           1|           1|
    |and_ln374_315_fu_23558_p2         |       and|   0|  0|    2|           1|           1|
    |and_ln374_316_fu_23656_p2         |       and|   0|  0|    2|           1|           1|
    |and_ln374_317_fu_23754_p2         |       and|   0|  0|    2|           1|           1|
    |and_ln374_318_fu_23852_p2         |       and|   0|  0|    2|           1|           1|
    |and_ln374_319_fu_23950_p2         |       and|   0|  0|    2|           1|           1|
    |and_ln374_320_fu_24048_p2         |       and|   0|  0|    2|           1|           1|
    |and_ln374_fu_11602_p2             |       and|   0|  0|    2|           1|           1|
    |deleted_zeros_131_fu_11756_p2     |       and|   0|  0|    2|           1|           1|
    |deleted_zeros_132_fu_11854_p2     |       and|   0|  0|    2|           1|           1|
    |deleted_zeros_133_fu_11952_p2     |       and|   0|  0|    2|           1|           1|
    |deleted_zeros_134_fu_12050_p2     |       and|   0|  0|    2|           1|           1|
    |deleted_zeros_135_fu_12148_p2     |       and|   0|  0|    2|           1|           1|
    |deleted_zeros_136_fu_12246_p2     |       and|   0|  0|    2|           1|           1|
    |deleted_zeros_137_fu_12344_p2     |       and|   0|  0|    2|           1|           1|
    |deleted_zeros_138_fu_12442_p2     |       and|   0|  0|    2|           1|           1|
    |deleted_zeros_139_fu_12540_p2     |       and|   0|  0|    2|           1|           1|
    |deleted_zeros_140_fu_12638_p2     |       and|   0|  0|    2|           1|           1|
    |deleted_zeros_141_fu_12736_p2     |       and|   0|  0|    2|           1|           1|
    |deleted_zeros_142_fu_12834_p2     |       and|   0|  0|    2|           1|           1|
    |deleted_zeros_143_fu_12932_p2     |       and|   0|  0|    2|           1|           1|
    |deleted_zeros_144_fu_13030_p2     |       and|   0|  0|    2|           1|           1|
    |deleted_zeros_145_fu_13128_p2     |       and|   0|  0|    2|           1|           1|
    |deleted_zeros_146_fu_13226_p2     |       and|   0|  0|    2|           1|           1|
    |deleted_zeros_147_fu_13324_p2     |       and|   0|  0|    2|           1|           1|
    |deleted_zeros_148_fu_13422_p2     |       and|   0|  0|    2|           1|           1|
    |deleted_zeros_149_fu_13520_p2     |       and|   0|  0|    2|           1|           1|
    |deleted_zeros_150_fu_13618_p2     |       and|   0|  0|    2|           1|           1|
    |deleted_zeros_151_fu_13716_p2     |       and|   0|  0|    2|           1|           1|
    |deleted_zeros_152_fu_13814_p2     |       and|   0|  0|    2|           1|           1|
    |deleted_zeros_153_fu_13912_p2     |       and|   0|  0|    2|           1|           1|
    |deleted_zeros_154_fu_14010_p2     |       and|   0|  0|    2|           1|           1|
    |deleted_zeros_155_fu_14108_p2     |       and|   0|  0|    2|           1|           1|
    |deleted_zeros_156_fu_14206_p2     |       and|   0|  0|    2|           1|           1|
    |deleted_zeros_157_fu_14304_p2     |       and|   0|  0|    2|           1|           1|
    |deleted_zeros_158_fu_14402_p2     |       and|   0|  0|    2|           1|           1|
    |deleted_zeros_159_fu_14500_p2     |       and|   0|  0|    2|           1|           1|
    |deleted_zeros_160_fu_14598_p2     |       and|   0|  0|    2|           1|           1|
    |deleted_zeros_161_fu_14696_p2     |       and|   0|  0|    2|           1|           1|
    |deleted_zeros_162_fu_14794_p2     |       and|   0|  0|    2|           1|           1|
    |deleted_zeros_163_fu_14892_p2     |       and|   0|  0|    2|           1|           1|
    |deleted_zeros_164_fu_14990_p2     |       and|   0|  0|    2|           1|           1|
    |deleted_zeros_165_fu_15088_p2     |       and|   0|  0|    2|           1|           1|
    |deleted_zeros_166_fu_15186_p2     |       and|   0|  0|    2|           1|           1|
    |deleted_zeros_167_fu_15284_p2     |       and|   0|  0|    2|           1|           1|
    |deleted_zeros_168_fu_15382_p2     |       and|   0|  0|    2|           1|           1|
    |deleted_zeros_169_fu_15480_p2     |       and|   0|  0|    2|           1|           1|
    |deleted_zeros_170_fu_15578_p2     |       and|   0|  0|    2|           1|           1|
    |deleted_zeros_171_fu_15676_p2     |       and|   0|  0|    2|           1|           1|
    |deleted_zeros_172_fu_15774_p2     |       and|   0|  0|    2|           1|           1|
    |deleted_zeros_173_fu_15872_p2     |       and|   0|  0|    2|           1|           1|
    |deleted_zeros_174_fu_15970_p2     |       and|   0|  0|    2|           1|           1|
    |deleted_zeros_175_fu_16068_p2     |       and|   0|  0|    2|           1|           1|
    |deleted_zeros_176_fu_16166_p2     |       and|   0|  0|    2|           1|           1|
    |deleted_zeros_177_fu_16264_p2     |       and|   0|  0|    2|           1|           1|
    |deleted_zeros_178_fu_16362_p2     |       and|   0|  0|    2|           1|           1|
    |deleted_zeros_179_fu_16460_p2     |       and|   0|  0|    2|           1|           1|
    |deleted_zeros_180_fu_16558_p2     |       and|   0|  0|    2|           1|           1|
    |deleted_zeros_181_fu_16656_p2     |       and|   0|  0|    2|           1|           1|
    |deleted_zeros_182_fu_16754_p2     |       and|   0|  0|    2|           1|           1|
    |deleted_zeros_183_fu_16852_p2     |       and|   0|  0|    2|           1|           1|
    |deleted_zeros_184_fu_16950_p2     |       and|   0|  0|    2|           1|           1|
    |deleted_zeros_185_fu_17048_p2     |       and|   0|  0|    2|           1|           1|
    |deleted_zeros_186_fu_17146_p2     |       and|   0|  0|    2|           1|           1|
    |deleted_zeros_187_fu_17244_p2     |       and|   0|  0|    2|           1|           1|
    |deleted_zeros_188_fu_17342_p2     |       and|   0|  0|    2|           1|           1|
    |deleted_zeros_189_fu_17440_p2     |       and|   0|  0|    2|           1|           1|
    |deleted_zeros_190_fu_17538_p2     |       and|   0|  0|    2|           1|           1|
    |deleted_zeros_191_fu_17636_p2     |       and|   0|  0|    2|           1|           1|
    |deleted_zeros_192_fu_17734_p2     |       and|   0|  0|    2|           1|           1|
    |deleted_zeros_193_fu_17832_p2     |       and|   0|  0|    2|           1|           1|
    |deleted_zeros_194_fu_17930_p2     |       and|   0|  0|    2|           1|           1|
    |deleted_zeros_195_fu_18028_p2     |       and|   0|  0|    2|           1|           1|
    |deleted_zeros_196_fu_18126_p2     |       and|   0|  0|    2|           1|           1|
    |deleted_zeros_197_fu_18224_p2     |       and|   0|  0|    2|           1|           1|
    |deleted_zeros_198_fu_18322_p2     |       and|   0|  0|    2|           1|           1|
    |deleted_zeros_199_fu_18420_p2     |       and|   0|  0|    2|           1|           1|
    |deleted_zeros_200_fu_18518_p2     |       and|   0|  0|    2|           1|           1|
    |deleted_zeros_201_fu_18616_p2     |       and|   0|  0|    2|           1|           1|
    |deleted_zeros_202_fu_18714_p2     |       and|   0|  0|    2|           1|           1|
    |deleted_zeros_203_fu_18812_p2     |       and|   0|  0|    2|           1|           1|
    |deleted_zeros_204_fu_18910_p2     |       and|   0|  0|    2|           1|           1|
    |deleted_zeros_205_fu_19008_p2     |       and|   0|  0|    2|           1|           1|
    |deleted_zeros_206_fu_19106_p2     |       and|   0|  0|    2|           1|           1|
    |deleted_zeros_207_fu_19204_p2     |       and|   0|  0|    2|           1|           1|
    |deleted_zeros_208_fu_19302_p2     |       and|   0|  0|    2|           1|           1|
    |deleted_zeros_209_fu_19400_p2     |       and|   0|  0|    2|           1|           1|
    |deleted_zeros_210_fu_19498_p2     |       and|   0|  0|    2|           1|           1|
    |deleted_zeros_211_fu_19596_p2     |       and|   0|  0|    2|           1|           1|
    |deleted_zeros_212_fu_19694_p2     |       and|   0|  0|    2|           1|           1|
    |deleted_zeros_213_fu_19792_p2     |       and|   0|  0|    2|           1|           1|
    |deleted_zeros_214_fu_19890_p2     |       and|   0|  0|    2|           1|           1|
    |deleted_zeros_215_fu_19988_p2     |       and|   0|  0|    2|           1|           1|
    |deleted_zeros_216_fu_20086_p2     |       and|   0|  0|    2|           1|           1|
    |deleted_zeros_217_fu_20184_p2     |       and|   0|  0|    2|           1|           1|
    |deleted_zeros_218_fu_20282_p2     |       and|   0|  0|    2|           1|           1|
    |deleted_zeros_219_fu_20380_p2     |       and|   0|  0|    2|           1|           1|
    |deleted_zeros_220_fu_20478_p2     |       and|   0|  0|    2|           1|           1|
    |deleted_zeros_221_fu_20576_p2     |       and|   0|  0|    2|           1|           1|
    |deleted_zeros_222_fu_20674_p2     |       and|   0|  0|    2|           1|           1|
    |deleted_zeros_223_fu_20772_p2     |       and|   0|  0|    2|           1|           1|
    |deleted_zeros_224_fu_20870_p2     |       and|   0|  0|    2|           1|           1|
    |deleted_zeros_225_fu_20968_p2     |       and|   0|  0|    2|           1|           1|
    |deleted_zeros_226_fu_21066_p2     |       and|   0|  0|    2|           1|           1|
    |deleted_zeros_227_fu_21164_p2     |       and|   0|  0|    2|           1|           1|
    |deleted_zeros_228_fu_21262_p2     |       and|   0|  0|    2|           1|           1|
    |deleted_zeros_229_fu_21360_p2     |       and|   0|  0|    2|           1|           1|
    |deleted_zeros_230_fu_21458_p2     |       and|   0|  0|    2|           1|           1|
    |deleted_zeros_231_fu_21556_p2     |       and|   0|  0|    2|           1|           1|
    |deleted_zeros_232_fu_21654_p2     |       and|   0|  0|    2|           1|           1|
    |deleted_zeros_233_fu_21752_p2     |       and|   0|  0|    2|           1|           1|
    |deleted_zeros_234_fu_21850_p2     |       and|   0|  0|    2|           1|           1|
    |deleted_zeros_235_fu_21948_p2     |       and|   0|  0|    2|           1|           1|
    |deleted_zeros_236_fu_22046_p2     |       and|   0|  0|    2|           1|           1|
    |deleted_zeros_237_fu_22144_p2     |       and|   0|  0|    2|           1|           1|
    |deleted_zeros_238_fu_22242_p2     |       and|   0|  0|    2|           1|           1|
    |deleted_zeros_239_fu_22340_p2     |       and|   0|  0|    2|           1|           1|
    |deleted_zeros_240_fu_22438_p2     |       and|   0|  0|    2|           1|           1|
    |deleted_zeros_241_fu_22536_p2     |       and|   0|  0|    2|           1|           1|
    |deleted_zeros_242_fu_22634_p2     |       and|   0|  0|    2|           1|           1|
    |deleted_zeros_243_fu_22732_p2     |       and|   0|  0|    2|           1|           1|
    |deleted_zeros_244_fu_22830_p2     |       and|   0|  0|    2|           1|           1|
    |deleted_zeros_245_fu_22928_p2     |       and|   0|  0|    2|           1|           1|
    |deleted_zeros_246_fu_23026_p2     |       and|   0|  0|    2|           1|           1|
    |deleted_zeros_247_fu_23124_p2     |       and|   0|  0|    2|           1|           1|
    |deleted_zeros_248_fu_23222_p2     |       and|   0|  0|    2|           1|           1|
    |deleted_zeros_249_fu_23320_p2     |       and|   0|  0|    2|           1|           1|
    |deleted_zeros_250_fu_23418_p2     |       and|   0|  0|    2|           1|           1|
    |deleted_zeros_251_fu_23516_p2     |       and|   0|  0|    2|           1|           1|
    |deleted_zeros_252_fu_23614_p2     |       and|   0|  0|    2|           1|           1|
    |deleted_zeros_253_fu_23712_p2     |       and|   0|  0|    2|           1|           1|
    |deleted_zeros_254_fu_23810_p2     |       and|   0|  0|    2|           1|           1|
    |deleted_zeros_255_fu_23908_p2     |       and|   0|  0|    2|           1|           1|
    |deleted_zeros_256_fu_24006_p2     |       and|   0|  0|    2|           1|           1|
    |deleted_zeros_257_fu_24104_p2     |       and|   0|  0|    2|           1|           1|
    |deleted_zeros_fu_11658_p2         |       and|   0|  0|    2|           1|           1|
    |icmp_ln1649_100_fu_9314_p2        |      icmp|   0|  0|   16|          25|          14|
    |icmp_ln1649_101_fu_9396_p2        |      icmp|   0|  0|   16|          25|          14|
    |icmp_ln1649_102_fu_9478_p2        |      icmp|   0|  0|   16|          25|          14|
    |icmp_ln1649_103_fu_9560_p2        |      icmp|   0|  0|   16|          25|          14|
    |icmp_ln1649_104_fu_9642_p2        |      icmp|   0|  0|   16|          25|          14|
    |icmp_ln1649_105_fu_9724_p2        |      icmp|   0|  0|   16|          25|          14|
    |icmp_ln1649_106_fu_9806_p2        |      icmp|   0|  0|   16|          25|          14|
    |icmp_ln1649_107_fu_9888_p2        |      icmp|   0|  0|   16|          25|          14|
    |icmp_ln1649_108_fu_9970_p2        |      icmp|   0|  0|   16|          25|          14|
    |icmp_ln1649_109_fu_10052_p2       |      icmp|   0|  0|   16|          25|          14|
    |icmp_ln1649_10_fu_1934_p2         |      icmp|   0|  0|   16|          25|          14|
    |icmp_ln1649_110_fu_10134_p2       |      icmp|   0|  0|   16|          25|          14|
    |icmp_ln1649_111_fu_10216_p2       |      icmp|   0|  0|   16|          25|          14|
    |icmp_ln1649_112_fu_10298_p2       |      icmp|   0|  0|   16|          25|          14|
    |icmp_ln1649_113_fu_10380_p2       |      icmp|   0|  0|   16|          25|          14|
    |icmp_ln1649_114_fu_10462_p2       |      icmp|   0|  0|   16|          25|          14|
    |icmp_ln1649_115_fu_10544_p2       |      icmp|   0|  0|   16|          25|          14|
    |icmp_ln1649_116_fu_10626_p2       |      icmp|   0|  0|   16|          25|          14|
    |icmp_ln1649_117_fu_10708_p2       |      icmp|   0|  0|   16|          25|          14|
    |icmp_ln1649_118_fu_10790_p2       |      icmp|   0|  0|   16|          25|          14|
    |icmp_ln1649_119_fu_10872_p2       |      icmp|   0|  0|   16|          25|          14|
    |icmp_ln1649_11_fu_2016_p2         |      icmp|   0|  0|   16|          25|          14|
    |icmp_ln1649_120_fu_10954_p2       |      icmp|   0|  0|   16|          25|          14|
    |icmp_ln1649_121_fu_11036_p2       |      icmp|   0|  0|   16|          25|          14|
    |icmp_ln1649_122_fu_11118_p2       |      icmp|   0|  0|   16|          25|          14|
    |icmp_ln1649_123_fu_11200_p2       |      icmp|   0|  0|   16|          25|          14|
    |icmp_ln1649_124_fu_11282_p2       |      icmp|   0|  0|   16|          25|          14|
    |icmp_ln1649_125_fu_11364_p2       |      icmp|   0|  0|   16|          25|          14|
    |icmp_ln1649_126_fu_11446_p2       |      icmp|   0|  0|   16|          25|          14|
    |icmp_ln1649_127_fu_11528_p2       |      icmp|   0|  0|   16|          25|          14|
    |icmp_ln1649_12_fu_2098_p2         |      icmp|   0|  0|   16|          25|          14|
    |icmp_ln1649_13_fu_2180_p2         |      icmp|   0|  0|   16|          25|          14|
    |icmp_ln1649_14_fu_2262_p2         |      icmp|   0|  0|   16|          25|          14|
    |icmp_ln1649_15_fu_2344_p2         |      icmp|   0|  0|   16|          25|          14|
    |icmp_ln1649_16_fu_2426_p2         |      icmp|   0|  0|   16|          25|          14|
    |icmp_ln1649_17_fu_2508_p2         |      icmp|   0|  0|   16|          25|          14|
    |icmp_ln1649_18_fu_2590_p2         |      icmp|   0|  0|   16|          25|          14|
    |icmp_ln1649_19_fu_2672_p2         |      icmp|   0|  0|   16|          25|          14|
    |icmp_ln1649_1_fu_1196_p2          |      icmp|   0|  0|   16|          25|          14|
    |icmp_ln1649_20_fu_2754_p2         |      icmp|   0|  0|   16|          25|          14|
    |icmp_ln1649_21_fu_2836_p2         |      icmp|   0|  0|   16|          25|          14|
    |icmp_ln1649_22_fu_2918_p2         |      icmp|   0|  0|   16|          25|          14|
    |icmp_ln1649_23_fu_3000_p2         |      icmp|   0|  0|   16|          25|          14|
    |icmp_ln1649_24_fu_3082_p2         |      icmp|   0|  0|   16|          25|          14|
    |icmp_ln1649_25_fu_3164_p2         |      icmp|   0|  0|   16|          25|          14|
    |icmp_ln1649_26_fu_3246_p2         |      icmp|   0|  0|   16|          25|          14|
    |icmp_ln1649_27_fu_3328_p2         |      icmp|   0|  0|   16|          25|          14|
    |icmp_ln1649_28_fu_3410_p2         |      icmp|   0|  0|   16|          25|          14|
    |icmp_ln1649_29_fu_3492_p2         |      icmp|   0|  0|   16|          25|          14|
    |icmp_ln1649_2_fu_1278_p2          |      icmp|   0|  0|   16|          25|          14|
    |icmp_ln1649_30_fu_3574_p2         |      icmp|   0|  0|   16|          25|          14|
    |icmp_ln1649_31_fu_3656_p2         |      icmp|   0|  0|   16|          25|          14|
    |icmp_ln1649_32_fu_3738_p2         |      icmp|   0|  0|   16|          25|          14|
    |icmp_ln1649_33_fu_3820_p2         |      icmp|   0|  0|   16|          25|          14|
    |icmp_ln1649_34_fu_3902_p2         |      icmp|   0|  0|   16|          25|          14|
    |icmp_ln1649_35_fu_3984_p2         |      icmp|   0|  0|   16|          25|          14|
    |icmp_ln1649_36_fu_4066_p2         |      icmp|   0|  0|   16|          25|          14|
    |icmp_ln1649_37_fu_4148_p2         |      icmp|   0|  0|   16|          25|          14|
    |icmp_ln1649_38_fu_4230_p2         |      icmp|   0|  0|   16|          25|          14|
    |icmp_ln1649_39_fu_4312_p2         |      icmp|   0|  0|   16|          25|          14|
    |icmp_ln1649_3_fu_1360_p2          |      icmp|   0|  0|   16|          25|          14|
    |icmp_ln1649_40_fu_4394_p2         |      icmp|   0|  0|   16|          25|          14|
    |icmp_ln1649_41_fu_4476_p2         |      icmp|   0|  0|   16|          25|          14|
    |icmp_ln1649_42_fu_4558_p2         |      icmp|   0|  0|   16|          25|          14|
    |icmp_ln1649_43_fu_4640_p2         |      icmp|   0|  0|   16|          25|          14|
    |icmp_ln1649_44_fu_4722_p2         |      icmp|   0|  0|   16|          25|          14|
    |icmp_ln1649_45_fu_4804_p2         |      icmp|   0|  0|   16|          25|          14|
    |icmp_ln1649_46_fu_4886_p2         |      icmp|   0|  0|   16|          25|          14|
    |icmp_ln1649_47_fu_4968_p2         |      icmp|   0|  0|   16|          25|          14|
    |icmp_ln1649_48_fu_5050_p2         |      icmp|   0|  0|   16|          25|          14|
    |icmp_ln1649_49_fu_5132_p2         |      icmp|   0|  0|   16|          25|          14|
    |icmp_ln1649_4_fu_1442_p2          |      icmp|   0|  0|   16|          25|          14|
    |icmp_ln1649_50_fu_5214_p2         |      icmp|   0|  0|   16|          25|          14|
    |icmp_ln1649_51_fu_5296_p2         |      icmp|   0|  0|   16|          25|          14|
    |icmp_ln1649_52_fu_5378_p2         |      icmp|   0|  0|   16|          25|          14|
    |icmp_ln1649_53_fu_5460_p2         |      icmp|   0|  0|   16|          25|          14|
    |icmp_ln1649_54_fu_5542_p2         |      icmp|   0|  0|   16|          25|          14|
    |icmp_ln1649_55_fu_5624_p2         |      icmp|   0|  0|   16|          25|          14|
    |icmp_ln1649_56_fu_5706_p2         |      icmp|   0|  0|   16|          25|          14|
    |icmp_ln1649_57_fu_5788_p2         |      icmp|   0|  0|   16|          25|          14|
    |icmp_ln1649_58_fu_5870_p2         |      icmp|   0|  0|   16|          25|          14|
    |icmp_ln1649_59_fu_5952_p2         |      icmp|   0|  0|   16|          25|          14|
    |icmp_ln1649_5_fu_1524_p2          |      icmp|   0|  0|   16|          25|          14|
    |icmp_ln1649_60_fu_6034_p2         |      icmp|   0|  0|   16|          25|          14|
    |icmp_ln1649_61_fu_6116_p2         |      icmp|   0|  0|   16|          25|          14|
    |icmp_ln1649_62_fu_6198_p2         |      icmp|   0|  0|   16|          25|          14|
    |icmp_ln1649_63_fu_6280_p2         |      icmp|   0|  0|   16|          25|          14|
    |icmp_ln1649_64_fu_6362_p2         |      icmp|   0|  0|   16|          25|          14|
    |icmp_ln1649_65_fu_6444_p2         |      icmp|   0|  0|   16|          25|          14|
    |icmp_ln1649_66_fu_6526_p2         |      icmp|   0|  0|   16|          25|          14|
    |icmp_ln1649_67_fu_6608_p2         |      icmp|   0|  0|   16|          25|          14|
    |icmp_ln1649_68_fu_6690_p2         |      icmp|   0|  0|   16|          25|          14|
    |icmp_ln1649_69_fu_6772_p2         |      icmp|   0|  0|   16|          25|          14|
    |icmp_ln1649_6_fu_1606_p2          |      icmp|   0|  0|   16|          25|          14|
    |icmp_ln1649_70_fu_6854_p2         |      icmp|   0|  0|   16|          25|          14|
    |icmp_ln1649_71_fu_6936_p2         |      icmp|   0|  0|   16|          25|          14|
    |icmp_ln1649_72_fu_7018_p2         |      icmp|   0|  0|   16|          25|          14|
    |icmp_ln1649_73_fu_7100_p2         |      icmp|   0|  0|   16|          25|          14|
    |icmp_ln1649_74_fu_7182_p2         |      icmp|   0|  0|   16|          25|          14|
    |icmp_ln1649_75_fu_7264_p2         |      icmp|   0|  0|   16|          25|          14|
    |icmp_ln1649_76_fu_7346_p2         |      icmp|   0|  0|   16|          25|          14|
    |icmp_ln1649_77_fu_7428_p2         |      icmp|   0|  0|   16|          25|          14|
    |icmp_ln1649_78_fu_7510_p2         |      icmp|   0|  0|   16|          25|          14|
    |icmp_ln1649_79_fu_7592_p2         |      icmp|   0|  0|   16|          25|          14|
    |icmp_ln1649_7_fu_1688_p2          |      icmp|   0|  0|   16|          25|          14|
    |icmp_ln1649_80_fu_7674_p2         |      icmp|   0|  0|   16|          25|          14|
    |icmp_ln1649_81_fu_7756_p2         |      icmp|   0|  0|   16|          25|          14|
    |icmp_ln1649_82_fu_7838_p2         |      icmp|   0|  0|   16|          25|          14|
    |icmp_ln1649_83_fu_7920_p2         |      icmp|   0|  0|   16|          25|          14|
    |icmp_ln1649_84_fu_8002_p2         |      icmp|   0|  0|   16|          25|          14|
    |icmp_ln1649_85_fu_8084_p2         |      icmp|   0|  0|   16|          25|          14|
    |icmp_ln1649_86_fu_8166_p2         |      icmp|   0|  0|   16|          25|          14|
    |icmp_ln1649_87_fu_8248_p2         |      icmp|   0|  0|   16|          25|          14|
    |icmp_ln1649_88_fu_8330_p2         |      icmp|   0|  0|   16|          25|          14|
    |icmp_ln1649_89_fu_8412_p2         |      icmp|   0|  0|   16|          25|          14|
    |icmp_ln1649_8_fu_1770_p2          |      icmp|   0|  0|   16|          25|          14|
    |icmp_ln1649_90_fu_8494_p2         |      icmp|   0|  0|   16|          25|          14|
    |icmp_ln1649_91_fu_8576_p2         |      icmp|   0|  0|   16|          25|          14|
    |icmp_ln1649_92_fu_8658_p2         |      icmp|   0|  0|   16|          25|          14|
    |icmp_ln1649_93_fu_8740_p2         |      icmp|   0|  0|   16|          25|          14|
    |icmp_ln1649_94_fu_8822_p2         |      icmp|   0|  0|   16|          25|          14|
    |icmp_ln1649_95_fu_8904_p2         |      icmp|   0|  0|   16|          25|          14|
    |icmp_ln1649_96_fu_8986_p2         |      icmp|   0|  0|   16|          25|          14|
    |icmp_ln1649_97_fu_9068_p2         |      icmp|   0|  0|   16|          25|          14|
    |icmp_ln1649_98_fu_9150_p2         |      icmp|   0|  0|   16|          25|          14|
    |icmp_ln1649_99_fu_9232_p2         |      icmp|   0|  0|   16|          25|          14|
    |icmp_ln1649_9_fu_1852_p2          |      icmp|   0|  0|   16|          25|          14|
    |icmp_ln1649_fu_1114_p2            |      icmp|   0|  0|   16|          25|          14|
    |r_194_fu_1236_p2                  |      icmp|   0|  0|    9|           4|           1|
    |r_195_fu_1318_p2                  |      icmp|   0|  0|    9|           4|           1|
    |r_196_fu_1400_p2                  |      icmp|   0|  0|    9|           4|           1|
    |r_197_fu_1482_p2                  |      icmp|   0|  0|    9|           4|           1|
    |r_198_fu_1564_p2                  |      icmp|   0|  0|    9|           4|           1|
    |r_199_fu_1646_p2                  |      icmp|   0|  0|    9|           4|           1|
    |r_200_fu_1728_p2                  |      icmp|   0|  0|    9|           4|           1|
    |r_201_fu_1810_p2                  |      icmp|   0|  0|    9|           4|           1|
    |r_202_fu_1892_p2                  |      icmp|   0|  0|    9|           4|           1|
    |r_203_fu_1974_p2                  |      icmp|   0|  0|    9|           4|           1|
    |r_204_fu_2056_p2                  |      icmp|   0|  0|    9|           4|           1|
    |r_205_fu_2138_p2                  |      icmp|   0|  0|    9|           4|           1|
    |r_206_fu_2220_p2                  |      icmp|   0|  0|    9|           4|           1|
    |r_207_fu_2302_p2                  |      icmp|   0|  0|    9|           4|           1|
    |r_208_fu_2384_p2                  |      icmp|   0|  0|    9|           4|           1|
    |r_209_fu_2466_p2                  |      icmp|   0|  0|    9|           4|           1|
    |r_210_fu_2548_p2                  |      icmp|   0|  0|    9|           4|           1|
    |r_211_fu_2630_p2                  |      icmp|   0|  0|    9|           4|           1|
    |r_212_fu_2712_p2                  |      icmp|   0|  0|    9|           4|           1|
    |r_213_fu_2794_p2                  |      icmp|   0|  0|    9|           4|           1|
    |r_214_fu_2876_p2                  |      icmp|   0|  0|    9|           4|           1|
    |r_215_fu_2958_p2                  |      icmp|   0|  0|    9|           4|           1|
    |r_216_fu_3040_p2                  |      icmp|   0|  0|    9|           4|           1|
    |r_217_fu_3122_p2                  |      icmp|   0|  0|    9|           4|           1|
    |r_218_fu_3204_p2                  |      icmp|   0|  0|    9|           4|           1|
    |r_219_fu_3286_p2                  |      icmp|   0|  0|    9|           4|           1|
    |r_220_fu_3368_p2                  |      icmp|   0|  0|    9|           4|           1|
    |r_221_fu_3450_p2                  |      icmp|   0|  0|    9|           4|           1|
    |r_222_fu_3532_p2                  |      icmp|   0|  0|    9|           4|           1|
    |r_223_fu_3614_p2                  |      icmp|   0|  0|    9|           4|           1|
    |r_224_fu_3696_p2                  |      icmp|   0|  0|    9|           4|           1|
    |r_225_fu_3778_p2                  |      icmp|   0|  0|    9|           4|           1|
    |r_226_fu_3860_p2                  |      icmp|   0|  0|    9|           4|           1|
    |r_227_fu_3942_p2                  |      icmp|   0|  0|    9|           4|           1|
    |r_228_fu_4024_p2                  |      icmp|   0|  0|    9|           4|           1|
    |r_229_fu_4106_p2                  |      icmp|   0|  0|    9|           4|           1|
    |r_230_fu_4188_p2                  |      icmp|   0|  0|    9|           4|           1|
    |r_231_fu_4270_p2                  |      icmp|   0|  0|    9|           4|           1|
    |r_232_fu_4352_p2                  |      icmp|   0|  0|    9|           4|           1|
    |r_233_fu_4434_p2                  |      icmp|   0|  0|    9|           4|           1|
    |r_234_fu_4516_p2                  |      icmp|   0|  0|    9|           4|           1|
    |r_235_fu_4598_p2                  |      icmp|   0|  0|    9|           4|           1|
    |r_236_fu_4680_p2                  |      icmp|   0|  0|    9|           4|           1|
    |r_237_fu_4762_p2                  |      icmp|   0|  0|    9|           4|           1|
    |r_238_fu_4844_p2                  |      icmp|   0|  0|    9|           4|           1|
    |r_239_fu_4926_p2                  |      icmp|   0|  0|    9|           4|           1|
    |r_240_fu_5008_p2                  |      icmp|   0|  0|    9|           4|           1|
    |r_241_fu_5090_p2                  |      icmp|   0|  0|    9|           4|           1|
    |r_242_fu_5172_p2                  |      icmp|   0|  0|    9|           4|           1|
    |r_243_fu_5254_p2                  |      icmp|   0|  0|    9|           4|           1|
    |r_244_fu_5336_p2                  |      icmp|   0|  0|    9|           4|           1|
    |r_245_fu_5418_p2                  |      icmp|   0|  0|    9|           4|           1|
    |r_246_fu_5500_p2                  |      icmp|   0|  0|    9|           4|           1|
    |r_247_fu_5582_p2                  |      icmp|   0|  0|    9|           4|           1|
    |r_248_fu_5664_p2                  |      icmp|   0|  0|    9|           4|           1|
    |r_249_fu_5746_p2                  |      icmp|   0|  0|    9|           4|           1|
    |r_250_fu_5828_p2                  |      icmp|   0|  0|    9|           4|           1|
    |r_251_fu_5910_p2                  |      icmp|   0|  0|    9|           4|           1|
    |r_252_fu_5992_p2                  |      icmp|   0|  0|    9|           4|           1|
    |r_253_fu_6074_p2                  |      icmp|   0|  0|    9|           4|           1|
    |r_254_fu_6156_p2                  |      icmp|   0|  0|    9|           4|           1|
    |r_255_fu_6238_p2                  |      icmp|   0|  0|    9|           4|           1|
    |r_256_fu_6320_p2                  |      icmp|   0|  0|    9|           4|           1|
    |r_257_fu_6402_p2                  |      icmp|   0|  0|    9|           4|           1|
    |r_258_fu_6484_p2                  |      icmp|   0|  0|    9|           4|           1|
    |r_259_fu_6566_p2                  |      icmp|   0|  0|    9|           4|           1|
    |r_260_fu_6648_p2                  |      icmp|   0|  0|    9|           4|           1|
    |r_261_fu_6730_p2                  |      icmp|   0|  0|    9|           4|           1|
    |r_262_fu_6812_p2                  |      icmp|   0|  0|    9|           4|           1|
    |r_263_fu_6894_p2                  |      icmp|   0|  0|    9|           4|           1|
    |r_264_fu_6976_p2                  |      icmp|   0|  0|    9|           4|           1|
    |r_265_fu_7058_p2                  |      icmp|   0|  0|    9|           4|           1|
    |r_266_fu_7140_p2                  |      icmp|   0|  0|    9|           4|           1|
    |r_267_fu_7222_p2                  |      icmp|   0|  0|    9|           4|           1|
    |r_268_fu_7304_p2                  |      icmp|   0|  0|    9|           4|           1|
    |r_269_fu_7386_p2                  |      icmp|   0|  0|    9|           4|           1|
    |r_270_fu_7468_p2                  |      icmp|   0|  0|    9|           4|           1|
    |r_271_fu_7550_p2                  |      icmp|   0|  0|    9|           4|           1|
    |r_272_fu_7632_p2                  |      icmp|   0|  0|    9|           4|           1|
    |r_273_fu_7714_p2                  |      icmp|   0|  0|    9|           4|           1|
    |r_274_fu_7796_p2                  |      icmp|   0|  0|    9|           4|           1|
    |r_275_fu_7878_p2                  |      icmp|   0|  0|    9|           4|           1|
    |r_276_fu_7960_p2                  |      icmp|   0|  0|    9|           4|           1|
    |r_277_fu_8042_p2                  |      icmp|   0|  0|    9|           4|           1|
    |r_278_fu_8124_p2                  |      icmp|   0|  0|    9|           4|           1|
    |r_279_fu_8206_p2                  |      icmp|   0|  0|    9|           4|           1|
    |r_280_fu_8288_p2                  |      icmp|   0|  0|    9|           4|           1|
    |r_281_fu_8370_p2                  |      icmp|   0|  0|    9|           4|           1|
    |r_282_fu_8452_p2                  |      icmp|   0|  0|    9|           4|           1|
    |r_283_fu_8534_p2                  |      icmp|   0|  0|    9|           4|           1|
    |r_284_fu_8616_p2                  |      icmp|   0|  0|    9|           4|           1|
    |r_285_fu_8698_p2                  |      icmp|   0|  0|    9|           4|           1|
    |r_286_fu_8780_p2                  |      icmp|   0|  0|    9|           4|           1|
    |r_287_fu_8862_p2                  |      icmp|   0|  0|    9|           4|           1|
    |r_288_fu_8944_p2                  |      icmp|   0|  0|    9|           4|           1|
    |r_289_fu_9026_p2                  |      icmp|   0|  0|    9|           4|           1|
    |r_290_fu_9108_p2                  |      icmp|   0|  0|    9|           4|           1|
    |r_291_fu_9190_p2                  |      icmp|   0|  0|    9|           4|           1|
    |r_292_fu_9272_p2                  |      icmp|   0|  0|    9|           4|           1|
    |r_293_fu_9354_p2                  |      icmp|   0|  0|    9|           4|           1|
    |r_294_fu_9436_p2                  |      icmp|   0|  0|    9|           4|           1|
    |r_295_fu_9518_p2                  |      icmp|   0|  0|    9|           4|           1|
    |r_296_fu_9600_p2                  |      icmp|   0|  0|    9|           4|           1|
    |r_297_fu_9682_p2                  |      icmp|   0|  0|    9|           4|           1|
    |r_298_fu_9764_p2                  |      icmp|   0|  0|    9|           4|           1|
    |r_299_fu_9846_p2                  |      icmp|   0|  0|    9|           4|           1|
    |r_300_fu_9928_p2                  |      icmp|   0|  0|    9|           4|           1|
    |r_301_fu_10010_p2                 |      icmp|   0|  0|    9|           4|           1|
    |r_302_fu_10092_p2                 |      icmp|   0|  0|    9|           4|           1|
    |r_303_fu_10174_p2                 |      icmp|   0|  0|    9|           4|           1|
    |r_304_fu_10256_p2                 |      icmp|   0|  0|    9|           4|           1|
    |r_305_fu_10338_p2                 |      icmp|   0|  0|    9|           4|           1|
    |r_306_fu_10420_p2                 |      icmp|   0|  0|    9|           4|           1|
    |r_307_fu_10502_p2                 |      icmp|   0|  0|    9|           4|           1|
    |r_308_fu_10584_p2                 |      icmp|   0|  0|    9|           4|           1|
    |r_309_fu_10666_p2                 |      icmp|   0|  0|    9|           4|           1|
    |r_310_fu_10748_p2                 |      icmp|   0|  0|    9|           4|           1|
    |r_311_fu_10830_p2                 |      icmp|   0|  0|    9|           4|           1|
    |r_312_fu_10912_p2                 |      icmp|   0|  0|    9|           4|           1|
    |r_313_fu_10994_p2                 |      icmp|   0|  0|    9|           4|           1|
    |r_314_fu_11076_p2                 |      icmp|   0|  0|    9|           4|           1|
    |r_315_fu_11158_p2                 |      icmp|   0|  0|    9|           4|           1|
    |r_316_fu_11240_p2                 |      icmp|   0|  0|    9|           4|           1|
    |r_317_fu_11322_p2                 |      icmp|   0|  0|    9|           4|           1|
    |r_318_fu_11404_p2                 |      icmp|   0|  0|    9|           4|           1|
    |r_319_fu_11486_p2                 |      icmp|   0|  0|    9|           4|           1|
    |r_320_fu_11568_p2                 |      icmp|   0|  0|    9|           4|           1|
    |r_fu_1154_p2                      |      icmp|   0|  0|    9|           4|           1|
    |or_ln365_100_fu_21452_p2          |        or|   0|  0|    2|           1|           1|
    |or_ln365_101_fu_21550_p2          |        or|   0|  0|    2|           1|           1|
    |or_ln365_102_fu_21648_p2          |        or|   0|  0|    2|           1|           1|
    |or_ln365_103_fu_21746_p2          |        or|   0|  0|    2|           1|           1|
    |or_ln365_104_fu_21844_p2          |        or|   0|  0|    2|           1|           1|
    |or_ln365_105_fu_21942_p2          |        or|   0|  0|    2|           1|           1|
    |or_ln365_106_fu_22040_p2          |        or|   0|  0|    2|           1|           1|
    |or_ln365_107_fu_22138_p2          |        or|   0|  0|    2|           1|           1|
    |or_ln365_108_fu_22236_p2          |        or|   0|  0|    2|           1|           1|
    |or_ln365_109_fu_22334_p2          |        or|   0|  0|    2|           1|           1|
    |or_ln365_10_fu_12632_p2           |        or|   0|  0|    2|           1|           1|
    |or_ln365_110_fu_22432_p2          |        or|   0|  0|    2|           1|           1|
    |or_ln365_111_fu_22530_p2          |        or|   0|  0|    2|           1|           1|
    |or_ln365_112_fu_22628_p2          |        or|   0|  0|    2|           1|           1|
    |or_ln365_113_fu_22726_p2          |        or|   0|  0|    2|           1|           1|
    |or_ln365_114_fu_22824_p2          |        or|   0|  0|    2|           1|           1|
    |or_ln365_115_fu_22922_p2          |        or|   0|  0|    2|           1|           1|
    |or_ln365_116_fu_23020_p2          |        or|   0|  0|    2|           1|           1|
    |or_ln365_117_fu_23118_p2          |        or|   0|  0|    2|           1|           1|
    |or_ln365_118_fu_23216_p2          |        or|   0|  0|    2|           1|           1|
    |or_ln365_119_fu_23314_p2          |        or|   0|  0|    2|           1|           1|
    |or_ln365_11_fu_12730_p2           |        or|   0|  0|    2|           1|           1|
    |or_ln365_120_fu_23412_p2          |        or|   0|  0|    2|           1|           1|
    |or_ln365_121_fu_23510_p2          |        or|   0|  0|    2|           1|           1|
    |or_ln365_122_fu_23608_p2          |        or|   0|  0|    2|           1|           1|
    |or_ln365_123_fu_23706_p2          |        or|   0|  0|    2|           1|           1|
    |or_ln365_124_fu_23804_p2          |        or|   0|  0|    2|           1|           1|
    |or_ln365_125_fu_23902_p2          |        or|   0|  0|    2|           1|           1|
    |or_ln365_126_fu_24000_p2          |        or|   0|  0|    2|           1|           1|
    |or_ln365_127_fu_24098_p2          |        or|   0|  0|    2|           1|           1|
    |or_ln365_12_fu_12828_p2           |        or|   0|  0|    2|           1|           1|
    |or_ln365_13_fu_12926_p2           |        or|   0|  0|    2|           1|           1|
    |or_ln365_14_fu_13024_p2           |        or|   0|  0|    2|           1|           1|
    |or_ln365_15_fu_13122_p2           |        or|   0|  0|    2|           1|           1|
    |or_ln365_16_fu_13220_p2           |        or|   0|  0|    2|           1|           1|
    |or_ln365_17_fu_13318_p2           |        or|   0|  0|    2|           1|           1|
    |or_ln365_18_fu_13416_p2           |        or|   0|  0|    2|           1|           1|
    |or_ln365_19_fu_13514_p2           |        or|   0|  0|    2|           1|           1|
    |or_ln365_1_fu_11750_p2            |        or|   0|  0|    2|           1|           1|
    |or_ln365_20_fu_13612_p2           |        or|   0|  0|    2|           1|           1|
    |or_ln365_21_fu_13710_p2           |        or|   0|  0|    2|           1|           1|
    |or_ln365_22_fu_13808_p2           |        or|   0|  0|    2|           1|           1|
    |or_ln365_23_fu_13906_p2           |        or|   0|  0|    2|           1|           1|
    |or_ln365_24_fu_14004_p2           |        or|   0|  0|    2|           1|           1|
    |or_ln365_25_fu_14102_p2           |        or|   0|  0|    2|           1|           1|
    |or_ln365_26_fu_14200_p2           |        or|   0|  0|    2|           1|           1|
    |or_ln365_27_fu_14298_p2           |        or|   0|  0|    2|           1|           1|
    |or_ln365_28_fu_14396_p2           |        or|   0|  0|    2|           1|           1|
    |or_ln365_29_fu_14494_p2           |        or|   0|  0|    2|           1|           1|
    |or_ln365_2_fu_11848_p2            |        or|   0|  0|    2|           1|           1|
    |or_ln365_30_fu_14592_p2           |        or|   0|  0|    2|           1|           1|
    |or_ln365_31_fu_14690_p2           |        or|   0|  0|    2|           1|           1|
    |or_ln365_32_fu_14788_p2           |        or|   0|  0|    2|           1|           1|
    |or_ln365_33_fu_14886_p2           |        or|   0|  0|    2|           1|           1|
    |or_ln365_34_fu_14984_p2           |        or|   0|  0|    2|           1|           1|
    |or_ln365_35_fu_15082_p2           |        or|   0|  0|    2|           1|           1|
    |or_ln365_36_fu_15180_p2           |        or|   0|  0|    2|           1|           1|
    |or_ln365_37_fu_15278_p2           |        or|   0|  0|    2|           1|           1|
    |or_ln365_38_fu_15376_p2           |        or|   0|  0|    2|           1|           1|
    |or_ln365_39_fu_15474_p2           |        or|   0|  0|    2|           1|           1|
    |or_ln365_3_fu_11946_p2            |        or|   0|  0|    2|           1|           1|
    |or_ln365_40_fu_15572_p2           |        or|   0|  0|    2|           1|           1|
    |or_ln365_41_fu_15670_p2           |        or|   0|  0|    2|           1|           1|
    |or_ln365_42_fu_15768_p2           |        or|   0|  0|    2|           1|           1|
    |or_ln365_43_fu_15866_p2           |        or|   0|  0|    2|           1|           1|
    |or_ln365_44_fu_15964_p2           |        or|   0|  0|    2|           1|           1|
    |or_ln365_45_fu_16062_p2           |        or|   0|  0|    2|           1|           1|
    |or_ln365_46_fu_16160_p2           |        or|   0|  0|    2|           1|           1|
    |or_ln365_47_fu_16258_p2           |        or|   0|  0|    2|           1|           1|
    |or_ln365_48_fu_16356_p2           |        or|   0|  0|    2|           1|           1|
    |or_ln365_49_fu_16454_p2           |        or|   0|  0|    2|           1|           1|
    |or_ln365_4_fu_12044_p2            |        or|   0|  0|    2|           1|           1|
    |or_ln365_50_fu_16552_p2           |        or|   0|  0|    2|           1|           1|
    |or_ln365_51_fu_16650_p2           |        or|   0|  0|    2|           1|           1|
    |or_ln365_52_fu_16748_p2           |        or|   0|  0|    2|           1|           1|
    |or_ln365_53_fu_16846_p2           |        or|   0|  0|    2|           1|           1|
    |or_ln365_54_fu_16944_p2           |        or|   0|  0|    2|           1|           1|
    |or_ln365_55_fu_17042_p2           |        or|   0|  0|    2|           1|           1|
    |or_ln365_56_fu_17140_p2           |        or|   0|  0|    2|           1|           1|
    |or_ln365_57_fu_17238_p2           |        or|   0|  0|    2|           1|           1|
    |or_ln365_58_fu_17336_p2           |        or|   0|  0|    2|           1|           1|
    |or_ln365_59_fu_17434_p2           |        or|   0|  0|    2|           1|           1|
    |or_ln365_5_fu_12142_p2            |        or|   0|  0|    2|           1|           1|
    |or_ln365_60_fu_17532_p2           |        or|   0|  0|    2|           1|           1|
    |or_ln365_61_fu_17630_p2           |        or|   0|  0|    2|           1|           1|
    |or_ln365_62_fu_17728_p2           |        or|   0|  0|    2|           1|           1|
    |or_ln365_63_fu_17826_p2           |        or|   0|  0|    2|           1|           1|
    |or_ln365_64_fu_17924_p2           |        or|   0|  0|    2|           1|           1|
    |or_ln365_65_fu_18022_p2           |        or|   0|  0|    2|           1|           1|
    |or_ln365_66_fu_18120_p2           |        or|   0|  0|    2|           1|           1|
    |or_ln365_67_fu_18218_p2           |        or|   0|  0|    2|           1|           1|
    |or_ln365_68_fu_18316_p2           |        or|   0|  0|    2|           1|           1|
    |or_ln365_69_fu_18414_p2           |        or|   0|  0|    2|           1|           1|
    |or_ln365_6_fu_12240_p2            |        or|   0|  0|    2|           1|           1|
    |or_ln365_70_fu_18512_p2           |        or|   0|  0|    2|           1|           1|
    |or_ln365_71_fu_18610_p2           |        or|   0|  0|    2|           1|           1|
    |or_ln365_72_fu_18708_p2           |        or|   0|  0|    2|           1|           1|
    |or_ln365_73_fu_18806_p2           |        or|   0|  0|    2|           1|           1|
    |or_ln365_74_fu_18904_p2           |        or|   0|  0|    2|           1|           1|
    |or_ln365_75_fu_19002_p2           |        or|   0|  0|    2|           1|           1|
    |or_ln365_76_fu_19100_p2           |        or|   0|  0|    2|           1|           1|
    |or_ln365_77_fu_19198_p2           |        or|   0|  0|    2|           1|           1|
    |or_ln365_78_fu_19296_p2           |        or|   0|  0|    2|           1|           1|
    |or_ln365_79_fu_19394_p2           |        or|   0|  0|    2|           1|           1|
    |or_ln365_7_fu_12338_p2            |        or|   0|  0|    2|           1|           1|
    |or_ln365_80_fu_19492_p2           |        or|   0|  0|    2|           1|           1|
    |or_ln365_81_fu_19590_p2           |        or|   0|  0|    2|           1|           1|
    |or_ln365_82_fu_19688_p2           |        or|   0|  0|    2|           1|           1|
    |or_ln365_83_fu_19786_p2           |        or|   0|  0|    2|           1|           1|
    |or_ln365_84_fu_19884_p2           |        or|   0|  0|    2|           1|           1|
    |or_ln365_85_fu_19982_p2           |        or|   0|  0|    2|           1|           1|
    |or_ln365_86_fu_20080_p2           |        or|   0|  0|    2|           1|           1|
    |or_ln365_87_fu_20178_p2           |        or|   0|  0|    2|           1|           1|
    |or_ln365_88_fu_20276_p2           |        or|   0|  0|    2|           1|           1|
    |or_ln365_89_fu_20374_p2           |        or|   0|  0|    2|           1|           1|
    |or_ln365_8_fu_12436_p2            |        or|   0|  0|    2|           1|           1|
    |or_ln365_90_fu_20472_p2           |        or|   0|  0|    2|           1|           1|
    |or_ln365_91_fu_20570_p2           |        or|   0|  0|    2|           1|           1|
    |or_ln365_92_fu_20668_p2           |        or|   0|  0|    2|           1|           1|
    |or_ln365_93_fu_20766_p2           |        or|   0|  0|    2|           1|           1|
    |or_ln365_94_fu_20864_p2           |        or|   0|  0|    2|           1|           1|
    |or_ln365_95_fu_20962_p2           |        or|   0|  0|    2|           1|           1|
    |or_ln365_96_fu_21060_p2           |        or|   0|  0|    2|           1|           1|
    |or_ln365_97_fu_21158_p2           |        or|   0|  0|    2|           1|           1|
    |or_ln365_98_fu_21256_p2           |        or|   0|  0|    2|           1|           1|
    |or_ln365_99_fu_21354_p2           |        or|   0|  0|    2|           1|           1|
    |or_ln365_9_fu_12534_p2            |        or|   0|  0|    2|           1|           1|
    |or_ln365_fu_11652_p2              |        or|   0|  0|    2|           1|           1|
    |or_ln374_194_fu_11695_p2          |        or|   0|  0|    2|           1|           1|
    |or_ln374_195_fu_11793_p2          |        or|   0|  0|    2|           1|           1|
    |or_ln374_196_fu_11891_p2          |        or|   0|  0|    2|           1|           1|
    |or_ln374_197_fu_11989_p2          |        or|   0|  0|    2|           1|           1|
    |or_ln374_198_fu_12087_p2          |        or|   0|  0|    2|           1|           1|
    |or_ln374_199_fu_12185_p2          |        or|   0|  0|    2|           1|           1|
    |or_ln374_200_fu_12283_p2          |        or|   0|  0|    2|           1|           1|
    |or_ln374_201_fu_12381_p2          |        or|   0|  0|    2|           1|           1|
    |or_ln374_202_fu_12479_p2          |        or|   0|  0|    2|           1|           1|
    |or_ln374_203_fu_12577_p2          |        or|   0|  0|    2|           1|           1|
    |or_ln374_204_fu_12675_p2          |        or|   0|  0|    2|           1|           1|
    |or_ln374_205_fu_12773_p2          |        or|   0|  0|    2|           1|           1|
    |or_ln374_206_fu_12871_p2          |        or|   0|  0|    2|           1|           1|
    |or_ln374_207_fu_12969_p2          |        or|   0|  0|    2|           1|           1|
    |or_ln374_208_fu_13067_p2          |        or|   0|  0|    2|           1|           1|
    |or_ln374_209_fu_13165_p2          |        or|   0|  0|    2|           1|           1|
    |or_ln374_210_fu_13263_p2          |        or|   0|  0|    2|           1|           1|
    |or_ln374_211_fu_13361_p2          |        or|   0|  0|    2|           1|           1|
    |or_ln374_212_fu_13459_p2          |        or|   0|  0|    2|           1|           1|
    |or_ln374_213_fu_13557_p2          |        or|   0|  0|    2|           1|           1|
    |or_ln374_214_fu_13655_p2          |        or|   0|  0|    2|           1|           1|
    |or_ln374_215_fu_13753_p2          |        or|   0|  0|    2|           1|           1|
    |or_ln374_216_fu_13851_p2          |        or|   0|  0|    2|           1|           1|
    |or_ln374_217_fu_13949_p2          |        or|   0|  0|    2|           1|           1|
    |or_ln374_218_fu_14047_p2          |        or|   0|  0|    2|           1|           1|
    |or_ln374_219_fu_14145_p2          |        or|   0|  0|    2|           1|           1|
    |or_ln374_220_fu_14243_p2          |        or|   0|  0|    2|           1|           1|
    |or_ln374_221_fu_14341_p2          |        or|   0|  0|    2|           1|           1|
    |or_ln374_222_fu_14439_p2          |        or|   0|  0|    2|           1|           1|
    |or_ln374_223_fu_14537_p2          |        or|   0|  0|    2|           1|           1|
    |or_ln374_224_fu_14635_p2          |        or|   0|  0|    2|           1|           1|
    |or_ln374_225_fu_14733_p2          |        or|   0|  0|    2|           1|           1|
    |or_ln374_226_fu_14831_p2          |        or|   0|  0|    2|           1|           1|
    |or_ln374_227_fu_14929_p2          |        or|   0|  0|    2|           1|           1|
    |or_ln374_228_fu_15027_p2          |        or|   0|  0|    2|           1|           1|
    |or_ln374_229_fu_15125_p2          |        or|   0|  0|    2|           1|           1|
    |or_ln374_230_fu_15223_p2          |        or|   0|  0|    2|           1|           1|
    |or_ln374_231_fu_15321_p2          |        or|   0|  0|    2|           1|           1|
    |or_ln374_232_fu_15419_p2          |        or|   0|  0|    2|           1|           1|
    |or_ln374_233_fu_15517_p2          |        or|   0|  0|    2|           1|           1|
    |or_ln374_234_fu_15615_p2          |        or|   0|  0|    2|           1|           1|
    |or_ln374_235_fu_15713_p2          |        or|   0|  0|    2|           1|           1|
    |or_ln374_236_fu_15811_p2          |        or|   0|  0|    2|           1|           1|
    |or_ln374_237_fu_15909_p2          |        or|   0|  0|    2|           1|           1|
    |or_ln374_238_fu_16007_p2          |        or|   0|  0|    2|           1|           1|
    |or_ln374_239_fu_16105_p2          |        or|   0|  0|    2|           1|           1|
    |or_ln374_240_fu_16203_p2          |        or|   0|  0|    2|           1|           1|
    |or_ln374_241_fu_16301_p2          |        or|   0|  0|    2|           1|           1|
    |or_ln374_242_fu_16399_p2          |        or|   0|  0|    2|           1|           1|
    |or_ln374_243_fu_16497_p2          |        or|   0|  0|    2|           1|           1|
    |or_ln374_244_fu_16595_p2          |        or|   0|  0|    2|           1|           1|
    |or_ln374_245_fu_16693_p2          |        or|   0|  0|    2|           1|           1|
    |or_ln374_246_fu_16791_p2          |        or|   0|  0|    2|           1|           1|
    |or_ln374_247_fu_16889_p2          |        or|   0|  0|    2|           1|           1|
    |or_ln374_248_fu_16987_p2          |        or|   0|  0|    2|           1|           1|
    |or_ln374_249_fu_17085_p2          |        or|   0|  0|    2|           1|           1|
    |or_ln374_250_fu_17183_p2          |        or|   0|  0|    2|           1|           1|
    |or_ln374_251_fu_17281_p2          |        or|   0|  0|    2|           1|           1|
    |or_ln374_252_fu_17379_p2          |        or|   0|  0|    2|           1|           1|
    |or_ln374_253_fu_17477_p2          |        or|   0|  0|    2|           1|           1|
    |or_ln374_254_fu_17575_p2          |        or|   0|  0|    2|           1|           1|
    |or_ln374_255_fu_17673_p2          |        or|   0|  0|    2|           1|           1|
    |or_ln374_256_fu_17771_p2          |        or|   0|  0|    2|           1|           1|
    |or_ln374_257_fu_17869_p2          |        or|   0|  0|    2|           1|           1|
    |or_ln374_258_fu_17967_p2          |        or|   0|  0|    2|           1|           1|
    |or_ln374_259_fu_18065_p2          |        or|   0|  0|    2|           1|           1|
    |or_ln374_260_fu_18163_p2          |        or|   0|  0|    2|           1|           1|
    |or_ln374_261_fu_18261_p2          |        or|   0|  0|    2|           1|           1|
    |or_ln374_262_fu_18359_p2          |        or|   0|  0|    2|           1|           1|
    |or_ln374_263_fu_18457_p2          |        or|   0|  0|    2|           1|           1|
    |or_ln374_264_fu_18555_p2          |        or|   0|  0|    2|           1|           1|
    |or_ln374_265_fu_18653_p2          |        or|   0|  0|    2|           1|           1|
    |or_ln374_266_fu_18751_p2          |        or|   0|  0|    2|           1|           1|
    |or_ln374_267_fu_18849_p2          |        or|   0|  0|    2|           1|           1|
    |or_ln374_268_fu_18947_p2          |        or|   0|  0|    2|           1|           1|
    |or_ln374_269_fu_19045_p2          |        or|   0|  0|    2|           1|           1|
    |or_ln374_270_fu_19143_p2          |        or|   0|  0|    2|           1|           1|
    |or_ln374_271_fu_19241_p2          |        or|   0|  0|    2|           1|           1|
    |or_ln374_272_fu_19339_p2          |        or|   0|  0|    2|           1|           1|
    |or_ln374_273_fu_19437_p2          |        or|   0|  0|    2|           1|           1|
    |or_ln374_274_fu_19535_p2          |        or|   0|  0|    2|           1|           1|
    |or_ln374_275_fu_19633_p2          |        or|   0|  0|    2|           1|           1|
    |or_ln374_276_fu_19731_p2          |        or|   0|  0|    2|           1|           1|
    |or_ln374_277_fu_19829_p2          |        or|   0|  0|    2|           1|           1|
    |or_ln374_278_fu_19927_p2          |        or|   0|  0|    2|           1|           1|
    |or_ln374_279_fu_20025_p2          |        or|   0|  0|    2|           1|           1|
    |or_ln374_280_fu_20123_p2          |        or|   0|  0|    2|           1|           1|
    |or_ln374_281_fu_20221_p2          |        or|   0|  0|    2|           1|           1|
    |or_ln374_282_fu_20319_p2          |        or|   0|  0|    2|           1|           1|
    |or_ln374_283_fu_20417_p2          |        or|   0|  0|    2|           1|           1|
    |or_ln374_284_fu_20515_p2          |        or|   0|  0|    2|           1|           1|
    |or_ln374_285_fu_20613_p2          |        or|   0|  0|    2|           1|           1|
    |or_ln374_286_fu_20711_p2          |        or|   0|  0|    2|           1|           1|
    |or_ln374_287_fu_20809_p2          |        or|   0|  0|    2|           1|           1|
    |or_ln374_288_fu_20907_p2          |        or|   0|  0|    2|           1|           1|
    |or_ln374_289_fu_21005_p2          |        or|   0|  0|    2|           1|           1|
    |or_ln374_290_fu_21103_p2          |        or|   0|  0|    2|           1|           1|
    |or_ln374_291_fu_21201_p2          |        or|   0|  0|    2|           1|           1|
    |or_ln374_292_fu_21299_p2          |        or|   0|  0|    2|           1|           1|
    |or_ln374_293_fu_21397_p2          |        or|   0|  0|    2|           1|           1|
    |or_ln374_294_fu_21495_p2          |        or|   0|  0|    2|           1|           1|
    |or_ln374_295_fu_21593_p2          |        or|   0|  0|    2|           1|           1|
    |or_ln374_296_fu_21691_p2          |        or|   0|  0|    2|           1|           1|
    |or_ln374_297_fu_21789_p2          |        or|   0|  0|    2|           1|           1|
    |or_ln374_298_fu_21887_p2          |        or|   0|  0|    2|           1|           1|
    |or_ln374_299_fu_21985_p2          |        or|   0|  0|    2|           1|           1|
    |or_ln374_300_fu_22083_p2          |        or|   0|  0|    2|           1|           1|
    |or_ln374_301_fu_22181_p2          |        or|   0|  0|    2|           1|           1|
    |or_ln374_302_fu_22279_p2          |        or|   0|  0|    2|           1|           1|
    |or_ln374_303_fu_22377_p2          |        or|   0|  0|    2|           1|           1|
    |or_ln374_304_fu_22475_p2          |        or|   0|  0|    2|           1|           1|
    |or_ln374_305_fu_22573_p2          |        or|   0|  0|    2|           1|           1|
    |or_ln374_306_fu_22671_p2          |        or|   0|  0|    2|           1|           1|
    |or_ln374_307_fu_22769_p2          |        or|   0|  0|    2|           1|           1|
    |or_ln374_308_fu_22867_p2          |        or|   0|  0|    2|           1|           1|
    |or_ln374_309_fu_22965_p2          |        or|   0|  0|    2|           1|           1|
    |or_ln374_310_fu_23063_p2          |        or|   0|  0|    2|           1|           1|
    |or_ln374_311_fu_23161_p2          |        or|   0|  0|    2|           1|           1|
    |or_ln374_312_fu_23259_p2          |        or|   0|  0|    2|           1|           1|
    |or_ln374_313_fu_23357_p2          |        or|   0|  0|    2|           1|           1|
    |or_ln374_314_fu_23455_p2          |        or|   0|  0|    2|           1|           1|
    |or_ln374_315_fu_23553_p2          |        or|   0|  0|    2|           1|           1|
    |or_ln374_316_fu_23651_p2          |        or|   0|  0|    2|           1|           1|
    |or_ln374_317_fu_23749_p2          |        or|   0|  0|    2|           1|           1|
    |or_ln374_318_fu_23847_p2          |        or|   0|  0|    2|           1|           1|
    |or_ln374_319_fu_23945_p2          |        or|   0|  0|    2|           1|           1|
    |or_ln374_320_fu_24043_p2          |        or|   0|  0|    2|           1|           1|
    |or_ln374_fu_11597_p2              |        or|   0|  0|    2|           1|           1|
    |or_ln471_100_fu_9336_p2           |        or|   0|  0|    2|           1|           1|
    |or_ln471_101_fu_9418_p2           |        or|   0|  0|    2|           1|           1|
    |or_ln471_102_fu_9500_p2           |        or|   0|  0|    2|           1|           1|
    |or_ln471_103_fu_9582_p2           |        or|   0|  0|    2|           1|           1|
    |or_ln471_104_fu_9664_p2           |        or|   0|  0|    2|           1|           1|
    |or_ln471_105_fu_9746_p2           |        or|   0|  0|    2|           1|           1|
    |or_ln471_106_fu_9828_p2           |        or|   0|  0|    2|           1|           1|
    |or_ln471_107_fu_9910_p2           |        or|   0|  0|    2|           1|           1|
    |or_ln471_108_fu_9992_p2           |        or|   0|  0|    2|           1|           1|
    |or_ln471_109_fu_10074_p2          |        or|   0|  0|    2|           1|           1|
    |or_ln471_10_fu_1956_p2            |        or|   0|  0|    2|           1|           1|
    |or_ln471_110_fu_10156_p2          |        or|   0|  0|    2|           1|           1|
    |or_ln471_111_fu_10238_p2          |        or|   0|  0|    2|           1|           1|
    |or_ln471_112_fu_10320_p2          |        or|   0|  0|    2|           1|           1|
    |or_ln471_113_fu_10402_p2          |        or|   0|  0|    2|           1|           1|
    |or_ln471_114_fu_10484_p2          |        or|   0|  0|    2|           1|           1|
    |or_ln471_115_fu_10566_p2          |        or|   0|  0|    2|           1|           1|
    |or_ln471_116_fu_10648_p2          |        or|   0|  0|    2|           1|           1|
    |or_ln471_117_fu_10730_p2          |        or|   0|  0|    2|           1|           1|
    |or_ln471_118_fu_10812_p2          |        or|   0|  0|    2|           1|           1|
    |or_ln471_119_fu_10894_p2          |        or|   0|  0|    2|           1|           1|
    |or_ln471_11_fu_2038_p2            |        or|   0|  0|    2|           1|           1|
    |or_ln471_120_fu_10976_p2          |        or|   0|  0|    2|           1|           1|
    |or_ln471_121_fu_11058_p2          |        or|   0|  0|    2|           1|           1|
    |or_ln471_122_fu_11140_p2          |        or|   0|  0|    2|           1|           1|
    |or_ln471_123_fu_11222_p2          |        or|   0|  0|    2|           1|           1|
    |or_ln471_124_fu_11304_p2          |        or|   0|  0|    2|           1|           1|
    |or_ln471_125_fu_11386_p2          |        or|   0|  0|    2|           1|           1|
    |or_ln471_126_fu_11468_p2          |        or|   0|  0|    2|           1|           1|
    |or_ln471_127_fu_11550_p2          |        or|   0|  0|    2|           1|           1|
    |or_ln471_12_fu_2120_p2            |        or|   0|  0|    2|           1|           1|
    |or_ln471_13_fu_2202_p2            |        or|   0|  0|    2|           1|           1|
    |or_ln471_14_fu_2284_p2            |        or|   0|  0|    2|           1|           1|
    |or_ln471_15_fu_2366_p2            |        or|   0|  0|    2|           1|           1|
    |or_ln471_16_fu_2448_p2            |        or|   0|  0|    2|           1|           1|
    |or_ln471_17_fu_2530_p2            |        or|   0|  0|    2|           1|           1|
    |or_ln471_18_fu_2612_p2            |        or|   0|  0|    2|           1|           1|
    |or_ln471_19_fu_2694_p2            |        or|   0|  0|    2|           1|           1|
    |or_ln471_1_fu_1218_p2             |        or|   0|  0|    2|           1|           1|
    |or_ln471_20_fu_2776_p2            |        or|   0|  0|    2|           1|           1|
    |or_ln471_21_fu_2858_p2            |        or|   0|  0|    2|           1|           1|
    |or_ln471_22_fu_2940_p2            |        or|   0|  0|    2|           1|           1|
    |or_ln471_23_fu_3022_p2            |        or|   0|  0|    2|           1|           1|
    |or_ln471_24_fu_3104_p2            |        or|   0|  0|    2|           1|           1|
    |or_ln471_25_fu_3186_p2            |        or|   0|  0|    2|           1|           1|
    |or_ln471_26_fu_3268_p2            |        or|   0|  0|    2|           1|           1|
    |or_ln471_27_fu_3350_p2            |        or|   0|  0|    2|           1|           1|
    |or_ln471_28_fu_3432_p2            |        or|   0|  0|    2|           1|           1|
    |or_ln471_29_fu_3514_p2            |        or|   0|  0|    2|           1|           1|
    |or_ln471_2_fu_1300_p2             |        or|   0|  0|    2|           1|           1|
    |or_ln471_30_fu_3596_p2            |        or|   0|  0|    2|           1|           1|
    |or_ln471_31_fu_3678_p2            |        or|   0|  0|    2|           1|           1|
    |or_ln471_32_fu_3760_p2            |        or|   0|  0|    2|           1|           1|
    |or_ln471_33_fu_3842_p2            |        or|   0|  0|    2|           1|           1|
    |or_ln471_34_fu_3924_p2            |        or|   0|  0|    2|           1|           1|
    |or_ln471_35_fu_4006_p2            |        or|   0|  0|    2|           1|           1|
    |or_ln471_36_fu_4088_p2            |        or|   0|  0|    2|           1|           1|
    |or_ln471_37_fu_4170_p2            |        or|   0|  0|    2|           1|           1|
    |or_ln471_38_fu_4252_p2            |        or|   0|  0|    2|           1|           1|
    |or_ln471_39_fu_4334_p2            |        or|   0|  0|    2|           1|           1|
    |or_ln471_3_fu_1382_p2             |        or|   0|  0|    2|           1|           1|
    |or_ln471_40_fu_4416_p2            |        or|   0|  0|    2|           1|           1|
    |or_ln471_41_fu_4498_p2            |        or|   0|  0|    2|           1|           1|
    |or_ln471_42_fu_4580_p2            |        or|   0|  0|    2|           1|           1|
    |or_ln471_43_fu_4662_p2            |        or|   0|  0|    2|           1|           1|
    |or_ln471_44_fu_4744_p2            |        or|   0|  0|    2|           1|           1|
    |or_ln471_45_fu_4826_p2            |        or|   0|  0|    2|           1|           1|
    |or_ln471_46_fu_4908_p2            |        or|   0|  0|    2|           1|           1|
    |or_ln471_47_fu_4990_p2            |        or|   0|  0|    2|           1|           1|
    |or_ln471_48_fu_5072_p2            |        or|   0|  0|    2|           1|           1|
    |or_ln471_49_fu_5154_p2            |        or|   0|  0|    2|           1|           1|
    |or_ln471_4_fu_1464_p2             |        or|   0|  0|    2|           1|           1|
    |or_ln471_50_fu_5236_p2            |        or|   0|  0|    2|           1|           1|
    |or_ln471_51_fu_5318_p2            |        or|   0|  0|    2|           1|           1|
    |or_ln471_52_fu_5400_p2            |        or|   0|  0|    2|           1|           1|
    |or_ln471_53_fu_5482_p2            |        or|   0|  0|    2|           1|           1|
    |or_ln471_54_fu_5564_p2            |        or|   0|  0|    2|           1|           1|
    |or_ln471_55_fu_5646_p2            |        or|   0|  0|    2|           1|           1|
    |or_ln471_56_fu_5728_p2            |        or|   0|  0|    2|           1|           1|
    |or_ln471_57_fu_5810_p2            |        or|   0|  0|    2|           1|           1|
    |or_ln471_58_fu_5892_p2            |        or|   0|  0|    2|           1|           1|
    |or_ln471_59_fu_5974_p2            |        or|   0|  0|    2|           1|           1|
    |or_ln471_5_fu_1546_p2             |        or|   0|  0|    2|           1|           1|
    |or_ln471_60_fu_6056_p2            |        or|   0|  0|    2|           1|           1|
    |or_ln471_61_fu_6138_p2            |        or|   0|  0|    2|           1|           1|
    |or_ln471_62_fu_6220_p2            |        or|   0|  0|    2|           1|           1|
    |or_ln471_63_fu_6302_p2            |        or|   0|  0|    2|           1|           1|
    |or_ln471_64_fu_6384_p2            |        or|   0|  0|    2|           1|           1|
    |or_ln471_65_fu_6466_p2            |        or|   0|  0|    2|           1|           1|
    |or_ln471_66_fu_6548_p2            |        or|   0|  0|    2|           1|           1|
    |or_ln471_67_fu_6630_p2            |        or|   0|  0|    2|           1|           1|
    |or_ln471_68_fu_6712_p2            |        or|   0|  0|    2|           1|           1|
    |or_ln471_69_fu_6794_p2            |        or|   0|  0|    2|           1|           1|
    |or_ln471_6_fu_1628_p2             |        or|   0|  0|    2|           1|           1|
    |or_ln471_70_fu_6876_p2            |        or|   0|  0|    2|           1|           1|
    |or_ln471_71_fu_6958_p2            |        or|   0|  0|    2|           1|           1|
    |or_ln471_72_fu_7040_p2            |        or|   0|  0|    2|           1|           1|
    |or_ln471_73_fu_7122_p2            |        or|   0|  0|    2|           1|           1|
    |or_ln471_74_fu_7204_p2            |        or|   0|  0|    2|           1|           1|
    |or_ln471_75_fu_7286_p2            |        or|   0|  0|    2|           1|           1|
    |or_ln471_76_fu_7368_p2            |        or|   0|  0|    2|           1|           1|
    |or_ln471_77_fu_7450_p2            |        or|   0|  0|    2|           1|           1|
    |or_ln471_78_fu_7532_p2            |        or|   0|  0|    2|           1|           1|
    |or_ln471_79_fu_7614_p2            |        or|   0|  0|    2|           1|           1|
    |or_ln471_7_fu_1710_p2             |        or|   0|  0|    2|           1|           1|
    |or_ln471_80_fu_7696_p2            |        or|   0|  0|    2|           1|           1|
    |or_ln471_81_fu_7778_p2            |        or|   0|  0|    2|           1|           1|
    |or_ln471_82_fu_7860_p2            |        or|   0|  0|    2|           1|           1|
    |or_ln471_83_fu_7942_p2            |        or|   0|  0|    2|           1|           1|
    |or_ln471_84_fu_8024_p2            |        or|   0|  0|    2|           1|           1|
    |or_ln471_85_fu_8106_p2            |        or|   0|  0|    2|           1|           1|
    |or_ln471_86_fu_8188_p2            |        or|   0|  0|    2|           1|           1|
    |or_ln471_87_fu_8270_p2            |        or|   0|  0|    2|           1|           1|
    |or_ln471_88_fu_8352_p2            |        or|   0|  0|    2|           1|           1|
    |or_ln471_89_fu_8434_p2            |        or|   0|  0|    2|           1|           1|
    |or_ln471_8_fu_1792_p2             |        or|   0|  0|    2|           1|           1|
    |or_ln471_90_fu_8516_p2            |        or|   0|  0|    2|           1|           1|
    |or_ln471_91_fu_8598_p2            |        or|   0|  0|    2|           1|           1|
    |or_ln471_92_fu_8680_p2            |        or|   0|  0|    2|           1|           1|
    |or_ln471_93_fu_8762_p2            |        or|   0|  0|    2|           1|           1|
    |or_ln471_94_fu_8844_p2            |        or|   0|  0|    2|           1|           1|
    |or_ln471_95_fu_8926_p2            |        or|   0|  0|    2|           1|           1|
    |or_ln471_96_fu_9008_p2            |        or|   0|  0|    2|           1|           1|
    |or_ln471_97_fu_9090_p2            |        or|   0|  0|    2|           1|           1|
    |or_ln471_98_fu_9172_p2            |        or|   0|  0|    2|           1|           1|
    |or_ln471_99_fu_9254_p2            |        or|   0|  0|    2|           1|           1|
    |or_ln471_9_fu_1874_p2             |        or|   0|  0|    2|           1|           1|
    |or_ln471_fu_1136_p2               |        or|   0|  0|    2|           1|           1|
    |datareg_V_255_fu_1142_p3          |    select|   0|  0|   14|           1|          14|
    |datareg_V_256_fu_1224_p3          |    select|   0|  0|   14|           1|          14|
    |datareg_V_257_fu_1306_p3          |    select|   0|  0|   14|           1|          14|
    |datareg_V_258_fu_1470_p3          |    select|   0|  0|   14|           1|          14|
    |datareg_V_259_fu_1552_p3          |    select|   0|  0|   14|           1|          14|
    |datareg_V_260_fu_1634_p3          |    select|   0|  0|   14|           1|          14|
    |datareg_V_261_fu_1716_p3          |    select|   0|  0|   14|           1|          14|
    |datareg_V_262_fu_1798_p3          |    select|   0|  0|   14|           1|          14|
    |datareg_V_263_fu_1880_p3          |    select|   0|  0|   14|           1|          14|
    |datareg_V_264_fu_1962_p3          |    select|   0|  0|   14|           1|          14|
    |datareg_V_265_fu_2044_p3          |    select|   0|  0|   14|           1|          14|
    |datareg_V_266_fu_2126_p3          |    select|   0|  0|   14|           1|          14|
    |datareg_V_267_fu_2208_p3          |    select|   0|  0|   14|           1|          14|
    |datareg_V_268_fu_2290_p3          |    select|   0|  0|   14|           1|          14|
    |datareg_V_269_fu_2372_p3          |    select|   0|  0|   14|           1|          14|
    |datareg_V_270_fu_2454_p3          |    select|   0|  0|   14|           1|          14|
    |datareg_V_271_fu_2536_p3          |    select|   0|  0|   14|           1|          14|
    |datareg_V_272_fu_2618_p3          |    select|   0|  0|   14|           1|          14|
    |datareg_V_273_fu_2700_p3          |    select|   0|  0|   14|           1|          14|
    |datareg_V_274_fu_2782_p3          |    select|   0|  0|   14|           1|          14|
    |datareg_V_275_fu_2864_p3          |    select|   0|  0|   14|           1|          14|
    |datareg_V_276_fu_2946_p3          |    select|   0|  0|   14|           1|          14|
    |datareg_V_277_fu_3028_p3          |    select|   0|  0|   14|           1|          14|
    |datareg_V_278_fu_3110_p3          |    select|   0|  0|   14|           1|          14|
    |datareg_V_279_fu_3192_p3          |    select|   0|  0|   14|           1|          14|
    |datareg_V_280_fu_3274_p3          |    select|   0|  0|   14|           1|          14|
    |datareg_V_281_fu_3356_p3          |    select|   0|  0|   14|           1|          14|
    |datareg_V_282_fu_3438_p3          |    select|   0|  0|   14|           1|          14|
    |datareg_V_283_fu_3520_p3          |    select|   0|  0|   14|           1|          14|
    |datareg_V_284_fu_3602_p3          |    select|   0|  0|   14|           1|          14|
    |datareg_V_285_fu_3684_p3          |    select|   0|  0|   14|           1|          14|
    |datareg_V_286_fu_3766_p3          |    select|   0|  0|   14|           1|          14|
    |datareg_V_287_fu_3848_p3          |    select|   0|  0|   14|           1|          14|
    |datareg_V_288_fu_3930_p3          |    select|   0|  0|   14|           1|          14|
    |datareg_V_289_fu_4012_p3          |    select|   0|  0|   14|           1|          14|
    |datareg_V_290_fu_4094_p3          |    select|   0|  0|   14|           1|          14|
    |datareg_V_291_fu_4176_p3          |    select|   0|  0|   14|           1|          14|
    |datareg_V_292_fu_4258_p3          |    select|   0|  0|   14|           1|          14|
    |datareg_V_293_fu_4340_p3          |    select|   0|  0|   14|           1|          14|
    |datareg_V_294_fu_4422_p3          |    select|   0|  0|   14|           1|          14|
    |datareg_V_295_fu_4504_p3          |    select|   0|  0|   14|           1|          14|
    |datareg_V_296_fu_4586_p3          |    select|   0|  0|   14|           1|          14|
    |datareg_V_297_fu_4668_p3          |    select|   0|  0|   14|           1|          14|
    |datareg_V_298_fu_4750_p3          |    select|   0|  0|   14|           1|          14|
    |datareg_V_299_fu_4832_p3          |    select|   0|  0|   14|           1|          14|
    |datareg_V_300_fu_4914_p3          |    select|   0|  0|   14|           1|          14|
    |datareg_V_301_fu_4996_p3          |    select|   0|  0|   14|           1|          14|
    |datareg_V_302_fu_5078_p3          |    select|   0|  0|   14|           1|          14|
    |datareg_V_303_fu_5160_p3          |    select|   0|  0|   14|           1|          14|
    |datareg_V_304_fu_5242_p3          |    select|   0|  0|   14|           1|          14|
    |datareg_V_305_fu_5324_p3          |    select|   0|  0|   14|           1|          14|
    |datareg_V_306_fu_5406_p3          |    select|   0|  0|   14|           1|          14|
    |datareg_V_307_fu_5488_p3          |    select|   0|  0|   14|           1|          14|
    |datareg_V_308_fu_5570_p3          |    select|   0|  0|   14|           1|          14|
    |datareg_V_309_fu_5652_p3          |    select|   0|  0|   14|           1|          14|
    |datareg_V_310_fu_5734_p3          |    select|   0|  0|   14|           1|          14|
    |datareg_V_311_fu_5816_p3          |    select|   0|  0|   14|           1|          14|
    |datareg_V_312_fu_5898_p3          |    select|   0|  0|   14|           1|          14|
    |datareg_V_313_fu_5980_p3          |    select|   0|  0|   14|           1|          14|
    |datareg_V_314_fu_6062_p3          |    select|   0|  0|   14|           1|          14|
    |datareg_V_315_fu_6144_p3          |    select|   0|  0|   14|           1|          14|
    |datareg_V_316_fu_6226_p3          |    select|   0|  0|   14|           1|          14|
    |datareg_V_317_fu_6308_p3          |    select|   0|  0|   14|           1|          14|
    |datareg_V_318_fu_6390_p3          |    select|   0|  0|   14|           1|          14|
    |datareg_V_319_fu_6472_p3          |    select|   0|  0|   14|           1|          14|
    |datareg_V_320_fu_6554_p3          |    select|   0|  0|   14|           1|          14|
    |datareg_V_321_fu_6636_p3          |    select|   0|  0|   14|           1|          14|
    |datareg_V_322_fu_6718_p3          |    select|   0|  0|   14|           1|          14|
    |datareg_V_323_fu_6800_p3          |    select|   0|  0|   14|           1|          14|
    |datareg_V_324_fu_6882_p3          |    select|   0|  0|   14|           1|          14|
    |datareg_V_325_fu_6964_p3          |    select|   0|  0|   14|           1|          14|
    |datareg_V_326_fu_7046_p3          |    select|   0|  0|   14|           1|          14|
    |datareg_V_327_fu_7128_p3          |    select|   0|  0|   14|           1|          14|
    |datareg_V_328_fu_7210_p3          |    select|   0|  0|   14|           1|          14|
    |datareg_V_329_fu_7292_p3          |    select|   0|  0|   14|           1|          14|
    |datareg_V_330_fu_7374_p3          |    select|   0|  0|   14|           1|          14|
    |datareg_V_331_fu_7456_p3          |    select|   0|  0|   14|           1|          14|
    |datareg_V_332_fu_7538_p3          |    select|   0|  0|   14|           1|          14|
    |datareg_V_333_fu_7620_p3          |    select|   0|  0|   14|           1|          14|
    |datareg_V_334_fu_7702_p3          |    select|   0|  0|   14|           1|          14|
    |datareg_V_335_fu_7784_p3          |    select|   0|  0|   14|           1|          14|
    |datareg_V_336_fu_7866_p3          |    select|   0|  0|   14|           1|          14|
    |datareg_V_337_fu_7948_p3          |    select|   0|  0|   14|           1|          14|
    |datareg_V_338_fu_8030_p3          |    select|   0|  0|   14|           1|          14|
    |datareg_V_339_fu_8112_p3          |    select|   0|  0|   14|           1|          14|
    |datareg_V_340_fu_8194_p3          |    select|   0|  0|   14|           1|          14|
    |datareg_V_341_fu_8276_p3          |    select|   0|  0|   14|           1|          14|
    |datareg_V_342_fu_8358_p3          |    select|   0|  0|   14|           1|          14|
    |datareg_V_343_fu_8440_p3          |    select|   0|  0|   14|           1|          14|
    |datareg_V_344_fu_8522_p3          |    select|   0|  0|   14|           1|          14|
    |datareg_V_345_fu_8604_p3          |    select|   0|  0|   14|           1|          14|
    |datareg_V_346_fu_8686_p3          |    select|   0|  0|   14|           1|          14|
    |datareg_V_347_fu_8768_p3          |    select|   0|  0|   14|           1|          14|
    |datareg_V_348_fu_8850_p3          |    select|   0|  0|   14|           1|          14|
    |datareg_V_349_fu_8932_p3          |    select|   0|  0|   14|           1|          14|
    |datareg_V_350_fu_9014_p3          |    select|   0|  0|   14|           1|          14|
    |datareg_V_351_fu_9096_p3          |    select|   0|  0|   14|           1|          14|
    |datareg_V_352_fu_9178_p3          |    select|   0|  0|   14|           1|          14|
    |datareg_V_353_fu_9260_p3          |    select|   0|  0|   14|           1|          14|
    |datareg_V_354_fu_9342_p3          |    select|   0|  0|   14|           1|          14|
    |datareg_V_355_fu_9424_p3          |    select|   0|  0|   14|           1|          14|
    |datareg_V_356_fu_9506_p3          |    select|   0|  0|   14|           1|          14|
    |datareg_V_357_fu_9588_p3          |    select|   0|  0|   14|           1|          14|
    |datareg_V_358_fu_9670_p3          |    select|   0|  0|   14|           1|          14|
    |datareg_V_359_fu_9752_p3          |    select|   0|  0|   14|           1|          14|
    |datareg_V_360_fu_9834_p3          |    select|   0|  0|   14|           1|          14|
    |datareg_V_361_fu_9916_p3          |    select|   0|  0|   14|           1|          14|
    |datareg_V_362_fu_9998_p3          |    select|   0|  0|   14|           1|          14|
    |datareg_V_363_fu_10080_p3         |    select|   0|  0|   14|           1|          14|
    |datareg_V_364_fu_10162_p3         |    select|   0|  0|   14|           1|          14|
    |datareg_V_365_fu_10244_p3         |    select|   0|  0|   14|           1|          14|
    |datareg_V_366_fu_10326_p3         |    select|   0|  0|   14|           1|          14|
    |datareg_V_367_fu_10408_p3         |    select|   0|  0|   14|           1|          14|
    |datareg_V_368_fu_10490_p3         |    select|   0|  0|   14|           1|          14|
    |datareg_V_369_fu_10572_p3         |    select|   0|  0|   14|           1|          14|
    |datareg_V_370_fu_10654_p3         |    select|   0|  0|   14|           1|          14|
    |datareg_V_371_fu_10736_p3         |    select|   0|  0|   14|           1|          14|
    |datareg_V_372_fu_10818_p3         |    select|   0|  0|   14|           1|          14|
    |datareg_V_373_fu_10900_p3         |    select|   0|  0|   14|           1|          14|
    |datareg_V_374_fu_10982_p3         |    select|   0|  0|   14|           1|          14|
    |datareg_V_375_fu_11064_p3         |    select|   0|  0|   14|           1|          14|
    |datareg_V_376_fu_11146_p3         |    select|   0|  0|   14|           1|          14|
    |datareg_V_377_fu_11228_p3         |    select|   0|  0|   14|           1|          14|
    |datareg_V_378_fu_11310_p3         |    select|   0|  0|   14|           1|          14|
    |datareg_V_379_fu_11392_p3         |    select|   0|  0|   14|           1|          14|
    |datareg_V_380_fu_11474_p3         |    select|   0|  0|   14|           1|          14|
    |datareg_V_381_fu_11556_p3         |    select|   0|  0|   14|           1|          14|
    |datareg_V_fu_1388_p3              |    select|   0|  0|   14|           1|          14|
    |select_ln302_100_fu_21464_p3      |    select|   0|  0|    8|           1|           8|
    |select_ln302_101_fu_21562_p3      |    select|   0|  0|    8|           1|           8|
    |select_ln302_102_fu_21660_p3      |    select|   0|  0|    8|           1|           8|
    |select_ln302_103_fu_21758_p3      |    select|   0|  0|    8|           1|           8|
    |select_ln302_104_fu_21856_p3      |    select|   0|  0|    8|           1|           8|
    |select_ln302_105_fu_21954_p3      |    select|   0|  0|    8|           1|           8|
    |select_ln302_106_fu_22052_p3      |    select|   0|  0|    8|           1|           8|
    |select_ln302_107_fu_22150_p3      |    select|   0|  0|    8|           1|           8|
    |select_ln302_108_fu_22248_p3      |    select|   0|  0|    8|           1|           8|
    |select_ln302_109_fu_22346_p3      |    select|   0|  0|    8|           1|           8|
    |select_ln302_10_fu_12644_p3       |    select|   0|  0|    8|           1|           8|
    |select_ln302_110_fu_22444_p3      |    select|   0|  0|    8|           1|           8|
    |select_ln302_111_fu_22542_p3      |    select|   0|  0|    8|           1|           8|
    |select_ln302_112_fu_22640_p3      |    select|   0|  0|    8|           1|           8|
    |select_ln302_113_fu_22738_p3      |    select|   0|  0|    8|           1|           8|
    |select_ln302_114_fu_22836_p3      |    select|   0|  0|    8|           1|           8|
    |select_ln302_115_fu_22934_p3      |    select|   0|  0|    8|           1|           8|
    |select_ln302_116_fu_23032_p3      |    select|   0|  0|    8|           1|           8|
    |select_ln302_117_fu_23130_p3      |    select|   0|  0|    8|           1|           8|
    |select_ln302_118_fu_23228_p3      |    select|   0|  0|    8|           1|           8|
    |select_ln302_119_fu_23326_p3      |    select|   0|  0|    8|           1|           8|
    |select_ln302_11_fu_12742_p3       |    select|   0|  0|    8|           1|           8|
    |select_ln302_120_fu_23424_p3      |    select|   0|  0|    8|           1|           8|
    |select_ln302_121_fu_23522_p3      |    select|   0|  0|    8|           1|           8|
    |select_ln302_122_fu_23620_p3      |    select|   0|  0|    8|           1|           8|
    |select_ln302_123_fu_23718_p3      |    select|   0|  0|    8|           1|           8|
    |select_ln302_124_fu_23816_p3      |    select|   0|  0|    8|           1|           8|
    |select_ln302_125_fu_23914_p3      |    select|   0|  0|    8|           1|           8|
    |select_ln302_126_fu_24012_p3      |    select|   0|  0|    8|           1|           8|
    |select_ln302_127_fu_24110_p3      |    select|   0|  0|    8|           1|           8|
    |select_ln302_12_fu_12840_p3       |    select|   0|  0|    8|           1|           8|
    |select_ln302_13_fu_12938_p3       |    select|   0|  0|    8|           1|           8|
    |select_ln302_14_fu_13036_p3       |    select|   0|  0|    8|           1|           8|
    |select_ln302_15_fu_13134_p3       |    select|   0|  0|    8|           1|           8|
    |select_ln302_16_fu_13232_p3       |    select|   0|  0|    8|           1|           8|
    |select_ln302_17_fu_13330_p3       |    select|   0|  0|    8|           1|           8|
    |select_ln302_18_fu_13428_p3       |    select|   0|  0|    8|           1|           8|
    |select_ln302_19_fu_13526_p3       |    select|   0|  0|    8|           1|           8|
    |select_ln302_1_fu_11762_p3        |    select|   0|  0|    8|           1|           8|
    |select_ln302_20_fu_13624_p3       |    select|   0|  0|    8|           1|           8|
    |select_ln302_21_fu_13722_p3       |    select|   0|  0|    8|           1|           8|
    |select_ln302_22_fu_13820_p3       |    select|   0|  0|    8|           1|           8|
    |select_ln302_23_fu_13918_p3       |    select|   0|  0|    8|           1|           8|
    |select_ln302_24_fu_14016_p3       |    select|   0|  0|    8|           1|           8|
    |select_ln302_25_fu_14114_p3       |    select|   0|  0|    8|           1|           8|
    |select_ln302_26_fu_14212_p3       |    select|   0|  0|    8|           1|           8|
    |select_ln302_27_fu_14310_p3       |    select|   0|  0|    8|           1|           8|
    |select_ln302_28_fu_14408_p3       |    select|   0|  0|    8|           1|           8|
    |select_ln302_29_fu_14506_p3       |    select|   0|  0|    8|           1|           8|
    |select_ln302_2_fu_11860_p3        |    select|   0|  0|    8|           1|           8|
    |select_ln302_30_fu_14604_p3       |    select|   0|  0|    8|           1|           8|
    |select_ln302_31_fu_14702_p3       |    select|   0|  0|    8|           1|           8|
    |select_ln302_32_fu_14800_p3       |    select|   0|  0|    8|           1|           8|
    |select_ln302_33_fu_14898_p3       |    select|   0|  0|    8|           1|           8|
    |select_ln302_34_fu_14996_p3       |    select|   0|  0|    8|           1|           8|
    |select_ln302_35_fu_15094_p3       |    select|   0|  0|    8|           1|           8|
    |select_ln302_36_fu_15192_p3       |    select|   0|  0|    8|           1|           8|
    |select_ln302_37_fu_15290_p3       |    select|   0|  0|    8|           1|           8|
    |select_ln302_38_fu_15388_p3       |    select|   0|  0|    8|           1|           8|
    |select_ln302_39_fu_15486_p3       |    select|   0|  0|    8|           1|           8|
    |select_ln302_3_fu_11958_p3        |    select|   0|  0|    8|           1|           8|
    |select_ln302_40_fu_15584_p3       |    select|   0|  0|    8|           1|           8|
    |select_ln302_41_fu_15682_p3       |    select|   0|  0|    8|           1|           8|
    |select_ln302_42_fu_15780_p3       |    select|   0|  0|    8|           1|           8|
    |select_ln302_43_fu_15878_p3       |    select|   0|  0|    8|           1|           8|
    |select_ln302_44_fu_15976_p3       |    select|   0|  0|    8|           1|           8|
    |select_ln302_45_fu_16074_p3       |    select|   0|  0|    8|           1|           8|
    |select_ln302_46_fu_16172_p3       |    select|   0|  0|    8|           1|           8|
    |select_ln302_47_fu_16270_p3       |    select|   0|  0|    8|           1|           8|
    |select_ln302_48_fu_16368_p3       |    select|   0|  0|    8|           1|           8|
    |select_ln302_49_fu_16466_p3       |    select|   0|  0|    8|           1|           8|
    |select_ln302_4_fu_12056_p3        |    select|   0|  0|    8|           1|           8|
    |select_ln302_50_fu_16564_p3       |    select|   0|  0|    8|           1|           8|
    |select_ln302_51_fu_16662_p3       |    select|   0|  0|    8|           1|           8|
    |select_ln302_52_fu_16760_p3       |    select|   0|  0|    8|           1|           8|
    |select_ln302_53_fu_16858_p3       |    select|   0|  0|    8|           1|           8|
    |select_ln302_54_fu_16956_p3       |    select|   0|  0|    8|           1|           8|
    |select_ln302_55_fu_17054_p3       |    select|   0|  0|    8|           1|           8|
    |select_ln302_56_fu_17152_p3       |    select|   0|  0|    8|           1|           8|
    |select_ln302_57_fu_17250_p3       |    select|   0|  0|    8|           1|           8|
    |select_ln302_58_fu_17348_p3       |    select|   0|  0|    8|           1|           8|
    |select_ln302_59_fu_17446_p3       |    select|   0|  0|    8|           1|           8|
    |select_ln302_5_fu_12154_p3        |    select|   0|  0|    8|           1|           8|
    |select_ln302_60_fu_17544_p3       |    select|   0|  0|    8|           1|           8|
    |select_ln302_61_fu_17642_p3       |    select|   0|  0|    8|           1|           8|
    |select_ln302_62_fu_17740_p3       |    select|   0|  0|    8|           1|           8|
    |select_ln302_63_fu_17838_p3       |    select|   0|  0|    8|           1|           8|
    |select_ln302_64_fu_17936_p3       |    select|   0|  0|    8|           1|           8|
    |select_ln302_65_fu_18034_p3       |    select|   0|  0|    8|           1|           8|
    |select_ln302_66_fu_18132_p3       |    select|   0|  0|    8|           1|           8|
    |select_ln302_67_fu_18230_p3       |    select|   0|  0|    8|           1|           8|
    |select_ln302_68_fu_18328_p3       |    select|   0|  0|    8|           1|           8|
    |select_ln302_69_fu_18426_p3       |    select|   0|  0|    8|           1|           8|
    |select_ln302_6_fu_12252_p3        |    select|   0|  0|    8|           1|           8|
    |select_ln302_70_fu_18524_p3       |    select|   0|  0|    8|           1|           8|
    |select_ln302_71_fu_18622_p3       |    select|   0|  0|    8|           1|           8|
    |select_ln302_72_fu_18720_p3       |    select|   0|  0|    8|           1|           8|
    |select_ln302_73_fu_18818_p3       |    select|   0|  0|    8|           1|           8|
    |select_ln302_74_fu_18916_p3       |    select|   0|  0|    8|           1|           8|
    |select_ln302_75_fu_19014_p3       |    select|   0|  0|    8|           1|           8|
    |select_ln302_76_fu_19112_p3       |    select|   0|  0|    8|           1|           8|
    |select_ln302_77_fu_19210_p3       |    select|   0|  0|    8|           1|           8|
    |select_ln302_78_fu_19308_p3       |    select|   0|  0|    8|           1|           8|
    |select_ln302_79_fu_19406_p3       |    select|   0|  0|    8|           1|           8|
    |select_ln302_7_fu_12350_p3        |    select|   0|  0|    8|           1|           8|
    |select_ln302_80_fu_19504_p3       |    select|   0|  0|    8|           1|           8|
    |select_ln302_81_fu_19602_p3       |    select|   0|  0|    8|           1|           8|
    |select_ln302_82_fu_19700_p3       |    select|   0|  0|    8|           1|           8|
    |select_ln302_83_fu_19798_p3       |    select|   0|  0|    8|           1|           8|
    |select_ln302_84_fu_19896_p3       |    select|   0|  0|    8|           1|           8|
    |select_ln302_85_fu_19994_p3       |    select|   0|  0|    8|           1|           8|
    |select_ln302_86_fu_20092_p3       |    select|   0|  0|    8|           1|           8|
    |select_ln302_87_fu_20190_p3       |    select|   0|  0|    8|           1|           8|
    |select_ln302_88_fu_20288_p3       |    select|   0|  0|    8|           1|           8|
    |select_ln302_89_fu_20386_p3       |    select|   0|  0|    8|           1|           8|
    |select_ln302_8_fu_12448_p3        |    select|   0|  0|    8|           1|           8|
    |select_ln302_90_fu_20484_p3       |    select|   0|  0|    8|           1|           8|
    |select_ln302_91_fu_20582_p3       |    select|   0|  0|    8|           1|           8|
    |select_ln302_92_fu_20680_p3       |    select|   0|  0|    8|           1|           8|
    |select_ln302_93_fu_20778_p3       |    select|   0|  0|    8|           1|           8|
    |select_ln302_94_fu_20876_p3       |    select|   0|  0|    8|           1|           8|
    |select_ln302_95_fu_20974_p3       |    select|   0|  0|    8|           1|           8|
    |select_ln302_96_fu_21072_p3       |    select|   0|  0|    8|           1|           8|
    |select_ln302_97_fu_21170_p3       |    select|   0|  0|    8|           1|           8|
    |select_ln302_98_fu_21268_p3       |    select|   0|  0|    8|           1|           8|
    |select_ln302_99_fu_21366_p3       |    select|   0|  0|    8|           1|           8|
    |select_ln302_9_fu_12546_p3        |    select|   0|  0|    8|           1|           8|
    |select_ln302_fu_11664_p3          |    select|   0|  0|    8|           1|           8|
    |select_ln471_100_fu_9328_p3       |    select|   0|  0|   15|           1|          15|
    |select_ln471_101_fu_9410_p3       |    select|   0|  0|   15|           1|          15|
    |select_ln471_102_fu_9492_p3       |    select|   0|  0|   15|           1|          15|
    |select_ln471_103_fu_9574_p3       |    select|   0|  0|   15|           1|          15|
    |select_ln471_104_fu_9656_p3       |    select|   0|  0|   15|           1|          15|
    |select_ln471_105_fu_9738_p3       |    select|   0|  0|   15|           1|          15|
    |select_ln471_106_fu_9820_p3       |    select|   0|  0|   15|           1|          15|
    |select_ln471_107_fu_9902_p3       |    select|   0|  0|   15|           1|          15|
    |select_ln471_108_fu_9984_p3       |    select|   0|  0|   15|           1|          15|
    |select_ln471_109_fu_10066_p3      |    select|   0|  0|   15|           1|          15|
    |select_ln471_10_fu_1948_p3        |    select|   0|  0|   15|           1|          15|
    |select_ln471_110_fu_10148_p3      |    select|   0|  0|   15|           1|          15|
    |select_ln471_111_fu_10230_p3      |    select|   0|  0|   15|           1|          15|
    |select_ln471_112_fu_10312_p3      |    select|   0|  0|   15|           1|          15|
    |select_ln471_113_fu_10394_p3      |    select|   0|  0|   15|           1|          15|
    |select_ln471_114_fu_10476_p3      |    select|   0|  0|   15|           1|          15|
    |select_ln471_115_fu_10558_p3      |    select|   0|  0|   15|           1|          15|
    |select_ln471_116_fu_10640_p3      |    select|   0|  0|   15|           1|          15|
    |select_ln471_117_fu_10722_p3      |    select|   0|  0|   15|           1|          15|
    |select_ln471_118_fu_10804_p3      |    select|   0|  0|   15|           1|          15|
    |select_ln471_119_fu_10886_p3      |    select|   0|  0|   15|           1|          15|
    |select_ln471_11_fu_2030_p3        |    select|   0|  0|   15|           1|          15|
    |select_ln471_120_fu_10968_p3      |    select|   0|  0|   15|           1|          15|
    |select_ln471_121_fu_11050_p3      |    select|   0|  0|   15|           1|          15|
    |select_ln471_122_fu_11132_p3      |    select|   0|  0|   15|           1|          15|
    |select_ln471_123_fu_11214_p3      |    select|   0|  0|   15|           1|          15|
    |select_ln471_124_fu_11296_p3      |    select|   0|  0|   15|           1|          15|
    |select_ln471_125_fu_11378_p3      |    select|   0|  0|   15|           1|          15|
    |select_ln471_126_fu_11460_p3      |    select|   0|  0|   15|           1|          15|
    |select_ln471_127_fu_11542_p3      |    select|   0|  0|   15|           1|          15|
    |select_ln471_12_fu_2112_p3        |    select|   0|  0|   15|           1|          15|
    |select_ln471_13_fu_2194_p3        |    select|   0|  0|   15|           1|          15|
    |select_ln471_14_fu_2276_p3        |    select|   0|  0|   15|           1|          15|
    |select_ln471_15_fu_2358_p3        |    select|   0|  0|   15|           1|          15|
    |select_ln471_16_fu_2440_p3        |    select|   0|  0|   15|           1|          15|
    |select_ln471_17_fu_2522_p3        |    select|   0|  0|   15|           1|          15|
    |select_ln471_18_fu_2604_p3        |    select|   0|  0|   15|           1|          15|
    |select_ln471_19_fu_2686_p3        |    select|   0|  0|   15|           1|          15|
    |select_ln471_1_fu_1210_p3         |    select|   0|  0|   15|           1|          15|
    |select_ln471_20_fu_2768_p3        |    select|   0|  0|   15|           1|          15|
    |select_ln471_21_fu_2850_p3        |    select|   0|  0|   15|           1|          15|
    |select_ln471_22_fu_2932_p3        |    select|   0|  0|   15|           1|          15|
    |select_ln471_23_fu_3014_p3        |    select|   0|  0|   15|           1|          15|
    |select_ln471_24_fu_3096_p3        |    select|   0|  0|   15|           1|          15|
    |select_ln471_25_fu_3178_p3        |    select|   0|  0|   15|           1|          15|
    |select_ln471_26_fu_3260_p3        |    select|   0|  0|   15|           1|          15|
    |select_ln471_27_fu_3342_p3        |    select|   0|  0|   15|           1|          15|
    |select_ln471_28_fu_3424_p3        |    select|   0|  0|   15|           1|          15|
    |select_ln471_29_fu_3506_p3        |    select|   0|  0|   15|           1|          15|
    |select_ln471_2_fu_1292_p3         |    select|   0|  0|   15|           1|          15|
    |select_ln471_30_fu_3588_p3        |    select|   0|  0|   15|           1|          15|
    |select_ln471_31_fu_3670_p3        |    select|   0|  0|   15|           1|          15|
    |select_ln471_32_fu_3752_p3        |    select|   0|  0|   15|           1|          15|
    |select_ln471_33_fu_3834_p3        |    select|   0|  0|   15|           1|          15|
    |select_ln471_34_fu_3916_p3        |    select|   0|  0|   15|           1|          15|
    |select_ln471_35_fu_3998_p3        |    select|   0|  0|   15|           1|          15|
    |select_ln471_36_fu_4080_p3        |    select|   0|  0|   15|           1|          15|
    |select_ln471_37_fu_4162_p3        |    select|   0|  0|   15|           1|          15|
    |select_ln471_38_fu_4244_p3        |    select|   0|  0|   15|           1|          15|
    |select_ln471_39_fu_4326_p3        |    select|   0|  0|   15|           1|          15|
    |select_ln471_3_fu_1374_p3         |    select|   0|  0|   15|           1|          15|
    |select_ln471_40_fu_4408_p3        |    select|   0|  0|   15|           1|          15|
    |select_ln471_41_fu_4490_p3        |    select|   0|  0|   15|           1|          15|
    |select_ln471_42_fu_4572_p3        |    select|   0|  0|   15|           1|          15|
    |select_ln471_43_fu_4654_p3        |    select|   0|  0|   15|           1|          15|
    |select_ln471_44_fu_4736_p3        |    select|   0|  0|   15|           1|          15|
    |select_ln471_45_fu_4818_p3        |    select|   0|  0|   15|           1|          15|
    |select_ln471_46_fu_4900_p3        |    select|   0|  0|   15|           1|          15|
    |select_ln471_47_fu_4982_p3        |    select|   0|  0|   15|           1|          15|
    |select_ln471_48_fu_5064_p3        |    select|   0|  0|   15|           1|          15|
    |select_ln471_49_fu_5146_p3        |    select|   0|  0|   15|           1|          15|
    |select_ln471_4_fu_1456_p3         |    select|   0|  0|   15|           1|          15|
    |select_ln471_50_fu_5228_p3        |    select|   0|  0|   15|           1|          15|
    |select_ln471_51_fu_5310_p3        |    select|   0|  0|   15|           1|          15|
    |select_ln471_52_fu_5392_p3        |    select|   0|  0|   15|           1|          15|
    |select_ln471_53_fu_5474_p3        |    select|   0|  0|   15|           1|          15|
    |select_ln471_54_fu_5556_p3        |    select|   0|  0|   15|           1|          15|
    |select_ln471_55_fu_5638_p3        |    select|   0|  0|   15|           1|          15|
    |select_ln471_56_fu_5720_p3        |    select|   0|  0|   15|           1|          15|
    |select_ln471_57_fu_5802_p3        |    select|   0|  0|   15|           1|          15|
    |select_ln471_58_fu_5884_p3        |    select|   0|  0|   15|           1|          15|
    |select_ln471_59_fu_5966_p3        |    select|   0|  0|   15|           1|          15|
    |select_ln471_5_fu_1538_p3         |    select|   0|  0|   15|           1|          15|
    |select_ln471_60_fu_6048_p3        |    select|   0|  0|   15|           1|          15|
    |select_ln471_61_fu_6130_p3        |    select|   0|  0|   15|           1|          15|
    |select_ln471_62_fu_6212_p3        |    select|   0|  0|   15|           1|          15|
    |select_ln471_63_fu_6294_p3        |    select|   0|  0|   15|           1|          15|
    |select_ln471_64_fu_6376_p3        |    select|   0|  0|   15|           1|          15|
    |select_ln471_65_fu_6458_p3        |    select|   0|  0|   15|           1|          15|
    |select_ln471_66_fu_6540_p3        |    select|   0|  0|   15|           1|          15|
    |select_ln471_67_fu_6622_p3        |    select|   0|  0|   15|           1|          15|
    |select_ln471_68_fu_6704_p3        |    select|   0|  0|   15|           1|          15|
    |select_ln471_69_fu_6786_p3        |    select|   0|  0|   15|           1|          15|
    |select_ln471_6_fu_1620_p3         |    select|   0|  0|   15|           1|          15|
    |select_ln471_70_fu_6868_p3        |    select|   0|  0|   15|           1|          15|
    |select_ln471_71_fu_6950_p3        |    select|   0|  0|   15|           1|          15|
    |select_ln471_72_fu_7032_p3        |    select|   0|  0|   15|           1|          15|
    |select_ln471_73_fu_7114_p3        |    select|   0|  0|   15|           1|          15|
    |select_ln471_74_fu_7196_p3        |    select|   0|  0|   15|           1|          15|
    |select_ln471_75_fu_7278_p3        |    select|   0|  0|   15|           1|          15|
    |select_ln471_76_fu_7360_p3        |    select|   0|  0|   15|           1|          15|
    |select_ln471_77_fu_7442_p3        |    select|   0|  0|   15|           1|          15|
    |select_ln471_78_fu_7524_p3        |    select|   0|  0|   15|           1|          15|
    |select_ln471_79_fu_7606_p3        |    select|   0|  0|   15|           1|          15|
    |select_ln471_7_fu_1702_p3         |    select|   0|  0|   15|           1|          15|
    |select_ln471_80_fu_7688_p3        |    select|   0|  0|   15|           1|          15|
    |select_ln471_81_fu_7770_p3        |    select|   0|  0|   15|           1|          15|
    |select_ln471_82_fu_7852_p3        |    select|   0|  0|   15|           1|          15|
    |select_ln471_83_fu_7934_p3        |    select|   0|  0|   15|           1|          15|
    |select_ln471_84_fu_8016_p3        |    select|   0|  0|   15|           1|          15|
    |select_ln471_85_fu_8098_p3        |    select|   0|  0|   15|           1|          15|
    |select_ln471_86_fu_8180_p3        |    select|   0|  0|   15|           1|          15|
    |select_ln471_87_fu_8262_p3        |    select|   0|  0|   15|           1|          15|
    |select_ln471_88_fu_8344_p3        |    select|   0|  0|   15|           1|          15|
    |select_ln471_89_fu_8426_p3        |    select|   0|  0|   15|           1|          15|
    |select_ln471_8_fu_1784_p3         |    select|   0|  0|   15|           1|          15|
    |select_ln471_90_fu_8508_p3        |    select|   0|  0|   15|           1|          15|
    |select_ln471_91_fu_8590_p3        |    select|   0|  0|   15|           1|          15|
    |select_ln471_92_fu_8672_p3        |    select|   0|  0|   15|           1|          15|
    |select_ln471_93_fu_8754_p3        |    select|   0|  0|   15|           1|          15|
    |select_ln471_94_fu_8836_p3        |    select|   0|  0|   15|           1|          15|
    |select_ln471_95_fu_8918_p3        |    select|   0|  0|   15|           1|          15|
    |select_ln471_96_fu_9000_p3        |    select|   0|  0|   15|           1|          15|
    |select_ln471_97_fu_9082_p3        |    select|   0|  0|   15|           1|          15|
    |select_ln471_98_fu_9164_p3        |    select|   0|  0|   15|           1|          15|
    |select_ln471_99_fu_9246_p3        |    select|   0|  0|   15|           1|          15|
    |select_ln471_9_fu_1866_p3         |    select|   0|  0|   15|           1|          15|
    |select_ln471_fu_1128_p3           |    select|   0|  0|   15|           1|          15|
    |Range1_all_zeros_131_fu_11723_p2  |       xor|   0|  0|    2|           1|           2|
    |Range1_all_zeros_132_fu_11821_p2  |       xor|   0|  0|    2|           1|           2|
    |Range1_all_zeros_133_fu_11919_p2  |       xor|   0|  0|    2|           1|           2|
    |Range1_all_zeros_134_fu_12017_p2  |       xor|   0|  0|    2|           1|           2|
    |Range1_all_zeros_135_fu_12115_p2  |       xor|   0|  0|    2|           1|           2|
    |Range1_all_zeros_136_fu_12213_p2  |       xor|   0|  0|    2|           1|           2|
    |Range1_all_zeros_137_fu_12311_p2  |       xor|   0|  0|    2|           1|           2|
    |Range1_all_zeros_138_fu_12409_p2  |       xor|   0|  0|    2|           1|           2|
    |Range1_all_zeros_139_fu_12507_p2  |       xor|   0|  0|    2|           1|           2|
    |Range1_all_zeros_140_fu_12605_p2  |       xor|   0|  0|    2|           1|           2|
    |Range1_all_zeros_141_fu_12703_p2  |       xor|   0|  0|    2|           1|           2|
    |Range1_all_zeros_142_fu_12801_p2  |       xor|   0|  0|    2|           1|           2|
    |Range1_all_zeros_143_fu_12899_p2  |       xor|   0|  0|    2|           1|           2|
    |Range1_all_zeros_144_fu_12997_p2  |       xor|   0|  0|    2|           1|           2|
    |Range1_all_zeros_145_fu_13095_p2  |       xor|   0|  0|    2|           1|           2|
    |Range1_all_zeros_146_fu_13193_p2  |       xor|   0|  0|    2|           1|           2|
    |Range1_all_zeros_147_fu_13291_p2  |       xor|   0|  0|    2|           1|           2|
    |Range1_all_zeros_148_fu_13389_p2  |       xor|   0|  0|    2|           1|           2|
    |Range1_all_zeros_149_fu_13487_p2  |       xor|   0|  0|    2|           1|           2|
    |Range1_all_zeros_150_fu_13585_p2  |       xor|   0|  0|    2|           1|           2|
    |Range1_all_zeros_151_fu_13683_p2  |       xor|   0|  0|    2|           1|           2|
    |Range1_all_zeros_152_fu_13781_p2  |       xor|   0|  0|    2|           1|           2|
    |Range1_all_zeros_153_fu_13879_p2  |       xor|   0|  0|    2|           1|           2|
    |Range1_all_zeros_154_fu_13977_p2  |       xor|   0|  0|    2|           1|           2|
    |Range1_all_zeros_155_fu_14075_p2  |       xor|   0|  0|    2|           1|           2|
    |Range1_all_zeros_156_fu_14173_p2  |       xor|   0|  0|    2|           1|           2|
    |Range1_all_zeros_157_fu_14271_p2  |       xor|   0|  0|    2|           1|           2|
    |Range1_all_zeros_158_fu_14369_p2  |       xor|   0|  0|    2|           1|           2|
    |Range1_all_zeros_159_fu_14467_p2  |       xor|   0|  0|    2|           1|           2|
    |Range1_all_zeros_160_fu_14565_p2  |       xor|   0|  0|    2|           1|           2|
    |Range1_all_zeros_161_fu_14663_p2  |       xor|   0|  0|    2|           1|           2|
    |Range1_all_zeros_162_fu_14761_p2  |       xor|   0|  0|    2|           1|           2|
    |Range1_all_zeros_163_fu_14859_p2  |       xor|   0|  0|    2|           1|           2|
    |Range1_all_zeros_164_fu_14957_p2  |       xor|   0|  0|    2|           1|           2|
    |Range1_all_zeros_165_fu_15055_p2  |       xor|   0|  0|    2|           1|           2|
    |Range1_all_zeros_166_fu_15153_p2  |       xor|   0|  0|    2|           1|           2|
    |Range1_all_zeros_167_fu_15251_p2  |       xor|   0|  0|    2|           1|           2|
    |Range1_all_zeros_168_fu_15349_p2  |       xor|   0|  0|    2|           1|           2|
    |Range1_all_zeros_169_fu_15447_p2  |       xor|   0|  0|    2|           1|           2|
    |Range1_all_zeros_170_fu_15545_p2  |       xor|   0|  0|    2|           1|           2|
    |Range1_all_zeros_171_fu_15643_p2  |       xor|   0|  0|    2|           1|           2|
    |Range1_all_zeros_172_fu_15741_p2  |       xor|   0|  0|    2|           1|           2|
    |Range1_all_zeros_173_fu_15839_p2  |       xor|   0|  0|    2|           1|           2|
    |Range1_all_zeros_174_fu_15937_p2  |       xor|   0|  0|    2|           1|           2|
    |Range1_all_zeros_175_fu_16035_p2  |       xor|   0|  0|    2|           1|           2|
    |Range1_all_zeros_176_fu_16133_p2  |       xor|   0|  0|    2|           1|           2|
    |Range1_all_zeros_177_fu_16231_p2  |       xor|   0|  0|    2|           1|           2|
    |Range1_all_zeros_178_fu_16329_p2  |       xor|   0|  0|    2|           1|           2|
    |Range1_all_zeros_179_fu_16427_p2  |       xor|   0|  0|    2|           1|           2|
    |Range1_all_zeros_180_fu_16525_p2  |       xor|   0|  0|    2|           1|           2|
    |Range1_all_zeros_181_fu_16623_p2  |       xor|   0|  0|    2|           1|           2|
    |Range1_all_zeros_182_fu_16721_p2  |       xor|   0|  0|    2|           1|           2|
    |Range1_all_zeros_183_fu_16819_p2  |       xor|   0|  0|    2|           1|           2|
    |Range1_all_zeros_184_fu_16917_p2  |       xor|   0|  0|    2|           1|           2|
    |Range1_all_zeros_185_fu_17015_p2  |       xor|   0|  0|    2|           1|           2|
    |Range1_all_zeros_186_fu_17113_p2  |       xor|   0|  0|    2|           1|           2|
    |Range1_all_zeros_187_fu_17211_p2  |       xor|   0|  0|    2|           1|           2|
    |Range1_all_zeros_188_fu_17309_p2  |       xor|   0|  0|    2|           1|           2|
    |Range1_all_zeros_189_fu_17407_p2  |       xor|   0|  0|    2|           1|           2|
    |Range1_all_zeros_190_fu_17505_p2  |       xor|   0|  0|    2|           1|           2|
    |Range1_all_zeros_191_fu_17603_p2  |       xor|   0|  0|    2|           1|           2|
    |Range1_all_zeros_192_fu_17701_p2  |       xor|   0|  0|    2|           1|           2|
    |Range1_all_zeros_193_fu_17799_p2  |       xor|   0|  0|    2|           1|           2|
    |Range1_all_zeros_194_fu_17897_p2  |       xor|   0|  0|    2|           1|           2|
    |Range1_all_zeros_195_fu_17995_p2  |       xor|   0|  0|    2|           1|           2|
    |Range1_all_zeros_196_fu_18093_p2  |       xor|   0|  0|    2|           1|           2|
    |Range1_all_zeros_197_fu_18191_p2  |       xor|   0|  0|    2|           1|           2|
    |Range1_all_zeros_198_fu_18289_p2  |       xor|   0|  0|    2|           1|           2|
    |Range1_all_zeros_199_fu_18387_p2  |       xor|   0|  0|    2|           1|           2|
    |Range1_all_zeros_200_fu_18485_p2  |       xor|   0|  0|    2|           1|           2|
    |Range1_all_zeros_201_fu_18583_p2  |       xor|   0|  0|    2|           1|           2|
    |Range1_all_zeros_202_fu_18681_p2  |       xor|   0|  0|    2|           1|           2|
    |Range1_all_zeros_203_fu_18779_p2  |       xor|   0|  0|    2|           1|           2|
    |Range1_all_zeros_204_fu_18877_p2  |       xor|   0|  0|    2|           1|           2|
    |Range1_all_zeros_205_fu_18975_p2  |       xor|   0|  0|    2|           1|           2|
    |Range1_all_zeros_206_fu_19073_p2  |       xor|   0|  0|    2|           1|           2|
    |Range1_all_zeros_207_fu_19171_p2  |       xor|   0|  0|    2|           1|           2|
    |Range1_all_zeros_208_fu_19269_p2  |       xor|   0|  0|    2|           1|           2|
    |Range1_all_zeros_209_fu_19367_p2  |       xor|   0|  0|    2|           1|           2|
    |Range1_all_zeros_210_fu_19465_p2  |       xor|   0|  0|    2|           1|           2|
    |Range1_all_zeros_211_fu_19563_p2  |       xor|   0|  0|    2|           1|           2|
    |Range1_all_zeros_212_fu_19661_p2  |       xor|   0|  0|    2|           1|           2|
    |Range1_all_zeros_213_fu_19759_p2  |       xor|   0|  0|    2|           1|           2|
    |Range1_all_zeros_214_fu_19857_p2  |       xor|   0|  0|    2|           1|           2|
    |Range1_all_zeros_215_fu_19955_p2  |       xor|   0|  0|    2|           1|           2|
    |Range1_all_zeros_216_fu_20053_p2  |       xor|   0|  0|    2|           1|           2|
    |Range1_all_zeros_217_fu_20151_p2  |       xor|   0|  0|    2|           1|           2|
    |Range1_all_zeros_218_fu_20249_p2  |       xor|   0|  0|    2|           1|           2|
    |Range1_all_zeros_219_fu_20347_p2  |       xor|   0|  0|    2|           1|           2|
    |Range1_all_zeros_220_fu_20445_p2  |       xor|   0|  0|    2|           1|           2|
    |Range1_all_zeros_221_fu_20543_p2  |       xor|   0|  0|    2|           1|           2|
    |Range1_all_zeros_222_fu_20641_p2  |       xor|   0|  0|    2|           1|           2|
    |Range1_all_zeros_223_fu_20739_p2  |       xor|   0|  0|    2|           1|           2|
    |Range1_all_zeros_224_fu_20837_p2  |       xor|   0|  0|    2|           1|           2|
    |Range1_all_zeros_225_fu_20935_p2  |       xor|   0|  0|    2|           1|           2|
    |Range1_all_zeros_226_fu_21033_p2  |       xor|   0|  0|    2|           1|           2|
    |Range1_all_zeros_227_fu_21131_p2  |       xor|   0|  0|    2|           1|           2|
    |Range1_all_zeros_228_fu_21229_p2  |       xor|   0|  0|    2|           1|           2|
    |Range1_all_zeros_229_fu_21327_p2  |       xor|   0|  0|    2|           1|           2|
    |Range1_all_zeros_230_fu_21425_p2  |       xor|   0|  0|    2|           1|           2|
    |Range1_all_zeros_231_fu_21523_p2  |       xor|   0|  0|    2|           1|           2|
    |Range1_all_zeros_232_fu_21621_p2  |       xor|   0|  0|    2|           1|           2|
    |Range1_all_zeros_233_fu_21719_p2  |       xor|   0|  0|    2|           1|           2|
    |Range1_all_zeros_234_fu_21817_p2  |       xor|   0|  0|    2|           1|           2|
    |Range1_all_zeros_235_fu_21915_p2  |       xor|   0|  0|    2|           1|           2|
    |Range1_all_zeros_236_fu_22013_p2  |       xor|   0|  0|    2|           1|           2|
    |Range1_all_zeros_237_fu_22111_p2  |       xor|   0|  0|    2|           1|           2|
    |Range1_all_zeros_238_fu_22209_p2  |       xor|   0|  0|    2|           1|           2|
    |Range1_all_zeros_239_fu_22307_p2  |       xor|   0|  0|    2|           1|           2|
    |Range1_all_zeros_240_fu_22405_p2  |       xor|   0|  0|    2|           1|           2|
    |Range1_all_zeros_241_fu_22503_p2  |       xor|   0|  0|    2|           1|           2|
    |Range1_all_zeros_242_fu_22601_p2  |       xor|   0|  0|    2|           1|           2|
    |Range1_all_zeros_243_fu_22699_p2  |       xor|   0|  0|    2|           1|           2|
    |Range1_all_zeros_244_fu_22797_p2  |       xor|   0|  0|    2|           1|           2|
    |Range1_all_zeros_245_fu_22895_p2  |       xor|   0|  0|    2|           1|           2|
    |Range1_all_zeros_246_fu_22993_p2  |       xor|   0|  0|    2|           1|           2|
    |Range1_all_zeros_247_fu_23091_p2  |       xor|   0|  0|    2|           1|           2|
    |Range1_all_zeros_248_fu_23189_p2  |       xor|   0|  0|    2|           1|           2|
    |Range1_all_zeros_249_fu_23287_p2  |       xor|   0|  0|    2|           1|           2|
    |Range1_all_zeros_250_fu_23385_p2  |       xor|   0|  0|    2|           1|           2|
    |Range1_all_zeros_251_fu_23483_p2  |       xor|   0|  0|    2|           1|           2|
    |Range1_all_zeros_252_fu_23581_p2  |       xor|   0|  0|    2|           1|           2|
    |Range1_all_zeros_253_fu_23679_p2  |       xor|   0|  0|    2|           1|           2|
    |Range1_all_zeros_254_fu_23777_p2  |       xor|   0|  0|    2|           1|           2|
    |Range1_all_zeros_255_fu_23875_p2  |       xor|   0|  0|    2|           1|           2|
    |Range1_all_zeros_256_fu_23973_p2  |       xor|   0|  0|    2|           1|           2|
    |Range1_all_zeros_257_fu_24071_p2  |       xor|   0|  0|    2|           1|           2|
    |Range1_all_zeros_fu_11625_p2      |       xor|   0|  0|    2|           1|           2|
    |xor_ln365_100_fu_21446_p2         |       xor|   0|  0|    2|           1|           2|
    |xor_ln365_101_fu_21544_p2         |       xor|   0|  0|    2|           1|           2|
    |xor_ln365_102_fu_21642_p2         |       xor|   0|  0|    2|           1|           2|
    |xor_ln365_103_fu_21740_p2         |       xor|   0|  0|    2|           1|           2|
    |xor_ln365_104_fu_21838_p2         |       xor|   0|  0|    2|           1|           2|
    |xor_ln365_105_fu_21936_p2         |       xor|   0|  0|    2|           1|           2|
    |xor_ln365_106_fu_22034_p2         |       xor|   0|  0|    2|           1|           2|
    |xor_ln365_107_fu_22132_p2         |       xor|   0|  0|    2|           1|           2|
    |xor_ln365_108_fu_22230_p2         |       xor|   0|  0|    2|           1|           2|
    |xor_ln365_109_fu_22328_p2         |       xor|   0|  0|    2|           1|           2|
    |xor_ln365_10_fu_12626_p2          |       xor|   0|  0|    2|           1|           2|
    |xor_ln365_110_fu_22426_p2         |       xor|   0|  0|    2|           1|           2|
    |xor_ln365_111_fu_22524_p2         |       xor|   0|  0|    2|           1|           2|
    |xor_ln365_112_fu_22622_p2         |       xor|   0|  0|    2|           1|           2|
    |xor_ln365_113_fu_22720_p2         |       xor|   0|  0|    2|           1|           2|
    |xor_ln365_114_fu_22818_p2         |       xor|   0|  0|    2|           1|           2|
    |xor_ln365_115_fu_22916_p2         |       xor|   0|  0|    2|           1|           2|
    |xor_ln365_116_fu_23014_p2         |       xor|   0|  0|    2|           1|           2|
    |xor_ln365_117_fu_23112_p2         |       xor|   0|  0|    2|           1|           2|
    |xor_ln365_118_fu_23210_p2         |       xor|   0|  0|    2|           1|           2|
    |xor_ln365_119_fu_23308_p2         |       xor|   0|  0|    2|           1|           2|
    |xor_ln365_11_fu_12724_p2          |       xor|   0|  0|    2|           1|           2|
    |xor_ln365_120_fu_23406_p2         |       xor|   0|  0|    2|           1|           2|
    |xor_ln365_121_fu_23504_p2         |       xor|   0|  0|    2|           1|           2|
    |xor_ln365_122_fu_23602_p2         |       xor|   0|  0|    2|           1|           2|
    |xor_ln365_123_fu_23700_p2         |       xor|   0|  0|    2|           1|           2|
    |xor_ln365_124_fu_23798_p2         |       xor|   0|  0|    2|           1|           2|
    |xor_ln365_125_fu_23896_p2         |       xor|   0|  0|    2|           1|           2|
    |xor_ln365_126_fu_23994_p2         |       xor|   0|  0|    2|           1|           2|
    |xor_ln365_127_fu_24092_p2         |       xor|   0|  0|    2|           1|           2|
    |xor_ln365_12_fu_12822_p2          |       xor|   0|  0|    2|           1|           2|
    |xor_ln365_13_fu_12920_p2          |       xor|   0|  0|    2|           1|           2|
    |xor_ln365_14_fu_13018_p2          |       xor|   0|  0|    2|           1|           2|
    |xor_ln365_15_fu_13116_p2          |       xor|   0|  0|    2|           1|           2|
    |xor_ln365_16_fu_13214_p2          |       xor|   0|  0|    2|           1|           2|
    |xor_ln365_17_fu_13312_p2          |       xor|   0|  0|    2|           1|           2|
    |xor_ln365_18_fu_13410_p2          |       xor|   0|  0|    2|           1|           2|
    |xor_ln365_19_fu_13508_p2          |       xor|   0|  0|    2|           1|           2|
    |xor_ln365_1_fu_11744_p2           |       xor|   0|  0|    2|           1|           2|
    |xor_ln365_20_fu_13606_p2          |       xor|   0|  0|    2|           1|           2|
    |xor_ln365_21_fu_13704_p2          |       xor|   0|  0|    2|           1|           2|
    |xor_ln365_22_fu_13802_p2          |       xor|   0|  0|    2|           1|           2|
    |xor_ln365_23_fu_13900_p2          |       xor|   0|  0|    2|           1|           2|
    |xor_ln365_24_fu_13998_p2          |       xor|   0|  0|    2|           1|           2|
    |xor_ln365_25_fu_14096_p2          |       xor|   0|  0|    2|           1|           2|
    |xor_ln365_26_fu_14194_p2          |       xor|   0|  0|    2|           1|           2|
    |xor_ln365_27_fu_14292_p2          |       xor|   0|  0|    2|           1|           2|
    |xor_ln365_28_fu_14390_p2          |       xor|   0|  0|    2|           1|           2|
    |xor_ln365_29_fu_14488_p2          |       xor|   0|  0|    2|           1|           2|
    |xor_ln365_2_fu_11842_p2           |       xor|   0|  0|    2|           1|           2|
    |xor_ln365_30_fu_14586_p2          |       xor|   0|  0|    2|           1|           2|
    |xor_ln365_31_fu_14684_p2          |       xor|   0|  0|    2|           1|           2|
    |xor_ln365_32_fu_14782_p2          |       xor|   0|  0|    2|           1|           2|
    |xor_ln365_33_fu_14880_p2          |       xor|   0|  0|    2|           1|           2|
    |xor_ln365_34_fu_14978_p2          |       xor|   0|  0|    2|           1|           2|
    |xor_ln365_35_fu_15076_p2          |       xor|   0|  0|    2|           1|           2|
    |xor_ln365_36_fu_15174_p2          |       xor|   0|  0|    2|           1|           2|
    |xor_ln365_37_fu_15272_p2          |       xor|   0|  0|    2|           1|           2|
    |xor_ln365_38_fu_15370_p2          |       xor|   0|  0|    2|           1|           2|
    |xor_ln365_39_fu_15468_p2          |       xor|   0|  0|    2|           1|           2|
    |xor_ln365_3_fu_11940_p2           |       xor|   0|  0|    2|           1|           2|
    |xor_ln365_40_fu_15566_p2          |       xor|   0|  0|    2|           1|           2|
    |xor_ln365_41_fu_15664_p2          |       xor|   0|  0|    2|           1|           2|
    |xor_ln365_42_fu_15762_p2          |       xor|   0|  0|    2|           1|           2|
    |xor_ln365_43_fu_15860_p2          |       xor|   0|  0|    2|           1|           2|
    |xor_ln365_44_fu_15958_p2          |       xor|   0|  0|    2|           1|           2|
    |xor_ln365_45_fu_16056_p2          |       xor|   0|  0|    2|           1|           2|
    |xor_ln365_46_fu_16154_p2          |       xor|   0|  0|    2|           1|           2|
    |xor_ln365_47_fu_16252_p2          |       xor|   0|  0|    2|           1|           2|
    |xor_ln365_48_fu_16350_p2          |       xor|   0|  0|    2|           1|           2|
    |xor_ln365_49_fu_16448_p2          |       xor|   0|  0|    2|           1|           2|
    |xor_ln365_4_fu_12038_p2           |       xor|   0|  0|    2|           1|           2|
    |xor_ln365_50_fu_16546_p2          |       xor|   0|  0|    2|           1|           2|
    |xor_ln365_51_fu_16644_p2          |       xor|   0|  0|    2|           1|           2|
    |xor_ln365_52_fu_16742_p2          |       xor|   0|  0|    2|           1|           2|
    |xor_ln365_53_fu_16840_p2          |       xor|   0|  0|    2|           1|           2|
    |xor_ln365_54_fu_16938_p2          |       xor|   0|  0|    2|           1|           2|
    |xor_ln365_55_fu_17036_p2          |       xor|   0|  0|    2|           1|           2|
    |xor_ln365_56_fu_17134_p2          |       xor|   0|  0|    2|           1|           2|
    |xor_ln365_57_fu_17232_p2          |       xor|   0|  0|    2|           1|           2|
    |xor_ln365_58_fu_17330_p2          |       xor|   0|  0|    2|           1|           2|
    |xor_ln365_59_fu_17428_p2          |       xor|   0|  0|    2|           1|           2|
    |xor_ln365_5_fu_12136_p2           |       xor|   0|  0|    2|           1|           2|
    |xor_ln365_60_fu_17526_p2          |       xor|   0|  0|    2|           1|           2|
    |xor_ln365_61_fu_17624_p2          |       xor|   0|  0|    2|           1|           2|
    |xor_ln365_62_fu_17722_p2          |       xor|   0|  0|    2|           1|           2|
    |xor_ln365_63_fu_17820_p2          |       xor|   0|  0|    2|           1|           2|
    |xor_ln365_64_fu_17918_p2          |       xor|   0|  0|    2|           1|           2|
    |xor_ln365_65_fu_18016_p2          |       xor|   0|  0|    2|           1|           2|
    |xor_ln365_66_fu_18114_p2          |       xor|   0|  0|    2|           1|           2|
    |xor_ln365_67_fu_18212_p2          |       xor|   0|  0|    2|           1|           2|
    |xor_ln365_68_fu_18310_p2          |       xor|   0|  0|    2|           1|           2|
    |xor_ln365_69_fu_18408_p2          |       xor|   0|  0|    2|           1|           2|
    |xor_ln365_6_fu_12234_p2           |       xor|   0|  0|    2|           1|           2|
    |xor_ln365_70_fu_18506_p2          |       xor|   0|  0|    2|           1|           2|
    |xor_ln365_71_fu_18604_p2          |       xor|   0|  0|    2|           1|           2|
    |xor_ln365_72_fu_18702_p2          |       xor|   0|  0|    2|           1|           2|
    |xor_ln365_73_fu_18800_p2          |       xor|   0|  0|    2|           1|           2|
    |xor_ln365_74_fu_18898_p2          |       xor|   0|  0|    2|           1|           2|
    |xor_ln365_75_fu_18996_p2          |       xor|   0|  0|    2|           1|           2|
    |xor_ln365_76_fu_19094_p2          |       xor|   0|  0|    2|           1|           2|
    |xor_ln365_77_fu_19192_p2          |       xor|   0|  0|    2|           1|           2|
    |xor_ln365_78_fu_19290_p2          |       xor|   0|  0|    2|           1|           2|
    |xor_ln365_79_fu_19388_p2          |       xor|   0|  0|    2|           1|           2|
    |xor_ln365_7_fu_12332_p2           |       xor|   0|  0|    2|           1|           2|
    |xor_ln365_80_fu_19486_p2          |       xor|   0|  0|    2|           1|           2|
    |xor_ln365_81_fu_19584_p2          |       xor|   0|  0|    2|           1|           2|
    |xor_ln365_82_fu_19682_p2          |       xor|   0|  0|    2|           1|           2|
    |xor_ln365_83_fu_19780_p2          |       xor|   0|  0|    2|           1|           2|
    |xor_ln365_84_fu_19878_p2          |       xor|   0|  0|    2|           1|           2|
    |xor_ln365_85_fu_19976_p2          |       xor|   0|  0|    2|           1|           2|
    |xor_ln365_86_fu_20074_p2          |       xor|   0|  0|    2|           1|           2|
    |xor_ln365_87_fu_20172_p2          |       xor|   0|  0|    2|           1|           2|
    |xor_ln365_88_fu_20270_p2          |       xor|   0|  0|    2|           1|           2|
    |xor_ln365_89_fu_20368_p2          |       xor|   0|  0|    2|           1|           2|
    |xor_ln365_8_fu_12430_p2           |       xor|   0|  0|    2|           1|           2|
    |xor_ln365_90_fu_20466_p2          |       xor|   0|  0|    2|           1|           2|
    |xor_ln365_91_fu_20564_p2          |       xor|   0|  0|    2|           1|           2|
    |xor_ln365_92_fu_20662_p2          |       xor|   0|  0|    2|           1|           2|
    |xor_ln365_93_fu_20760_p2          |       xor|   0|  0|    2|           1|           2|
    |xor_ln365_94_fu_20858_p2          |       xor|   0|  0|    2|           1|           2|
    |xor_ln365_95_fu_20956_p2          |       xor|   0|  0|    2|           1|           2|
    |xor_ln365_96_fu_21054_p2          |       xor|   0|  0|    2|           1|           2|
    |xor_ln365_97_fu_21152_p2          |       xor|   0|  0|    2|           1|           2|
    |xor_ln365_98_fu_21250_p2          |       xor|   0|  0|    2|           1|           2|
    |xor_ln365_99_fu_21348_p2          |       xor|   0|  0|    2|           1|           2|
    |xor_ln365_9_fu_12528_p2           |       xor|   0|  0|    2|           1|           2|
    |xor_ln365_fu_11646_p2             |       xor|   0|  0|    2|           1|           2|
    +----------------------------------+----------+----+---+-----+------------+------------+
    |Total                             |          |   0|  0|18432|       11008|       12160|
    +----------------------------------+----------+----+---+-----+------------+------------+

    * Multiplexer: 
    N/A

    * Register: 
    +-------------------------+----+----+-----+-----------+
    |           Name          | FF | LUT| Bits| Const Bits|
    +-------------------------+----+----+-----+-----------+
    |datareg_V_255_reg_24886  |  13|   0|   14|          1|
    |datareg_V_256_reg_24900  |  13|   0|   14|          1|
    |datareg_V_257_reg_24914  |  13|   0|   14|          1|
    |datareg_V_258_reg_24942  |  13|   0|   14|          1|
    |datareg_V_259_reg_24956  |  13|   0|   14|          1|
    |datareg_V_260_reg_24970  |  13|   0|   14|          1|
    |datareg_V_261_reg_24984  |  13|   0|   14|          1|
    |datareg_V_262_reg_24998  |  13|   0|   14|          1|
    |datareg_V_263_reg_25012  |  13|   0|   14|          1|
    |datareg_V_264_reg_25026  |  13|   0|   14|          1|
    |datareg_V_265_reg_25040  |  13|   0|   14|          1|
    |datareg_V_266_reg_25054  |  13|   0|   14|          1|
    |datareg_V_267_reg_25068  |  13|   0|   14|          1|
    |datareg_V_268_reg_25082  |  13|   0|   14|          1|
    |datareg_V_269_reg_25096  |  13|   0|   14|          1|
    |datareg_V_270_reg_25110  |  13|   0|   14|          1|
    |datareg_V_271_reg_25124  |  13|   0|   14|          1|
    |datareg_V_272_reg_25138  |  13|   0|   14|          1|
    |datareg_V_273_reg_25152  |  13|   0|   14|          1|
    |datareg_V_274_reg_25166  |  13|   0|   14|          1|
    |datareg_V_275_reg_25180  |  13|   0|   14|          1|
    |datareg_V_276_reg_25194  |  13|   0|   14|          1|
    |datareg_V_277_reg_25208  |  13|   0|   14|          1|
    |datareg_V_278_reg_25222  |  13|   0|   14|          1|
    |datareg_V_279_reg_25236  |  13|   0|   14|          1|
    |datareg_V_280_reg_25250  |  13|   0|   14|          1|
    |datareg_V_281_reg_25264  |  13|   0|   14|          1|
    |datareg_V_282_reg_25278  |  13|   0|   14|          1|
    |datareg_V_283_reg_25292  |  13|   0|   14|          1|
    |datareg_V_284_reg_25306  |  13|   0|   14|          1|
    |datareg_V_285_reg_25320  |  13|   0|   14|          1|
    |datareg_V_286_reg_25334  |  13|   0|   14|          1|
    |datareg_V_287_reg_25348  |  13|   0|   14|          1|
    |datareg_V_288_reg_25362  |  13|   0|   14|          1|
    |datareg_V_289_reg_25376  |  13|   0|   14|          1|
    |datareg_V_290_reg_25390  |  13|   0|   14|          1|
    |datareg_V_291_reg_25404  |  13|   0|   14|          1|
    |datareg_V_292_reg_25418  |  13|   0|   14|          1|
    |datareg_V_293_reg_25432  |  13|   0|   14|          1|
    |datareg_V_294_reg_25446  |  13|   0|   14|          1|
    |datareg_V_295_reg_25460  |  13|   0|   14|          1|
    |datareg_V_296_reg_25474  |  13|   0|   14|          1|
    |datareg_V_297_reg_25488  |  13|   0|   14|          1|
    |datareg_V_298_reg_25502  |  13|   0|   14|          1|
    |datareg_V_299_reg_25516  |  13|   0|   14|          1|
    |datareg_V_300_reg_25530  |  13|   0|   14|          1|
    |datareg_V_301_reg_25544  |  13|   0|   14|          1|
    |datareg_V_302_reg_25558  |  13|   0|   14|          1|
    |datareg_V_303_reg_25572  |  13|   0|   14|          1|
    |datareg_V_304_reg_25586  |  13|   0|   14|          1|
    |datareg_V_305_reg_25600  |  13|   0|   14|          1|
    |datareg_V_306_reg_25614  |  13|   0|   14|          1|
    |datareg_V_307_reg_25628  |  13|   0|   14|          1|
    |datareg_V_308_reg_25642  |  13|   0|   14|          1|
    |datareg_V_309_reg_25656  |  13|   0|   14|          1|
    |datareg_V_310_reg_25670  |  13|   0|   14|          1|
    |datareg_V_311_reg_25684  |  13|   0|   14|          1|
    |datareg_V_312_reg_25698  |  13|   0|   14|          1|
    |datareg_V_313_reg_25712  |  13|   0|   14|          1|
    |datareg_V_314_reg_25726  |  13|   0|   14|          1|
    |datareg_V_315_reg_25740  |  13|   0|   14|          1|
    |datareg_V_316_reg_25754  |  13|   0|   14|          1|
    |datareg_V_317_reg_25768  |  13|   0|   14|          1|
    |datareg_V_318_reg_25782  |  13|   0|   14|          1|
    |datareg_V_319_reg_25796  |  13|   0|   14|          1|
    |datareg_V_320_reg_25810  |  13|   0|   14|          1|
    |datareg_V_321_reg_25824  |  13|   0|   14|          1|
    |datareg_V_322_reg_25838  |  13|   0|   14|          1|
    |datareg_V_323_reg_25852  |  13|   0|   14|          1|
    |datareg_V_324_reg_25866  |  13|   0|   14|          1|
    |datareg_V_325_reg_25880  |  13|   0|   14|          1|
    |datareg_V_326_reg_25894  |  13|   0|   14|          1|
    |datareg_V_327_reg_25908  |  13|   0|   14|          1|
    |datareg_V_328_reg_25922  |  13|   0|   14|          1|
    |datareg_V_329_reg_25936  |  13|   0|   14|          1|
    |datareg_V_330_reg_25950  |  13|   0|   14|          1|
    |datareg_V_331_reg_25964  |  13|   0|   14|          1|
    |datareg_V_332_reg_25978  |  13|   0|   14|          1|
    |datareg_V_333_reg_25992  |  13|   0|   14|          1|
    |datareg_V_334_reg_26006  |  13|   0|   14|          1|
    |datareg_V_335_reg_26020  |  13|   0|   14|          1|
    |datareg_V_336_reg_26034  |  13|   0|   14|          1|
    |datareg_V_337_reg_26048  |  13|   0|   14|          1|
    |datareg_V_338_reg_26062  |  13|   0|   14|          1|
    |datareg_V_339_reg_26076  |  13|   0|   14|          1|
    |datareg_V_340_reg_26090  |  13|   0|   14|          1|
    |datareg_V_341_reg_26104  |  13|   0|   14|          1|
    |datareg_V_342_reg_26118  |  13|   0|   14|          1|
    |datareg_V_343_reg_26132  |  13|   0|   14|          1|
    |datareg_V_344_reg_26146  |  13|   0|   14|          1|
    |datareg_V_345_reg_26160  |  13|   0|   14|          1|
    |datareg_V_346_reg_26174  |  13|   0|   14|          1|
    |datareg_V_347_reg_26188  |  13|   0|   14|          1|
    |datareg_V_348_reg_26202  |  13|   0|   14|          1|
    |datareg_V_349_reg_26216  |  13|   0|   14|          1|
    |datareg_V_350_reg_26230  |  13|   0|   14|          1|
    |datareg_V_351_reg_26244  |  13|   0|   14|          1|
    |datareg_V_352_reg_26258  |  13|   0|   14|          1|
    |datareg_V_353_reg_26272  |  13|   0|   14|          1|
    |datareg_V_354_reg_26286  |  13|   0|   14|          1|
    |datareg_V_355_reg_26300  |  13|   0|   14|          1|
    |datareg_V_356_reg_26314  |  13|   0|   14|          1|
    |datareg_V_357_reg_26328  |  13|   0|   14|          1|
    |datareg_V_358_reg_26342  |  13|   0|   14|          1|
    |datareg_V_359_reg_26356  |  13|   0|   14|          1|
    |datareg_V_360_reg_26370  |  13|   0|   14|          1|
    |datareg_V_361_reg_26384  |  13|   0|   14|          1|
    |datareg_V_362_reg_26398  |  13|   0|   14|          1|
    |datareg_V_363_reg_26412  |  13|   0|   14|          1|
    |datareg_V_364_reg_26426  |  13|   0|   14|          1|
    |datareg_V_365_reg_26440  |  13|   0|   14|          1|
    |datareg_V_366_reg_26454  |  13|   0|   14|          1|
    |datareg_V_367_reg_26468  |  13|   0|   14|          1|
    |datareg_V_368_reg_26482  |  13|   0|   14|          1|
    |datareg_V_369_reg_26496  |  13|   0|   14|          1|
    |datareg_V_370_reg_26510  |  13|   0|   14|          1|
    |datareg_V_371_reg_26524  |  13|   0|   14|          1|
    |datareg_V_372_reg_26538  |  13|   0|   14|          1|
    |datareg_V_373_reg_26552  |  13|   0|   14|          1|
    |datareg_V_374_reg_26566  |  13|   0|   14|          1|
    |datareg_V_375_reg_26580  |  13|   0|   14|          1|
    |datareg_V_376_reg_26594  |  13|   0|   14|          1|
    |datareg_V_377_reg_26608  |  13|   0|   14|          1|
    |datareg_V_378_reg_26622  |  13|   0|   14|          1|
    |datareg_V_379_reg_26636  |  13|   0|   14|          1|
    |datareg_V_380_reg_26650  |  13|   0|   14|          1|
    |datareg_V_381_reg_26664  |  13|   0|   14|          1|
    |datareg_V_reg_24928      |  13|   0|   14|          1|
    |r_194_reg_24909          |   1|   0|    1|          0|
    |r_195_reg_24923          |   1|   0|    1|          0|
    |r_196_reg_24937          |   1|   0|    1|          0|
    |r_197_reg_24951          |   1|   0|    1|          0|
    |r_198_reg_24965          |   1|   0|    1|          0|
    |r_199_reg_24979          |   1|   0|    1|          0|
    |r_200_reg_24993          |   1|   0|    1|          0|
    |r_201_reg_25007          |   1|   0|    1|          0|
    |r_202_reg_25021          |   1|   0|    1|          0|
    |r_203_reg_25035          |   1|   0|    1|          0|
    |r_204_reg_25049          |   1|   0|    1|          0|
    |r_205_reg_25063          |   1|   0|    1|          0|
    |r_206_reg_25077          |   1|   0|    1|          0|
    |r_207_reg_25091          |   1|   0|    1|          0|
    |r_208_reg_25105          |   1|   0|    1|          0|
    |r_209_reg_25119          |   1|   0|    1|          0|
    |r_210_reg_25133          |   1|   0|    1|          0|
    |r_211_reg_25147          |   1|   0|    1|          0|
    |r_212_reg_25161          |   1|   0|    1|          0|
    |r_213_reg_25175          |   1|   0|    1|          0|
    |r_214_reg_25189          |   1|   0|    1|          0|
    |r_215_reg_25203          |   1|   0|    1|          0|
    |r_216_reg_25217          |   1|   0|    1|          0|
    |r_217_reg_25231          |   1|   0|    1|          0|
    |r_218_reg_25245          |   1|   0|    1|          0|
    |r_219_reg_25259          |   1|   0|    1|          0|
    |r_220_reg_25273          |   1|   0|    1|          0|
    |r_221_reg_25287          |   1|   0|    1|          0|
    |r_222_reg_25301          |   1|   0|    1|          0|
    |r_223_reg_25315          |   1|   0|    1|          0|
    |r_224_reg_25329          |   1|   0|    1|          0|
    |r_225_reg_25343          |   1|   0|    1|          0|
    |r_226_reg_25357          |   1|   0|    1|          0|
    |r_227_reg_25371          |   1|   0|    1|          0|
    |r_228_reg_25385          |   1|   0|    1|          0|
    |r_229_reg_25399          |   1|   0|    1|          0|
    |r_230_reg_25413          |   1|   0|    1|          0|
    |r_231_reg_25427          |   1|   0|    1|          0|
    |r_232_reg_25441          |   1|   0|    1|          0|
    |r_233_reg_25455          |   1|   0|    1|          0|
    |r_234_reg_25469          |   1|   0|    1|          0|
    |r_235_reg_25483          |   1|   0|    1|          0|
    |r_236_reg_25497          |   1|   0|    1|          0|
    |r_237_reg_25511          |   1|   0|    1|          0|
    |r_238_reg_25525          |   1|   0|    1|          0|
    |r_239_reg_25539          |   1|   0|    1|          0|
    |r_240_reg_25553          |   1|   0|    1|          0|
    |r_241_reg_25567          |   1|   0|    1|          0|
    |r_242_reg_25581          |   1|   0|    1|          0|
    |r_243_reg_25595          |   1|   0|    1|          0|
    |r_244_reg_25609          |   1|   0|    1|          0|
    |r_245_reg_25623          |   1|   0|    1|          0|
    |r_246_reg_25637          |   1|   0|    1|          0|
    |r_247_reg_25651          |   1|   0|    1|          0|
    |r_248_reg_25665          |   1|   0|    1|          0|
    |r_249_reg_25679          |   1|   0|    1|          0|
    |r_250_reg_25693          |   1|   0|    1|          0|
    |r_251_reg_25707          |   1|   0|    1|          0|
    |r_252_reg_25721          |   1|   0|    1|          0|
    |r_253_reg_25735          |   1|   0|    1|          0|
    |r_254_reg_25749          |   1|   0|    1|          0|
    |r_255_reg_25763          |   1|   0|    1|          0|
    |r_256_reg_25777          |   1|   0|    1|          0|
    |r_257_reg_25791          |   1|   0|    1|          0|
    |r_258_reg_25805          |   1|   0|    1|          0|
    |r_259_reg_25819          |   1|   0|    1|          0|
    |r_260_reg_25833          |   1|   0|    1|          0|
    |r_261_reg_25847          |   1|   0|    1|          0|
    |r_262_reg_25861          |   1|   0|    1|          0|
    |r_263_reg_25875          |   1|   0|    1|          0|
    |r_264_reg_25889          |   1|   0|    1|          0|
    |r_265_reg_25903          |   1|   0|    1|          0|
    |r_266_reg_25917          |   1|   0|    1|          0|
    |r_267_reg_25931          |   1|   0|    1|          0|
    |r_268_reg_25945          |   1|   0|    1|          0|
    |r_269_reg_25959          |   1|   0|    1|          0|
    |r_270_reg_25973          |   1|   0|    1|          0|
    |r_271_reg_25987          |   1|   0|    1|          0|
    |r_272_reg_26001          |   1|   0|    1|          0|
    |r_273_reg_26015          |   1|   0|    1|          0|
    |r_274_reg_26029          |   1|   0|    1|          0|
    |r_275_reg_26043          |   1|   0|    1|          0|
    |r_276_reg_26057          |   1|   0|    1|          0|
    |r_277_reg_26071          |   1|   0|    1|          0|
    |r_278_reg_26085          |   1|   0|    1|          0|
    |r_279_reg_26099          |   1|   0|    1|          0|
    |r_280_reg_26113          |   1|   0|    1|          0|
    |r_281_reg_26127          |   1|   0|    1|          0|
    |r_282_reg_26141          |   1|   0|    1|          0|
    |r_283_reg_26155          |   1|   0|    1|          0|
    |r_284_reg_26169          |   1|   0|    1|          0|
    |r_285_reg_26183          |   1|   0|    1|          0|
    |r_286_reg_26197          |   1|   0|    1|          0|
    |r_287_reg_26211          |   1|   0|    1|          0|
    |r_288_reg_26225          |   1|   0|    1|          0|
    |r_289_reg_26239          |   1|   0|    1|          0|
    |r_290_reg_26253          |   1|   0|    1|          0|
    |r_291_reg_26267          |   1|   0|    1|          0|
    |r_292_reg_26281          |   1|   0|    1|          0|
    |r_293_reg_26295          |   1|   0|    1|          0|
    |r_294_reg_26309          |   1|   0|    1|          0|
    |r_295_reg_26323          |   1|   0|    1|          0|
    |r_296_reg_26337          |   1|   0|    1|          0|
    |r_297_reg_26351          |   1|   0|    1|          0|
    |r_298_reg_26365          |   1|   0|    1|          0|
    |r_299_reg_26379          |   1|   0|    1|          0|
    |r_300_reg_26393          |   1|   0|    1|          0|
    |r_301_reg_26407          |   1|   0|    1|          0|
    |r_302_reg_26421          |   1|   0|    1|          0|
    |r_303_reg_26435          |   1|   0|    1|          0|
    |r_304_reg_26449          |   1|   0|    1|          0|
    |r_305_reg_26463          |   1|   0|    1|          0|
    |r_306_reg_26477          |   1|   0|    1|          0|
    |r_307_reg_26491          |   1|   0|    1|          0|
    |r_308_reg_26505          |   1|   0|    1|          0|
    |r_309_reg_26519          |   1|   0|    1|          0|
    |r_310_reg_26533          |   1|   0|    1|          0|
    |r_311_reg_26547          |   1|   0|    1|          0|
    |r_312_reg_26561          |   1|   0|    1|          0|
    |r_313_reg_26575          |   1|   0|    1|          0|
    |r_314_reg_26589          |   1|   0|    1|          0|
    |r_315_reg_26603          |   1|   0|    1|          0|
    |r_316_reg_26617          |   1|   0|    1|          0|
    |r_317_reg_26631          |   1|   0|    1|          0|
    |r_318_reg_26645          |   1|   0|    1|          0|
    |r_319_reg_26659          |   1|   0|    1|          0|
    |r_320_reg_26673          |   1|   0|    1|          0|
    |r_reg_24895              |   1|   0|    1|          0|
    +-------------------------+----+----+-----+-----------+
    |Total                    |1792|   0| 1920|        128|
    +-------------------------+----+----+-----+-----------+



================================================================
== Interface
================================================================
* Summary: 
+---------------+-----+-----+------------+-----------------------------------------------------------------------+--------------+
|   RTL Ports   | Dir | Bits|  Protocol  |                             Source Object                             |    C Type    |
+---------------+-----+-----+------------+-----------------------------------------------------------------------+--------------+
|ap_clk         |   in|    1|  ap_ctrl_hs|  hard_sigmoid<ap_fixed,ap_ufixed<8,0,4,0,0>,hard_sigmoid_config2_recr>|  return value|
|ap_rst         |   in|    1|  ap_ctrl_hs|  hard_sigmoid<ap_fixed,ap_ufixed<8,0,4,0,0>,hard_sigmoid_config2_recr>|  return value|
|ap_return_0    |  out|    8|  ap_ctrl_hs|  hard_sigmoid<ap_fixed,ap_ufixed<8,0,4,0,0>,hard_sigmoid_config2_recr>|  return value|
|ap_return_1    |  out|    8|  ap_ctrl_hs|  hard_sigmoid<ap_fixed,ap_ufixed<8,0,4,0,0>,hard_sigmoid_config2_recr>|  return value|
|ap_return_2    |  out|    8|  ap_ctrl_hs|  hard_sigmoid<ap_fixed,ap_ufixed<8,0,4,0,0>,hard_sigmoid_config2_recr>|  return value|
|ap_return_3    |  out|    8|  ap_ctrl_hs|  hard_sigmoid<ap_fixed,ap_ufixed<8,0,4,0,0>,hard_sigmoid_config2_recr>|  return value|
|ap_return_4    |  out|    8|  ap_ctrl_hs|  hard_sigmoid<ap_fixed,ap_ufixed<8,0,4,0,0>,hard_sigmoid_config2_recr>|  return value|
|ap_return_5    |  out|    8|  ap_ctrl_hs|  hard_sigmoid<ap_fixed,ap_ufixed<8,0,4,0,0>,hard_sigmoid_config2_recr>|  return value|
|ap_return_6    |  out|    8|  ap_ctrl_hs|  hard_sigmoid<ap_fixed,ap_ufixed<8,0,4,0,0>,hard_sigmoid_config2_recr>|  return value|
|ap_return_7    |  out|    8|  ap_ctrl_hs|  hard_sigmoid<ap_fixed,ap_ufixed<8,0,4,0,0>,hard_sigmoid_config2_recr>|  return value|
|ap_return_8    |  out|    8|  ap_ctrl_hs|  hard_sigmoid<ap_fixed,ap_ufixed<8,0,4,0,0>,hard_sigmoid_config2_recr>|  return value|
|ap_return_9    |  out|    8|  ap_ctrl_hs|  hard_sigmoid<ap_fixed,ap_ufixed<8,0,4,0,0>,hard_sigmoid_config2_recr>|  return value|
|ap_return_10   |  out|    8|  ap_ctrl_hs|  hard_sigmoid<ap_fixed,ap_ufixed<8,0,4,0,0>,hard_sigmoid_config2_recr>|  return value|
|ap_return_11   |  out|    8|  ap_ctrl_hs|  hard_sigmoid<ap_fixed,ap_ufixed<8,0,4,0,0>,hard_sigmoid_config2_recr>|  return value|
|ap_return_12   |  out|    8|  ap_ctrl_hs|  hard_sigmoid<ap_fixed,ap_ufixed<8,0,4,0,0>,hard_sigmoid_config2_recr>|  return value|
|ap_return_13   |  out|    8|  ap_ctrl_hs|  hard_sigmoid<ap_fixed,ap_ufixed<8,0,4,0,0>,hard_sigmoid_config2_recr>|  return value|
|ap_return_14   |  out|    8|  ap_ctrl_hs|  hard_sigmoid<ap_fixed,ap_ufixed<8,0,4,0,0>,hard_sigmoid_config2_recr>|  return value|
|ap_return_15   |  out|    8|  ap_ctrl_hs|  hard_sigmoid<ap_fixed,ap_ufixed<8,0,4,0,0>,hard_sigmoid_config2_recr>|  return value|
|ap_return_16   |  out|    8|  ap_ctrl_hs|  hard_sigmoid<ap_fixed,ap_ufixed<8,0,4,0,0>,hard_sigmoid_config2_recr>|  return value|
|ap_return_17   |  out|    8|  ap_ctrl_hs|  hard_sigmoid<ap_fixed,ap_ufixed<8,0,4,0,0>,hard_sigmoid_config2_recr>|  return value|
|ap_return_18   |  out|    8|  ap_ctrl_hs|  hard_sigmoid<ap_fixed,ap_ufixed<8,0,4,0,0>,hard_sigmoid_config2_recr>|  return value|
|ap_return_19   |  out|    8|  ap_ctrl_hs|  hard_sigmoid<ap_fixed,ap_ufixed<8,0,4,0,0>,hard_sigmoid_config2_recr>|  return value|
|ap_return_20   |  out|    8|  ap_ctrl_hs|  hard_sigmoid<ap_fixed,ap_ufixed<8,0,4,0,0>,hard_sigmoid_config2_recr>|  return value|
|ap_return_21   |  out|    8|  ap_ctrl_hs|  hard_sigmoid<ap_fixed,ap_ufixed<8,0,4,0,0>,hard_sigmoid_config2_recr>|  return value|
|ap_return_22   |  out|    8|  ap_ctrl_hs|  hard_sigmoid<ap_fixed,ap_ufixed<8,0,4,0,0>,hard_sigmoid_config2_recr>|  return value|
|ap_return_23   |  out|    8|  ap_ctrl_hs|  hard_sigmoid<ap_fixed,ap_ufixed<8,0,4,0,0>,hard_sigmoid_config2_recr>|  return value|
|ap_return_24   |  out|    8|  ap_ctrl_hs|  hard_sigmoid<ap_fixed,ap_ufixed<8,0,4,0,0>,hard_sigmoid_config2_recr>|  return value|
|ap_return_25   |  out|    8|  ap_ctrl_hs|  hard_sigmoid<ap_fixed,ap_ufixed<8,0,4,0,0>,hard_sigmoid_config2_recr>|  return value|
|ap_return_26   |  out|    8|  ap_ctrl_hs|  hard_sigmoid<ap_fixed,ap_ufixed<8,0,4,0,0>,hard_sigmoid_config2_recr>|  return value|
|ap_return_27   |  out|    8|  ap_ctrl_hs|  hard_sigmoid<ap_fixed,ap_ufixed<8,0,4,0,0>,hard_sigmoid_config2_recr>|  return value|
|ap_return_28   |  out|    8|  ap_ctrl_hs|  hard_sigmoid<ap_fixed,ap_ufixed<8,0,4,0,0>,hard_sigmoid_config2_recr>|  return value|
|ap_return_29   |  out|    8|  ap_ctrl_hs|  hard_sigmoid<ap_fixed,ap_ufixed<8,0,4,0,0>,hard_sigmoid_config2_recr>|  return value|
|ap_return_30   |  out|    8|  ap_ctrl_hs|  hard_sigmoid<ap_fixed,ap_ufixed<8,0,4,0,0>,hard_sigmoid_config2_recr>|  return value|
|ap_return_31   |  out|    8|  ap_ctrl_hs|  hard_sigmoid<ap_fixed,ap_ufixed<8,0,4,0,0>,hard_sigmoid_config2_recr>|  return value|
|ap_return_32   |  out|    8|  ap_ctrl_hs|  hard_sigmoid<ap_fixed,ap_ufixed<8,0,4,0,0>,hard_sigmoid_config2_recr>|  return value|
|ap_return_33   |  out|    8|  ap_ctrl_hs|  hard_sigmoid<ap_fixed,ap_ufixed<8,0,4,0,0>,hard_sigmoid_config2_recr>|  return value|
|ap_return_34   |  out|    8|  ap_ctrl_hs|  hard_sigmoid<ap_fixed,ap_ufixed<8,0,4,0,0>,hard_sigmoid_config2_recr>|  return value|
|ap_return_35   |  out|    8|  ap_ctrl_hs|  hard_sigmoid<ap_fixed,ap_ufixed<8,0,4,0,0>,hard_sigmoid_config2_recr>|  return value|
|ap_return_36   |  out|    8|  ap_ctrl_hs|  hard_sigmoid<ap_fixed,ap_ufixed<8,0,4,0,0>,hard_sigmoid_config2_recr>|  return value|
|ap_return_37   |  out|    8|  ap_ctrl_hs|  hard_sigmoid<ap_fixed,ap_ufixed<8,0,4,0,0>,hard_sigmoid_config2_recr>|  return value|
|ap_return_38   |  out|    8|  ap_ctrl_hs|  hard_sigmoid<ap_fixed,ap_ufixed<8,0,4,0,0>,hard_sigmoid_config2_recr>|  return value|
|ap_return_39   |  out|    8|  ap_ctrl_hs|  hard_sigmoid<ap_fixed,ap_ufixed<8,0,4,0,0>,hard_sigmoid_config2_recr>|  return value|
|ap_return_40   |  out|    8|  ap_ctrl_hs|  hard_sigmoid<ap_fixed,ap_ufixed<8,0,4,0,0>,hard_sigmoid_config2_recr>|  return value|
|ap_return_41   |  out|    8|  ap_ctrl_hs|  hard_sigmoid<ap_fixed,ap_ufixed<8,0,4,0,0>,hard_sigmoid_config2_recr>|  return value|
|ap_return_42   |  out|    8|  ap_ctrl_hs|  hard_sigmoid<ap_fixed,ap_ufixed<8,0,4,0,0>,hard_sigmoid_config2_recr>|  return value|
|ap_return_43   |  out|    8|  ap_ctrl_hs|  hard_sigmoid<ap_fixed,ap_ufixed<8,0,4,0,0>,hard_sigmoid_config2_recr>|  return value|
|ap_return_44   |  out|    8|  ap_ctrl_hs|  hard_sigmoid<ap_fixed,ap_ufixed<8,0,4,0,0>,hard_sigmoid_config2_recr>|  return value|
|ap_return_45   |  out|    8|  ap_ctrl_hs|  hard_sigmoid<ap_fixed,ap_ufixed<8,0,4,0,0>,hard_sigmoid_config2_recr>|  return value|
|ap_return_46   |  out|    8|  ap_ctrl_hs|  hard_sigmoid<ap_fixed,ap_ufixed<8,0,4,0,0>,hard_sigmoid_config2_recr>|  return value|
|ap_return_47   |  out|    8|  ap_ctrl_hs|  hard_sigmoid<ap_fixed,ap_ufixed<8,0,4,0,0>,hard_sigmoid_config2_recr>|  return value|
|ap_return_48   |  out|    8|  ap_ctrl_hs|  hard_sigmoid<ap_fixed,ap_ufixed<8,0,4,0,0>,hard_sigmoid_config2_recr>|  return value|
|ap_return_49   |  out|    8|  ap_ctrl_hs|  hard_sigmoid<ap_fixed,ap_ufixed<8,0,4,0,0>,hard_sigmoid_config2_recr>|  return value|
|ap_return_50   |  out|    8|  ap_ctrl_hs|  hard_sigmoid<ap_fixed,ap_ufixed<8,0,4,0,0>,hard_sigmoid_config2_recr>|  return value|
|ap_return_51   |  out|    8|  ap_ctrl_hs|  hard_sigmoid<ap_fixed,ap_ufixed<8,0,4,0,0>,hard_sigmoid_config2_recr>|  return value|
|ap_return_52   |  out|    8|  ap_ctrl_hs|  hard_sigmoid<ap_fixed,ap_ufixed<8,0,4,0,0>,hard_sigmoid_config2_recr>|  return value|
|ap_return_53   |  out|    8|  ap_ctrl_hs|  hard_sigmoid<ap_fixed,ap_ufixed<8,0,4,0,0>,hard_sigmoid_config2_recr>|  return value|
|ap_return_54   |  out|    8|  ap_ctrl_hs|  hard_sigmoid<ap_fixed,ap_ufixed<8,0,4,0,0>,hard_sigmoid_config2_recr>|  return value|
|ap_return_55   |  out|    8|  ap_ctrl_hs|  hard_sigmoid<ap_fixed,ap_ufixed<8,0,4,0,0>,hard_sigmoid_config2_recr>|  return value|
|ap_return_56   |  out|    8|  ap_ctrl_hs|  hard_sigmoid<ap_fixed,ap_ufixed<8,0,4,0,0>,hard_sigmoid_config2_recr>|  return value|
|ap_return_57   |  out|    8|  ap_ctrl_hs|  hard_sigmoid<ap_fixed,ap_ufixed<8,0,4,0,0>,hard_sigmoid_config2_recr>|  return value|
|ap_return_58   |  out|    8|  ap_ctrl_hs|  hard_sigmoid<ap_fixed,ap_ufixed<8,0,4,0,0>,hard_sigmoid_config2_recr>|  return value|
|ap_return_59   |  out|    8|  ap_ctrl_hs|  hard_sigmoid<ap_fixed,ap_ufixed<8,0,4,0,0>,hard_sigmoid_config2_recr>|  return value|
|ap_return_60   |  out|    8|  ap_ctrl_hs|  hard_sigmoid<ap_fixed,ap_ufixed<8,0,4,0,0>,hard_sigmoid_config2_recr>|  return value|
|ap_return_61   |  out|    8|  ap_ctrl_hs|  hard_sigmoid<ap_fixed,ap_ufixed<8,0,4,0,0>,hard_sigmoid_config2_recr>|  return value|
|ap_return_62   |  out|    8|  ap_ctrl_hs|  hard_sigmoid<ap_fixed,ap_ufixed<8,0,4,0,0>,hard_sigmoid_config2_recr>|  return value|
|ap_return_63   |  out|    8|  ap_ctrl_hs|  hard_sigmoid<ap_fixed,ap_ufixed<8,0,4,0,0>,hard_sigmoid_config2_recr>|  return value|
|ap_return_64   |  out|    8|  ap_ctrl_hs|  hard_sigmoid<ap_fixed,ap_ufixed<8,0,4,0,0>,hard_sigmoid_config2_recr>|  return value|
|ap_return_65   |  out|    8|  ap_ctrl_hs|  hard_sigmoid<ap_fixed,ap_ufixed<8,0,4,0,0>,hard_sigmoid_config2_recr>|  return value|
|ap_return_66   |  out|    8|  ap_ctrl_hs|  hard_sigmoid<ap_fixed,ap_ufixed<8,0,4,0,0>,hard_sigmoid_config2_recr>|  return value|
|ap_return_67   |  out|    8|  ap_ctrl_hs|  hard_sigmoid<ap_fixed,ap_ufixed<8,0,4,0,0>,hard_sigmoid_config2_recr>|  return value|
|ap_return_68   |  out|    8|  ap_ctrl_hs|  hard_sigmoid<ap_fixed,ap_ufixed<8,0,4,0,0>,hard_sigmoid_config2_recr>|  return value|
|ap_return_69   |  out|    8|  ap_ctrl_hs|  hard_sigmoid<ap_fixed,ap_ufixed<8,0,4,0,0>,hard_sigmoid_config2_recr>|  return value|
|ap_return_70   |  out|    8|  ap_ctrl_hs|  hard_sigmoid<ap_fixed,ap_ufixed<8,0,4,0,0>,hard_sigmoid_config2_recr>|  return value|
|ap_return_71   |  out|    8|  ap_ctrl_hs|  hard_sigmoid<ap_fixed,ap_ufixed<8,0,4,0,0>,hard_sigmoid_config2_recr>|  return value|
|ap_return_72   |  out|    8|  ap_ctrl_hs|  hard_sigmoid<ap_fixed,ap_ufixed<8,0,4,0,0>,hard_sigmoid_config2_recr>|  return value|
|ap_return_73   |  out|    8|  ap_ctrl_hs|  hard_sigmoid<ap_fixed,ap_ufixed<8,0,4,0,0>,hard_sigmoid_config2_recr>|  return value|
|ap_return_74   |  out|    8|  ap_ctrl_hs|  hard_sigmoid<ap_fixed,ap_ufixed<8,0,4,0,0>,hard_sigmoid_config2_recr>|  return value|
|ap_return_75   |  out|    8|  ap_ctrl_hs|  hard_sigmoid<ap_fixed,ap_ufixed<8,0,4,0,0>,hard_sigmoid_config2_recr>|  return value|
|ap_return_76   |  out|    8|  ap_ctrl_hs|  hard_sigmoid<ap_fixed,ap_ufixed<8,0,4,0,0>,hard_sigmoid_config2_recr>|  return value|
|ap_return_77   |  out|    8|  ap_ctrl_hs|  hard_sigmoid<ap_fixed,ap_ufixed<8,0,4,0,0>,hard_sigmoid_config2_recr>|  return value|
|ap_return_78   |  out|    8|  ap_ctrl_hs|  hard_sigmoid<ap_fixed,ap_ufixed<8,0,4,0,0>,hard_sigmoid_config2_recr>|  return value|
|ap_return_79   |  out|    8|  ap_ctrl_hs|  hard_sigmoid<ap_fixed,ap_ufixed<8,0,4,0,0>,hard_sigmoid_config2_recr>|  return value|
|ap_return_80   |  out|    8|  ap_ctrl_hs|  hard_sigmoid<ap_fixed,ap_ufixed<8,0,4,0,0>,hard_sigmoid_config2_recr>|  return value|
|ap_return_81   |  out|    8|  ap_ctrl_hs|  hard_sigmoid<ap_fixed,ap_ufixed<8,0,4,0,0>,hard_sigmoid_config2_recr>|  return value|
|ap_return_82   |  out|    8|  ap_ctrl_hs|  hard_sigmoid<ap_fixed,ap_ufixed<8,0,4,0,0>,hard_sigmoid_config2_recr>|  return value|
|ap_return_83   |  out|    8|  ap_ctrl_hs|  hard_sigmoid<ap_fixed,ap_ufixed<8,0,4,0,0>,hard_sigmoid_config2_recr>|  return value|
|ap_return_84   |  out|    8|  ap_ctrl_hs|  hard_sigmoid<ap_fixed,ap_ufixed<8,0,4,0,0>,hard_sigmoid_config2_recr>|  return value|
|ap_return_85   |  out|    8|  ap_ctrl_hs|  hard_sigmoid<ap_fixed,ap_ufixed<8,0,4,0,0>,hard_sigmoid_config2_recr>|  return value|
|ap_return_86   |  out|    8|  ap_ctrl_hs|  hard_sigmoid<ap_fixed,ap_ufixed<8,0,4,0,0>,hard_sigmoid_config2_recr>|  return value|
|ap_return_87   |  out|    8|  ap_ctrl_hs|  hard_sigmoid<ap_fixed,ap_ufixed<8,0,4,0,0>,hard_sigmoid_config2_recr>|  return value|
|ap_return_88   |  out|    8|  ap_ctrl_hs|  hard_sigmoid<ap_fixed,ap_ufixed<8,0,4,0,0>,hard_sigmoid_config2_recr>|  return value|
|ap_return_89   |  out|    8|  ap_ctrl_hs|  hard_sigmoid<ap_fixed,ap_ufixed<8,0,4,0,0>,hard_sigmoid_config2_recr>|  return value|
|ap_return_90   |  out|    8|  ap_ctrl_hs|  hard_sigmoid<ap_fixed,ap_ufixed<8,0,4,0,0>,hard_sigmoid_config2_recr>|  return value|
|ap_return_91   |  out|    8|  ap_ctrl_hs|  hard_sigmoid<ap_fixed,ap_ufixed<8,0,4,0,0>,hard_sigmoid_config2_recr>|  return value|
|ap_return_92   |  out|    8|  ap_ctrl_hs|  hard_sigmoid<ap_fixed,ap_ufixed<8,0,4,0,0>,hard_sigmoid_config2_recr>|  return value|
|ap_return_93   |  out|    8|  ap_ctrl_hs|  hard_sigmoid<ap_fixed,ap_ufixed<8,0,4,0,0>,hard_sigmoid_config2_recr>|  return value|
|ap_return_94   |  out|    8|  ap_ctrl_hs|  hard_sigmoid<ap_fixed,ap_ufixed<8,0,4,0,0>,hard_sigmoid_config2_recr>|  return value|
|ap_return_95   |  out|    8|  ap_ctrl_hs|  hard_sigmoid<ap_fixed,ap_ufixed<8,0,4,0,0>,hard_sigmoid_config2_recr>|  return value|
|ap_return_96   |  out|    8|  ap_ctrl_hs|  hard_sigmoid<ap_fixed,ap_ufixed<8,0,4,0,0>,hard_sigmoid_config2_recr>|  return value|
|ap_return_97   |  out|    8|  ap_ctrl_hs|  hard_sigmoid<ap_fixed,ap_ufixed<8,0,4,0,0>,hard_sigmoid_config2_recr>|  return value|
|ap_return_98   |  out|    8|  ap_ctrl_hs|  hard_sigmoid<ap_fixed,ap_ufixed<8,0,4,0,0>,hard_sigmoid_config2_recr>|  return value|
|ap_return_99   |  out|    8|  ap_ctrl_hs|  hard_sigmoid<ap_fixed,ap_ufixed<8,0,4,0,0>,hard_sigmoid_config2_recr>|  return value|
|ap_return_100  |  out|    8|  ap_ctrl_hs|  hard_sigmoid<ap_fixed,ap_ufixed<8,0,4,0,0>,hard_sigmoid_config2_recr>|  return value|
|ap_return_101  |  out|    8|  ap_ctrl_hs|  hard_sigmoid<ap_fixed,ap_ufixed<8,0,4,0,0>,hard_sigmoid_config2_recr>|  return value|
|ap_return_102  |  out|    8|  ap_ctrl_hs|  hard_sigmoid<ap_fixed,ap_ufixed<8,0,4,0,0>,hard_sigmoid_config2_recr>|  return value|
|ap_return_103  |  out|    8|  ap_ctrl_hs|  hard_sigmoid<ap_fixed,ap_ufixed<8,0,4,0,0>,hard_sigmoid_config2_recr>|  return value|
|ap_return_104  |  out|    8|  ap_ctrl_hs|  hard_sigmoid<ap_fixed,ap_ufixed<8,0,4,0,0>,hard_sigmoid_config2_recr>|  return value|
|ap_return_105  |  out|    8|  ap_ctrl_hs|  hard_sigmoid<ap_fixed,ap_ufixed<8,0,4,0,0>,hard_sigmoid_config2_recr>|  return value|
|ap_return_106  |  out|    8|  ap_ctrl_hs|  hard_sigmoid<ap_fixed,ap_ufixed<8,0,4,0,0>,hard_sigmoid_config2_recr>|  return value|
|ap_return_107  |  out|    8|  ap_ctrl_hs|  hard_sigmoid<ap_fixed,ap_ufixed<8,0,4,0,0>,hard_sigmoid_config2_recr>|  return value|
|ap_return_108  |  out|    8|  ap_ctrl_hs|  hard_sigmoid<ap_fixed,ap_ufixed<8,0,4,0,0>,hard_sigmoid_config2_recr>|  return value|
|ap_return_109  |  out|    8|  ap_ctrl_hs|  hard_sigmoid<ap_fixed,ap_ufixed<8,0,4,0,0>,hard_sigmoid_config2_recr>|  return value|
|ap_return_110  |  out|    8|  ap_ctrl_hs|  hard_sigmoid<ap_fixed,ap_ufixed<8,0,4,0,0>,hard_sigmoid_config2_recr>|  return value|
|ap_return_111  |  out|    8|  ap_ctrl_hs|  hard_sigmoid<ap_fixed,ap_ufixed<8,0,4,0,0>,hard_sigmoid_config2_recr>|  return value|
|ap_return_112  |  out|    8|  ap_ctrl_hs|  hard_sigmoid<ap_fixed,ap_ufixed<8,0,4,0,0>,hard_sigmoid_config2_recr>|  return value|
|ap_return_113  |  out|    8|  ap_ctrl_hs|  hard_sigmoid<ap_fixed,ap_ufixed<8,0,4,0,0>,hard_sigmoid_config2_recr>|  return value|
|ap_return_114  |  out|    8|  ap_ctrl_hs|  hard_sigmoid<ap_fixed,ap_ufixed<8,0,4,0,0>,hard_sigmoid_config2_recr>|  return value|
|ap_return_115  |  out|    8|  ap_ctrl_hs|  hard_sigmoid<ap_fixed,ap_ufixed<8,0,4,0,0>,hard_sigmoid_config2_recr>|  return value|
|ap_return_116  |  out|    8|  ap_ctrl_hs|  hard_sigmoid<ap_fixed,ap_ufixed<8,0,4,0,0>,hard_sigmoid_config2_recr>|  return value|
|ap_return_117  |  out|    8|  ap_ctrl_hs|  hard_sigmoid<ap_fixed,ap_ufixed<8,0,4,0,0>,hard_sigmoid_config2_recr>|  return value|
|ap_return_118  |  out|    8|  ap_ctrl_hs|  hard_sigmoid<ap_fixed,ap_ufixed<8,0,4,0,0>,hard_sigmoid_config2_recr>|  return value|
|ap_return_119  |  out|    8|  ap_ctrl_hs|  hard_sigmoid<ap_fixed,ap_ufixed<8,0,4,0,0>,hard_sigmoid_config2_recr>|  return value|
|ap_return_120  |  out|    8|  ap_ctrl_hs|  hard_sigmoid<ap_fixed,ap_ufixed<8,0,4,0,0>,hard_sigmoid_config2_recr>|  return value|
|ap_return_121  |  out|    8|  ap_ctrl_hs|  hard_sigmoid<ap_fixed,ap_ufixed<8,0,4,0,0>,hard_sigmoid_config2_recr>|  return value|
|ap_return_122  |  out|    8|  ap_ctrl_hs|  hard_sigmoid<ap_fixed,ap_ufixed<8,0,4,0,0>,hard_sigmoid_config2_recr>|  return value|
|ap_return_123  |  out|    8|  ap_ctrl_hs|  hard_sigmoid<ap_fixed,ap_ufixed<8,0,4,0,0>,hard_sigmoid_config2_recr>|  return value|
|ap_return_124  |  out|    8|  ap_ctrl_hs|  hard_sigmoid<ap_fixed,ap_ufixed<8,0,4,0,0>,hard_sigmoid_config2_recr>|  return value|
|ap_return_125  |  out|    8|  ap_ctrl_hs|  hard_sigmoid<ap_fixed,ap_ufixed<8,0,4,0,0>,hard_sigmoid_config2_recr>|  return value|
|ap_return_126  |  out|    8|  ap_ctrl_hs|  hard_sigmoid<ap_fixed,ap_ufixed<8,0,4,0,0>,hard_sigmoid_config2_recr>|  return value|
|ap_return_127  |  out|    8|  ap_ctrl_hs|  hard_sigmoid<ap_fixed,ap_ufixed<8,0,4,0,0>,hard_sigmoid_config2_recr>|  return value|
|p_read         |   in|   23|     ap_none|                                                                 p_read|        scalar|
|p_read1        |   in|   23|     ap_none|                                                                p_read1|        scalar|
|p_read2        |   in|   23|     ap_none|                                                                p_read2|        scalar|
|p_read3        |   in|   23|     ap_none|                                                                p_read3|        scalar|
|p_read4        |   in|   23|     ap_none|                                                                p_read4|        scalar|
|p_read5        |   in|   23|     ap_none|                                                                p_read5|        scalar|
|p_read6        |   in|   23|     ap_none|                                                                p_read6|        scalar|
|p_read7        |   in|   23|     ap_none|                                                                p_read7|        scalar|
|p_read8        |   in|   23|     ap_none|                                                                p_read8|        scalar|
|p_read9        |   in|   23|     ap_none|                                                                p_read9|        scalar|
|p_read10       |   in|   23|     ap_none|                                                               p_read10|        scalar|
|p_read11       |   in|   23|     ap_none|                                                               p_read11|        scalar|
|p_read12       |   in|   23|     ap_none|                                                               p_read12|        scalar|
|p_read13       |   in|   23|     ap_none|                                                               p_read13|        scalar|
|p_read14       |   in|   23|     ap_none|                                                               p_read14|        scalar|
|p_read15       |   in|   23|     ap_none|                                                               p_read15|        scalar|
|p_read16       |   in|   23|     ap_none|                                                               p_read16|        scalar|
|p_read17       |   in|   23|     ap_none|                                                               p_read17|        scalar|
|p_read18       |   in|   23|     ap_none|                                                               p_read18|        scalar|
|p_read19       |   in|   23|     ap_none|                                                               p_read19|        scalar|
|p_read20       |   in|   23|     ap_none|                                                               p_read20|        scalar|
|p_read21       |   in|   23|     ap_none|                                                               p_read21|        scalar|
|p_read22       |   in|   23|     ap_none|                                                               p_read22|        scalar|
|p_read23       |   in|   23|     ap_none|                                                               p_read23|        scalar|
|p_read24       |   in|   23|     ap_none|                                                               p_read24|        scalar|
|p_read25       |   in|   23|     ap_none|                                                               p_read25|        scalar|
|p_read26       |   in|   23|     ap_none|                                                               p_read26|        scalar|
|p_read27       |   in|   23|     ap_none|                                                               p_read27|        scalar|
|p_read28       |   in|   23|     ap_none|                                                               p_read28|        scalar|
|p_read29       |   in|   23|     ap_none|                                                               p_read29|        scalar|
|p_read30       |   in|   23|     ap_none|                                                               p_read30|        scalar|
|p_read31       |   in|   23|     ap_none|                                                               p_read31|        scalar|
|p_read32       |   in|   23|     ap_none|                                                               p_read32|        scalar|
|p_read33       |   in|   23|     ap_none|                                                               p_read33|        scalar|
|p_read34       |   in|   23|     ap_none|                                                               p_read34|        scalar|
|p_read35       |   in|   23|     ap_none|                                                               p_read35|        scalar|
|p_read36       |   in|   23|     ap_none|                                                               p_read36|        scalar|
|p_read37       |   in|   23|     ap_none|                                                               p_read37|        scalar|
|p_read38       |   in|   23|     ap_none|                                                               p_read38|        scalar|
|p_read39       |   in|   23|     ap_none|                                                               p_read39|        scalar|
|p_read40       |   in|   23|     ap_none|                                                               p_read40|        scalar|
|p_read41       |   in|   23|     ap_none|                                                               p_read41|        scalar|
|p_read42       |   in|   23|     ap_none|                                                               p_read42|        scalar|
|p_read43       |   in|   23|     ap_none|                                                               p_read43|        scalar|
|p_read44       |   in|   23|     ap_none|                                                               p_read44|        scalar|
|p_read45       |   in|   23|     ap_none|                                                               p_read45|        scalar|
|p_read46       |   in|   23|     ap_none|                                                               p_read46|        scalar|
|p_read47       |   in|   23|     ap_none|                                                               p_read47|        scalar|
|p_read48       |   in|   23|     ap_none|                                                               p_read48|        scalar|
|p_read49       |   in|   23|     ap_none|                                                               p_read49|        scalar|
|p_read50       |   in|   23|     ap_none|                                                               p_read50|        scalar|
|p_read51       |   in|   23|     ap_none|                                                               p_read51|        scalar|
|p_read52       |   in|   23|     ap_none|                                                               p_read52|        scalar|
|p_read53       |   in|   23|     ap_none|                                                               p_read53|        scalar|
|p_read54       |   in|   23|     ap_none|                                                               p_read54|        scalar|
|p_read55       |   in|   23|     ap_none|                                                               p_read55|        scalar|
|p_read56       |   in|   23|     ap_none|                                                               p_read56|        scalar|
|p_read57       |   in|   23|     ap_none|                                                               p_read57|        scalar|
|p_read58       |   in|   23|     ap_none|                                                               p_read58|        scalar|
|p_read59       |   in|   23|     ap_none|                                                               p_read59|        scalar|
|p_read60       |   in|   23|     ap_none|                                                               p_read60|        scalar|
|p_read61       |   in|   23|     ap_none|                                                               p_read61|        scalar|
|p_read62       |   in|   23|     ap_none|                                                               p_read62|        scalar|
|p_read63       |   in|   23|     ap_none|                                                               p_read63|        scalar|
|p_read64       |   in|   23|     ap_none|                                                               p_read64|        scalar|
|p_read65       |   in|   23|     ap_none|                                                               p_read65|        scalar|
|p_read66       |   in|   23|     ap_none|                                                               p_read66|        scalar|
|p_read67       |   in|   23|     ap_none|                                                               p_read67|        scalar|
|p_read68       |   in|   23|     ap_none|                                                               p_read68|        scalar|
|p_read69       |   in|   23|     ap_none|                                                               p_read69|        scalar|
|p_read70       |   in|   23|     ap_none|                                                               p_read70|        scalar|
|p_read71       |   in|   23|     ap_none|                                                               p_read71|        scalar|
|p_read72       |   in|   23|     ap_none|                                                               p_read72|        scalar|
|p_read73       |   in|   23|     ap_none|                                                               p_read73|        scalar|
|p_read74       |   in|   23|     ap_none|                                                               p_read74|        scalar|
|p_read75       |   in|   23|     ap_none|                                                               p_read75|        scalar|
|p_read76       |   in|   23|     ap_none|                                                               p_read76|        scalar|
|p_read77       |   in|   23|     ap_none|                                                               p_read77|        scalar|
|p_read78       |   in|   23|     ap_none|                                                               p_read78|        scalar|
|p_read79       |   in|   23|     ap_none|                                                               p_read79|        scalar|
|p_read80       |   in|   23|     ap_none|                                                               p_read80|        scalar|
|p_read81       |   in|   23|     ap_none|                                                               p_read81|        scalar|
|p_read82       |   in|   23|     ap_none|                                                               p_read82|        scalar|
|p_read83       |   in|   23|     ap_none|                                                               p_read83|        scalar|
|p_read84       |   in|   23|     ap_none|                                                               p_read84|        scalar|
|p_read85       |   in|   23|     ap_none|                                                               p_read85|        scalar|
|p_read86       |   in|   23|     ap_none|                                                               p_read86|        scalar|
|p_read87       |   in|   23|     ap_none|                                                               p_read87|        scalar|
|p_read88       |   in|   23|     ap_none|                                                               p_read88|        scalar|
|p_read89       |   in|   23|     ap_none|                                                               p_read89|        scalar|
|p_read90       |   in|   23|     ap_none|                                                               p_read90|        scalar|
|p_read91       |   in|   23|     ap_none|                                                               p_read91|        scalar|
|p_read92       |   in|   23|     ap_none|                                                               p_read92|        scalar|
|p_read93       |   in|   23|     ap_none|                                                               p_read93|        scalar|
|p_read94       |   in|   23|     ap_none|                                                               p_read94|        scalar|
|p_read95       |   in|   23|     ap_none|                                                               p_read95|        scalar|
|p_read96       |   in|   23|     ap_none|                                                               p_read96|        scalar|
|p_read97       |   in|   23|     ap_none|                                                               p_read97|        scalar|
|p_read98       |   in|   23|     ap_none|                                                               p_read98|        scalar|
|p_read99       |   in|   23|     ap_none|                                                               p_read99|        scalar|
|p_read100      |   in|   23|     ap_none|                                                              p_read100|        scalar|
|p_read101      |   in|   23|     ap_none|                                                              p_read101|        scalar|
|p_read102      |   in|   23|     ap_none|                                                              p_read102|        scalar|
|p_read103      |   in|   23|     ap_none|                                                              p_read103|        scalar|
|p_read104      |   in|   23|     ap_none|                                                              p_read104|        scalar|
|p_read105      |   in|   23|     ap_none|                                                              p_read105|        scalar|
|p_read106      |   in|   23|     ap_none|                                                              p_read106|        scalar|
|p_read107      |   in|   23|     ap_none|                                                              p_read107|        scalar|
|p_read108      |   in|   23|     ap_none|                                                              p_read108|        scalar|
|p_read109      |   in|   23|     ap_none|                                                              p_read109|        scalar|
|p_read110      |   in|   23|     ap_none|                                                              p_read110|        scalar|
|p_read111      |   in|   23|     ap_none|                                                              p_read111|        scalar|
|p_read112      |   in|   23|     ap_none|                                                              p_read112|        scalar|
|p_read113      |   in|   23|     ap_none|                                                              p_read113|        scalar|
|p_read114      |   in|   23|     ap_none|                                                              p_read114|        scalar|
|p_read115      |   in|   23|     ap_none|                                                              p_read115|        scalar|
|p_read116      |   in|   23|     ap_none|                                                              p_read116|        scalar|
|p_read117      |   in|   23|     ap_none|                                                              p_read117|        scalar|
|p_read118      |   in|   23|     ap_none|                                                              p_read118|        scalar|
|p_read119      |   in|   23|     ap_none|                                                              p_read119|        scalar|
|p_read120      |   in|   23|     ap_none|                                                              p_read120|        scalar|
|p_read121      |   in|   23|     ap_none|                                                              p_read121|        scalar|
|p_read122      |   in|   23|     ap_none|                                                              p_read122|        scalar|
|p_read123      |   in|   23|     ap_none|                                                              p_read123|        scalar|
|p_read124      |   in|   23|     ap_none|                                                              p_read124|        scalar|
|p_read125      |   in|   23|     ap_none|                                                              p_read125|        scalar|
|p_read126      |   in|   23|     ap_none|                                                              p_read126|        scalar|
|p_read127      |   in|   23|     ap_none|                                                              p_read127|        scalar|
+---------------+-----+-----+------------+-----------------------------------------------------------------------+--------------+

