

================================================================
== Vitis HLS Report for 'hard_sigmoid_ap_fixed_ap_ufixed_8_0_4_0_0_hard_sigmoid_config10_recr_s'
================================================================
* Date:           Wed Feb 14 14:32:44 2024

* Version:        2022.2 (Build 3670227 on Oct 13 2022)
* Project:        alveo_hls4ml
* Solution:       solution (Vitis Kernel Flow Target)
* Product family: virtexuplus
* Target device:  xcu55c-fsvh2892-2L-e


================================================================
== Performance Estimates
================================================================
+ Timing: 
    * Summary: 
    +--------+---------+----------+------------+
    |  Clock |  Target | Estimated| Uncertainty|
    +--------+---------+----------+------------+
    |ap_clk  |  4.00 ns|  2.592 ns|     1.08 ns|
    +--------+---------+----------+------------+

+ Latency: 
    * Summary: 
    +---------+---------+----------+----------+-----+-----+---------+
    |  Latency (cycles) |  Latency (absolute) |  Interval | Pipeline|
    |   min   |   max   |    min   |    max   | min | max |   Type  |
    +---------+---------+----------+----------+-----+-----+---------+
    |        1|        1|  4.000 ns|  4.000 ns|    1|    1|      yes|
    +---------+---------+----------+----------+-----+-----+---------+

    + Detail: 
        * Instance: 
        N/A

        * Loop: 
        N/A



================================================================
== Utilization Estimates
================================================================
* Summary: 
+---------------------+---------+------+---------+---------+-----+
|         Name        | BRAM_18K|  DSP |    FF   |   LUT   | URAM|
+---------------------+---------+------+---------+---------+-----+
|DSP                  |        -|     -|        -|        -|    -|
|Expression           |        -|     -|        0|    18304|    -|
|FIFO                 |        -|     -|        -|        -|    -|
|Instance             |        -|     -|        -|        -|    -|
|Memory               |        -|     -|        -|        -|    -|
|Multiplexer          |        -|     -|        -|        -|    -|
|Register             |        -|     -|     1792|        -|    -|
+---------------------+---------+------+---------+---------+-----+
|Total                |        0|     0|     1792|    18304|    0|
+---------------------+---------+------+---------+---------+-----+
|Available SLR        |     1344|  3008|   869120|   434560|  320|
+---------------------+---------+------+---------+---------+-----+
|Utilization SLR (%)  |        0|     0|       ~0|        4|    0|
+---------------------+---------+------+---------+---------+-----+
|Available            |     4032|  9024|  2607360|  1303680|  960|
+---------------------+---------+------+---------+---------+-----+
|Utilization (%)      |        0|     0|       ~0|        1|    0|
+---------------------+---------+------+---------+---------+-----+

+ Detail: 
    * Instance: 
    N/A

    * DSP: 
    N/A

    * Memory: 
    N/A

    * FIFO: 
    N/A

    * Expression: 
    +----------------------------------+----------+----+---+-----+------------+------------+
    |           Variable Name          | Operation| DSP| FF| LUT | Bitwidth P0| Bitwidth P1|
    +----------------------------------+----------+----+---+-----+------------+------------+
    |add_ln1347_129_fu_1108_p2         |         +|   0|  0|   21|          14|          13|
    |add_ln1347_130_fu_1190_p2         |         +|   0|  0|   21|          14|          13|
    |add_ln1347_131_fu_1272_p2         |         +|   0|  0|   21|          14|          13|
    |add_ln1347_132_fu_1354_p2         |         +|   0|  0|   21|          14|          13|
    |add_ln1347_133_fu_1436_p2         |         +|   0|  0|   21|          14|          13|
    |add_ln1347_134_fu_1518_p2         |         +|   0|  0|   21|          14|          13|
    |add_ln1347_135_fu_1600_p2         |         +|   0|  0|   21|          14|          13|
    |add_ln1347_136_fu_1682_p2         |         +|   0|  0|   21|          14|          13|
    |add_ln1347_137_fu_1764_p2         |         +|   0|  0|   21|          14|          13|
    |add_ln1347_138_fu_1846_p2         |         +|   0|  0|   21|          14|          13|
    |add_ln1347_139_fu_1928_p2         |         +|   0|  0|   21|          14|          13|
    |add_ln1347_140_fu_2010_p2         |         +|   0|  0|   21|          14|          13|
    |add_ln1347_141_fu_2092_p2         |         +|   0|  0|   21|          14|          13|
    |add_ln1347_142_fu_2174_p2         |         +|   0|  0|   21|          14|          13|
    |add_ln1347_143_fu_2256_p2         |         +|   0|  0|   21|          14|          13|
    |add_ln1347_144_fu_2338_p2         |         +|   0|  0|   21|          14|          13|
    |add_ln1347_145_fu_2420_p2         |         +|   0|  0|   21|          14|          13|
    |add_ln1347_146_fu_2502_p2         |         +|   0|  0|   21|          14|          13|
    |add_ln1347_147_fu_2584_p2         |         +|   0|  0|   21|          14|          13|
    |add_ln1347_148_fu_2666_p2         |         +|   0|  0|   21|          14|          13|
    |add_ln1347_149_fu_2748_p2         |         +|   0|  0|   21|          14|          13|
    |add_ln1347_150_fu_2830_p2         |         +|   0|  0|   21|          14|          13|
    |add_ln1347_151_fu_2912_p2         |         +|   0|  0|   21|          14|          13|
    |add_ln1347_152_fu_2994_p2         |         +|   0|  0|   21|          14|          13|
    |add_ln1347_153_fu_3076_p2         |         +|   0|  0|   21|          14|          13|
    |add_ln1347_154_fu_3158_p2         |         +|   0|  0|   21|          14|          13|
    |add_ln1347_155_fu_3240_p2         |         +|   0|  0|   21|          14|          13|
    |add_ln1347_156_fu_3322_p2         |         +|   0|  0|   21|          14|          13|
    |add_ln1347_157_fu_3404_p2         |         +|   0|  0|   21|          14|          13|
    |add_ln1347_158_fu_3486_p2         |         +|   0|  0|   21|          14|          13|
    |add_ln1347_159_fu_3568_p2         |         +|   0|  0|   21|          14|          13|
    |add_ln1347_160_fu_3650_p2         |         +|   0|  0|   21|          14|          13|
    |add_ln1347_161_fu_3732_p2         |         +|   0|  0|   21|          14|          13|
    |add_ln1347_162_fu_3814_p2         |         +|   0|  0|   21|          14|          13|
    |add_ln1347_163_fu_3896_p2         |         +|   0|  0|   21|          14|          13|
    |add_ln1347_164_fu_3978_p2         |         +|   0|  0|   21|          14|          13|
    |add_ln1347_165_fu_4060_p2         |         +|   0|  0|   21|          14|          13|
    |add_ln1347_166_fu_4142_p2         |         +|   0|  0|   21|          14|          13|
    |add_ln1347_167_fu_4224_p2         |         +|   0|  0|   21|          14|          13|
    |add_ln1347_168_fu_4306_p2         |         +|   0|  0|   21|          14|          13|
    |add_ln1347_169_fu_4388_p2         |         +|   0|  0|   21|          14|          13|
    |add_ln1347_170_fu_4470_p2         |         +|   0|  0|   21|          14|          13|
    |add_ln1347_171_fu_4552_p2         |         +|   0|  0|   21|          14|          13|
    |add_ln1347_172_fu_4634_p2         |         +|   0|  0|   21|          14|          13|
    |add_ln1347_173_fu_4716_p2         |         +|   0|  0|   21|          14|          13|
    |add_ln1347_174_fu_4798_p2         |         +|   0|  0|   21|          14|          13|
    |add_ln1347_175_fu_4880_p2         |         +|   0|  0|   21|          14|          13|
    |add_ln1347_176_fu_4962_p2         |         +|   0|  0|   21|          14|          13|
    |add_ln1347_177_fu_5044_p2         |         +|   0|  0|   21|          14|          13|
    |add_ln1347_178_fu_5126_p2         |         +|   0|  0|   21|          14|          13|
    |add_ln1347_179_fu_5208_p2         |         +|   0|  0|   21|          14|          13|
    |add_ln1347_180_fu_5290_p2         |         +|   0|  0|   21|          14|          13|
    |add_ln1347_181_fu_5372_p2         |         +|   0|  0|   21|          14|          13|
    |add_ln1347_182_fu_5454_p2         |         +|   0|  0|   21|          14|          13|
    |add_ln1347_183_fu_5536_p2         |         +|   0|  0|   21|          14|          13|
    |add_ln1347_184_fu_5618_p2         |         +|   0|  0|   21|          14|          13|
    |add_ln1347_185_fu_5700_p2         |         +|   0|  0|   21|          14|          13|
    |add_ln1347_186_fu_5782_p2         |         +|   0|  0|   21|          14|          13|
    |add_ln1347_187_fu_5864_p2         |         +|   0|  0|   21|          14|          13|
    |add_ln1347_188_fu_5946_p2         |         +|   0|  0|   21|          14|          13|
    |add_ln1347_189_fu_6028_p2         |         +|   0|  0|   21|          14|          13|
    |add_ln1347_190_fu_6110_p2         |         +|   0|  0|   21|          14|          13|
    |add_ln1347_191_fu_6192_p2         |         +|   0|  0|   21|          14|          13|
    |add_ln1347_192_fu_6274_p2         |         +|   0|  0|   21|          14|          13|
    |add_ln1347_193_fu_6356_p2         |         +|   0|  0|   21|          14|          13|
    |add_ln1347_194_fu_6438_p2         |         +|   0|  0|   21|          14|          13|
    |add_ln1347_195_fu_6520_p2         |         +|   0|  0|   21|          14|          13|
    |add_ln1347_196_fu_6602_p2         |         +|   0|  0|   21|          14|          13|
    |add_ln1347_197_fu_6684_p2         |         +|   0|  0|   21|          14|          13|
    |add_ln1347_198_fu_6766_p2         |         +|   0|  0|   21|          14|          13|
    |add_ln1347_199_fu_6848_p2         |         +|   0|  0|   21|          14|          13|
    |add_ln1347_200_fu_6930_p2         |         +|   0|  0|   21|          14|          13|
    |add_ln1347_201_fu_7012_p2         |         +|   0|  0|   21|          14|          13|
    |add_ln1347_202_fu_7094_p2         |         +|   0|  0|   21|          14|          13|
    |add_ln1347_203_fu_7176_p2         |         +|   0|  0|   21|          14|          13|
    |add_ln1347_204_fu_7258_p2         |         +|   0|  0|   21|          14|          13|
    |add_ln1347_205_fu_7340_p2         |         +|   0|  0|   21|          14|          13|
    |add_ln1347_206_fu_7422_p2         |         +|   0|  0|   21|          14|          13|
    |add_ln1347_207_fu_7504_p2         |         +|   0|  0|   21|          14|          13|
    |add_ln1347_208_fu_7586_p2         |         +|   0|  0|   21|          14|          13|
    |add_ln1347_209_fu_7668_p2         |         +|   0|  0|   21|          14|          13|
    |add_ln1347_210_fu_7750_p2         |         +|   0|  0|   21|          14|          13|
    |add_ln1347_211_fu_7832_p2         |         +|   0|  0|   21|          14|          13|
    |add_ln1347_212_fu_7914_p2         |         +|   0|  0|   21|          14|          13|
    |add_ln1347_213_fu_7996_p2         |         +|   0|  0|   21|          14|          13|
    |add_ln1347_214_fu_8078_p2         |         +|   0|  0|   21|          14|          13|
    |add_ln1347_215_fu_8160_p2         |         +|   0|  0|   21|          14|          13|
    |add_ln1347_216_fu_8242_p2         |         +|   0|  0|   21|          14|          13|
    |add_ln1347_217_fu_8324_p2         |         +|   0|  0|   21|          14|          13|
    |add_ln1347_218_fu_8406_p2         |         +|   0|  0|   21|          14|          13|
    |add_ln1347_219_fu_8488_p2         |         +|   0|  0|   21|          14|          13|
    |add_ln1347_220_fu_8570_p2         |         +|   0|  0|   21|          14|          13|
    |add_ln1347_221_fu_8652_p2         |         +|   0|  0|   21|          14|          13|
    |add_ln1347_222_fu_8734_p2         |         +|   0|  0|   21|          14|          13|
    |add_ln1347_223_fu_8816_p2         |         +|   0|  0|   21|          14|          13|
    |add_ln1347_224_fu_8898_p2         |         +|   0|  0|   21|          14|          13|
    |add_ln1347_225_fu_8980_p2         |         +|   0|  0|   21|          14|          13|
    |add_ln1347_226_fu_9062_p2         |         +|   0|  0|   21|          14|          13|
    |add_ln1347_227_fu_9144_p2         |         +|   0|  0|   21|          14|          13|
    |add_ln1347_228_fu_9226_p2         |         +|   0|  0|   21|          14|          13|
    |add_ln1347_229_fu_9308_p2         |         +|   0|  0|   21|          14|          13|
    |add_ln1347_230_fu_9390_p2         |         +|   0|  0|   21|          14|          13|
    |add_ln1347_231_fu_9472_p2         |         +|   0|  0|   21|          14|          13|
    |add_ln1347_232_fu_9554_p2         |         +|   0|  0|   21|          14|          13|
    |add_ln1347_233_fu_9636_p2         |         +|   0|  0|   21|          14|          13|
    |add_ln1347_234_fu_9718_p2         |         +|   0|  0|   21|          14|          13|
    |add_ln1347_235_fu_9800_p2         |         +|   0|  0|   21|          14|          13|
    |add_ln1347_236_fu_9882_p2         |         +|   0|  0|   21|          14|          13|
    |add_ln1347_237_fu_9964_p2         |         +|   0|  0|   21|          14|          13|
    |add_ln1347_238_fu_10046_p2        |         +|   0|  0|   21|          14|          13|
    |add_ln1347_239_fu_10128_p2        |         +|   0|  0|   21|          14|          13|
    |add_ln1347_240_fu_10210_p2        |         +|   0|  0|   21|          14|          13|
    |add_ln1347_241_fu_10292_p2        |         +|   0|  0|   21|          14|          13|
    |add_ln1347_242_fu_10374_p2        |         +|   0|  0|   21|          14|          13|
    |add_ln1347_243_fu_10456_p2        |         +|   0|  0|   21|          14|          13|
    |add_ln1347_244_fu_10538_p2        |         +|   0|  0|   21|          14|          13|
    |add_ln1347_245_fu_10620_p2        |         +|   0|  0|   21|          14|          13|
    |add_ln1347_246_fu_10702_p2        |         +|   0|  0|   21|          14|          13|
    |add_ln1347_247_fu_10784_p2        |         +|   0|  0|   21|          14|          13|
    |add_ln1347_248_fu_10866_p2        |         +|   0|  0|   21|          14|          13|
    |add_ln1347_249_fu_10948_p2        |         +|   0|  0|   21|          14|          13|
    |add_ln1347_250_fu_11030_p2        |         +|   0|  0|   21|          14|          13|
    |add_ln1347_251_fu_11112_p2        |         +|   0|  0|   21|          14|          13|
    |add_ln1347_252_fu_11194_p2        |         +|   0|  0|   21|          14|          13|
    |add_ln1347_253_fu_11276_p2        |         +|   0|  0|   21|          14|          13|
    |add_ln1347_254_fu_11358_p2        |         +|   0|  0|   21|          14|          13|
    |add_ln1347_255_fu_11440_p2        |         +|   0|  0|   21|          14|          13|
    |add_ln1347_256_fu_11522_p2        |         +|   0|  0|   21|          14|          13|
    |p_Val2_1033_fu_11612_p2           |         +|   0|  0|   15|           8|           8|
    |p_Val2_1036_fu_11710_p2           |         +|   0|  0|   15|           8|           8|
    |p_Val2_1039_fu_11808_p2           |         +|   0|  0|   15|           8|           8|
    |p_Val2_1042_fu_11906_p2           |         +|   0|  0|   15|           8|           8|
    |p_Val2_1045_fu_12004_p2           |         +|   0|  0|   15|           8|           8|
    |p_Val2_1048_fu_12102_p2           |         +|   0|  0|   15|           8|           8|
    |p_Val2_1051_fu_12200_p2           |         +|   0|  0|   15|           8|           8|
    |p_Val2_1054_fu_12298_p2           |         +|   0|  0|   15|           8|           8|
    |p_Val2_1057_fu_12396_p2           |         +|   0|  0|   15|           8|           8|
    |p_Val2_1060_fu_12494_p2           |         +|   0|  0|   15|           8|           8|
    |p_Val2_1063_fu_12592_p2           |         +|   0|  0|   15|           8|           8|
    |p_Val2_1066_fu_12690_p2           |         +|   0|  0|   15|           8|           8|
    |p_Val2_1069_fu_12788_p2           |         +|   0|  0|   15|           8|           8|
    |p_Val2_1072_fu_12886_p2           |         +|   0|  0|   15|           8|           8|
    |p_Val2_1075_fu_12984_p2           |         +|   0|  0|   15|           8|           8|
    |p_Val2_1078_fu_13082_p2           |         +|   0|  0|   15|           8|           8|
    |p_Val2_1081_fu_13180_p2           |         +|   0|  0|   15|           8|           8|
    |p_Val2_1084_fu_13278_p2           |         +|   0|  0|   15|           8|           8|
    |p_Val2_1087_fu_13376_p2           |         +|   0|  0|   15|           8|           8|
    |p_Val2_1090_fu_13474_p2           |         +|   0|  0|   15|           8|           8|
    |p_Val2_1093_fu_13572_p2           |         +|   0|  0|   15|           8|           8|
    |p_Val2_1096_fu_13670_p2           |         +|   0|  0|   15|           8|           8|
    |p_Val2_1099_fu_13768_p2           |         +|   0|  0|   15|           8|           8|
    |p_Val2_1102_fu_13866_p2           |         +|   0|  0|   15|           8|           8|
    |p_Val2_1105_fu_13964_p2           |         +|   0|  0|   15|           8|           8|
    |p_Val2_1108_fu_14062_p2           |         +|   0|  0|   15|           8|           8|
    |p_Val2_1111_fu_14160_p2           |         +|   0|  0|   15|           8|           8|
    |p_Val2_1114_fu_14258_p2           |         +|   0|  0|   15|           8|           8|
    |p_Val2_1117_fu_14356_p2           |         +|   0|  0|   15|           8|           8|
    |p_Val2_1120_fu_14454_p2           |         +|   0|  0|   15|           8|           8|
    |p_Val2_1123_fu_14552_p2           |         +|   0|  0|   15|           8|           8|
    |p_Val2_1126_fu_14650_p2           |         +|   0|  0|   15|           8|           8|
    |p_Val2_1129_fu_14748_p2           |         +|   0|  0|   15|           8|           8|
    |p_Val2_1132_fu_14846_p2           |         +|   0|  0|   15|           8|           8|
    |p_Val2_1135_fu_14944_p2           |         +|   0|  0|   15|           8|           8|
    |p_Val2_1138_fu_15042_p2           |         +|   0|  0|   15|           8|           8|
    |p_Val2_1141_fu_15140_p2           |         +|   0|  0|   15|           8|           8|
    |p_Val2_1144_fu_15238_p2           |         +|   0|  0|   15|           8|           8|
    |p_Val2_1147_fu_15336_p2           |         +|   0|  0|   15|           8|           8|
    |p_Val2_1150_fu_15434_p2           |         +|   0|  0|   15|           8|           8|
    |p_Val2_1153_fu_15532_p2           |         +|   0|  0|   15|           8|           8|
    |p_Val2_1156_fu_15630_p2           |         +|   0|  0|   15|           8|           8|
    |p_Val2_1159_fu_15728_p2           |         +|   0|  0|   15|           8|           8|
    |p_Val2_1162_fu_15826_p2           |         +|   0|  0|   15|           8|           8|
    |p_Val2_1165_fu_15924_p2           |         +|   0|  0|   15|           8|           8|
    |p_Val2_1168_fu_16022_p2           |         +|   0|  0|   15|           8|           8|
    |p_Val2_1171_fu_16120_p2           |         +|   0|  0|   15|           8|           8|
    |p_Val2_1174_fu_16218_p2           |         +|   0|  0|   15|           8|           8|
    |p_Val2_1177_fu_16316_p2           |         +|   0|  0|   15|           8|           8|
    |p_Val2_1180_fu_16414_p2           |         +|   0|  0|   15|           8|           8|
    |p_Val2_1183_fu_16512_p2           |         +|   0|  0|   15|           8|           8|
    |p_Val2_1186_fu_16610_p2           |         +|   0|  0|   15|           8|           8|
    |p_Val2_1189_fu_16708_p2           |         +|   0|  0|   15|           8|           8|
    |p_Val2_1192_fu_16806_p2           |         +|   0|  0|   15|           8|           8|
    |p_Val2_1195_fu_16904_p2           |         +|   0|  0|   15|           8|           8|
    |p_Val2_1198_fu_17002_p2           |         +|   0|  0|   15|           8|           8|
    |p_Val2_1201_fu_17100_p2           |         +|   0|  0|   15|           8|           8|
    |p_Val2_1204_fu_17198_p2           |         +|   0|  0|   15|           8|           8|
    |p_Val2_1207_fu_17296_p2           |         +|   0|  0|   15|           8|           8|
    |p_Val2_1210_fu_17394_p2           |         +|   0|  0|   15|           8|           8|
    |p_Val2_1213_fu_17492_p2           |         +|   0|  0|   15|           8|           8|
    |p_Val2_1216_fu_17590_p2           |         +|   0|  0|   15|           8|           8|
    |p_Val2_1219_fu_17688_p2           |         +|   0|  0|   15|           8|           8|
    |p_Val2_1222_fu_17786_p2           |         +|   0|  0|   15|           8|           8|
    |p_Val2_1225_fu_17884_p2           |         +|   0|  0|   15|           8|           8|
    |p_Val2_1228_fu_17982_p2           |         +|   0|  0|   15|           8|           8|
    |p_Val2_1231_fu_18080_p2           |         +|   0|  0|   15|           8|           8|
    |p_Val2_1234_fu_18178_p2           |         +|   0|  0|   15|           8|           8|
    |p_Val2_1237_fu_18276_p2           |         +|   0|  0|   15|           8|           8|
    |p_Val2_1240_fu_18374_p2           |         +|   0|  0|   15|           8|           8|
    |p_Val2_1243_fu_18472_p2           |         +|   0|  0|   15|           8|           8|
    |p_Val2_1246_fu_18570_p2           |         +|   0|  0|   15|           8|           8|
    |p_Val2_1249_fu_18668_p2           |         +|   0|  0|   15|           8|           8|
    |p_Val2_1252_fu_18766_p2           |         +|   0|  0|   15|           8|           8|
    |p_Val2_1255_fu_18864_p2           |         +|   0|  0|   15|           8|           8|
    |p_Val2_1258_fu_18962_p2           |         +|   0|  0|   15|           8|           8|
    |p_Val2_1261_fu_19060_p2           |         +|   0|  0|   15|           8|           8|
    |p_Val2_1264_fu_19158_p2           |         +|   0|  0|   15|           8|           8|
    |p_Val2_1267_fu_19256_p2           |         +|   0|  0|   15|           8|           8|
    |p_Val2_1270_fu_19354_p2           |         +|   0|  0|   15|           8|           8|
    |p_Val2_1273_fu_19452_p2           |         +|   0|  0|   15|           8|           8|
    |p_Val2_1276_fu_19550_p2           |         +|   0|  0|   15|           8|           8|
    |p_Val2_1279_fu_19648_p2           |         +|   0|  0|   15|           8|           8|
    |p_Val2_1282_fu_19746_p2           |         +|   0|  0|   15|           8|           8|
    |p_Val2_1285_fu_19844_p2           |         +|   0|  0|   15|           8|           8|
    |p_Val2_1288_fu_19942_p2           |         +|   0|  0|   15|           8|           8|
    |p_Val2_1291_fu_20040_p2           |         +|   0|  0|   15|           8|           8|
    |p_Val2_1294_fu_20138_p2           |         +|   0|  0|   15|           8|           8|
    |p_Val2_1297_fu_20236_p2           |         +|   0|  0|   15|           8|           8|
    |p_Val2_1300_fu_20334_p2           |         +|   0|  0|   15|           8|           8|
    |p_Val2_1303_fu_20432_p2           |         +|   0|  0|   15|           8|           8|
    |p_Val2_1306_fu_20530_p2           |         +|   0|  0|   15|           8|           8|
    |p_Val2_1309_fu_20628_p2           |         +|   0|  0|   15|           8|           8|
    |p_Val2_1312_fu_20726_p2           |         +|   0|  0|   15|           8|           8|
    |p_Val2_1315_fu_20824_p2           |         +|   0|  0|   15|           8|           8|
    |p_Val2_1318_fu_20922_p2           |         +|   0|  0|   15|           8|           8|
    |p_Val2_1321_fu_21020_p2           |         +|   0|  0|   15|           8|           8|
    |p_Val2_1324_fu_21118_p2           |         +|   0|  0|   15|           8|           8|
    |p_Val2_1327_fu_21216_p2           |         +|   0|  0|   15|           8|           8|
    |p_Val2_1330_fu_21314_p2           |         +|   0|  0|   15|           8|           8|
    |p_Val2_1333_fu_21412_p2           |         +|   0|  0|   15|           8|           8|
    |p_Val2_1336_fu_21510_p2           |         +|   0|  0|   15|           8|           8|
    |p_Val2_1339_fu_21608_p2           |         +|   0|  0|   15|           8|           8|
    |p_Val2_1342_fu_21706_p2           |         +|   0|  0|   15|           8|           8|
    |p_Val2_1345_fu_21804_p2           |         +|   0|  0|   15|           8|           8|
    |p_Val2_1348_fu_21902_p2           |         +|   0|  0|   15|           8|           8|
    |p_Val2_1351_fu_22000_p2           |         +|   0|  0|   15|           8|           8|
    |p_Val2_1354_fu_22098_p2           |         +|   0|  0|   15|           8|           8|
    |p_Val2_1357_fu_22196_p2           |         +|   0|  0|   15|           8|           8|
    |p_Val2_1360_fu_22294_p2           |         +|   0|  0|   15|           8|           8|
    |p_Val2_1363_fu_22392_p2           |         +|   0|  0|   15|           8|           8|
    |p_Val2_1366_fu_22490_p2           |         +|   0|  0|   15|           8|           8|
    |p_Val2_1369_fu_22588_p2           |         +|   0|  0|   15|           8|           8|
    |p_Val2_1372_fu_22686_p2           |         +|   0|  0|   15|           8|           8|
    |p_Val2_1375_fu_22784_p2           |         +|   0|  0|   15|           8|           8|
    |p_Val2_1378_fu_22882_p2           |         +|   0|  0|   15|           8|           8|
    |p_Val2_1381_fu_22980_p2           |         +|   0|  0|   15|           8|           8|
    |p_Val2_1384_fu_23078_p2           |         +|   0|  0|   15|           8|           8|
    |p_Val2_1387_fu_23176_p2           |         +|   0|  0|   15|           8|           8|
    |p_Val2_1390_fu_23274_p2           |         +|   0|  0|   15|           8|           8|
    |p_Val2_1393_fu_23372_p2           |         +|   0|  0|   15|           8|           8|
    |p_Val2_1396_fu_23470_p2           |         +|   0|  0|   15|           8|           8|
    |p_Val2_1399_fu_23568_p2           |         +|   0|  0|   15|           8|           8|
    |p_Val2_1402_fu_23666_p2           |         +|   0|  0|   15|           8|           8|
    |p_Val2_1405_fu_23764_p2           |         +|   0|  0|   15|           8|           8|
    |p_Val2_1408_fu_23862_p2           |         +|   0|  0|   15|           8|           8|
    |p_Val2_1411_fu_23960_p2           |         +|   0|  0|   15|           8|           8|
    |p_Val2_1414_fu_24058_p2           |         +|   0|  0|   15|           8|           8|
    |ret_V_128_fu_1184_p2              |         +|   0|  0|   31|          24|          13|
    |ret_V_129_fu_1266_p2              |         +|   0|  0|   31|          24|          13|
    |ret_V_130_fu_1348_p2              |         +|   0|  0|   31|          24|          13|
    |ret_V_131_fu_1430_p2              |         +|   0|  0|   31|          24|          13|
    |ret_V_132_fu_1512_p2              |         +|   0|  0|   31|          24|          13|
    |ret_V_133_fu_1594_p2              |         +|   0|  0|   31|          24|          13|
    |ret_V_134_fu_1676_p2              |         +|   0|  0|   31|          24|          13|
    |ret_V_135_fu_1758_p2              |         +|   0|  0|   31|          24|          13|
    |ret_V_136_fu_1840_p2              |         +|   0|  0|   31|          24|          13|
    |ret_V_137_fu_1922_p2              |         +|   0|  0|   31|          24|          13|
    |ret_V_138_fu_2004_p2              |         +|   0|  0|   31|          24|          13|
    |ret_V_139_fu_2086_p2              |         +|   0|  0|   31|          24|          13|
    |ret_V_140_fu_2168_p2              |         +|   0|  0|   31|          24|          13|
    |ret_V_141_fu_2250_p2              |         +|   0|  0|   31|          24|          13|
    |ret_V_142_fu_2332_p2              |         +|   0|  0|   31|          24|          13|
    |ret_V_143_fu_2414_p2              |         +|   0|  0|   31|          24|          13|
    |ret_V_144_fu_2496_p2              |         +|   0|  0|   31|          24|          13|
    |ret_V_145_fu_2578_p2              |         +|   0|  0|   31|          24|          13|
    |ret_V_146_fu_2660_p2              |         +|   0|  0|   31|          24|          13|
    |ret_V_147_fu_2742_p2              |         +|   0|  0|   31|          24|          13|
    |ret_V_148_fu_2824_p2              |         +|   0|  0|   31|          24|          13|
    |ret_V_149_fu_2906_p2              |         +|   0|  0|   31|          24|          13|
    |ret_V_150_fu_2988_p2              |         +|   0|  0|   31|          24|          13|
    |ret_V_151_fu_3070_p2              |         +|   0|  0|   31|          24|          13|
    |ret_V_152_fu_3152_p2              |         +|   0|  0|   31|          24|          13|
    |ret_V_153_fu_3234_p2              |         +|   0|  0|   31|          24|          13|
    |ret_V_154_fu_3316_p2              |         +|   0|  0|   31|          24|          13|
    |ret_V_155_fu_3398_p2              |         +|   0|  0|   31|          24|          13|
    |ret_V_156_fu_3480_p2              |         +|   0|  0|   31|          24|          13|
    |ret_V_157_fu_3562_p2              |         +|   0|  0|   31|          24|          13|
    |ret_V_158_fu_3644_p2              |         +|   0|  0|   31|          24|          13|
    |ret_V_159_fu_3726_p2              |         +|   0|  0|   31|          24|          13|
    |ret_V_160_fu_3808_p2              |         +|   0|  0|   31|          24|          13|
    |ret_V_161_fu_3890_p2              |         +|   0|  0|   31|          24|          13|
    |ret_V_162_fu_3972_p2              |         +|   0|  0|   31|          24|          13|
    |ret_V_163_fu_4054_p2              |         +|   0|  0|   31|          24|          13|
    |ret_V_164_fu_4136_p2              |         +|   0|  0|   31|          24|          13|
    |ret_V_165_fu_4218_p2              |         +|   0|  0|   31|          24|          13|
    |ret_V_166_fu_4300_p2              |         +|   0|  0|   31|          24|          13|
    |ret_V_167_fu_4382_p2              |         +|   0|  0|   31|          24|          13|
    |ret_V_168_fu_4464_p2              |         +|   0|  0|   31|          24|          13|
    |ret_V_169_fu_4546_p2              |         +|   0|  0|   31|          24|          13|
    |ret_V_170_fu_4628_p2              |         +|   0|  0|   31|          24|          13|
    |ret_V_171_fu_4710_p2              |         +|   0|  0|   31|          24|          13|
    |ret_V_172_fu_4792_p2              |         +|   0|  0|   31|          24|          13|
    |ret_V_173_fu_4874_p2              |         +|   0|  0|   31|          24|          13|
    |ret_V_174_fu_4956_p2              |         +|   0|  0|   31|          24|          13|
    |ret_V_175_fu_5038_p2              |         +|   0|  0|   31|          24|          13|
    |ret_V_176_fu_5120_p2              |         +|   0|  0|   31|          24|          13|
    |ret_V_177_fu_5202_p2              |         +|   0|  0|   31|          24|          13|
    |ret_V_178_fu_5284_p2              |         +|   0|  0|   31|          24|          13|
    |ret_V_179_fu_5366_p2              |         +|   0|  0|   31|          24|          13|
    |ret_V_180_fu_5448_p2              |         +|   0|  0|   31|          24|          13|
    |ret_V_181_fu_5530_p2              |         +|   0|  0|   31|          24|          13|
    |ret_V_182_fu_5612_p2              |         +|   0|  0|   31|          24|          13|
    |ret_V_183_fu_5694_p2              |         +|   0|  0|   31|          24|          13|
    |ret_V_184_fu_5776_p2              |         +|   0|  0|   31|          24|          13|
    |ret_V_185_fu_5858_p2              |         +|   0|  0|   31|          24|          13|
    |ret_V_186_fu_5940_p2              |         +|   0|  0|   31|          24|          13|
    |ret_V_187_fu_6022_p2              |         +|   0|  0|   31|          24|          13|
    |ret_V_188_fu_6104_p2              |         +|   0|  0|   31|          24|          13|
    |ret_V_189_fu_6186_p2              |         +|   0|  0|   31|          24|          13|
    |ret_V_190_fu_6268_p2              |         +|   0|  0|   31|          24|          13|
    |ret_V_191_fu_6350_p2              |         +|   0|  0|   31|          24|          13|
    |ret_V_192_fu_6432_p2              |         +|   0|  0|   31|          24|          13|
    |ret_V_193_fu_6514_p2              |         +|   0|  0|   31|          24|          13|
    |ret_V_194_fu_6596_p2              |         +|   0|  0|   31|          24|          13|
    |ret_V_195_fu_6678_p2              |         +|   0|  0|   31|          24|          13|
    |ret_V_196_fu_6760_p2              |         +|   0|  0|   31|          24|          13|
    |ret_V_197_fu_6842_p2              |         +|   0|  0|   31|          24|          13|
    |ret_V_198_fu_6924_p2              |         +|   0|  0|   31|          24|          13|
    |ret_V_199_fu_7006_p2              |         +|   0|  0|   31|          24|          13|
    |ret_V_200_fu_7088_p2              |         +|   0|  0|   31|          24|          13|
    |ret_V_201_fu_7170_p2              |         +|   0|  0|   31|          24|          13|
    |ret_V_202_fu_7252_p2              |         +|   0|  0|   31|          24|          13|
    |ret_V_203_fu_7334_p2              |         +|   0|  0|   31|          24|          13|
    |ret_V_204_fu_7416_p2              |         +|   0|  0|   31|          24|          13|
    |ret_V_205_fu_7498_p2              |         +|   0|  0|   31|          24|          13|
    |ret_V_206_fu_7580_p2              |         +|   0|  0|   31|          24|          13|
    |ret_V_207_fu_7662_p2              |         +|   0|  0|   31|          24|          13|
    |ret_V_208_fu_7744_p2              |         +|   0|  0|   31|          24|          13|
    |ret_V_209_fu_7826_p2              |         +|   0|  0|   31|          24|          13|
    |ret_V_210_fu_7908_p2              |         +|   0|  0|   31|          24|          13|
    |ret_V_211_fu_7990_p2              |         +|   0|  0|   31|          24|          13|
    |ret_V_212_fu_8072_p2              |         +|   0|  0|   31|          24|          13|
    |ret_V_213_fu_8154_p2              |         +|   0|  0|   31|          24|          13|
    |ret_V_214_fu_8236_p2              |         +|   0|  0|   31|          24|          13|
    |ret_V_215_fu_8318_p2              |         +|   0|  0|   31|          24|          13|
    |ret_V_216_fu_8400_p2              |         +|   0|  0|   31|          24|          13|
    |ret_V_217_fu_8482_p2              |         +|   0|  0|   31|          24|          13|
    |ret_V_218_fu_8564_p2              |         +|   0|  0|   31|          24|          13|
    |ret_V_219_fu_8646_p2              |         +|   0|  0|   31|          24|          13|
    |ret_V_220_fu_8728_p2              |         +|   0|  0|   31|          24|          13|
    |ret_V_221_fu_8810_p2              |         +|   0|  0|   31|          24|          13|
    |ret_V_222_fu_8892_p2              |         +|   0|  0|   31|          24|          13|
    |ret_V_223_fu_8974_p2              |         +|   0|  0|   31|          24|          13|
    |ret_V_224_fu_9056_p2              |         +|   0|  0|   31|          24|          13|
    |ret_V_225_fu_9138_p2              |         +|   0|  0|   31|          24|          13|
    |ret_V_226_fu_9220_p2              |         +|   0|  0|   31|          24|          13|
    |ret_V_227_fu_9302_p2              |         +|   0|  0|   31|          24|          13|
    |ret_V_228_fu_9384_p2              |         +|   0|  0|   31|          24|          13|
    |ret_V_229_fu_9466_p2              |         +|   0|  0|   31|          24|          13|
    |ret_V_230_fu_9548_p2              |         +|   0|  0|   31|          24|          13|
    |ret_V_231_fu_9630_p2              |         +|   0|  0|   31|          24|          13|
    |ret_V_232_fu_9712_p2              |         +|   0|  0|   31|          24|          13|
    |ret_V_233_fu_9794_p2              |         +|   0|  0|   31|          24|          13|
    |ret_V_234_fu_9876_p2              |         +|   0|  0|   31|          24|          13|
    |ret_V_235_fu_9958_p2              |         +|   0|  0|   31|          24|          13|
    |ret_V_236_fu_10040_p2             |         +|   0|  0|   31|          24|          13|
    |ret_V_237_fu_10122_p2             |         +|   0|  0|   31|          24|          13|
    |ret_V_238_fu_10204_p2             |         +|   0|  0|   31|          24|          13|
    |ret_V_239_fu_10286_p2             |         +|   0|  0|   31|          24|          13|
    |ret_V_240_fu_10368_p2             |         +|   0|  0|   31|          24|          13|
    |ret_V_241_fu_10450_p2             |         +|   0|  0|   31|          24|          13|
    |ret_V_242_fu_10532_p2             |         +|   0|  0|   31|          24|          13|
    |ret_V_243_fu_10614_p2             |         +|   0|  0|   31|          24|          13|
    |ret_V_244_fu_10696_p2             |         +|   0|  0|   31|          24|          13|
    |ret_V_245_fu_10778_p2             |         +|   0|  0|   31|          24|          13|
    |ret_V_246_fu_10860_p2             |         +|   0|  0|   31|          24|          13|
    |ret_V_247_fu_10942_p2             |         +|   0|  0|   31|          24|          13|
    |ret_V_248_fu_11024_p2             |         +|   0|  0|   31|          24|          13|
    |ret_V_249_fu_11106_p2             |         +|   0|  0|   31|          24|          13|
    |ret_V_250_fu_11188_p2             |         +|   0|  0|   31|          24|          13|
    |ret_V_251_fu_11270_p2             |         +|   0|  0|   31|          24|          13|
    |ret_V_252_fu_11352_p2             |         +|   0|  0|   31|          24|          13|
    |ret_V_253_fu_11434_p2             |         +|   0|  0|   31|          24|          13|
    |ret_V_254_fu_11516_p2             |         +|   0|  0|   31|          24|          13|
    |ret_V_fu_1102_p2                  |         +|   0|  0|   31|          24|          13|
    |and_ln374_321_fu_11700_p2         |       and|   0|  0|    2|           1|           1|
    |and_ln374_322_fu_11798_p2         |       and|   0|  0|    2|           1|           1|
    |and_ln374_323_fu_11896_p2         |       and|   0|  0|    2|           1|           1|
    |and_ln374_324_fu_11994_p2         |       and|   0|  0|    2|           1|           1|
    |and_ln374_325_fu_12092_p2         |       and|   0|  0|    2|           1|           1|
    |and_ln374_326_fu_12190_p2         |       and|   0|  0|    2|           1|           1|
    |and_ln374_327_fu_12288_p2         |       and|   0|  0|    2|           1|           1|
    |and_ln374_328_fu_12386_p2         |       and|   0|  0|    2|           1|           1|
    |and_ln374_329_fu_12484_p2         |       and|   0|  0|    2|           1|           1|
    |and_ln374_330_fu_12582_p2         |       and|   0|  0|    2|           1|           1|
    |and_ln374_331_fu_12680_p2         |       and|   0|  0|    2|           1|           1|
    |and_ln374_332_fu_12778_p2         |       and|   0|  0|    2|           1|           1|
    |and_ln374_333_fu_12876_p2         |       and|   0|  0|    2|           1|           1|
    |and_ln374_334_fu_12974_p2         |       and|   0|  0|    2|           1|           1|
    |and_ln374_335_fu_13072_p2         |       and|   0|  0|    2|           1|           1|
    |and_ln374_336_fu_13170_p2         |       and|   0|  0|    2|           1|           1|
    |and_ln374_337_fu_13268_p2         |       and|   0|  0|    2|           1|           1|
    |and_ln374_338_fu_13366_p2         |       and|   0|  0|    2|           1|           1|
    |and_ln374_339_fu_13464_p2         |       and|   0|  0|    2|           1|           1|
    |and_ln374_340_fu_13562_p2         |       and|   0|  0|    2|           1|           1|
    |and_ln374_341_fu_13660_p2         |       and|   0|  0|    2|           1|           1|
    |and_ln374_342_fu_13758_p2         |       and|   0|  0|    2|           1|           1|
    |and_ln374_343_fu_13856_p2         |       and|   0|  0|    2|           1|           1|
    |and_ln374_344_fu_13954_p2         |       and|   0|  0|    2|           1|           1|
    |and_ln374_345_fu_14052_p2         |       and|   0|  0|    2|           1|           1|
    |and_ln374_346_fu_14150_p2         |       and|   0|  0|    2|           1|           1|
    |and_ln374_347_fu_14248_p2         |       and|   0|  0|    2|           1|           1|
    |and_ln374_348_fu_14346_p2         |       and|   0|  0|    2|           1|           1|
    |and_ln374_349_fu_14444_p2         |       and|   0|  0|    2|           1|           1|
    |and_ln374_350_fu_14542_p2         |       and|   0|  0|    2|           1|           1|
    |and_ln374_351_fu_14640_p2         |       and|   0|  0|    2|           1|           1|
    |and_ln374_352_fu_14738_p2         |       and|   0|  0|    2|           1|           1|
    |and_ln374_353_fu_14836_p2         |       and|   0|  0|    2|           1|           1|
    |and_ln374_354_fu_14934_p2         |       and|   0|  0|    2|           1|           1|
    |and_ln374_355_fu_15032_p2         |       and|   0|  0|    2|           1|           1|
    |and_ln374_356_fu_15130_p2         |       and|   0|  0|    2|           1|           1|
    |and_ln374_357_fu_15228_p2         |       and|   0|  0|    2|           1|           1|
    |and_ln374_358_fu_15326_p2         |       and|   0|  0|    2|           1|           1|
    |and_ln374_359_fu_15424_p2         |       and|   0|  0|    2|           1|           1|
    |and_ln374_360_fu_15522_p2         |       and|   0|  0|    2|           1|           1|
    |and_ln374_361_fu_15620_p2         |       and|   0|  0|    2|           1|           1|
    |and_ln374_362_fu_15718_p2         |       and|   0|  0|    2|           1|           1|
    |and_ln374_363_fu_15816_p2         |       and|   0|  0|    2|           1|           1|
    |and_ln374_364_fu_15914_p2         |       and|   0|  0|    2|           1|           1|
    |and_ln374_365_fu_16012_p2         |       and|   0|  0|    2|           1|           1|
    |and_ln374_366_fu_16110_p2         |       and|   0|  0|    2|           1|           1|
    |and_ln374_367_fu_16208_p2         |       and|   0|  0|    2|           1|           1|
    |and_ln374_368_fu_16306_p2         |       and|   0|  0|    2|           1|           1|
    |and_ln374_369_fu_16404_p2         |       and|   0|  0|    2|           1|           1|
    |and_ln374_370_fu_16502_p2         |       and|   0|  0|    2|           1|           1|
    |and_ln374_371_fu_16600_p2         |       and|   0|  0|    2|           1|           1|
    |and_ln374_372_fu_16698_p2         |       and|   0|  0|    2|           1|           1|
    |and_ln374_373_fu_16796_p2         |       and|   0|  0|    2|           1|           1|
    |and_ln374_374_fu_16894_p2         |       and|   0|  0|    2|           1|           1|
    |and_ln374_375_fu_16992_p2         |       and|   0|  0|    2|           1|           1|
    |and_ln374_376_fu_17090_p2         |       and|   0|  0|    2|           1|           1|
    |and_ln374_377_fu_17188_p2         |       and|   0|  0|    2|           1|           1|
    |and_ln374_378_fu_17286_p2         |       and|   0|  0|    2|           1|           1|
    |and_ln374_379_fu_17384_p2         |       and|   0|  0|    2|           1|           1|
    |and_ln374_380_fu_17482_p2         |       and|   0|  0|    2|           1|           1|
    |and_ln374_381_fu_17580_p2         |       and|   0|  0|    2|           1|           1|
    |and_ln374_382_fu_17678_p2         |       and|   0|  0|    2|           1|           1|
    |and_ln374_383_fu_17776_p2         |       and|   0|  0|    2|           1|           1|
    |and_ln374_384_fu_17874_p2         |       and|   0|  0|    2|           1|           1|
    |and_ln374_385_fu_17972_p2         |       and|   0|  0|    2|           1|           1|
    |and_ln374_386_fu_18070_p2         |       and|   0|  0|    2|           1|           1|
    |and_ln374_387_fu_18168_p2         |       and|   0|  0|    2|           1|           1|
    |and_ln374_388_fu_18266_p2         |       and|   0|  0|    2|           1|           1|
    |and_ln374_389_fu_18364_p2         |       and|   0|  0|    2|           1|           1|
    |and_ln374_390_fu_18462_p2         |       and|   0|  0|    2|           1|           1|
    |and_ln374_391_fu_18560_p2         |       and|   0|  0|    2|           1|           1|
    |and_ln374_392_fu_18658_p2         |       and|   0|  0|    2|           1|           1|
    |and_ln374_393_fu_18756_p2         |       and|   0|  0|    2|           1|           1|
    |and_ln374_394_fu_18854_p2         |       and|   0|  0|    2|           1|           1|
    |and_ln374_395_fu_18952_p2         |       and|   0|  0|    2|           1|           1|
    |and_ln374_396_fu_19050_p2         |       and|   0|  0|    2|           1|           1|
    |and_ln374_397_fu_19148_p2         |       and|   0|  0|    2|           1|           1|
    |and_ln374_398_fu_19246_p2         |       and|   0|  0|    2|           1|           1|
    |and_ln374_399_fu_19344_p2         |       and|   0|  0|    2|           1|           1|
    |and_ln374_400_fu_19442_p2         |       and|   0|  0|    2|           1|           1|
    |and_ln374_401_fu_19540_p2         |       and|   0|  0|    2|           1|           1|
    |and_ln374_402_fu_19638_p2         |       and|   0|  0|    2|           1|           1|
    |and_ln374_403_fu_19736_p2         |       and|   0|  0|    2|           1|           1|
    |and_ln374_404_fu_19834_p2         |       and|   0|  0|    2|           1|           1|
    |and_ln374_405_fu_19932_p2         |       and|   0|  0|    2|           1|           1|
    |and_ln374_406_fu_20030_p2         |       and|   0|  0|    2|           1|           1|
    |and_ln374_407_fu_20128_p2         |       and|   0|  0|    2|           1|           1|
    |and_ln374_408_fu_20226_p2         |       and|   0|  0|    2|           1|           1|
    |and_ln374_409_fu_20324_p2         |       and|   0|  0|    2|           1|           1|
    |and_ln374_410_fu_20422_p2         |       and|   0|  0|    2|           1|           1|
    |and_ln374_411_fu_20520_p2         |       and|   0|  0|    2|           1|           1|
    |and_ln374_412_fu_20618_p2         |       and|   0|  0|    2|           1|           1|
    |and_ln374_413_fu_20716_p2         |       and|   0|  0|    2|           1|           1|
    |and_ln374_414_fu_20814_p2         |       and|   0|  0|    2|           1|           1|
    |and_ln374_415_fu_20912_p2         |       and|   0|  0|    2|           1|           1|
    |and_ln374_416_fu_21010_p2         |       and|   0|  0|    2|           1|           1|
    |and_ln374_417_fu_21108_p2         |       and|   0|  0|    2|           1|           1|
    |and_ln374_418_fu_21206_p2         |       and|   0|  0|    2|           1|           1|
    |and_ln374_419_fu_21304_p2         |       and|   0|  0|    2|           1|           1|
    |and_ln374_420_fu_21402_p2         |       and|   0|  0|    2|           1|           1|
    |and_ln374_421_fu_21500_p2         |       and|   0|  0|    2|           1|           1|
    |and_ln374_422_fu_21598_p2         |       and|   0|  0|    2|           1|           1|
    |and_ln374_423_fu_21696_p2         |       and|   0|  0|    2|           1|           1|
    |and_ln374_424_fu_21794_p2         |       and|   0|  0|    2|           1|           1|
    |and_ln374_425_fu_21892_p2         |       and|   0|  0|    2|           1|           1|
    |and_ln374_426_fu_21990_p2         |       and|   0|  0|    2|           1|           1|
    |and_ln374_427_fu_22088_p2         |       and|   0|  0|    2|           1|           1|
    |and_ln374_428_fu_22186_p2         |       and|   0|  0|    2|           1|           1|
    |and_ln374_429_fu_22284_p2         |       and|   0|  0|    2|           1|           1|
    |and_ln374_430_fu_22382_p2         |       and|   0|  0|    2|           1|           1|
    |and_ln374_431_fu_22480_p2         |       and|   0|  0|    2|           1|           1|
    |and_ln374_432_fu_22578_p2         |       and|   0|  0|    2|           1|           1|
    |and_ln374_433_fu_22676_p2         |       and|   0|  0|    2|           1|           1|
    |and_ln374_434_fu_22774_p2         |       and|   0|  0|    2|           1|           1|
    |and_ln374_435_fu_22872_p2         |       and|   0|  0|    2|           1|           1|
    |and_ln374_436_fu_22970_p2         |       and|   0|  0|    2|           1|           1|
    |and_ln374_437_fu_23068_p2         |       and|   0|  0|    2|           1|           1|
    |and_ln374_438_fu_23166_p2         |       and|   0|  0|    2|           1|           1|
    |and_ln374_439_fu_23264_p2         |       and|   0|  0|    2|           1|           1|
    |and_ln374_440_fu_23362_p2         |       and|   0|  0|    2|           1|           1|
    |and_ln374_441_fu_23460_p2         |       and|   0|  0|    2|           1|           1|
    |and_ln374_442_fu_23558_p2         |       and|   0|  0|    2|           1|           1|
    |and_ln374_443_fu_23656_p2         |       and|   0|  0|    2|           1|           1|
    |and_ln374_444_fu_23754_p2         |       and|   0|  0|    2|           1|           1|
    |and_ln374_445_fu_23852_p2         |       and|   0|  0|    2|           1|           1|
    |and_ln374_446_fu_23950_p2         |       and|   0|  0|    2|           1|           1|
    |and_ln374_447_fu_24048_p2         |       and|   0|  0|    2|           1|           1|
    |and_ln374_fu_11602_p2             |       and|   0|  0|    2|           1|           1|
    |deleted_zeros_258_fu_11756_p2     |       and|   0|  0|    2|           1|           1|
    |deleted_zeros_259_fu_11854_p2     |       and|   0|  0|    2|           1|           1|
    |deleted_zeros_260_fu_11952_p2     |       and|   0|  0|    2|           1|           1|
    |deleted_zeros_261_fu_12050_p2     |       and|   0|  0|    2|           1|           1|
    |deleted_zeros_262_fu_12148_p2     |       and|   0|  0|    2|           1|           1|
    |deleted_zeros_263_fu_12246_p2     |       and|   0|  0|    2|           1|           1|
    |deleted_zeros_264_fu_12344_p2     |       and|   0|  0|    2|           1|           1|
    |deleted_zeros_265_fu_12442_p2     |       and|   0|  0|    2|           1|           1|
    |deleted_zeros_266_fu_12540_p2     |       and|   0|  0|    2|           1|           1|
    |deleted_zeros_267_fu_12638_p2     |       and|   0|  0|    2|           1|           1|
    |deleted_zeros_268_fu_12736_p2     |       and|   0|  0|    2|           1|           1|
    |deleted_zeros_269_fu_12834_p2     |       and|   0|  0|    2|           1|           1|
    |deleted_zeros_270_fu_12932_p2     |       and|   0|  0|    2|           1|           1|
    |deleted_zeros_271_fu_13030_p2     |       and|   0|  0|    2|           1|           1|
    |deleted_zeros_272_fu_13128_p2     |       and|   0|  0|    2|           1|           1|
    |deleted_zeros_273_fu_13226_p2     |       and|   0|  0|    2|           1|           1|
    |deleted_zeros_274_fu_13324_p2     |       and|   0|  0|    2|           1|           1|
    |deleted_zeros_275_fu_13422_p2     |       and|   0|  0|    2|           1|           1|
    |deleted_zeros_276_fu_13520_p2     |       and|   0|  0|    2|           1|           1|
    |deleted_zeros_277_fu_13618_p2     |       and|   0|  0|    2|           1|           1|
    |deleted_zeros_278_fu_13716_p2     |       and|   0|  0|    2|           1|           1|
    |deleted_zeros_279_fu_13814_p2     |       and|   0|  0|    2|           1|           1|
    |deleted_zeros_280_fu_13912_p2     |       and|   0|  0|    2|           1|           1|
    |deleted_zeros_281_fu_14010_p2     |       and|   0|  0|    2|           1|           1|
    |deleted_zeros_282_fu_14108_p2     |       and|   0|  0|    2|           1|           1|
    |deleted_zeros_283_fu_14206_p2     |       and|   0|  0|    2|           1|           1|
    |deleted_zeros_284_fu_14304_p2     |       and|   0|  0|    2|           1|           1|
    |deleted_zeros_285_fu_14402_p2     |       and|   0|  0|    2|           1|           1|
    |deleted_zeros_286_fu_14500_p2     |       and|   0|  0|    2|           1|           1|
    |deleted_zeros_287_fu_14598_p2     |       and|   0|  0|    2|           1|           1|
    |deleted_zeros_288_fu_14696_p2     |       and|   0|  0|    2|           1|           1|
    |deleted_zeros_289_fu_14794_p2     |       and|   0|  0|    2|           1|           1|
    |deleted_zeros_290_fu_14892_p2     |       and|   0|  0|    2|           1|           1|
    |deleted_zeros_291_fu_14990_p2     |       and|   0|  0|    2|           1|           1|
    |deleted_zeros_292_fu_15088_p2     |       and|   0|  0|    2|           1|           1|
    |deleted_zeros_293_fu_15186_p2     |       and|   0|  0|    2|           1|           1|
    |deleted_zeros_294_fu_15284_p2     |       and|   0|  0|    2|           1|           1|
    |deleted_zeros_295_fu_15382_p2     |       and|   0|  0|    2|           1|           1|
    |deleted_zeros_296_fu_15480_p2     |       and|   0|  0|    2|           1|           1|
    |deleted_zeros_297_fu_15578_p2     |       and|   0|  0|    2|           1|           1|
    |deleted_zeros_298_fu_15676_p2     |       and|   0|  0|    2|           1|           1|
    |deleted_zeros_299_fu_15774_p2     |       and|   0|  0|    2|           1|           1|
    |deleted_zeros_300_fu_15872_p2     |       and|   0|  0|    2|           1|           1|
    |deleted_zeros_301_fu_15970_p2     |       and|   0|  0|    2|           1|           1|
    |deleted_zeros_302_fu_16068_p2     |       and|   0|  0|    2|           1|           1|
    |deleted_zeros_303_fu_16166_p2     |       and|   0|  0|    2|           1|           1|
    |deleted_zeros_304_fu_16264_p2     |       and|   0|  0|    2|           1|           1|
    |deleted_zeros_305_fu_16362_p2     |       and|   0|  0|    2|           1|           1|
    |deleted_zeros_306_fu_16460_p2     |       and|   0|  0|    2|           1|           1|
    |deleted_zeros_307_fu_16558_p2     |       and|   0|  0|    2|           1|           1|
    |deleted_zeros_308_fu_16656_p2     |       and|   0|  0|    2|           1|           1|
    |deleted_zeros_309_fu_16754_p2     |       and|   0|  0|    2|           1|           1|
    |deleted_zeros_310_fu_16852_p2     |       and|   0|  0|    2|           1|           1|
    |deleted_zeros_311_fu_16950_p2     |       and|   0|  0|    2|           1|           1|
    |deleted_zeros_312_fu_17048_p2     |       and|   0|  0|    2|           1|           1|
    |deleted_zeros_313_fu_17146_p2     |       and|   0|  0|    2|           1|           1|
    |deleted_zeros_314_fu_17244_p2     |       and|   0|  0|    2|           1|           1|
    |deleted_zeros_315_fu_17342_p2     |       and|   0|  0|    2|           1|           1|
    |deleted_zeros_316_fu_17440_p2     |       and|   0|  0|    2|           1|           1|
    |deleted_zeros_317_fu_17538_p2     |       and|   0|  0|    2|           1|           1|
    |deleted_zeros_318_fu_17636_p2     |       and|   0|  0|    2|           1|           1|
    |deleted_zeros_319_fu_17734_p2     |       and|   0|  0|    2|           1|           1|
    |deleted_zeros_320_fu_17832_p2     |       and|   0|  0|    2|           1|           1|
    |deleted_zeros_321_fu_17930_p2     |       and|   0|  0|    2|           1|           1|
    |deleted_zeros_322_fu_18028_p2     |       and|   0|  0|    2|           1|           1|
    |deleted_zeros_323_fu_18126_p2     |       and|   0|  0|    2|           1|           1|
    |deleted_zeros_324_fu_18224_p2     |       and|   0|  0|    2|           1|           1|
    |deleted_zeros_325_fu_18322_p2     |       and|   0|  0|    2|           1|           1|
    |deleted_zeros_326_fu_18420_p2     |       and|   0|  0|    2|           1|           1|
    |deleted_zeros_327_fu_18518_p2     |       and|   0|  0|    2|           1|           1|
    |deleted_zeros_328_fu_18616_p2     |       and|   0|  0|    2|           1|           1|
    |deleted_zeros_329_fu_18714_p2     |       and|   0|  0|    2|           1|           1|
    |deleted_zeros_330_fu_18812_p2     |       and|   0|  0|    2|           1|           1|
    |deleted_zeros_331_fu_18910_p2     |       and|   0|  0|    2|           1|           1|
    |deleted_zeros_332_fu_19008_p2     |       and|   0|  0|    2|           1|           1|
    |deleted_zeros_333_fu_19106_p2     |       and|   0|  0|    2|           1|           1|
    |deleted_zeros_334_fu_19204_p2     |       and|   0|  0|    2|           1|           1|
    |deleted_zeros_335_fu_19302_p2     |       and|   0|  0|    2|           1|           1|
    |deleted_zeros_336_fu_19400_p2     |       and|   0|  0|    2|           1|           1|
    |deleted_zeros_337_fu_19498_p2     |       and|   0|  0|    2|           1|           1|
    |deleted_zeros_338_fu_19596_p2     |       and|   0|  0|    2|           1|           1|
    |deleted_zeros_339_fu_19694_p2     |       and|   0|  0|    2|           1|           1|
    |deleted_zeros_340_fu_19792_p2     |       and|   0|  0|    2|           1|           1|
    |deleted_zeros_341_fu_19890_p2     |       and|   0|  0|    2|           1|           1|
    |deleted_zeros_342_fu_19988_p2     |       and|   0|  0|    2|           1|           1|
    |deleted_zeros_343_fu_20086_p2     |       and|   0|  0|    2|           1|           1|
    |deleted_zeros_344_fu_20184_p2     |       and|   0|  0|    2|           1|           1|
    |deleted_zeros_345_fu_20282_p2     |       and|   0|  0|    2|           1|           1|
    |deleted_zeros_346_fu_20380_p2     |       and|   0|  0|    2|           1|           1|
    |deleted_zeros_347_fu_20478_p2     |       and|   0|  0|    2|           1|           1|
    |deleted_zeros_348_fu_20576_p2     |       and|   0|  0|    2|           1|           1|
    |deleted_zeros_349_fu_20674_p2     |       and|   0|  0|    2|           1|           1|
    |deleted_zeros_350_fu_20772_p2     |       and|   0|  0|    2|           1|           1|
    |deleted_zeros_351_fu_20870_p2     |       and|   0|  0|    2|           1|           1|
    |deleted_zeros_352_fu_20968_p2     |       and|   0|  0|    2|           1|           1|
    |deleted_zeros_353_fu_21066_p2     |       and|   0|  0|    2|           1|           1|
    |deleted_zeros_354_fu_21164_p2     |       and|   0|  0|    2|           1|           1|
    |deleted_zeros_355_fu_21262_p2     |       and|   0|  0|    2|           1|           1|
    |deleted_zeros_356_fu_21360_p2     |       and|   0|  0|    2|           1|           1|
    |deleted_zeros_357_fu_21458_p2     |       and|   0|  0|    2|           1|           1|
    |deleted_zeros_358_fu_21556_p2     |       and|   0|  0|    2|           1|           1|
    |deleted_zeros_359_fu_21654_p2     |       and|   0|  0|    2|           1|           1|
    |deleted_zeros_360_fu_21752_p2     |       and|   0|  0|    2|           1|           1|
    |deleted_zeros_361_fu_21850_p2     |       and|   0|  0|    2|           1|           1|
    |deleted_zeros_362_fu_21948_p2     |       and|   0|  0|    2|           1|           1|
    |deleted_zeros_363_fu_22046_p2     |       and|   0|  0|    2|           1|           1|
    |deleted_zeros_364_fu_22144_p2     |       and|   0|  0|    2|           1|           1|
    |deleted_zeros_365_fu_22242_p2     |       and|   0|  0|    2|           1|           1|
    |deleted_zeros_366_fu_22340_p2     |       and|   0|  0|    2|           1|           1|
    |deleted_zeros_367_fu_22438_p2     |       and|   0|  0|    2|           1|           1|
    |deleted_zeros_368_fu_22536_p2     |       and|   0|  0|    2|           1|           1|
    |deleted_zeros_369_fu_22634_p2     |       and|   0|  0|    2|           1|           1|
    |deleted_zeros_370_fu_22732_p2     |       and|   0|  0|    2|           1|           1|
    |deleted_zeros_371_fu_22830_p2     |       and|   0|  0|    2|           1|           1|
    |deleted_zeros_372_fu_22928_p2     |       and|   0|  0|    2|           1|           1|
    |deleted_zeros_373_fu_23026_p2     |       and|   0|  0|    2|           1|           1|
    |deleted_zeros_374_fu_23124_p2     |       and|   0|  0|    2|           1|           1|
    |deleted_zeros_375_fu_23222_p2     |       and|   0|  0|    2|           1|           1|
    |deleted_zeros_376_fu_23320_p2     |       and|   0|  0|    2|           1|           1|
    |deleted_zeros_377_fu_23418_p2     |       and|   0|  0|    2|           1|           1|
    |deleted_zeros_378_fu_23516_p2     |       and|   0|  0|    2|           1|           1|
    |deleted_zeros_379_fu_23614_p2     |       and|   0|  0|    2|           1|           1|
    |deleted_zeros_380_fu_23712_p2     |       and|   0|  0|    2|           1|           1|
    |deleted_zeros_381_fu_23810_p2     |       and|   0|  0|    2|           1|           1|
    |deleted_zeros_382_fu_23908_p2     |       and|   0|  0|    2|           1|           1|
    |deleted_zeros_383_fu_24006_p2     |       and|   0|  0|    2|           1|           1|
    |deleted_zeros_384_fu_24104_p2     |       and|   0|  0|    2|           1|           1|
    |deleted_zeros_fu_11658_p2         |       and|   0|  0|    2|           1|           1|
    |icmp_ln1649_128_fu_1196_p2        |      icmp|   0|  0|   16|          24|          14|
    |icmp_ln1649_129_fu_1278_p2        |      icmp|   0|  0|   16|          24|          14|
    |icmp_ln1649_130_fu_1360_p2        |      icmp|   0|  0|   16|          24|          14|
    |icmp_ln1649_131_fu_1442_p2        |      icmp|   0|  0|   16|          24|          14|
    |icmp_ln1649_132_fu_1524_p2        |      icmp|   0|  0|   16|          24|          14|
    |icmp_ln1649_133_fu_1606_p2        |      icmp|   0|  0|   16|          24|          14|
    |icmp_ln1649_134_fu_1688_p2        |      icmp|   0|  0|   16|          24|          14|
    |icmp_ln1649_135_fu_1770_p2        |      icmp|   0|  0|   16|          24|          14|
    |icmp_ln1649_136_fu_1852_p2        |      icmp|   0|  0|   16|          24|          14|
    |icmp_ln1649_137_fu_1934_p2        |      icmp|   0|  0|   16|          24|          14|
    |icmp_ln1649_138_fu_2016_p2        |      icmp|   0|  0|   16|          24|          14|
    |icmp_ln1649_139_fu_2098_p2        |      icmp|   0|  0|   16|          24|          14|
    |icmp_ln1649_140_fu_2180_p2        |      icmp|   0|  0|   16|          24|          14|
    |icmp_ln1649_141_fu_2262_p2        |      icmp|   0|  0|   16|          24|          14|
    |icmp_ln1649_142_fu_2344_p2        |      icmp|   0|  0|   16|          24|          14|
    |icmp_ln1649_143_fu_2426_p2        |      icmp|   0|  0|   16|          24|          14|
    |icmp_ln1649_144_fu_2508_p2        |      icmp|   0|  0|   16|          24|          14|
    |icmp_ln1649_145_fu_2590_p2        |      icmp|   0|  0|   16|          24|          14|
    |icmp_ln1649_146_fu_2672_p2        |      icmp|   0|  0|   16|          24|          14|
    |icmp_ln1649_147_fu_2754_p2        |      icmp|   0|  0|   16|          24|          14|
    |icmp_ln1649_148_fu_2836_p2        |      icmp|   0|  0|   16|          24|          14|
    |icmp_ln1649_149_fu_2918_p2        |      icmp|   0|  0|   16|          24|          14|
    |icmp_ln1649_150_fu_3000_p2        |      icmp|   0|  0|   16|          24|          14|
    |icmp_ln1649_151_fu_3082_p2        |      icmp|   0|  0|   16|          24|          14|
    |icmp_ln1649_152_fu_3164_p2        |      icmp|   0|  0|   16|          24|          14|
    |icmp_ln1649_153_fu_3246_p2        |      icmp|   0|  0|   16|          24|          14|
    |icmp_ln1649_154_fu_3328_p2        |      icmp|   0|  0|   16|          24|          14|
    |icmp_ln1649_155_fu_3410_p2        |      icmp|   0|  0|   16|          24|          14|
    |icmp_ln1649_156_fu_3492_p2        |      icmp|   0|  0|   16|          24|          14|
    |icmp_ln1649_157_fu_3574_p2        |      icmp|   0|  0|   16|          24|          14|
    |icmp_ln1649_158_fu_3656_p2        |      icmp|   0|  0|   16|          24|          14|
    |icmp_ln1649_159_fu_3738_p2        |      icmp|   0|  0|   16|          24|          14|
    |icmp_ln1649_160_fu_3820_p2        |      icmp|   0|  0|   16|          24|          14|
    |icmp_ln1649_161_fu_3902_p2        |      icmp|   0|  0|   16|          24|          14|
    |icmp_ln1649_162_fu_3984_p2        |      icmp|   0|  0|   16|          24|          14|
    |icmp_ln1649_163_fu_4066_p2        |      icmp|   0|  0|   16|          24|          14|
    |icmp_ln1649_164_fu_4148_p2        |      icmp|   0|  0|   16|          24|          14|
    |icmp_ln1649_165_fu_4230_p2        |      icmp|   0|  0|   16|          24|          14|
    |icmp_ln1649_166_fu_4312_p2        |      icmp|   0|  0|   16|          24|          14|
    |icmp_ln1649_167_fu_4394_p2        |      icmp|   0|  0|   16|          24|          14|
    |icmp_ln1649_168_fu_4476_p2        |      icmp|   0|  0|   16|          24|          14|
    |icmp_ln1649_169_fu_4558_p2        |      icmp|   0|  0|   16|          24|          14|
    |icmp_ln1649_170_fu_4640_p2        |      icmp|   0|  0|   16|          24|          14|
    |icmp_ln1649_171_fu_4722_p2        |      icmp|   0|  0|   16|          24|          14|
    |icmp_ln1649_172_fu_4804_p2        |      icmp|   0|  0|   16|          24|          14|
    |icmp_ln1649_173_fu_4886_p2        |      icmp|   0|  0|   16|          24|          14|
    |icmp_ln1649_174_fu_4968_p2        |      icmp|   0|  0|   16|          24|          14|
    |icmp_ln1649_175_fu_5050_p2        |      icmp|   0|  0|   16|          24|          14|
    |icmp_ln1649_176_fu_5132_p2        |      icmp|   0|  0|   16|          24|          14|
    |icmp_ln1649_177_fu_5214_p2        |      icmp|   0|  0|   16|          24|          14|
    |icmp_ln1649_178_fu_5296_p2        |      icmp|   0|  0|   16|          24|          14|
    |icmp_ln1649_179_fu_5378_p2        |      icmp|   0|  0|   16|          24|          14|
    |icmp_ln1649_180_fu_5460_p2        |      icmp|   0|  0|   16|          24|          14|
    |icmp_ln1649_181_fu_5542_p2        |      icmp|   0|  0|   16|          24|          14|
    |icmp_ln1649_182_fu_5624_p2        |      icmp|   0|  0|   16|          24|          14|
    |icmp_ln1649_183_fu_5706_p2        |      icmp|   0|  0|   16|          24|          14|
    |icmp_ln1649_184_fu_5788_p2        |      icmp|   0|  0|   16|          24|          14|
    |icmp_ln1649_185_fu_5870_p2        |      icmp|   0|  0|   16|          24|          14|
    |icmp_ln1649_186_fu_5952_p2        |      icmp|   0|  0|   16|          24|          14|
    |icmp_ln1649_187_fu_6034_p2        |      icmp|   0|  0|   16|          24|          14|
    |icmp_ln1649_188_fu_6116_p2        |      icmp|   0|  0|   16|          24|          14|
    |icmp_ln1649_189_fu_6198_p2        |      icmp|   0|  0|   16|          24|          14|
    |icmp_ln1649_190_fu_6280_p2        |      icmp|   0|  0|   16|          24|          14|
    |icmp_ln1649_191_fu_6362_p2        |      icmp|   0|  0|   16|          24|          14|
    |icmp_ln1649_192_fu_6444_p2        |      icmp|   0|  0|   16|          24|          14|
    |icmp_ln1649_193_fu_6526_p2        |      icmp|   0|  0|   16|          24|          14|
    |icmp_ln1649_194_fu_6608_p2        |      icmp|   0|  0|   16|          24|          14|
    |icmp_ln1649_195_fu_6690_p2        |      icmp|   0|  0|   16|          24|          14|
    |icmp_ln1649_196_fu_6772_p2        |      icmp|   0|  0|   16|          24|          14|
    |icmp_ln1649_197_fu_6854_p2        |      icmp|   0|  0|   16|          24|          14|
    |icmp_ln1649_198_fu_6936_p2        |      icmp|   0|  0|   16|          24|          14|
    |icmp_ln1649_199_fu_7018_p2        |      icmp|   0|  0|   16|          24|          14|
    |icmp_ln1649_200_fu_7100_p2        |      icmp|   0|  0|   16|          24|          14|
    |icmp_ln1649_201_fu_7182_p2        |      icmp|   0|  0|   16|          24|          14|
    |icmp_ln1649_202_fu_7264_p2        |      icmp|   0|  0|   16|          24|          14|
    |icmp_ln1649_203_fu_7346_p2        |      icmp|   0|  0|   16|          24|          14|
    |icmp_ln1649_204_fu_7428_p2        |      icmp|   0|  0|   16|          24|          14|
    |icmp_ln1649_205_fu_7510_p2        |      icmp|   0|  0|   16|          24|          14|
    |icmp_ln1649_206_fu_7592_p2        |      icmp|   0|  0|   16|          24|          14|
    |icmp_ln1649_207_fu_7674_p2        |      icmp|   0|  0|   16|          24|          14|
    |icmp_ln1649_208_fu_7756_p2        |      icmp|   0|  0|   16|          24|          14|
    |icmp_ln1649_209_fu_7838_p2        |      icmp|   0|  0|   16|          24|          14|
    |icmp_ln1649_210_fu_7920_p2        |      icmp|   0|  0|   16|          24|          14|
    |icmp_ln1649_211_fu_8002_p2        |      icmp|   0|  0|   16|          24|          14|
    |icmp_ln1649_212_fu_8084_p2        |      icmp|   0|  0|   16|          24|          14|
    |icmp_ln1649_213_fu_8166_p2        |      icmp|   0|  0|   16|          24|          14|
    |icmp_ln1649_214_fu_8248_p2        |      icmp|   0|  0|   16|          24|          14|
    |icmp_ln1649_215_fu_8330_p2        |      icmp|   0|  0|   16|          24|          14|
    |icmp_ln1649_216_fu_8412_p2        |      icmp|   0|  0|   16|          24|          14|
    |icmp_ln1649_217_fu_8494_p2        |      icmp|   0|  0|   16|          24|          14|
    |icmp_ln1649_218_fu_8576_p2        |      icmp|   0|  0|   16|          24|          14|
    |icmp_ln1649_219_fu_8658_p2        |      icmp|   0|  0|   16|          24|          14|
    |icmp_ln1649_220_fu_8740_p2        |      icmp|   0|  0|   16|          24|          14|
    |icmp_ln1649_221_fu_8822_p2        |      icmp|   0|  0|   16|          24|          14|
    |icmp_ln1649_222_fu_8904_p2        |      icmp|   0|  0|   16|          24|          14|
    |icmp_ln1649_223_fu_8986_p2        |      icmp|   0|  0|   16|          24|          14|
    |icmp_ln1649_224_fu_9068_p2        |      icmp|   0|  0|   16|          24|          14|
    |icmp_ln1649_225_fu_9150_p2        |      icmp|   0|  0|   16|          24|          14|
    |icmp_ln1649_226_fu_9232_p2        |      icmp|   0|  0|   16|          24|          14|
    |icmp_ln1649_227_fu_9314_p2        |      icmp|   0|  0|   16|          24|          14|
    |icmp_ln1649_228_fu_9396_p2        |      icmp|   0|  0|   16|          24|          14|
    |icmp_ln1649_229_fu_9478_p2        |      icmp|   0|  0|   16|          24|          14|
    |icmp_ln1649_230_fu_9560_p2        |      icmp|   0|  0|   16|          24|          14|
    |icmp_ln1649_231_fu_9642_p2        |      icmp|   0|  0|   16|          24|          14|
    |icmp_ln1649_232_fu_9724_p2        |      icmp|   0|  0|   16|          24|          14|
    |icmp_ln1649_233_fu_9806_p2        |      icmp|   0|  0|   16|          24|          14|
    |icmp_ln1649_234_fu_9888_p2        |      icmp|   0|  0|   16|          24|          14|
    |icmp_ln1649_235_fu_9970_p2        |      icmp|   0|  0|   16|          24|          14|
    |icmp_ln1649_236_fu_10052_p2       |      icmp|   0|  0|   16|          24|          14|
    |icmp_ln1649_237_fu_10134_p2       |      icmp|   0|  0|   16|          24|          14|
    |icmp_ln1649_238_fu_10216_p2       |      icmp|   0|  0|   16|          24|          14|
    |icmp_ln1649_239_fu_10298_p2       |      icmp|   0|  0|   16|          24|          14|
    |icmp_ln1649_240_fu_10380_p2       |      icmp|   0|  0|   16|          24|          14|
    |icmp_ln1649_241_fu_10462_p2       |      icmp|   0|  0|   16|          24|          14|
    |icmp_ln1649_242_fu_10544_p2       |      icmp|   0|  0|   16|          24|          14|
    |icmp_ln1649_243_fu_10626_p2       |      icmp|   0|  0|   16|          24|          14|
    |icmp_ln1649_244_fu_10708_p2       |      icmp|   0|  0|   16|          24|          14|
    |icmp_ln1649_245_fu_10790_p2       |      icmp|   0|  0|   16|          24|          14|
    |icmp_ln1649_246_fu_10872_p2       |      icmp|   0|  0|   16|          24|          14|
    |icmp_ln1649_247_fu_10954_p2       |      icmp|   0|  0|   16|          24|          14|
    |icmp_ln1649_248_fu_11036_p2       |      icmp|   0|  0|   16|          24|          14|
    |icmp_ln1649_249_fu_11118_p2       |      icmp|   0|  0|   16|          24|          14|
    |icmp_ln1649_250_fu_11200_p2       |      icmp|   0|  0|   16|          24|          14|
    |icmp_ln1649_251_fu_11282_p2       |      icmp|   0|  0|   16|          24|          14|
    |icmp_ln1649_252_fu_11364_p2       |      icmp|   0|  0|   16|          24|          14|
    |icmp_ln1649_253_fu_11446_p2       |      icmp|   0|  0|   16|          24|          14|
    |icmp_ln1649_254_fu_11528_p2       |      icmp|   0|  0|   16|          24|          14|
    |icmp_ln1649_fu_1114_p2            |      icmp|   0|  0|   16|          24|          14|
    |r_321_fu_1236_p2                  |      icmp|   0|  0|    9|           4|           1|
    |r_322_fu_1318_p2                  |      icmp|   0|  0|    9|           4|           1|
    |r_323_fu_1400_p2                  |      icmp|   0|  0|    9|           4|           1|
    |r_324_fu_1482_p2                  |      icmp|   0|  0|    9|           4|           1|
    |r_325_fu_1564_p2                  |      icmp|   0|  0|    9|           4|           1|
    |r_326_fu_1646_p2                  |      icmp|   0|  0|    9|           4|           1|
    |r_327_fu_1728_p2                  |      icmp|   0|  0|    9|           4|           1|
    |r_328_fu_1810_p2                  |      icmp|   0|  0|    9|           4|           1|
    |r_329_fu_1892_p2                  |      icmp|   0|  0|    9|           4|           1|
    |r_330_fu_1974_p2                  |      icmp|   0|  0|    9|           4|           1|
    |r_331_fu_2056_p2                  |      icmp|   0|  0|    9|           4|           1|
    |r_332_fu_2138_p2                  |      icmp|   0|  0|    9|           4|           1|
    |r_333_fu_2220_p2                  |      icmp|   0|  0|    9|           4|           1|
    |r_334_fu_2302_p2                  |      icmp|   0|  0|    9|           4|           1|
    |r_335_fu_2384_p2                  |      icmp|   0|  0|    9|           4|           1|
    |r_336_fu_2466_p2                  |      icmp|   0|  0|    9|           4|           1|
    |r_337_fu_2548_p2                  |      icmp|   0|  0|    9|           4|           1|
    |r_338_fu_2630_p2                  |      icmp|   0|  0|    9|           4|           1|
    |r_339_fu_2712_p2                  |      icmp|   0|  0|    9|           4|           1|
    |r_340_fu_2794_p2                  |      icmp|   0|  0|    9|           4|           1|
    |r_341_fu_2876_p2                  |      icmp|   0|  0|    9|           4|           1|
    |r_342_fu_2958_p2                  |      icmp|   0|  0|    9|           4|           1|
    |r_343_fu_3040_p2                  |      icmp|   0|  0|    9|           4|           1|
    |r_344_fu_3122_p2                  |      icmp|   0|  0|    9|           4|           1|
    |r_345_fu_3204_p2                  |      icmp|   0|  0|    9|           4|           1|
    |r_346_fu_3286_p2                  |      icmp|   0|  0|    9|           4|           1|
    |r_347_fu_3368_p2                  |      icmp|   0|  0|    9|           4|           1|
    |r_348_fu_3450_p2                  |      icmp|   0|  0|    9|           4|           1|
    |r_349_fu_3532_p2                  |      icmp|   0|  0|    9|           4|           1|
    |r_350_fu_3614_p2                  |      icmp|   0|  0|    9|           4|           1|
    |r_351_fu_3696_p2                  |      icmp|   0|  0|    9|           4|           1|
    |r_352_fu_3778_p2                  |      icmp|   0|  0|    9|           4|           1|
    |r_353_fu_3860_p2                  |      icmp|   0|  0|    9|           4|           1|
    |r_354_fu_3942_p2                  |      icmp|   0|  0|    9|           4|           1|
    |r_355_fu_4024_p2                  |      icmp|   0|  0|    9|           4|           1|
    |r_356_fu_4106_p2                  |      icmp|   0|  0|    9|           4|           1|
    |r_357_fu_4188_p2                  |      icmp|   0|  0|    9|           4|           1|
    |r_358_fu_4270_p2                  |      icmp|   0|  0|    9|           4|           1|
    |r_359_fu_4352_p2                  |      icmp|   0|  0|    9|           4|           1|
    |r_360_fu_4434_p2                  |      icmp|   0|  0|    9|           4|           1|
    |r_361_fu_4516_p2                  |      icmp|   0|  0|    9|           4|           1|
    |r_362_fu_4598_p2                  |      icmp|   0|  0|    9|           4|           1|
    |r_363_fu_4680_p2                  |      icmp|   0|  0|    9|           4|           1|
    |r_364_fu_4762_p2                  |      icmp|   0|  0|    9|           4|           1|
    |r_365_fu_4844_p2                  |      icmp|   0|  0|    9|           4|           1|
    |r_366_fu_4926_p2                  |      icmp|   0|  0|    9|           4|           1|
    |r_367_fu_5008_p2                  |      icmp|   0|  0|    9|           4|           1|
    |r_368_fu_5090_p2                  |      icmp|   0|  0|    9|           4|           1|
    |r_369_fu_5172_p2                  |      icmp|   0|  0|    9|           4|           1|
    |r_370_fu_5254_p2                  |      icmp|   0|  0|    9|           4|           1|
    |r_371_fu_5336_p2                  |      icmp|   0|  0|    9|           4|           1|
    |r_372_fu_5418_p2                  |      icmp|   0|  0|    9|           4|           1|
    |r_373_fu_5500_p2                  |      icmp|   0|  0|    9|           4|           1|
    |r_374_fu_5582_p2                  |      icmp|   0|  0|    9|           4|           1|
    |r_375_fu_5664_p2                  |      icmp|   0|  0|    9|           4|           1|
    |r_376_fu_5746_p2                  |      icmp|   0|  0|    9|           4|           1|
    |r_377_fu_5828_p2                  |      icmp|   0|  0|    9|           4|           1|
    |r_378_fu_5910_p2                  |      icmp|   0|  0|    9|           4|           1|
    |r_379_fu_5992_p2                  |      icmp|   0|  0|    9|           4|           1|
    |r_380_fu_6074_p2                  |      icmp|   0|  0|    9|           4|           1|
    |r_381_fu_6156_p2                  |      icmp|   0|  0|    9|           4|           1|
    |r_382_fu_6238_p2                  |      icmp|   0|  0|    9|           4|           1|
    |r_383_fu_6320_p2                  |      icmp|   0|  0|    9|           4|           1|
    |r_384_fu_6402_p2                  |      icmp|   0|  0|    9|           4|           1|
    |r_385_fu_6484_p2                  |      icmp|   0|  0|    9|           4|           1|
    |r_386_fu_6566_p2                  |      icmp|   0|  0|    9|           4|           1|
    |r_387_fu_6648_p2                  |      icmp|   0|  0|    9|           4|           1|
    |r_388_fu_6730_p2                  |      icmp|   0|  0|    9|           4|           1|
    |r_389_fu_6812_p2                  |      icmp|   0|  0|    9|           4|           1|
    |r_390_fu_6894_p2                  |      icmp|   0|  0|    9|           4|           1|
    |r_391_fu_6976_p2                  |      icmp|   0|  0|    9|           4|           1|
    |r_392_fu_7058_p2                  |      icmp|   0|  0|    9|           4|           1|
    |r_393_fu_7140_p2                  |      icmp|   0|  0|    9|           4|           1|
    |r_394_fu_7222_p2                  |      icmp|   0|  0|    9|           4|           1|
    |r_395_fu_7304_p2                  |      icmp|   0|  0|    9|           4|           1|
    |r_396_fu_7386_p2                  |      icmp|   0|  0|    9|           4|           1|
    |r_397_fu_7468_p2                  |      icmp|   0|  0|    9|           4|           1|
    |r_398_fu_7550_p2                  |      icmp|   0|  0|    9|           4|           1|
    |r_399_fu_7632_p2                  |      icmp|   0|  0|    9|           4|           1|
    |r_400_fu_7714_p2                  |      icmp|   0|  0|    9|           4|           1|
    |r_401_fu_7796_p2                  |      icmp|   0|  0|    9|           4|           1|
    |r_402_fu_7878_p2                  |      icmp|   0|  0|    9|           4|           1|
    |r_403_fu_7960_p2                  |      icmp|   0|  0|    9|           4|           1|
    |r_404_fu_8042_p2                  |      icmp|   0|  0|    9|           4|           1|
    |r_405_fu_8124_p2                  |      icmp|   0|  0|    9|           4|           1|
    |r_406_fu_8206_p2                  |      icmp|   0|  0|    9|           4|           1|
    |r_407_fu_8288_p2                  |      icmp|   0|  0|    9|           4|           1|
    |r_408_fu_8370_p2                  |      icmp|   0|  0|    9|           4|           1|
    |r_409_fu_8452_p2                  |      icmp|   0|  0|    9|           4|           1|
    |r_410_fu_8534_p2                  |      icmp|   0|  0|    9|           4|           1|
    |r_411_fu_8616_p2                  |      icmp|   0|  0|    9|           4|           1|
    |r_412_fu_8698_p2                  |      icmp|   0|  0|    9|           4|           1|
    |r_413_fu_8780_p2                  |      icmp|   0|  0|    9|           4|           1|
    |r_414_fu_8862_p2                  |      icmp|   0|  0|    9|           4|           1|
    |r_415_fu_8944_p2                  |      icmp|   0|  0|    9|           4|           1|
    |r_416_fu_9026_p2                  |      icmp|   0|  0|    9|           4|           1|
    |r_417_fu_9108_p2                  |      icmp|   0|  0|    9|           4|           1|
    |r_418_fu_9190_p2                  |      icmp|   0|  0|    9|           4|           1|
    |r_419_fu_9272_p2                  |      icmp|   0|  0|    9|           4|           1|
    |r_420_fu_9354_p2                  |      icmp|   0|  0|    9|           4|           1|
    |r_421_fu_9436_p2                  |      icmp|   0|  0|    9|           4|           1|
    |r_422_fu_9518_p2                  |      icmp|   0|  0|    9|           4|           1|
    |r_423_fu_9600_p2                  |      icmp|   0|  0|    9|           4|           1|
    |r_424_fu_9682_p2                  |      icmp|   0|  0|    9|           4|           1|
    |r_425_fu_9764_p2                  |      icmp|   0|  0|    9|           4|           1|
    |r_426_fu_9846_p2                  |      icmp|   0|  0|    9|           4|           1|
    |r_427_fu_9928_p2                  |      icmp|   0|  0|    9|           4|           1|
    |r_428_fu_10010_p2                 |      icmp|   0|  0|    9|           4|           1|
    |r_429_fu_10092_p2                 |      icmp|   0|  0|    9|           4|           1|
    |r_430_fu_10174_p2                 |      icmp|   0|  0|    9|           4|           1|
    |r_431_fu_10256_p2                 |      icmp|   0|  0|    9|           4|           1|
    |r_432_fu_10338_p2                 |      icmp|   0|  0|    9|           4|           1|
    |r_433_fu_10420_p2                 |      icmp|   0|  0|    9|           4|           1|
    |r_434_fu_10502_p2                 |      icmp|   0|  0|    9|           4|           1|
    |r_435_fu_10584_p2                 |      icmp|   0|  0|    9|           4|           1|
    |r_436_fu_10666_p2                 |      icmp|   0|  0|    9|           4|           1|
    |r_437_fu_10748_p2                 |      icmp|   0|  0|    9|           4|           1|
    |r_438_fu_10830_p2                 |      icmp|   0|  0|    9|           4|           1|
    |r_439_fu_10912_p2                 |      icmp|   0|  0|    9|           4|           1|
    |r_440_fu_10994_p2                 |      icmp|   0|  0|    9|           4|           1|
    |r_441_fu_11076_p2                 |      icmp|   0|  0|    9|           4|           1|
    |r_442_fu_11158_p2                 |      icmp|   0|  0|    9|           4|           1|
    |r_443_fu_11240_p2                 |      icmp|   0|  0|    9|           4|           1|
    |r_444_fu_11322_p2                 |      icmp|   0|  0|    9|           4|           1|
    |r_445_fu_11404_p2                 |      icmp|   0|  0|    9|           4|           1|
    |r_446_fu_11486_p2                 |      icmp|   0|  0|    9|           4|           1|
    |r_447_fu_11568_p2                 |      icmp|   0|  0|    9|           4|           1|
    |r_fu_1154_p2                      |      icmp|   0|  0|    9|           4|           1|
    |or_ln365_128_fu_11750_p2          |        or|   0|  0|    2|           1|           1|
    |or_ln365_129_fu_11848_p2          |        or|   0|  0|    2|           1|           1|
    |or_ln365_130_fu_11946_p2          |        or|   0|  0|    2|           1|           1|
    |or_ln365_131_fu_12044_p2          |        or|   0|  0|    2|           1|           1|
    |or_ln365_132_fu_12142_p2          |        or|   0|  0|    2|           1|           1|
    |or_ln365_133_fu_12240_p2          |        or|   0|  0|    2|           1|           1|
    |or_ln365_134_fu_12338_p2          |        or|   0|  0|    2|           1|           1|
    |or_ln365_135_fu_12436_p2          |        or|   0|  0|    2|           1|           1|
    |or_ln365_136_fu_12534_p2          |        or|   0|  0|    2|           1|           1|
    |or_ln365_137_fu_12632_p2          |        or|   0|  0|    2|           1|           1|
    |or_ln365_138_fu_12730_p2          |        or|   0|  0|    2|           1|           1|
    |or_ln365_139_fu_12828_p2          |        or|   0|  0|    2|           1|           1|
    |or_ln365_140_fu_12926_p2          |        or|   0|  0|    2|           1|           1|
    |or_ln365_141_fu_13024_p2          |        or|   0|  0|    2|           1|           1|
    |or_ln365_142_fu_13122_p2          |        or|   0|  0|    2|           1|           1|
    |or_ln365_143_fu_13220_p2          |        or|   0|  0|    2|           1|           1|
    |or_ln365_144_fu_13318_p2          |        or|   0|  0|    2|           1|           1|
    |or_ln365_145_fu_13416_p2          |        or|   0|  0|    2|           1|           1|
    |or_ln365_146_fu_13514_p2          |        or|   0|  0|    2|           1|           1|
    |or_ln365_147_fu_13612_p2          |        or|   0|  0|    2|           1|           1|
    |or_ln365_148_fu_13710_p2          |        or|   0|  0|    2|           1|           1|
    |or_ln365_149_fu_13808_p2          |        or|   0|  0|    2|           1|           1|
    |or_ln365_150_fu_13906_p2          |        or|   0|  0|    2|           1|           1|
    |or_ln365_151_fu_14004_p2          |        or|   0|  0|    2|           1|           1|
    |or_ln365_152_fu_14102_p2          |        or|   0|  0|    2|           1|           1|
    |or_ln365_153_fu_14200_p2          |        or|   0|  0|    2|           1|           1|
    |or_ln365_154_fu_14298_p2          |        or|   0|  0|    2|           1|           1|
    |or_ln365_155_fu_14396_p2          |        or|   0|  0|    2|           1|           1|
    |or_ln365_156_fu_14494_p2          |        or|   0|  0|    2|           1|           1|
    |or_ln365_157_fu_14592_p2          |        or|   0|  0|    2|           1|           1|
    |or_ln365_158_fu_14690_p2          |        or|   0|  0|    2|           1|           1|
    |or_ln365_159_fu_14788_p2          |        or|   0|  0|    2|           1|           1|
    |or_ln365_160_fu_14886_p2          |        or|   0|  0|    2|           1|           1|
    |or_ln365_161_fu_14984_p2          |        or|   0|  0|    2|           1|           1|
    |or_ln365_162_fu_15082_p2          |        or|   0|  0|    2|           1|           1|
    |or_ln365_163_fu_15180_p2          |        or|   0|  0|    2|           1|           1|
    |or_ln365_164_fu_15278_p2          |        or|   0|  0|    2|           1|           1|
    |or_ln365_165_fu_15376_p2          |        or|   0|  0|    2|           1|           1|
    |or_ln365_166_fu_15474_p2          |        or|   0|  0|    2|           1|           1|
    |or_ln365_167_fu_15572_p2          |        or|   0|  0|    2|           1|           1|
    |or_ln365_168_fu_15670_p2          |        or|   0|  0|    2|           1|           1|
    |or_ln365_169_fu_15768_p2          |        or|   0|  0|    2|           1|           1|
    |or_ln365_170_fu_15866_p2          |        or|   0|  0|    2|           1|           1|
    |or_ln365_171_fu_15964_p2          |        or|   0|  0|    2|           1|           1|
    |or_ln365_172_fu_16062_p2          |        or|   0|  0|    2|           1|           1|
    |or_ln365_173_fu_16160_p2          |        or|   0|  0|    2|           1|           1|
    |or_ln365_174_fu_16258_p2          |        or|   0|  0|    2|           1|           1|
    |or_ln365_175_fu_16356_p2          |        or|   0|  0|    2|           1|           1|
    |or_ln365_176_fu_16454_p2          |        or|   0|  0|    2|           1|           1|
    |or_ln365_177_fu_16552_p2          |        or|   0|  0|    2|           1|           1|
    |or_ln365_178_fu_16650_p2          |        or|   0|  0|    2|           1|           1|
    |or_ln365_179_fu_16748_p2          |        or|   0|  0|    2|           1|           1|
    |or_ln365_180_fu_16846_p2          |        or|   0|  0|    2|           1|           1|
    |or_ln365_181_fu_16944_p2          |        or|   0|  0|    2|           1|           1|
    |or_ln365_182_fu_17042_p2          |        or|   0|  0|    2|           1|           1|
    |or_ln365_183_fu_17140_p2          |        or|   0|  0|    2|           1|           1|
    |or_ln365_184_fu_17238_p2          |        or|   0|  0|    2|           1|           1|
    |or_ln365_185_fu_17336_p2          |        or|   0|  0|    2|           1|           1|
    |or_ln365_186_fu_17434_p2          |        or|   0|  0|    2|           1|           1|
    |or_ln365_187_fu_17532_p2          |        or|   0|  0|    2|           1|           1|
    |or_ln365_188_fu_17630_p2          |        or|   0|  0|    2|           1|           1|
    |or_ln365_189_fu_17728_p2          |        or|   0|  0|    2|           1|           1|
    |or_ln365_190_fu_17826_p2          |        or|   0|  0|    2|           1|           1|
    |or_ln365_191_fu_17924_p2          |        or|   0|  0|    2|           1|           1|
    |or_ln365_192_fu_18022_p2          |        or|   0|  0|    2|           1|           1|
    |or_ln365_193_fu_18120_p2          |        or|   0|  0|    2|           1|           1|
    |or_ln365_194_fu_18218_p2          |        or|   0|  0|    2|           1|           1|
    |or_ln365_195_fu_18316_p2          |        or|   0|  0|    2|           1|           1|
    |or_ln365_196_fu_18414_p2          |        or|   0|  0|    2|           1|           1|
    |or_ln365_197_fu_18512_p2          |        or|   0|  0|    2|           1|           1|
    |or_ln365_198_fu_18610_p2          |        or|   0|  0|    2|           1|           1|
    |or_ln365_199_fu_18708_p2          |        or|   0|  0|    2|           1|           1|
    |or_ln365_200_fu_18806_p2          |        or|   0|  0|    2|           1|           1|
    |or_ln365_201_fu_18904_p2          |        or|   0|  0|    2|           1|           1|
    |or_ln365_202_fu_19002_p2          |        or|   0|  0|    2|           1|           1|
    |or_ln365_203_fu_19100_p2          |        or|   0|  0|    2|           1|           1|
    |or_ln365_204_fu_19198_p2          |        or|   0|  0|    2|           1|           1|
    |or_ln365_205_fu_19296_p2          |        or|   0|  0|    2|           1|           1|
    |or_ln365_206_fu_19394_p2          |        or|   0|  0|    2|           1|           1|
    |or_ln365_207_fu_19492_p2          |        or|   0|  0|    2|           1|           1|
    |or_ln365_208_fu_19590_p2          |        or|   0|  0|    2|           1|           1|
    |or_ln365_209_fu_19688_p2          |        or|   0|  0|    2|           1|           1|
    |or_ln365_210_fu_19786_p2          |        or|   0|  0|    2|           1|           1|
    |or_ln365_211_fu_19884_p2          |        or|   0|  0|    2|           1|           1|
    |or_ln365_212_fu_19982_p2          |        or|   0|  0|    2|           1|           1|
    |or_ln365_213_fu_20080_p2          |        or|   0|  0|    2|           1|           1|
    |or_ln365_214_fu_20178_p2          |        or|   0|  0|    2|           1|           1|
    |or_ln365_215_fu_20276_p2          |        or|   0|  0|    2|           1|           1|
    |or_ln365_216_fu_20374_p2          |        or|   0|  0|    2|           1|           1|
    |or_ln365_217_fu_20472_p2          |        or|   0|  0|    2|           1|           1|
    |or_ln365_218_fu_20570_p2          |        or|   0|  0|    2|           1|           1|
    |or_ln365_219_fu_20668_p2          |        or|   0|  0|    2|           1|           1|
    |or_ln365_220_fu_20766_p2          |        or|   0|  0|    2|           1|           1|
    |or_ln365_221_fu_20864_p2          |        or|   0|  0|    2|           1|           1|
    |or_ln365_222_fu_20962_p2          |        or|   0|  0|    2|           1|           1|
    |or_ln365_223_fu_21060_p2          |        or|   0|  0|    2|           1|           1|
    |or_ln365_224_fu_21158_p2          |        or|   0|  0|    2|           1|           1|
    |or_ln365_225_fu_21256_p2          |        or|   0|  0|    2|           1|           1|
    |or_ln365_226_fu_21354_p2          |        or|   0|  0|    2|           1|           1|
    |or_ln365_227_fu_21452_p2          |        or|   0|  0|    2|           1|           1|
    |or_ln365_228_fu_21550_p2          |        or|   0|  0|    2|           1|           1|
    |or_ln365_229_fu_21648_p2          |        or|   0|  0|    2|           1|           1|
    |or_ln365_230_fu_21746_p2          |        or|   0|  0|    2|           1|           1|
    |or_ln365_231_fu_21844_p2          |        or|   0|  0|    2|           1|           1|
    |or_ln365_232_fu_21942_p2          |        or|   0|  0|    2|           1|           1|
    |or_ln365_233_fu_22040_p2          |        or|   0|  0|    2|           1|           1|
    |or_ln365_234_fu_22138_p2          |        or|   0|  0|    2|           1|           1|
    |or_ln365_235_fu_22236_p2          |        or|   0|  0|    2|           1|           1|
    |or_ln365_236_fu_22334_p2          |        or|   0|  0|    2|           1|           1|
    |or_ln365_237_fu_22432_p2          |        or|   0|  0|    2|           1|           1|
    |or_ln365_238_fu_22530_p2          |        or|   0|  0|    2|           1|           1|
    |or_ln365_239_fu_22628_p2          |        or|   0|  0|    2|           1|           1|
    |or_ln365_240_fu_22726_p2          |        or|   0|  0|    2|           1|           1|
    |or_ln365_241_fu_22824_p2          |        or|   0|  0|    2|           1|           1|
    |or_ln365_242_fu_22922_p2          |        or|   0|  0|    2|           1|           1|
    |or_ln365_243_fu_23020_p2          |        or|   0|  0|    2|           1|           1|
    |or_ln365_244_fu_23118_p2          |        or|   0|  0|    2|           1|           1|
    |or_ln365_245_fu_23216_p2          |        or|   0|  0|    2|           1|           1|
    |or_ln365_246_fu_23314_p2          |        or|   0|  0|    2|           1|           1|
    |or_ln365_247_fu_23412_p2          |        or|   0|  0|    2|           1|           1|
    |or_ln365_248_fu_23510_p2          |        or|   0|  0|    2|           1|           1|
    |or_ln365_249_fu_23608_p2          |        or|   0|  0|    2|           1|           1|
    |or_ln365_250_fu_23706_p2          |        or|   0|  0|    2|           1|           1|
    |or_ln365_251_fu_23804_p2          |        or|   0|  0|    2|           1|           1|
    |or_ln365_252_fu_23902_p2          |        or|   0|  0|    2|           1|           1|
    |or_ln365_253_fu_24000_p2          |        or|   0|  0|    2|           1|           1|
    |or_ln365_254_fu_24098_p2          |        or|   0|  0|    2|           1|           1|
    |or_ln365_fu_11652_p2              |        or|   0|  0|    2|           1|           1|
    |or_ln374_321_fu_11695_p2          |        or|   0|  0|    2|           1|           1|
    |or_ln374_322_fu_11793_p2          |        or|   0|  0|    2|           1|           1|
    |or_ln374_323_fu_11891_p2          |        or|   0|  0|    2|           1|           1|
    |or_ln374_324_fu_11989_p2          |        or|   0|  0|    2|           1|           1|
    |or_ln374_325_fu_12087_p2          |        or|   0|  0|    2|           1|           1|
    |or_ln374_326_fu_12185_p2          |        or|   0|  0|    2|           1|           1|
    |or_ln374_327_fu_12283_p2          |        or|   0|  0|    2|           1|           1|
    |or_ln374_328_fu_12381_p2          |        or|   0|  0|    2|           1|           1|
    |or_ln374_329_fu_12479_p2          |        or|   0|  0|    2|           1|           1|
    |or_ln374_330_fu_12577_p2          |        or|   0|  0|    2|           1|           1|
    |or_ln374_331_fu_12675_p2          |        or|   0|  0|    2|           1|           1|
    |or_ln374_332_fu_12773_p2          |        or|   0|  0|    2|           1|           1|
    |or_ln374_333_fu_12871_p2          |        or|   0|  0|    2|           1|           1|
    |or_ln374_334_fu_12969_p2          |        or|   0|  0|    2|           1|           1|
    |or_ln374_335_fu_13067_p2          |        or|   0|  0|    2|           1|           1|
    |or_ln374_336_fu_13165_p2          |        or|   0|  0|    2|           1|           1|
    |or_ln374_337_fu_13263_p2          |        or|   0|  0|    2|           1|           1|
    |or_ln374_338_fu_13361_p2          |        or|   0|  0|    2|           1|           1|
    |or_ln374_339_fu_13459_p2          |        or|   0|  0|    2|           1|           1|
    |or_ln374_340_fu_13557_p2          |        or|   0|  0|    2|           1|           1|
    |or_ln374_341_fu_13655_p2          |        or|   0|  0|    2|           1|           1|
    |or_ln374_342_fu_13753_p2          |        or|   0|  0|    2|           1|           1|
    |or_ln374_343_fu_13851_p2          |        or|   0|  0|    2|           1|           1|
    |or_ln374_344_fu_13949_p2          |        or|   0|  0|    2|           1|           1|
    |or_ln374_345_fu_14047_p2          |        or|   0|  0|    2|           1|           1|
    |or_ln374_346_fu_14145_p2          |        or|   0|  0|    2|           1|           1|
    |or_ln374_347_fu_14243_p2          |        or|   0|  0|    2|           1|           1|
    |or_ln374_348_fu_14341_p2          |        or|   0|  0|    2|           1|           1|
    |or_ln374_349_fu_14439_p2          |        or|   0|  0|    2|           1|           1|
    |or_ln374_350_fu_14537_p2          |        or|   0|  0|    2|           1|           1|
    |or_ln374_351_fu_14635_p2          |        or|   0|  0|    2|           1|           1|
    |or_ln374_352_fu_14733_p2          |        or|   0|  0|    2|           1|           1|
    |or_ln374_353_fu_14831_p2          |        or|   0|  0|    2|           1|           1|
    |or_ln374_354_fu_14929_p2          |        or|   0|  0|    2|           1|           1|
    |or_ln374_355_fu_15027_p2          |        or|   0|  0|    2|           1|           1|
    |or_ln374_356_fu_15125_p2          |        or|   0|  0|    2|           1|           1|
    |or_ln374_357_fu_15223_p2          |        or|   0|  0|    2|           1|           1|
    |or_ln374_358_fu_15321_p2          |        or|   0|  0|    2|           1|           1|
    |or_ln374_359_fu_15419_p2          |        or|   0|  0|    2|           1|           1|
    |or_ln374_360_fu_15517_p2          |        or|   0|  0|    2|           1|           1|
    |or_ln374_361_fu_15615_p2          |        or|   0|  0|    2|           1|           1|
    |or_ln374_362_fu_15713_p2          |        or|   0|  0|    2|           1|           1|
    |or_ln374_363_fu_15811_p2          |        or|   0|  0|    2|           1|           1|
    |or_ln374_364_fu_15909_p2          |        or|   0|  0|    2|           1|           1|
    |or_ln374_365_fu_16007_p2          |        or|   0|  0|    2|           1|           1|
    |or_ln374_366_fu_16105_p2          |        or|   0|  0|    2|           1|           1|
    |or_ln374_367_fu_16203_p2          |        or|   0|  0|    2|           1|           1|
    |or_ln374_368_fu_16301_p2          |        or|   0|  0|    2|           1|           1|
    |or_ln374_369_fu_16399_p2          |        or|   0|  0|    2|           1|           1|
    |or_ln374_370_fu_16497_p2          |        or|   0|  0|    2|           1|           1|
    |or_ln374_371_fu_16595_p2          |        or|   0|  0|    2|           1|           1|
    |or_ln374_372_fu_16693_p2          |        or|   0|  0|    2|           1|           1|
    |or_ln374_373_fu_16791_p2          |        or|   0|  0|    2|           1|           1|
    |or_ln374_374_fu_16889_p2          |        or|   0|  0|    2|           1|           1|
    |or_ln374_375_fu_16987_p2          |        or|   0|  0|    2|           1|           1|
    |or_ln374_376_fu_17085_p2          |        or|   0|  0|    2|           1|           1|
    |or_ln374_377_fu_17183_p2          |        or|   0|  0|    2|           1|           1|
    |or_ln374_378_fu_17281_p2          |        or|   0|  0|    2|           1|           1|
    |or_ln374_379_fu_17379_p2          |        or|   0|  0|    2|           1|           1|
    |or_ln374_380_fu_17477_p2          |        or|   0|  0|    2|           1|           1|
    |or_ln374_381_fu_17575_p2          |        or|   0|  0|    2|           1|           1|
    |or_ln374_382_fu_17673_p2          |        or|   0|  0|    2|           1|           1|
    |or_ln374_383_fu_17771_p2          |        or|   0|  0|    2|           1|           1|
    |or_ln374_384_fu_17869_p2          |        or|   0|  0|    2|           1|           1|
    |or_ln374_385_fu_17967_p2          |        or|   0|  0|    2|           1|           1|
    |or_ln374_386_fu_18065_p2          |        or|   0|  0|    2|           1|           1|
    |or_ln374_387_fu_18163_p2          |        or|   0|  0|    2|           1|           1|
    |or_ln374_388_fu_18261_p2          |        or|   0|  0|    2|           1|           1|
    |or_ln374_389_fu_18359_p2          |        or|   0|  0|    2|           1|           1|
    |or_ln374_390_fu_18457_p2          |        or|   0|  0|    2|           1|           1|
    |or_ln374_391_fu_18555_p2          |        or|   0|  0|    2|           1|           1|
    |or_ln374_392_fu_18653_p2          |        or|   0|  0|    2|           1|           1|
    |or_ln374_393_fu_18751_p2          |        or|   0|  0|    2|           1|           1|
    |or_ln374_394_fu_18849_p2          |        or|   0|  0|    2|           1|           1|
    |or_ln374_395_fu_18947_p2          |        or|   0|  0|    2|           1|           1|
    |or_ln374_396_fu_19045_p2          |        or|   0|  0|    2|           1|           1|
    |or_ln374_397_fu_19143_p2          |        or|   0|  0|    2|           1|           1|
    |or_ln374_398_fu_19241_p2          |        or|   0|  0|    2|           1|           1|
    |or_ln374_399_fu_19339_p2          |        or|   0|  0|    2|           1|           1|
    |or_ln374_400_fu_19437_p2          |        or|   0|  0|    2|           1|           1|
    |or_ln374_401_fu_19535_p2          |        or|   0|  0|    2|           1|           1|
    |or_ln374_402_fu_19633_p2          |        or|   0|  0|    2|           1|           1|
    |or_ln374_403_fu_19731_p2          |        or|   0|  0|    2|           1|           1|
    |or_ln374_404_fu_19829_p2          |        or|   0|  0|    2|           1|           1|
    |or_ln374_405_fu_19927_p2          |        or|   0|  0|    2|           1|           1|
    |or_ln374_406_fu_20025_p2          |        or|   0|  0|    2|           1|           1|
    |or_ln374_407_fu_20123_p2          |        or|   0|  0|    2|           1|           1|
    |or_ln374_408_fu_20221_p2          |        or|   0|  0|    2|           1|           1|
    |or_ln374_409_fu_20319_p2          |        or|   0|  0|    2|           1|           1|
    |or_ln374_410_fu_20417_p2          |        or|   0|  0|    2|           1|           1|
    |or_ln374_411_fu_20515_p2          |        or|   0|  0|    2|           1|           1|
    |or_ln374_412_fu_20613_p2          |        or|   0|  0|    2|           1|           1|
    |or_ln374_413_fu_20711_p2          |        or|   0|  0|    2|           1|           1|
    |or_ln374_414_fu_20809_p2          |        or|   0|  0|    2|           1|           1|
    |or_ln374_415_fu_20907_p2          |        or|   0|  0|    2|           1|           1|
    |or_ln374_416_fu_21005_p2          |        or|   0|  0|    2|           1|           1|
    |or_ln374_417_fu_21103_p2          |        or|   0|  0|    2|           1|           1|
    |or_ln374_418_fu_21201_p2          |        or|   0|  0|    2|           1|           1|
    |or_ln374_419_fu_21299_p2          |        or|   0|  0|    2|           1|           1|
    |or_ln374_420_fu_21397_p2          |        or|   0|  0|    2|           1|           1|
    |or_ln374_421_fu_21495_p2          |        or|   0|  0|    2|           1|           1|
    |or_ln374_422_fu_21593_p2          |        or|   0|  0|    2|           1|           1|
    |or_ln374_423_fu_21691_p2          |        or|   0|  0|    2|           1|           1|
    |or_ln374_424_fu_21789_p2          |        or|   0|  0|    2|           1|           1|
    |or_ln374_425_fu_21887_p2          |        or|   0|  0|    2|           1|           1|
    |or_ln374_426_fu_21985_p2          |        or|   0|  0|    2|           1|           1|
    |or_ln374_427_fu_22083_p2          |        or|   0|  0|    2|           1|           1|
    |or_ln374_428_fu_22181_p2          |        or|   0|  0|    2|           1|           1|
    |or_ln374_429_fu_22279_p2          |        or|   0|  0|    2|           1|           1|
    |or_ln374_430_fu_22377_p2          |        or|   0|  0|    2|           1|           1|
    |or_ln374_431_fu_22475_p2          |        or|   0|  0|    2|           1|           1|
    |or_ln374_432_fu_22573_p2          |        or|   0|  0|    2|           1|           1|
    |or_ln374_433_fu_22671_p2          |        or|   0|  0|    2|           1|           1|
    |or_ln374_434_fu_22769_p2          |        or|   0|  0|    2|           1|           1|
    |or_ln374_435_fu_22867_p2          |        or|   0|  0|    2|           1|           1|
    |or_ln374_436_fu_22965_p2          |        or|   0|  0|    2|           1|           1|
    |or_ln374_437_fu_23063_p2          |        or|   0|  0|    2|           1|           1|
    |or_ln374_438_fu_23161_p2          |        or|   0|  0|    2|           1|           1|
    |or_ln374_439_fu_23259_p2          |        or|   0|  0|    2|           1|           1|
    |or_ln374_440_fu_23357_p2          |        or|   0|  0|    2|           1|           1|
    |or_ln374_441_fu_23455_p2          |        or|   0|  0|    2|           1|           1|
    |or_ln374_442_fu_23553_p2          |        or|   0|  0|    2|           1|           1|
    |or_ln374_443_fu_23651_p2          |        or|   0|  0|    2|           1|           1|
    |or_ln374_444_fu_23749_p2          |        or|   0|  0|    2|           1|           1|
    |or_ln374_445_fu_23847_p2          |        or|   0|  0|    2|           1|           1|
    |or_ln374_446_fu_23945_p2          |        or|   0|  0|    2|           1|           1|
    |or_ln374_447_fu_24043_p2          |        or|   0|  0|    2|           1|           1|
    |or_ln374_fu_11597_p2              |        or|   0|  0|    2|           1|           1|
    |or_ln471_128_fu_1218_p2           |        or|   0|  0|    2|           1|           1|
    |or_ln471_129_fu_1300_p2           |        or|   0|  0|    2|           1|           1|
    |or_ln471_130_fu_1382_p2           |        or|   0|  0|    2|           1|           1|
    |or_ln471_131_fu_1464_p2           |        or|   0|  0|    2|           1|           1|
    |or_ln471_132_fu_1546_p2           |        or|   0|  0|    2|           1|           1|
    |or_ln471_133_fu_1628_p2           |        or|   0|  0|    2|           1|           1|
    |or_ln471_134_fu_1710_p2           |        or|   0|  0|    2|           1|           1|
    |or_ln471_135_fu_1792_p2           |        or|   0|  0|    2|           1|           1|
    |or_ln471_136_fu_1874_p2           |        or|   0|  0|    2|           1|           1|
    |or_ln471_137_fu_1956_p2           |        or|   0|  0|    2|           1|           1|
    |or_ln471_138_fu_2038_p2           |        or|   0|  0|    2|           1|           1|
    |or_ln471_139_fu_2120_p2           |        or|   0|  0|    2|           1|           1|
    |or_ln471_140_fu_2202_p2           |        or|   0|  0|    2|           1|           1|
    |or_ln471_141_fu_2284_p2           |        or|   0|  0|    2|           1|           1|
    |or_ln471_142_fu_2366_p2           |        or|   0|  0|    2|           1|           1|
    |or_ln471_143_fu_2448_p2           |        or|   0|  0|    2|           1|           1|
    |or_ln471_144_fu_2530_p2           |        or|   0|  0|    2|           1|           1|
    |or_ln471_145_fu_2612_p2           |        or|   0|  0|    2|           1|           1|
    |or_ln471_146_fu_2694_p2           |        or|   0|  0|    2|           1|           1|
    |or_ln471_147_fu_2776_p2           |        or|   0|  0|    2|           1|           1|
    |or_ln471_148_fu_2858_p2           |        or|   0|  0|    2|           1|           1|
    |or_ln471_149_fu_2940_p2           |        or|   0|  0|    2|           1|           1|
    |or_ln471_150_fu_3022_p2           |        or|   0|  0|    2|           1|           1|
    |or_ln471_151_fu_3104_p2           |        or|   0|  0|    2|           1|           1|
    |or_ln471_152_fu_3186_p2           |        or|   0|  0|    2|           1|           1|
    |or_ln471_153_fu_3268_p2           |        or|   0|  0|    2|           1|           1|
    |or_ln471_154_fu_3350_p2           |        or|   0|  0|    2|           1|           1|
    |or_ln471_155_fu_3432_p2           |        or|   0|  0|    2|           1|           1|
    |or_ln471_156_fu_3514_p2           |        or|   0|  0|    2|           1|           1|
    |or_ln471_157_fu_3596_p2           |        or|   0|  0|    2|           1|           1|
    |or_ln471_158_fu_3678_p2           |        or|   0|  0|    2|           1|           1|
    |or_ln471_159_fu_3760_p2           |        or|   0|  0|    2|           1|           1|
    |or_ln471_160_fu_3842_p2           |        or|   0|  0|    2|           1|           1|
    |or_ln471_161_fu_3924_p2           |        or|   0|  0|    2|           1|           1|
    |or_ln471_162_fu_4006_p2           |        or|   0|  0|    2|           1|           1|
    |or_ln471_163_fu_4088_p2           |        or|   0|  0|    2|           1|           1|
    |or_ln471_164_fu_4170_p2           |        or|   0|  0|    2|           1|           1|
    |or_ln471_165_fu_4252_p2           |        or|   0|  0|    2|           1|           1|
    |or_ln471_166_fu_4334_p2           |        or|   0|  0|    2|           1|           1|
    |or_ln471_167_fu_4416_p2           |        or|   0|  0|    2|           1|           1|
    |or_ln471_168_fu_4498_p2           |        or|   0|  0|    2|           1|           1|
    |or_ln471_169_fu_4580_p2           |        or|   0|  0|    2|           1|           1|
    |or_ln471_170_fu_4662_p2           |        or|   0|  0|    2|           1|           1|
    |or_ln471_171_fu_4744_p2           |        or|   0|  0|    2|           1|           1|
    |or_ln471_172_fu_4826_p2           |        or|   0|  0|    2|           1|           1|
    |or_ln471_173_fu_4908_p2           |        or|   0|  0|    2|           1|           1|
    |or_ln471_174_fu_4990_p2           |        or|   0|  0|    2|           1|           1|
    |or_ln471_175_fu_5072_p2           |        or|   0|  0|    2|           1|           1|
    |or_ln471_176_fu_5154_p2           |        or|   0|  0|    2|           1|           1|
    |or_ln471_177_fu_5236_p2           |        or|   0|  0|    2|           1|           1|
    |or_ln471_178_fu_5318_p2           |        or|   0|  0|    2|           1|           1|
    |or_ln471_179_fu_5400_p2           |        or|   0|  0|    2|           1|           1|
    |or_ln471_180_fu_5482_p2           |        or|   0|  0|    2|           1|           1|
    |or_ln471_181_fu_5564_p2           |        or|   0|  0|    2|           1|           1|
    |or_ln471_182_fu_5646_p2           |        or|   0|  0|    2|           1|           1|
    |or_ln471_183_fu_5728_p2           |        or|   0|  0|    2|           1|           1|
    |or_ln471_184_fu_5810_p2           |        or|   0|  0|    2|           1|           1|
    |or_ln471_185_fu_5892_p2           |        or|   0|  0|    2|           1|           1|
    |or_ln471_186_fu_5974_p2           |        or|   0|  0|    2|           1|           1|
    |or_ln471_187_fu_6056_p2           |        or|   0|  0|    2|           1|           1|
    |or_ln471_188_fu_6138_p2           |        or|   0|  0|    2|           1|           1|
    |or_ln471_189_fu_6220_p2           |        or|   0|  0|    2|           1|           1|
    |or_ln471_190_fu_6302_p2           |        or|   0|  0|    2|           1|           1|
    |or_ln471_191_fu_6384_p2           |        or|   0|  0|    2|           1|           1|
    |or_ln471_192_fu_6466_p2           |        or|   0|  0|    2|           1|           1|
    |or_ln471_193_fu_6548_p2           |        or|   0|  0|    2|           1|           1|
    |or_ln471_194_fu_6630_p2           |        or|   0|  0|    2|           1|           1|
    |or_ln471_195_fu_6712_p2           |        or|   0|  0|    2|           1|           1|
    |or_ln471_196_fu_6794_p2           |        or|   0|  0|    2|           1|           1|
    |or_ln471_197_fu_6876_p2           |        or|   0|  0|    2|           1|           1|
    |or_ln471_198_fu_6958_p2           |        or|   0|  0|    2|           1|           1|
    |or_ln471_199_fu_7040_p2           |        or|   0|  0|    2|           1|           1|
    |or_ln471_200_fu_7122_p2           |        or|   0|  0|    2|           1|           1|
    |or_ln471_201_fu_7204_p2           |        or|   0|  0|    2|           1|           1|
    |or_ln471_202_fu_7286_p2           |        or|   0|  0|    2|           1|           1|
    |or_ln471_203_fu_7368_p2           |        or|   0|  0|    2|           1|           1|
    |or_ln471_204_fu_7450_p2           |        or|   0|  0|    2|           1|           1|
    |or_ln471_205_fu_7532_p2           |        or|   0|  0|    2|           1|           1|
    |or_ln471_206_fu_7614_p2           |        or|   0|  0|    2|           1|           1|
    |or_ln471_207_fu_7696_p2           |        or|   0|  0|    2|           1|           1|
    |or_ln471_208_fu_7778_p2           |        or|   0|  0|    2|           1|           1|
    |or_ln471_209_fu_7860_p2           |        or|   0|  0|    2|           1|           1|
    |or_ln471_210_fu_7942_p2           |        or|   0|  0|    2|           1|           1|
    |or_ln471_211_fu_8024_p2           |        or|   0|  0|    2|           1|           1|
    |or_ln471_212_fu_8106_p2           |        or|   0|  0|    2|           1|           1|
    |or_ln471_213_fu_8188_p2           |        or|   0|  0|    2|           1|           1|
    |or_ln471_214_fu_8270_p2           |        or|   0|  0|    2|           1|           1|
    |or_ln471_215_fu_8352_p2           |        or|   0|  0|    2|           1|           1|
    |or_ln471_216_fu_8434_p2           |        or|   0|  0|    2|           1|           1|
    |or_ln471_217_fu_8516_p2           |        or|   0|  0|    2|           1|           1|
    |or_ln471_218_fu_8598_p2           |        or|   0|  0|    2|           1|           1|
    |or_ln471_219_fu_8680_p2           |        or|   0|  0|    2|           1|           1|
    |or_ln471_220_fu_8762_p2           |        or|   0|  0|    2|           1|           1|
    |or_ln471_221_fu_8844_p2           |        or|   0|  0|    2|           1|           1|
    |or_ln471_222_fu_8926_p2           |        or|   0|  0|    2|           1|           1|
    |or_ln471_223_fu_9008_p2           |        or|   0|  0|    2|           1|           1|
    |or_ln471_224_fu_9090_p2           |        or|   0|  0|    2|           1|           1|
    |or_ln471_225_fu_9172_p2           |        or|   0|  0|    2|           1|           1|
    |or_ln471_226_fu_9254_p2           |        or|   0|  0|    2|           1|           1|
    |or_ln471_227_fu_9336_p2           |        or|   0|  0|    2|           1|           1|
    |or_ln471_228_fu_9418_p2           |        or|   0|  0|    2|           1|           1|
    |or_ln471_229_fu_9500_p2           |        or|   0|  0|    2|           1|           1|
    |or_ln471_230_fu_9582_p2           |        or|   0|  0|    2|           1|           1|
    |or_ln471_231_fu_9664_p2           |        or|   0|  0|    2|           1|           1|
    |or_ln471_232_fu_9746_p2           |        or|   0|  0|    2|           1|           1|
    |or_ln471_233_fu_9828_p2           |        or|   0|  0|    2|           1|           1|
    |or_ln471_234_fu_9910_p2           |        or|   0|  0|    2|           1|           1|
    |or_ln471_235_fu_9992_p2           |        or|   0|  0|    2|           1|           1|
    |or_ln471_236_fu_10074_p2          |        or|   0|  0|    2|           1|           1|
    |or_ln471_237_fu_10156_p2          |        or|   0|  0|    2|           1|           1|
    |or_ln471_238_fu_10238_p2          |        or|   0|  0|    2|           1|           1|
    |or_ln471_239_fu_10320_p2          |        or|   0|  0|    2|           1|           1|
    |or_ln471_240_fu_10402_p2          |        or|   0|  0|    2|           1|           1|
    |or_ln471_241_fu_10484_p2          |        or|   0|  0|    2|           1|           1|
    |or_ln471_242_fu_10566_p2          |        or|   0|  0|    2|           1|           1|
    |or_ln471_243_fu_10648_p2          |        or|   0|  0|    2|           1|           1|
    |or_ln471_244_fu_10730_p2          |        or|   0|  0|    2|           1|           1|
    |or_ln471_245_fu_10812_p2          |        or|   0|  0|    2|           1|           1|
    |or_ln471_246_fu_10894_p2          |        or|   0|  0|    2|           1|           1|
    |or_ln471_247_fu_10976_p2          |        or|   0|  0|    2|           1|           1|
    |or_ln471_248_fu_11058_p2          |        or|   0|  0|    2|           1|           1|
    |or_ln471_249_fu_11140_p2          |        or|   0|  0|    2|           1|           1|
    |or_ln471_250_fu_11222_p2          |        or|   0|  0|    2|           1|           1|
    |or_ln471_251_fu_11304_p2          |        or|   0|  0|    2|           1|           1|
    |or_ln471_252_fu_11386_p2          |        or|   0|  0|    2|           1|           1|
    |or_ln471_253_fu_11468_p2          |        or|   0|  0|    2|           1|           1|
    |or_ln471_254_fu_11550_p2          |        or|   0|  0|    2|           1|           1|
    |or_ln471_fu_1136_p2               |        or|   0|  0|    2|           1|           1|
    |datareg_V_636_fu_1142_p3          |    select|   0|  0|   14|           1|          14|
    |datareg_V_637_fu_1224_p3          |    select|   0|  0|   14|           1|          14|
    |datareg_V_638_fu_1306_p3          |    select|   0|  0|   14|           1|          14|
    |datareg_V_639_fu_1470_p3          |    select|   0|  0|   14|           1|          14|
    |datareg_V_640_fu_1552_p3          |    select|   0|  0|   14|           1|          14|
    |datareg_V_641_fu_1634_p3          |    select|   0|  0|   14|           1|          14|
    |datareg_V_642_fu_1716_p3          |    select|   0|  0|   14|           1|          14|
    |datareg_V_643_fu_1798_p3          |    select|   0|  0|   14|           1|          14|
    |datareg_V_644_fu_1880_p3          |    select|   0|  0|   14|           1|          14|
    |datareg_V_645_fu_1962_p3          |    select|   0|  0|   14|           1|          14|
    |datareg_V_646_fu_2044_p3          |    select|   0|  0|   14|           1|          14|
    |datareg_V_647_fu_2126_p3          |    select|   0|  0|   14|           1|          14|
    |datareg_V_648_fu_2208_p3          |    select|   0|  0|   14|           1|          14|
    |datareg_V_649_fu_2290_p3          |    select|   0|  0|   14|           1|          14|
    |datareg_V_650_fu_2372_p3          |    select|   0|  0|   14|           1|          14|
    |datareg_V_651_fu_2454_p3          |    select|   0|  0|   14|           1|          14|
    |datareg_V_652_fu_2536_p3          |    select|   0|  0|   14|           1|          14|
    |datareg_V_653_fu_2618_p3          |    select|   0|  0|   14|           1|          14|
    |datareg_V_654_fu_2700_p3          |    select|   0|  0|   14|           1|          14|
    |datareg_V_655_fu_2782_p3          |    select|   0|  0|   14|           1|          14|
    |datareg_V_656_fu_2864_p3          |    select|   0|  0|   14|           1|          14|
    |datareg_V_657_fu_2946_p3          |    select|   0|  0|   14|           1|          14|
    |datareg_V_658_fu_3028_p3          |    select|   0|  0|   14|           1|          14|
    |datareg_V_659_fu_3110_p3          |    select|   0|  0|   14|           1|          14|
    |datareg_V_660_fu_3192_p3          |    select|   0|  0|   14|           1|          14|
    |datareg_V_661_fu_3274_p3          |    select|   0|  0|   14|           1|          14|
    |datareg_V_662_fu_3356_p3          |    select|   0|  0|   14|           1|          14|
    |datareg_V_663_fu_3438_p3          |    select|   0|  0|   14|           1|          14|
    |datareg_V_664_fu_3520_p3          |    select|   0|  0|   14|           1|          14|
    |datareg_V_665_fu_3602_p3          |    select|   0|  0|   14|           1|          14|
    |datareg_V_666_fu_3684_p3          |    select|   0|  0|   14|           1|          14|
    |datareg_V_667_fu_3766_p3          |    select|   0|  0|   14|           1|          14|
    |datareg_V_668_fu_3848_p3          |    select|   0|  0|   14|           1|          14|
    |datareg_V_669_fu_3930_p3          |    select|   0|  0|   14|           1|          14|
    |datareg_V_670_fu_4012_p3          |    select|   0|  0|   14|           1|          14|
    |datareg_V_671_fu_4094_p3          |    select|   0|  0|   14|           1|          14|
    |datareg_V_672_fu_4176_p3          |    select|   0|  0|   14|           1|          14|
    |datareg_V_673_fu_4258_p3          |    select|   0|  0|   14|           1|          14|
    |datareg_V_674_fu_4340_p3          |    select|   0|  0|   14|           1|          14|
    |datareg_V_675_fu_4422_p3          |    select|   0|  0|   14|           1|          14|
    |datareg_V_676_fu_4504_p3          |    select|   0|  0|   14|           1|          14|
    |datareg_V_677_fu_4586_p3          |    select|   0|  0|   14|           1|          14|
    |datareg_V_678_fu_4668_p3          |    select|   0|  0|   14|           1|          14|
    |datareg_V_679_fu_4750_p3          |    select|   0|  0|   14|           1|          14|
    |datareg_V_680_fu_4832_p3          |    select|   0|  0|   14|           1|          14|
    |datareg_V_681_fu_4914_p3          |    select|   0|  0|   14|           1|          14|
    |datareg_V_682_fu_4996_p3          |    select|   0|  0|   14|           1|          14|
    |datareg_V_683_fu_5078_p3          |    select|   0|  0|   14|           1|          14|
    |datareg_V_684_fu_5160_p3          |    select|   0|  0|   14|           1|          14|
    |datareg_V_685_fu_5242_p3          |    select|   0|  0|   14|           1|          14|
    |datareg_V_686_fu_5324_p3          |    select|   0|  0|   14|           1|          14|
    |datareg_V_687_fu_5406_p3          |    select|   0|  0|   14|           1|          14|
    |datareg_V_688_fu_5488_p3          |    select|   0|  0|   14|           1|          14|
    |datareg_V_689_fu_5570_p3          |    select|   0|  0|   14|           1|          14|
    |datareg_V_690_fu_5652_p3          |    select|   0|  0|   14|           1|          14|
    |datareg_V_691_fu_5734_p3          |    select|   0|  0|   14|           1|          14|
    |datareg_V_692_fu_5816_p3          |    select|   0|  0|   14|           1|          14|
    |datareg_V_693_fu_5898_p3          |    select|   0|  0|   14|           1|          14|
    |datareg_V_694_fu_5980_p3          |    select|   0|  0|   14|           1|          14|
    |datareg_V_695_fu_6062_p3          |    select|   0|  0|   14|           1|          14|
    |datareg_V_696_fu_6144_p3          |    select|   0|  0|   14|           1|          14|
    |datareg_V_697_fu_6226_p3          |    select|   0|  0|   14|           1|          14|
    |datareg_V_698_fu_6308_p3          |    select|   0|  0|   14|           1|          14|
    |datareg_V_699_fu_6390_p3          |    select|   0|  0|   14|           1|          14|
    |datareg_V_700_fu_6472_p3          |    select|   0|  0|   14|           1|          14|
    |datareg_V_701_fu_6554_p3          |    select|   0|  0|   14|           1|          14|
    |datareg_V_702_fu_6636_p3          |    select|   0|  0|   14|           1|          14|
    |datareg_V_703_fu_6718_p3          |    select|   0|  0|   14|           1|          14|
    |datareg_V_704_fu_6800_p3          |    select|   0|  0|   14|           1|          14|
    |datareg_V_705_fu_6882_p3          |    select|   0|  0|   14|           1|          14|
    |datareg_V_706_fu_6964_p3          |    select|   0|  0|   14|           1|          14|
    |datareg_V_707_fu_7046_p3          |    select|   0|  0|   14|           1|          14|
    |datareg_V_708_fu_7128_p3          |    select|   0|  0|   14|           1|          14|
    |datareg_V_709_fu_7210_p3          |    select|   0|  0|   14|           1|          14|
    |datareg_V_710_fu_7292_p3          |    select|   0|  0|   14|           1|          14|
    |datareg_V_711_fu_7374_p3          |    select|   0|  0|   14|           1|          14|
    |datareg_V_712_fu_7456_p3          |    select|   0|  0|   14|           1|          14|
    |datareg_V_713_fu_7538_p3          |    select|   0|  0|   14|           1|          14|
    |datareg_V_714_fu_7620_p3          |    select|   0|  0|   14|           1|          14|
    |datareg_V_715_fu_7702_p3          |    select|   0|  0|   14|           1|          14|
    |datareg_V_716_fu_7784_p3          |    select|   0|  0|   14|           1|          14|
    |datareg_V_717_fu_7866_p3          |    select|   0|  0|   14|           1|          14|
    |datareg_V_718_fu_7948_p3          |    select|   0|  0|   14|           1|          14|
    |datareg_V_719_fu_8030_p3          |    select|   0|  0|   14|           1|          14|
    |datareg_V_720_fu_8112_p3          |    select|   0|  0|   14|           1|          14|
    |datareg_V_721_fu_8194_p3          |    select|   0|  0|   14|           1|          14|
    |datareg_V_722_fu_8276_p3          |    select|   0|  0|   14|           1|          14|
    |datareg_V_723_fu_8358_p3          |    select|   0|  0|   14|           1|          14|
    |datareg_V_724_fu_8440_p3          |    select|   0|  0|   14|           1|          14|
    |datareg_V_725_fu_8522_p3          |    select|   0|  0|   14|           1|          14|
    |datareg_V_726_fu_8604_p3          |    select|   0|  0|   14|           1|          14|
    |datareg_V_727_fu_8686_p3          |    select|   0|  0|   14|           1|          14|
    |datareg_V_728_fu_8768_p3          |    select|   0|  0|   14|           1|          14|
    |datareg_V_729_fu_8850_p3          |    select|   0|  0|   14|           1|          14|
    |datareg_V_730_fu_8932_p3          |    select|   0|  0|   14|           1|          14|
    |datareg_V_731_fu_9014_p3          |    select|   0|  0|   14|           1|          14|
    |datareg_V_732_fu_9096_p3          |    select|   0|  0|   14|           1|          14|
    |datareg_V_733_fu_9178_p3          |    select|   0|  0|   14|           1|          14|
    |datareg_V_734_fu_9260_p3          |    select|   0|  0|   14|           1|          14|
    |datareg_V_735_fu_9342_p3          |    select|   0|  0|   14|           1|          14|
    |datareg_V_736_fu_9424_p3          |    select|   0|  0|   14|           1|          14|
    |datareg_V_737_fu_9506_p3          |    select|   0|  0|   14|           1|          14|
    |datareg_V_738_fu_9588_p3          |    select|   0|  0|   14|           1|          14|
    |datareg_V_739_fu_9670_p3          |    select|   0|  0|   14|           1|          14|
    |datareg_V_740_fu_9752_p3          |    select|   0|  0|   14|           1|          14|
    |datareg_V_741_fu_9834_p3          |    select|   0|  0|   14|           1|          14|
    |datareg_V_742_fu_9916_p3          |    select|   0|  0|   14|           1|          14|
    |datareg_V_743_fu_9998_p3          |    select|   0|  0|   14|           1|          14|
    |datareg_V_744_fu_10080_p3         |    select|   0|  0|   14|           1|          14|
    |datareg_V_745_fu_10162_p3         |    select|   0|  0|   14|           1|          14|
    |datareg_V_746_fu_10244_p3         |    select|   0|  0|   14|           1|          14|
    |datareg_V_747_fu_10326_p3         |    select|   0|  0|   14|           1|          14|
    |datareg_V_748_fu_10408_p3         |    select|   0|  0|   14|           1|          14|
    |datareg_V_749_fu_10490_p3         |    select|   0|  0|   14|           1|          14|
    |datareg_V_750_fu_10572_p3         |    select|   0|  0|   14|           1|          14|
    |datareg_V_751_fu_10654_p3         |    select|   0|  0|   14|           1|          14|
    |datareg_V_752_fu_10736_p3         |    select|   0|  0|   14|           1|          14|
    |datareg_V_753_fu_10818_p3         |    select|   0|  0|   14|           1|          14|
    |datareg_V_754_fu_10900_p3         |    select|   0|  0|   14|           1|          14|
    |datareg_V_755_fu_10982_p3         |    select|   0|  0|   14|           1|          14|
    |datareg_V_756_fu_11064_p3         |    select|   0|  0|   14|           1|          14|
    |datareg_V_757_fu_11146_p3         |    select|   0|  0|   14|           1|          14|
    |datareg_V_758_fu_11228_p3         |    select|   0|  0|   14|           1|          14|
    |datareg_V_759_fu_11310_p3         |    select|   0|  0|   14|           1|          14|
    |datareg_V_760_fu_11392_p3         |    select|   0|  0|   14|           1|          14|
    |datareg_V_761_fu_11474_p3         |    select|   0|  0|   14|           1|          14|
    |datareg_V_762_fu_11556_p3         |    select|   0|  0|   14|           1|          14|
    |datareg_V_fu_1388_p3              |    select|   0|  0|   14|           1|          14|
    |select_ln302_128_fu_11762_p3      |    select|   0|  0|    8|           1|           8|
    |select_ln302_129_fu_11860_p3      |    select|   0|  0|    8|           1|           8|
    |select_ln302_130_fu_11958_p3      |    select|   0|  0|    8|           1|           8|
    |select_ln302_131_fu_12056_p3      |    select|   0|  0|    8|           1|           8|
    |select_ln302_132_fu_12154_p3      |    select|   0|  0|    8|           1|           8|
    |select_ln302_133_fu_12252_p3      |    select|   0|  0|    8|           1|           8|
    |select_ln302_134_fu_12350_p3      |    select|   0|  0|    8|           1|           8|
    |select_ln302_135_fu_12448_p3      |    select|   0|  0|    8|           1|           8|
    |select_ln302_136_fu_12546_p3      |    select|   0|  0|    8|           1|           8|
    |select_ln302_137_fu_12644_p3      |    select|   0|  0|    8|           1|           8|
    |select_ln302_138_fu_12742_p3      |    select|   0|  0|    8|           1|           8|
    |select_ln302_139_fu_12840_p3      |    select|   0|  0|    8|           1|           8|
    |select_ln302_140_fu_12938_p3      |    select|   0|  0|    8|           1|           8|
    |select_ln302_141_fu_13036_p3      |    select|   0|  0|    8|           1|           8|
    |select_ln302_142_fu_13134_p3      |    select|   0|  0|    8|           1|           8|
    |select_ln302_143_fu_13232_p3      |    select|   0|  0|    8|           1|           8|
    |select_ln302_144_fu_13330_p3      |    select|   0|  0|    8|           1|           8|
    |select_ln302_145_fu_13428_p3      |    select|   0|  0|    8|           1|           8|
    |select_ln302_146_fu_13526_p3      |    select|   0|  0|    8|           1|           8|
    |select_ln302_147_fu_13624_p3      |    select|   0|  0|    8|           1|           8|
    |select_ln302_148_fu_13722_p3      |    select|   0|  0|    8|           1|           8|
    |select_ln302_149_fu_13820_p3      |    select|   0|  0|    8|           1|           8|
    |select_ln302_150_fu_13918_p3      |    select|   0|  0|    8|           1|           8|
    |select_ln302_151_fu_14016_p3      |    select|   0|  0|    8|           1|           8|
    |select_ln302_152_fu_14114_p3      |    select|   0|  0|    8|           1|           8|
    |select_ln302_153_fu_14212_p3      |    select|   0|  0|    8|           1|           8|
    |select_ln302_154_fu_14310_p3      |    select|   0|  0|    8|           1|           8|
    |select_ln302_155_fu_14408_p3      |    select|   0|  0|    8|           1|           8|
    |select_ln302_156_fu_14506_p3      |    select|   0|  0|    8|           1|           8|
    |select_ln302_157_fu_14604_p3      |    select|   0|  0|    8|           1|           8|
    |select_ln302_158_fu_14702_p3      |    select|   0|  0|    8|           1|           8|
    |select_ln302_159_fu_14800_p3      |    select|   0|  0|    8|           1|           8|
    |select_ln302_160_fu_14898_p3      |    select|   0|  0|    8|           1|           8|
    |select_ln302_161_fu_14996_p3      |    select|   0|  0|    8|           1|           8|
    |select_ln302_162_fu_15094_p3      |    select|   0|  0|    8|           1|           8|
    |select_ln302_163_fu_15192_p3      |    select|   0|  0|    8|           1|           8|
    |select_ln302_164_fu_15290_p3      |    select|   0|  0|    8|           1|           8|
    |select_ln302_165_fu_15388_p3      |    select|   0|  0|    8|           1|           8|
    |select_ln302_166_fu_15486_p3      |    select|   0|  0|    8|           1|           8|
    |select_ln302_167_fu_15584_p3      |    select|   0|  0|    8|           1|           8|
    |select_ln302_168_fu_15682_p3      |    select|   0|  0|    8|           1|           8|
    |select_ln302_169_fu_15780_p3      |    select|   0|  0|    8|           1|           8|
    |select_ln302_170_fu_15878_p3      |    select|   0|  0|    8|           1|           8|
    |select_ln302_171_fu_15976_p3      |    select|   0|  0|    8|           1|           8|
    |select_ln302_172_fu_16074_p3      |    select|   0|  0|    8|           1|           8|
    |select_ln302_173_fu_16172_p3      |    select|   0|  0|    8|           1|           8|
    |select_ln302_174_fu_16270_p3      |    select|   0|  0|    8|           1|           8|
    |select_ln302_175_fu_16368_p3      |    select|   0|  0|    8|           1|           8|
    |select_ln302_176_fu_16466_p3      |    select|   0|  0|    8|           1|           8|
    |select_ln302_177_fu_16564_p3      |    select|   0|  0|    8|           1|           8|
    |select_ln302_178_fu_16662_p3      |    select|   0|  0|    8|           1|           8|
    |select_ln302_179_fu_16760_p3      |    select|   0|  0|    8|           1|           8|
    |select_ln302_180_fu_16858_p3      |    select|   0|  0|    8|           1|           8|
    |select_ln302_181_fu_16956_p3      |    select|   0|  0|    8|           1|           8|
    |select_ln302_182_fu_17054_p3      |    select|   0|  0|    8|           1|           8|
    |select_ln302_183_fu_17152_p3      |    select|   0|  0|    8|           1|           8|
    |select_ln302_184_fu_17250_p3      |    select|   0|  0|    8|           1|           8|
    |select_ln302_185_fu_17348_p3      |    select|   0|  0|    8|           1|           8|
    |select_ln302_186_fu_17446_p3      |    select|   0|  0|    8|           1|           8|
    |select_ln302_187_fu_17544_p3      |    select|   0|  0|    8|           1|           8|
    |select_ln302_188_fu_17642_p3      |    select|   0|  0|    8|           1|           8|
    |select_ln302_189_fu_17740_p3      |    select|   0|  0|    8|           1|           8|
    |select_ln302_190_fu_17838_p3      |    select|   0|  0|    8|           1|           8|
    |select_ln302_191_fu_17936_p3      |    select|   0|  0|    8|           1|           8|
    |select_ln302_192_fu_18034_p3      |    select|   0|  0|    8|           1|           8|
    |select_ln302_193_fu_18132_p3      |    select|   0|  0|    8|           1|           8|
    |select_ln302_194_fu_18230_p3      |    select|   0|  0|    8|           1|           8|
    |select_ln302_195_fu_18328_p3      |    select|   0|  0|    8|           1|           8|
    |select_ln302_196_fu_18426_p3      |    select|   0|  0|    8|           1|           8|
    |select_ln302_197_fu_18524_p3      |    select|   0|  0|    8|           1|           8|
    |select_ln302_198_fu_18622_p3      |    select|   0|  0|    8|           1|           8|
    |select_ln302_199_fu_18720_p3      |    select|   0|  0|    8|           1|           8|
    |select_ln302_200_fu_18818_p3      |    select|   0|  0|    8|           1|           8|
    |select_ln302_201_fu_18916_p3      |    select|   0|  0|    8|           1|           8|
    |select_ln302_202_fu_19014_p3      |    select|   0|  0|    8|           1|           8|
    |select_ln302_203_fu_19112_p3      |    select|   0|  0|    8|           1|           8|
    |select_ln302_204_fu_19210_p3      |    select|   0|  0|    8|           1|           8|
    |select_ln302_205_fu_19308_p3      |    select|   0|  0|    8|           1|           8|
    |select_ln302_206_fu_19406_p3      |    select|   0|  0|    8|           1|           8|
    |select_ln302_207_fu_19504_p3      |    select|   0|  0|    8|           1|           8|
    |select_ln302_208_fu_19602_p3      |    select|   0|  0|    8|           1|           8|
    |select_ln302_209_fu_19700_p3      |    select|   0|  0|    8|           1|           8|
    |select_ln302_210_fu_19798_p3      |    select|   0|  0|    8|           1|           8|
    |select_ln302_211_fu_19896_p3      |    select|   0|  0|    8|           1|           8|
    |select_ln302_212_fu_19994_p3      |    select|   0|  0|    8|           1|           8|
    |select_ln302_213_fu_20092_p3      |    select|   0|  0|    8|           1|           8|
    |select_ln302_214_fu_20190_p3      |    select|   0|  0|    8|           1|           8|
    |select_ln302_215_fu_20288_p3      |    select|   0|  0|    8|           1|           8|
    |select_ln302_216_fu_20386_p3      |    select|   0|  0|    8|           1|           8|
    |select_ln302_217_fu_20484_p3      |    select|   0|  0|    8|           1|           8|
    |select_ln302_218_fu_20582_p3      |    select|   0|  0|    8|           1|           8|
    |select_ln302_219_fu_20680_p3      |    select|   0|  0|    8|           1|           8|
    |select_ln302_220_fu_20778_p3      |    select|   0|  0|    8|           1|           8|
    |select_ln302_221_fu_20876_p3      |    select|   0|  0|    8|           1|           8|
    |select_ln302_222_fu_20974_p3      |    select|   0|  0|    8|           1|           8|
    |select_ln302_223_fu_21072_p3      |    select|   0|  0|    8|           1|           8|
    |select_ln302_224_fu_21170_p3      |    select|   0|  0|    8|           1|           8|
    |select_ln302_225_fu_21268_p3      |    select|   0|  0|    8|           1|           8|
    |select_ln302_226_fu_21366_p3      |    select|   0|  0|    8|           1|           8|
    |select_ln302_227_fu_21464_p3      |    select|   0|  0|    8|           1|           8|
    |select_ln302_228_fu_21562_p3      |    select|   0|  0|    8|           1|           8|
    |select_ln302_229_fu_21660_p3      |    select|   0|  0|    8|           1|           8|
    |select_ln302_230_fu_21758_p3      |    select|   0|  0|    8|           1|           8|
    |select_ln302_231_fu_21856_p3      |    select|   0|  0|    8|           1|           8|
    |select_ln302_232_fu_21954_p3      |    select|   0|  0|    8|           1|           8|
    |select_ln302_233_fu_22052_p3      |    select|   0|  0|    8|           1|           8|
    |select_ln302_234_fu_22150_p3      |    select|   0|  0|    8|           1|           8|
    |select_ln302_235_fu_22248_p3      |    select|   0|  0|    8|           1|           8|
    |select_ln302_236_fu_22346_p3      |    select|   0|  0|    8|           1|           8|
    |select_ln302_237_fu_22444_p3      |    select|   0|  0|    8|           1|           8|
    |select_ln302_238_fu_22542_p3      |    select|   0|  0|    8|           1|           8|
    |select_ln302_239_fu_22640_p3      |    select|   0|  0|    8|           1|           8|
    |select_ln302_240_fu_22738_p3      |    select|   0|  0|    8|           1|           8|
    |select_ln302_241_fu_22836_p3      |    select|   0|  0|    8|           1|           8|
    |select_ln302_242_fu_22934_p3      |    select|   0|  0|    8|           1|           8|
    |select_ln302_243_fu_23032_p3      |    select|   0|  0|    8|           1|           8|
    |select_ln302_244_fu_23130_p3      |    select|   0|  0|    8|           1|           8|
    |select_ln302_245_fu_23228_p3      |    select|   0|  0|    8|           1|           8|
    |select_ln302_246_fu_23326_p3      |    select|   0|  0|    8|           1|           8|
    |select_ln302_247_fu_23424_p3      |    select|   0|  0|    8|           1|           8|
    |select_ln302_248_fu_23522_p3      |    select|   0|  0|    8|           1|           8|
    |select_ln302_249_fu_23620_p3      |    select|   0|  0|    8|           1|           8|
    |select_ln302_250_fu_23718_p3      |    select|   0|  0|    8|           1|           8|
    |select_ln302_251_fu_23816_p3      |    select|   0|  0|    8|           1|           8|
    |select_ln302_252_fu_23914_p3      |    select|   0|  0|    8|           1|           8|
    |select_ln302_253_fu_24012_p3      |    select|   0|  0|    8|           1|           8|
    |select_ln302_254_fu_24110_p3      |    select|   0|  0|    8|           1|           8|
    |select_ln302_fu_11664_p3          |    select|   0|  0|    8|           1|           8|
    |select_ln471_128_fu_1210_p3       |    select|   0|  0|   15|           1|          15|
    |select_ln471_129_fu_1292_p3       |    select|   0|  0|   15|           1|          15|
    |select_ln471_130_fu_1374_p3       |    select|   0|  0|   15|           1|          15|
    |select_ln471_131_fu_1456_p3       |    select|   0|  0|   15|           1|          15|
    |select_ln471_132_fu_1538_p3       |    select|   0|  0|   15|           1|          15|
    |select_ln471_133_fu_1620_p3       |    select|   0|  0|   15|           1|          15|
    |select_ln471_134_fu_1702_p3       |    select|   0|  0|   15|           1|          15|
    |select_ln471_135_fu_1784_p3       |    select|   0|  0|   15|           1|          15|
    |select_ln471_136_fu_1866_p3       |    select|   0|  0|   15|           1|          15|
    |select_ln471_137_fu_1948_p3       |    select|   0|  0|   15|           1|          15|
    |select_ln471_138_fu_2030_p3       |    select|   0|  0|   15|           1|          15|
    |select_ln471_139_fu_2112_p3       |    select|   0|  0|   15|           1|          15|
    |select_ln471_140_fu_2194_p3       |    select|   0|  0|   15|           1|          15|
    |select_ln471_141_fu_2276_p3       |    select|   0|  0|   15|           1|          15|
    |select_ln471_142_fu_2358_p3       |    select|   0|  0|   15|           1|          15|
    |select_ln471_143_fu_2440_p3       |    select|   0|  0|   15|           1|          15|
    |select_ln471_144_fu_2522_p3       |    select|   0|  0|   15|           1|          15|
    |select_ln471_145_fu_2604_p3       |    select|   0|  0|   15|           1|          15|
    |select_ln471_146_fu_2686_p3       |    select|   0|  0|   15|           1|          15|
    |select_ln471_147_fu_2768_p3       |    select|   0|  0|   15|           1|          15|
    |select_ln471_148_fu_2850_p3       |    select|   0|  0|   15|           1|          15|
    |select_ln471_149_fu_2932_p3       |    select|   0|  0|   15|           1|          15|
    |select_ln471_150_fu_3014_p3       |    select|   0|  0|   15|           1|          15|
    |select_ln471_151_fu_3096_p3       |    select|   0|  0|   15|           1|          15|
    |select_ln471_152_fu_3178_p3       |    select|   0|  0|   15|           1|          15|
    |select_ln471_153_fu_3260_p3       |    select|   0|  0|   15|           1|          15|
    |select_ln471_154_fu_3342_p3       |    select|   0|  0|   15|           1|          15|
    |select_ln471_155_fu_3424_p3       |    select|   0|  0|   15|           1|          15|
    |select_ln471_156_fu_3506_p3       |    select|   0|  0|   15|           1|          15|
    |select_ln471_157_fu_3588_p3       |    select|   0|  0|   15|           1|          15|
    |select_ln471_158_fu_3670_p3       |    select|   0|  0|   15|           1|          15|
    |select_ln471_159_fu_3752_p3       |    select|   0|  0|   15|           1|          15|
    |select_ln471_160_fu_3834_p3       |    select|   0|  0|   15|           1|          15|
    |select_ln471_161_fu_3916_p3       |    select|   0|  0|   15|           1|          15|
    |select_ln471_162_fu_3998_p3       |    select|   0|  0|   15|           1|          15|
    |select_ln471_163_fu_4080_p3       |    select|   0|  0|   15|           1|          15|
    |select_ln471_164_fu_4162_p3       |    select|   0|  0|   15|           1|          15|
    |select_ln471_165_fu_4244_p3       |    select|   0|  0|   15|           1|          15|
    |select_ln471_166_fu_4326_p3       |    select|   0|  0|   15|           1|          15|
    |select_ln471_167_fu_4408_p3       |    select|   0|  0|   15|           1|          15|
    |select_ln471_168_fu_4490_p3       |    select|   0|  0|   15|           1|          15|
    |select_ln471_169_fu_4572_p3       |    select|   0|  0|   15|           1|          15|
    |select_ln471_170_fu_4654_p3       |    select|   0|  0|   15|           1|          15|
    |select_ln471_171_fu_4736_p3       |    select|   0|  0|   15|           1|          15|
    |select_ln471_172_fu_4818_p3       |    select|   0|  0|   15|           1|          15|
    |select_ln471_173_fu_4900_p3       |    select|   0|  0|   15|           1|          15|
    |select_ln471_174_fu_4982_p3       |    select|   0|  0|   15|           1|          15|
    |select_ln471_175_fu_5064_p3       |    select|   0|  0|   15|           1|          15|
    |select_ln471_176_fu_5146_p3       |    select|   0|  0|   15|           1|          15|
    |select_ln471_177_fu_5228_p3       |    select|   0|  0|   15|           1|          15|
    |select_ln471_178_fu_5310_p3       |    select|   0|  0|   15|           1|          15|
    |select_ln471_179_fu_5392_p3       |    select|   0|  0|   15|           1|          15|
    |select_ln471_180_fu_5474_p3       |    select|   0|  0|   15|           1|          15|
    |select_ln471_181_fu_5556_p3       |    select|   0|  0|   15|           1|          15|
    |select_ln471_182_fu_5638_p3       |    select|   0|  0|   15|           1|          15|
    |select_ln471_183_fu_5720_p3       |    select|   0|  0|   15|           1|          15|
    |select_ln471_184_fu_5802_p3       |    select|   0|  0|   15|           1|          15|
    |select_ln471_185_fu_5884_p3       |    select|   0|  0|   15|           1|          15|
    |select_ln471_186_fu_5966_p3       |    select|   0|  0|   15|           1|          15|
    |select_ln471_187_fu_6048_p3       |    select|   0|  0|   15|           1|          15|
    |select_ln471_188_fu_6130_p3       |    select|   0|  0|   15|           1|          15|
    |select_ln471_189_fu_6212_p3       |    select|   0|  0|   15|           1|          15|
    |select_ln471_190_fu_6294_p3       |    select|   0|  0|   15|           1|          15|
    |select_ln471_191_fu_6376_p3       |    select|   0|  0|   15|           1|          15|
    |select_ln471_192_fu_6458_p3       |    select|   0|  0|   15|           1|          15|
    |select_ln471_193_fu_6540_p3       |    select|   0|  0|   15|           1|          15|
    |select_ln471_194_fu_6622_p3       |    select|   0|  0|   15|           1|          15|
    |select_ln471_195_fu_6704_p3       |    select|   0|  0|   15|           1|          15|
    |select_ln471_196_fu_6786_p3       |    select|   0|  0|   15|           1|          15|
    |select_ln471_197_fu_6868_p3       |    select|   0|  0|   15|           1|          15|
    |select_ln471_198_fu_6950_p3       |    select|   0|  0|   15|           1|          15|
    |select_ln471_199_fu_7032_p3       |    select|   0|  0|   15|           1|          15|
    |select_ln471_200_fu_7114_p3       |    select|   0|  0|   15|           1|          15|
    |select_ln471_201_fu_7196_p3       |    select|   0|  0|   15|           1|          15|
    |select_ln471_202_fu_7278_p3       |    select|   0|  0|   15|           1|          15|
    |select_ln471_203_fu_7360_p3       |    select|   0|  0|   15|           1|          15|
    |select_ln471_204_fu_7442_p3       |    select|   0|  0|   15|           1|          15|
    |select_ln471_205_fu_7524_p3       |    select|   0|  0|   15|           1|          15|
    |select_ln471_206_fu_7606_p3       |    select|   0|  0|   15|           1|          15|
    |select_ln471_207_fu_7688_p3       |    select|   0|  0|   15|           1|          15|
    |select_ln471_208_fu_7770_p3       |    select|   0|  0|   15|           1|          15|
    |select_ln471_209_fu_7852_p3       |    select|   0|  0|   15|           1|          15|
    |select_ln471_210_fu_7934_p3       |    select|   0|  0|   15|           1|          15|
    |select_ln471_211_fu_8016_p3       |    select|   0|  0|   15|           1|          15|
    |select_ln471_212_fu_8098_p3       |    select|   0|  0|   15|           1|          15|
    |select_ln471_213_fu_8180_p3       |    select|   0|  0|   15|           1|          15|
    |select_ln471_214_fu_8262_p3       |    select|   0|  0|   15|           1|          15|
    |select_ln471_215_fu_8344_p3       |    select|   0|  0|   15|           1|          15|
    |select_ln471_216_fu_8426_p3       |    select|   0|  0|   15|           1|          15|
    |select_ln471_217_fu_8508_p3       |    select|   0|  0|   15|           1|          15|
    |select_ln471_218_fu_8590_p3       |    select|   0|  0|   15|           1|          15|
    |select_ln471_219_fu_8672_p3       |    select|   0|  0|   15|           1|          15|
    |select_ln471_220_fu_8754_p3       |    select|   0|  0|   15|           1|          15|
    |select_ln471_221_fu_8836_p3       |    select|   0|  0|   15|           1|          15|
    |select_ln471_222_fu_8918_p3       |    select|   0|  0|   15|           1|          15|
    |select_ln471_223_fu_9000_p3       |    select|   0|  0|   15|           1|          15|
    |select_ln471_224_fu_9082_p3       |    select|   0|  0|   15|           1|          15|
    |select_ln471_225_fu_9164_p3       |    select|   0|  0|   15|           1|          15|
    |select_ln471_226_fu_9246_p3       |    select|   0|  0|   15|           1|          15|
    |select_ln471_227_fu_9328_p3       |    select|   0|  0|   15|           1|          15|
    |select_ln471_228_fu_9410_p3       |    select|   0|  0|   15|           1|          15|
    |select_ln471_229_fu_9492_p3       |    select|   0|  0|   15|           1|          15|
    |select_ln471_230_fu_9574_p3       |    select|   0|  0|   15|           1|          15|
    |select_ln471_231_fu_9656_p3       |    select|   0|  0|   15|           1|          15|
    |select_ln471_232_fu_9738_p3       |    select|   0|  0|   15|           1|          15|
    |select_ln471_233_fu_9820_p3       |    select|   0|  0|   15|           1|          15|
    |select_ln471_234_fu_9902_p3       |    select|   0|  0|   15|           1|          15|
    |select_ln471_235_fu_9984_p3       |    select|   0|  0|   15|           1|          15|
    |select_ln471_236_fu_10066_p3      |    select|   0|  0|   15|           1|          15|
    |select_ln471_237_fu_10148_p3      |    select|   0|  0|   15|           1|          15|
    |select_ln471_238_fu_10230_p3      |    select|   0|  0|   15|           1|          15|
    |select_ln471_239_fu_10312_p3      |    select|   0|  0|   15|           1|          15|
    |select_ln471_240_fu_10394_p3      |    select|   0|  0|   15|           1|          15|
    |select_ln471_241_fu_10476_p3      |    select|   0|  0|   15|           1|          15|
    |select_ln471_242_fu_10558_p3      |    select|   0|  0|   15|           1|          15|
    |select_ln471_243_fu_10640_p3      |    select|   0|  0|   15|           1|          15|
    |select_ln471_244_fu_10722_p3      |    select|   0|  0|   15|           1|          15|
    |select_ln471_245_fu_10804_p3      |    select|   0|  0|   15|           1|          15|
    |select_ln471_246_fu_10886_p3      |    select|   0|  0|   15|           1|          15|
    |select_ln471_247_fu_10968_p3      |    select|   0|  0|   15|           1|          15|
    |select_ln471_248_fu_11050_p3      |    select|   0|  0|   15|           1|          15|
    |select_ln471_249_fu_11132_p3      |    select|   0|  0|   15|           1|          15|
    |select_ln471_250_fu_11214_p3      |    select|   0|  0|   15|           1|          15|
    |select_ln471_251_fu_11296_p3      |    select|   0|  0|   15|           1|          15|
    |select_ln471_252_fu_11378_p3      |    select|   0|  0|   15|           1|          15|
    |select_ln471_253_fu_11460_p3      |    select|   0|  0|   15|           1|          15|
    |select_ln471_254_fu_11542_p3      |    select|   0|  0|   15|           1|          15|
    |select_ln471_fu_1128_p3           |    select|   0|  0|   15|           1|          15|
    |Range1_all_zeros_258_fu_11723_p2  |       xor|   0|  0|    2|           1|           2|
    |Range1_all_zeros_259_fu_11821_p2  |       xor|   0|  0|    2|           1|           2|
    |Range1_all_zeros_260_fu_11919_p2  |       xor|   0|  0|    2|           1|           2|
    |Range1_all_zeros_261_fu_12017_p2  |       xor|   0|  0|    2|           1|           2|
    |Range1_all_zeros_262_fu_12115_p2  |       xor|   0|  0|    2|           1|           2|
    |Range1_all_zeros_263_fu_12213_p2  |       xor|   0|  0|    2|           1|           2|
    |Range1_all_zeros_264_fu_12311_p2  |       xor|   0|  0|    2|           1|           2|
    |Range1_all_zeros_265_fu_12409_p2  |       xor|   0|  0|    2|           1|           2|
    |Range1_all_zeros_266_fu_12507_p2  |       xor|   0|  0|    2|           1|           2|
    |Range1_all_zeros_267_fu_12605_p2  |       xor|   0|  0|    2|           1|           2|
    |Range1_all_zeros_268_fu_12703_p2  |       xor|   0|  0|    2|           1|           2|
    |Range1_all_zeros_269_fu_12801_p2  |       xor|   0|  0|    2|           1|           2|
    |Range1_all_zeros_270_fu_12899_p2  |       xor|   0|  0|    2|           1|           2|
    |Range1_all_zeros_271_fu_12997_p2  |       xor|   0|  0|    2|           1|           2|
    |Range1_all_zeros_272_fu_13095_p2  |       xor|   0|  0|    2|           1|           2|
    |Range1_all_zeros_273_fu_13193_p2  |       xor|   0|  0|    2|           1|           2|
    |Range1_all_zeros_274_fu_13291_p2  |       xor|   0|  0|    2|           1|           2|
    |Range1_all_zeros_275_fu_13389_p2  |       xor|   0|  0|    2|           1|           2|
    |Range1_all_zeros_276_fu_13487_p2  |       xor|   0|  0|    2|           1|           2|
    |Range1_all_zeros_277_fu_13585_p2  |       xor|   0|  0|    2|           1|           2|
    |Range1_all_zeros_278_fu_13683_p2  |       xor|   0|  0|    2|           1|           2|
    |Range1_all_zeros_279_fu_13781_p2  |       xor|   0|  0|    2|           1|           2|
    |Range1_all_zeros_280_fu_13879_p2  |       xor|   0|  0|    2|           1|           2|
    |Range1_all_zeros_281_fu_13977_p2  |       xor|   0|  0|    2|           1|           2|
    |Range1_all_zeros_282_fu_14075_p2  |       xor|   0|  0|    2|           1|           2|
    |Range1_all_zeros_283_fu_14173_p2  |       xor|   0|  0|    2|           1|           2|
    |Range1_all_zeros_284_fu_14271_p2  |       xor|   0|  0|    2|           1|           2|
    |Range1_all_zeros_285_fu_14369_p2  |       xor|   0|  0|    2|           1|           2|
    |Range1_all_zeros_286_fu_14467_p2  |       xor|   0|  0|    2|           1|           2|
    |Range1_all_zeros_287_fu_14565_p2  |       xor|   0|  0|    2|           1|           2|
    |Range1_all_zeros_288_fu_14663_p2  |       xor|   0|  0|    2|           1|           2|
    |Range1_all_zeros_289_fu_14761_p2  |       xor|   0|  0|    2|           1|           2|
    |Range1_all_zeros_290_fu_14859_p2  |       xor|   0|  0|    2|           1|           2|
    |Range1_all_zeros_291_fu_14957_p2  |       xor|   0|  0|    2|           1|           2|
    |Range1_all_zeros_292_fu_15055_p2  |       xor|   0|  0|    2|           1|           2|
    |Range1_all_zeros_293_fu_15153_p2  |       xor|   0|  0|    2|           1|           2|
    |Range1_all_zeros_294_fu_15251_p2  |       xor|   0|  0|    2|           1|           2|
    |Range1_all_zeros_295_fu_15349_p2  |       xor|   0|  0|    2|           1|           2|
    |Range1_all_zeros_296_fu_15447_p2  |       xor|   0|  0|    2|           1|           2|
    |Range1_all_zeros_297_fu_15545_p2  |       xor|   0|  0|    2|           1|           2|
    |Range1_all_zeros_298_fu_15643_p2  |       xor|   0|  0|    2|           1|           2|
    |Range1_all_zeros_299_fu_15741_p2  |       xor|   0|  0|    2|           1|           2|
    |Range1_all_zeros_300_fu_15839_p2  |       xor|   0|  0|    2|           1|           2|
    |Range1_all_zeros_301_fu_15937_p2  |       xor|   0|  0|    2|           1|           2|
    |Range1_all_zeros_302_fu_16035_p2  |       xor|   0|  0|    2|           1|           2|
    |Range1_all_zeros_303_fu_16133_p2  |       xor|   0|  0|    2|           1|           2|
    |Range1_all_zeros_304_fu_16231_p2  |       xor|   0|  0|    2|           1|           2|
    |Range1_all_zeros_305_fu_16329_p2  |       xor|   0|  0|    2|           1|           2|
    |Range1_all_zeros_306_fu_16427_p2  |       xor|   0|  0|    2|           1|           2|
    |Range1_all_zeros_307_fu_16525_p2  |       xor|   0|  0|    2|           1|           2|
    |Range1_all_zeros_308_fu_16623_p2  |       xor|   0|  0|    2|           1|           2|
    |Range1_all_zeros_309_fu_16721_p2  |       xor|   0|  0|    2|           1|           2|
    |Range1_all_zeros_310_fu_16819_p2  |       xor|   0|  0|    2|           1|           2|
    |Range1_all_zeros_311_fu_16917_p2  |       xor|   0|  0|    2|           1|           2|
    |Range1_all_zeros_312_fu_17015_p2  |       xor|   0|  0|    2|           1|           2|
    |Range1_all_zeros_313_fu_17113_p2  |       xor|   0|  0|    2|           1|           2|
    |Range1_all_zeros_314_fu_17211_p2  |       xor|   0|  0|    2|           1|           2|
    |Range1_all_zeros_315_fu_17309_p2  |       xor|   0|  0|    2|           1|           2|
    |Range1_all_zeros_316_fu_17407_p2  |       xor|   0|  0|    2|           1|           2|
    |Range1_all_zeros_317_fu_17505_p2  |       xor|   0|  0|    2|           1|           2|
    |Range1_all_zeros_318_fu_17603_p2  |       xor|   0|  0|    2|           1|           2|
    |Range1_all_zeros_319_fu_17701_p2  |       xor|   0|  0|    2|           1|           2|
    |Range1_all_zeros_320_fu_17799_p2  |       xor|   0|  0|    2|           1|           2|
    |Range1_all_zeros_321_fu_17897_p2  |       xor|   0|  0|    2|           1|           2|
    |Range1_all_zeros_322_fu_17995_p2  |       xor|   0|  0|    2|           1|           2|
    |Range1_all_zeros_323_fu_18093_p2  |       xor|   0|  0|    2|           1|           2|
    |Range1_all_zeros_324_fu_18191_p2  |       xor|   0|  0|    2|           1|           2|
    |Range1_all_zeros_325_fu_18289_p2  |       xor|   0|  0|    2|           1|           2|
    |Range1_all_zeros_326_fu_18387_p2  |       xor|   0|  0|    2|           1|           2|
    |Range1_all_zeros_327_fu_18485_p2  |       xor|   0|  0|    2|           1|           2|
    |Range1_all_zeros_328_fu_18583_p2  |       xor|   0|  0|    2|           1|           2|
    |Range1_all_zeros_329_fu_18681_p2  |       xor|   0|  0|    2|           1|           2|
    |Range1_all_zeros_330_fu_18779_p2  |       xor|   0|  0|    2|           1|           2|
    |Range1_all_zeros_331_fu_18877_p2  |       xor|   0|  0|    2|           1|           2|
    |Range1_all_zeros_332_fu_18975_p2  |       xor|   0|  0|    2|           1|           2|
    |Range1_all_zeros_333_fu_19073_p2  |       xor|   0|  0|    2|           1|           2|
    |Range1_all_zeros_334_fu_19171_p2  |       xor|   0|  0|    2|           1|           2|
    |Range1_all_zeros_335_fu_19269_p2  |       xor|   0|  0|    2|           1|           2|
    |Range1_all_zeros_336_fu_19367_p2  |       xor|   0|  0|    2|           1|           2|
    |Range1_all_zeros_337_fu_19465_p2  |       xor|   0|  0|    2|           1|           2|
    |Range1_all_zeros_338_fu_19563_p2  |       xor|   0|  0|    2|           1|           2|
    |Range1_all_zeros_339_fu_19661_p2  |       xor|   0|  0|    2|           1|           2|
    |Range1_all_zeros_340_fu_19759_p2  |       xor|   0|  0|    2|           1|           2|
    |Range1_all_zeros_341_fu_19857_p2  |       xor|   0|  0|    2|           1|           2|
    |Range1_all_zeros_342_fu_19955_p2  |       xor|   0|  0|    2|           1|           2|
    |Range1_all_zeros_343_fu_20053_p2  |       xor|   0|  0|    2|           1|           2|
    |Range1_all_zeros_344_fu_20151_p2  |       xor|   0|  0|    2|           1|           2|
    |Range1_all_zeros_345_fu_20249_p2  |       xor|   0|  0|    2|           1|           2|
    |Range1_all_zeros_346_fu_20347_p2  |       xor|   0|  0|    2|           1|           2|
    |Range1_all_zeros_347_fu_20445_p2  |       xor|   0|  0|    2|           1|           2|
    |Range1_all_zeros_348_fu_20543_p2  |       xor|   0|  0|    2|           1|           2|
    |Range1_all_zeros_349_fu_20641_p2  |       xor|   0|  0|    2|           1|           2|
    |Range1_all_zeros_350_fu_20739_p2  |       xor|   0|  0|    2|           1|           2|
    |Range1_all_zeros_351_fu_20837_p2  |       xor|   0|  0|    2|           1|           2|
    |Range1_all_zeros_352_fu_20935_p2  |       xor|   0|  0|    2|           1|           2|
    |Range1_all_zeros_353_fu_21033_p2  |       xor|   0|  0|    2|           1|           2|
    |Range1_all_zeros_354_fu_21131_p2  |       xor|   0|  0|    2|           1|           2|
    |Range1_all_zeros_355_fu_21229_p2  |       xor|   0|  0|    2|           1|           2|
    |Range1_all_zeros_356_fu_21327_p2  |       xor|   0|  0|    2|           1|           2|
    |Range1_all_zeros_357_fu_21425_p2  |       xor|   0|  0|    2|           1|           2|
    |Range1_all_zeros_358_fu_21523_p2  |       xor|   0|  0|    2|           1|           2|
    |Range1_all_zeros_359_fu_21621_p2  |       xor|   0|  0|    2|           1|           2|
    |Range1_all_zeros_360_fu_21719_p2  |       xor|   0|  0|    2|           1|           2|
    |Range1_all_zeros_361_fu_21817_p2  |       xor|   0|  0|    2|           1|           2|
    |Range1_all_zeros_362_fu_21915_p2  |       xor|   0|  0|    2|           1|           2|
    |Range1_all_zeros_363_fu_22013_p2  |       xor|   0|  0|    2|           1|           2|
    |Range1_all_zeros_364_fu_22111_p2  |       xor|   0|  0|    2|           1|           2|
    |Range1_all_zeros_365_fu_22209_p2  |       xor|   0|  0|    2|           1|           2|
    |Range1_all_zeros_366_fu_22307_p2  |       xor|   0|  0|    2|           1|           2|
    |Range1_all_zeros_367_fu_22405_p2  |       xor|   0|  0|    2|           1|           2|
    |Range1_all_zeros_368_fu_22503_p2  |       xor|   0|  0|    2|           1|           2|
    |Range1_all_zeros_369_fu_22601_p2  |       xor|   0|  0|    2|           1|           2|
    |Range1_all_zeros_370_fu_22699_p2  |       xor|   0|  0|    2|           1|           2|
    |Range1_all_zeros_371_fu_22797_p2  |       xor|   0|  0|    2|           1|           2|
    |Range1_all_zeros_372_fu_22895_p2  |       xor|   0|  0|    2|           1|           2|
    |Range1_all_zeros_373_fu_22993_p2  |       xor|   0|  0|    2|           1|           2|
    |Range1_all_zeros_374_fu_23091_p2  |       xor|   0|  0|    2|           1|           2|
    |Range1_all_zeros_375_fu_23189_p2  |       xor|   0|  0|    2|           1|           2|
    |Range1_all_zeros_376_fu_23287_p2  |       xor|   0|  0|    2|           1|           2|
    |Range1_all_zeros_377_fu_23385_p2  |       xor|   0|  0|    2|           1|           2|
    |Range1_all_zeros_378_fu_23483_p2  |       xor|   0|  0|    2|           1|           2|
    |Range1_all_zeros_379_fu_23581_p2  |       xor|   0|  0|    2|           1|           2|
    |Range1_all_zeros_380_fu_23679_p2  |       xor|   0|  0|    2|           1|           2|
    |Range1_all_zeros_381_fu_23777_p2  |       xor|   0|  0|    2|           1|           2|
    |Range1_all_zeros_382_fu_23875_p2  |       xor|   0|  0|    2|           1|           2|
    |Range1_all_zeros_383_fu_23973_p2  |       xor|   0|  0|    2|           1|           2|
    |Range1_all_zeros_384_fu_24071_p2  |       xor|   0|  0|    2|           1|           2|
    |Range1_all_zeros_fu_11625_p2      |       xor|   0|  0|    2|           1|           2|
    |xor_ln365_128_fu_11744_p2         |       xor|   0|  0|    2|           1|           2|
    |xor_ln365_129_fu_11842_p2         |       xor|   0|  0|    2|           1|           2|
    |xor_ln365_130_fu_11940_p2         |       xor|   0|  0|    2|           1|           2|
    |xor_ln365_131_fu_12038_p2         |       xor|   0|  0|    2|           1|           2|
    |xor_ln365_132_fu_12136_p2         |       xor|   0|  0|    2|           1|           2|
    |xor_ln365_133_fu_12234_p2         |       xor|   0|  0|    2|           1|           2|
    |xor_ln365_134_fu_12332_p2         |       xor|   0|  0|    2|           1|           2|
    |xor_ln365_135_fu_12430_p2         |       xor|   0|  0|    2|           1|           2|
    |xor_ln365_136_fu_12528_p2         |       xor|   0|  0|    2|           1|           2|
    |xor_ln365_137_fu_12626_p2         |       xor|   0|  0|    2|           1|           2|
    |xor_ln365_138_fu_12724_p2         |       xor|   0|  0|    2|           1|           2|
    |xor_ln365_139_fu_12822_p2         |       xor|   0|  0|    2|           1|           2|
    |xor_ln365_140_fu_12920_p2         |       xor|   0|  0|    2|           1|           2|
    |xor_ln365_141_fu_13018_p2         |       xor|   0|  0|    2|           1|           2|
    |xor_ln365_142_fu_13116_p2         |       xor|   0|  0|    2|           1|           2|
    |xor_ln365_143_fu_13214_p2         |       xor|   0|  0|    2|           1|           2|
    |xor_ln365_144_fu_13312_p2         |       xor|   0|  0|    2|           1|           2|
    |xor_ln365_145_fu_13410_p2         |       xor|   0|  0|    2|           1|           2|
    |xor_ln365_146_fu_13508_p2         |       xor|   0|  0|    2|           1|           2|
    |xor_ln365_147_fu_13606_p2         |       xor|   0|  0|    2|           1|           2|
    |xor_ln365_148_fu_13704_p2         |       xor|   0|  0|    2|           1|           2|
    |xor_ln365_149_fu_13802_p2         |       xor|   0|  0|    2|           1|           2|
    |xor_ln365_150_fu_13900_p2         |       xor|   0|  0|    2|           1|           2|
    |xor_ln365_151_fu_13998_p2         |       xor|   0|  0|    2|           1|           2|
    |xor_ln365_152_fu_14096_p2         |       xor|   0|  0|    2|           1|           2|
    |xor_ln365_153_fu_14194_p2         |       xor|   0|  0|    2|           1|           2|
    |xor_ln365_154_fu_14292_p2         |       xor|   0|  0|    2|           1|           2|
    |xor_ln365_155_fu_14390_p2         |       xor|   0|  0|    2|           1|           2|
    |xor_ln365_156_fu_14488_p2         |       xor|   0|  0|    2|           1|           2|
    |xor_ln365_157_fu_14586_p2         |       xor|   0|  0|    2|           1|           2|
    |xor_ln365_158_fu_14684_p2         |       xor|   0|  0|    2|           1|           2|
    |xor_ln365_159_fu_14782_p2         |       xor|   0|  0|    2|           1|           2|
    |xor_ln365_160_fu_14880_p2         |       xor|   0|  0|    2|           1|           2|
    |xor_ln365_161_fu_14978_p2         |       xor|   0|  0|    2|           1|           2|
    |xor_ln365_162_fu_15076_p2         |       xor|   0|  0|    2|           1|           2|
    |xor_ln365_163_fu_15174_p2         |       xor|   0|  0|    2|           1|           2|
    |xor_ln365_164_fu_15272_p2         |       xor|   0|  0|    2|           1|           2|
    |xor_ln365_165_fu_15370_p2         |       xor|   0|  0|    2|           1|           2|
    |xor_ln365_166_fu_15468_p2         |       xor|   0|  0|    2|           1|           2|
    |xor_ln365_167_fu_15566_p2         |       xor|   0|  0|    2|           1|           2|
    |xor_ln365_168_fu_15664_p2         |       xor|   0|  0|    2|           1|           2|
    |xor_ln365_169_fu_15762_p2         |       xor|   0|  0|    2|           1|           2|
    |xor_ln365_170_fu_15860_p2         |       xor|   0|  0|    2|           1|           2|
    |xor_ln365_171_fu_15958_p2         |       xor|   0|  0|    2|           1|           2|
    |xor_ln365_172_fu_16056_p2         |       xor|   0|  0|    2|           1|           2|
    |xor_ln365_173_fu_16154_p2         |       xor|   0|  0|    2|           1|           2|
    |xor_ln365_174_fu_16252_p2         |       xor|   0|  0|    2|           1|           2|
    |xor_ln365_175_fu_16350_p2         |       xor|   0|  0|    2|           1|           2|
    |xor_ln365_176_fu_16448_p2         |       xor|   0|  0|    2|           1|           2|
    |xor_ln365_177_fu_16546_p2         |       xor|   0|  0|    2|           1|           2|
    |xor_ln365_178_fu_16644_p2         |       xor|   0|  0|    2|           1|           2|
    |xor_ln365_179_fu_16742_p2         |       xor|   0|  0|    2|           1|           2|
    |xor_ln365_180_fu_16840_p2         |       xor|   0|  0|    2|           1|           2|
    |xor_ln365_181_fu_16938_p2         |       xor|   0|  0|    2|           1|           2|
    |xor_ln365_182_fu_17036_p2         |       xor|   0|  0|    2|           1|           2|
    |xor_ln365_183_fu_17134_p2         |       xor|   0|  0|    2|           1|           2|
    |xor_ln365_184_fu_17232_p2         |       xor|   0|  0|    2|           1|           2|
    |xor_ln365_185_fu_17330_p2         |       xor|   0|  0|    2|           1|           2|
    |xor_ln365_186_fu_17428_p2         |       xor|   0|  0|    2|           1|           2|
    |xor_ln365_187_fu_17526_p2         |       xor|   0|  0|    2|           1|           2|
    |xor_ln365_188_fu_17624_p2         |       xor|   0|  0|    2|           1|           2|
    |xor_ln365_189_fu_17722_p2         |       xor|   0|  0|    2|           1|           2|
    |xor_ln365_190_fu_17820_p2         |       xor|   0|  0|    2|           1|           2|
    |xor_ln365_191_fu_17918_p2         |       xor|   0|  0|    2|           1|           2|
    |xor_ln365_192_fu_18016_p2         |       xor|   0|  0|    2|           1|           2|
    |xor_ln365_193_fu_18114_p2         |       xor|   0|  0|    2|           1|           2|
    |xor_ln365_194_fu_18212_p2         |       xor|   0|  0|    2|           1|           2|
    |xor_ln365_195_fu_18310_p2         |       xor|   0|  0|    2|           1|           2|
    |xor_ln365_196_fu_18408_p2         |       xor|   0|  0|    2|           1|           2|
    |xor_ln365_197_fu_18506_p2         |       xor|   0|  0|    2|           1|           2|
    |xor_ln365_198_fu_18604_p2         |       xor|   0|  0|    2|           1|           2|
    |xor_ln365_199_fu_18702_p2         |       xor|   0|  0|    2|           1|           2|
    |xor_ln365_200_fu_18800_p2         |       xor|   0|  0|    2|           1|           2|
    |xor_ln365_201_fu_18898_p2         |       xor|   0|  0|    2|           1|           2|
    |xor_ln365_202_fu_18996_p2         |       xor|   0|  0|    2|           1|           2|
    |xor_ln365_203_fu_19094_p2         |       xor|   0|  0|    2|           1|           2|
    |xor_ln365_204_fu_19192_p2         |       xor|   0|  0|    2|           1|           2|
    |xor_ln365_205_fu_19290_p2         |       xor|   0|  0|    2|           1|           2|
    |xor_ln365_206_fu_19388_p2         |       xor|   0|  0|    2|           1|           2|
    |xor_ln365_207_fu_19486_p2         |       xor|   0|  0|    2|           1|           2|
    |xor_ln365_208_fu_19584_p2         |       xor|   0|  0|    2|           1|           2|
    |xor_ln365_209_fu_19682_p2         |       xor|   0|  0|    2|           1|           2|
    |xor_ln365_210_fu_19780_p2         |       xor|   0|  0|    2|           1|           2|
    |xor_ln365_211_fu_19878_p2         |       xor|   0|  0|    2|           1|           2|
    |xor_ln365_212_fu_19976_p2         |       xor|   0|  0|    2|           1|           2|
    |xor_ln365_213_fu_20074_p2         |       xor|   0|  0|    2|           1|           2|
    |xor_ln365_214_fu_20172_p2         |       xor|   0|  0|    2|           1|           2|
    |xor_ln365_215_fu_20270_p2         |       xor|   0|  0|    2|           1|           2|
    |xor_ln365_216_fu_20368_p2         |       xor|   0|  0|    2|           1|           2|
    |xor_ln365_217_fu_20466_p2         |       xor|   0|  0|    2|           1|           2|
    |xor_ln365_218_fu_20564_p2         |       xor|   0|  0|    2|           1|           2|
    |xor_ln365_219_fu_20662_p2         |       xor|   0|  0|    2|           1|           2|
    |xor_ln365_220_fu_20760_p2         |       xor|   0|  0|    2|           1|           2|
    |xor_ln365_221_fu_20858_p2         |       xor|   0|  0|    2|           1|           2|
    |xor_ln365_222_fu_20956_p2         |       xor|   0|  0|    2|           1|           2|
    |xor_ln365_223_fu_21054_p2         |       xor|   0|  0|    2|           1|           2|
    |xor_ln365_224_fu_21152_p2         |       xor|   0|  0|    2|           1|           2|
    |xor_ln365_225_fu_21250_p2         |       xor|   0|  0|    2|           1|           2|
    |xor_ln365_226_fu_21348_p2         |       xor|   0|  0|    2|           1|           2|
    |xor_ln365_227_fu_21446_p2         |       xor|   0|  0|    2|           1|           2|
    |xor_ln365_228_fu_21544_p2         |       xor|   0|  0|    2|           1|           2|
    |xor_ln365_229_fu_21642_p2         |       xor|   0|  0|    2|           1|           2|
    |xor_ln365_230_fu_21740_p2         |       xor|   0|  0|    2|           1|           2|
    |xor_ln365_231_fu_21838_p2         |       xor|   0|  0|    2|           1|           2|
    |xor_ln365_232_fu_21936_p2         |       xor|   0|  0|    2|           1|           2|
    |xor_ln365_233_fu_22034_p2         |       xor|   0|  0|    2|           1|           2|
    |xor_ln365_234_fu_22132_p2         |       xor|   0|  0|    2|           1|           2|
    |xor_ln365_235_fu_22230_p2         |       xor|   0|  0|    2|           1|           2|
    |xor_ln365_236_fu_22328_p2         |       xor|   0|  0|    2|           1|           2|
    |xor_ln365_237_fu_22426_p2         |       xor|   0|  0|    2|           1|           2|
    |xor_ln365_238_fu_22524_p2         |       xor|   0|  0|    2|           1|           2|
    |xor_ln365_239_fu_22622_p2         |       xor|   0|  0|    2|           1|           2|
    |xor_ln365_240_fu_22720_p2         |       xor|   0|  0|    2|           1|           2|
    |xor_ln365_241_fu_22818_p2         |       xor|   0|  0|    2|           1|           2|
    |xor_ln365_242_fu_22916_p2         |       xor|   0|  0|    2|           1|           2|
    |xor_ln365_243_fu_23014_p2         |       xor|   0|  0|    2|           1|           2|
    |xor_ln365_244_fu_23112_p2         |       xor|   0|  0|    2|           1|           2|
    |xor_ln365_245_fu_23210_p2         |       xor|   0|  0|    2|           1|           2|
    |xor_ln365_246_fu_23308_p2         |       xor|   0|  0|    2|           1|           2|
    |xor_ln365_247_fu_23406_p2         |       xor|   0|  0|    2|           1|           2|
    |xor_ln365_248_fu_23504_p2         |       xor|   0|  0|    2|           1|           2|
    |xor_ln365_249_fu_23602_p2         |       xor|   0|  0|    2|           1|           2|
    |xor_ln365_250_fu_23700_p2         |       xor|   0|  0|    2|           1|           2|
    |xor_ln365_251_fu_23798_p2         |       xor|   0|  0|    2|           1|           2|
    |xor_ln365_252_fu_23896_p2         |       xor|   0|  0|    2|           1|           2|
    |xor_ln365_253_fu_23994_p2         |       xor|   0|  0|    2|           1|           2|
    |xor_ln365_254_fu_24092_p2         |       xor|   0|  0|    2|           1|           2|
    |xor_ln365_fu_11646_p2             |       xor|   0|  0|    2|           1|           2|
    +----------------------------------+----------+----+---+-----+------------+------------+
    |Total                             |          |   0|  0|18304|       10752|       12160|
    +----------------------------------+----------+----+---+-----+------------+------------+

    * Multiplexer: 
    N/A

    * Register: 
    +-------------------------+----+----+-----+-----------+
    |           Name          | FF | LUT| Bits| Const Bits|
    +-------------------------+----+----+-----+-----------+
    |datareg_V_636_reg_24886  |  13|   0|   14|          1|
    |datareg_V_637_reg_24900  |  13|   0|   14|          1|
    |datareg_V_638_reg_24914  |  13|   0|   14|          1|
    |datareg_V_639_reg_24942  |  13|   0|   14|          1|
    |datareg_V_640_reg_24956  |  13|   0|   14|          1|
    |datareg_V_641_reg_24970  |  13|   0|   14|          1|
    |datareg_V_642_reg_24984  |  13|   0|   14|          1|
    |datareg_V_643_reg_24998  |  13|   0|   14|          1|
    |datareg_V_644_reg_25012  |  13|   0|   14|          1|
    |datareg_V_645_reg_25026  |  13|   0|   14|          1|
    |datareg_V_646_reg_25040  |  13|   0|   14|          1|
    |datareg_V_647_reg_25054  |  13|   0|   14|          1|
    |datareg_V_648_reg_25068  |  13|   0|   14|          1|
    |datareg_V_649_reg_25082  |  13|   0|   14|          1|
    |datareg_V_650_reg_25096  |  13|   0|   14|          1|
    |datareg_V_651_reg_25110  |  13|   0|   14|          1|
    |datareg_V_652_reg_25124  |  13|   0|   14|          1|
    |datareg_V_653_reg_25138  |  13|   0|   14|          1|
    |datareg_V_654_reg_25152  |  13|   0|   14|          1|
    |datareg_V_655_reg_25166  |  13|   0|   14|          1|
    |datareg_V_656_reg_25180  |  13|   0|   14|          1|
    |datareg_V_657_reg_25194  |  13|   0|   14|          1|
    |datareg_V_658_reg_25208  |  13|   0|   14|          1|
    |datareg_V_659_reg_25222  |  13|   0|   14|          1|
    |datareg_V_660_reg_25236  |  13|   0|   14|          1|
    |datareg_V_661_reg_25250  |  13|   0|   14|          1|
    |datareg_V_662_reg_25264  |  13|   0|   14|          1|
    |datareg_V_663_reg_25278  |  13|   0|   14|          1|
    |datareg_V_664_reg_25292  |  13|   0|   14|          1|
    |datareg_V_665_reg_25306  |  13|   0|   14|          1|
    |datareg_V_666_reg_25320  |  13|   0|   14|          1|
    |datareg_V_667_reg_25334  |  13|   0|   14|          1|
    |datareg_V_668_reg_25348  |  13|   0|   14|          1|
    |datareg_V_669_reg_25362  |  13|   0|   14|          1|
    |datareg_V_670_reg_25376  |  13|   0|   14|          1|
    |datareg_V_671_reg_25390  |  13|   0|   14|          1|
    |datareg_V_672_reg_25404  |  13|   0|   14|          1|
    |datareg_V_673_reg_25418  |  13|   0|   14|          1|
    |datareg_V_674_reg_25432  |  13|   0|   14|          1|
    |datareg_V_675_reg_25446  |  13|   0|   14|          1|
    |datareg_V_676_reg_25460  |  13|   0|   14|          1|
    |datareg_V_677_reg_25474  |  13|   0|   14|          1|
    |datareg_V_678_reg_25488  |  13|   0|   14|          1|
    |datareg_V_679_reg_25502  |  13|   0|   14|          1|
    |datareg_V_680_reg_25516  |  13|   0|   14|          1|
    |datareg_V_681_reg_25530  |  13|   0|   14|          1|
    |datareg_V_682_reg_25544  |  13|   0|   14|          1|
    |datareg_V_683_reg_25558  |  13|   0|   14|          1|
    |datareg_V_684_reg_25572  |  13|   0|   14|          1|
    |datareg_V_685_reg_25586  |  13|   0|   14|          1|
    |datareg_V_686_reg_25600  |  13|   0|   14|          1|
    |datareg_V_687_reg_25614  |  13|   0|   14|          1|
    |datareg_V_688_reg_25628  |  13|   0|   14|          1|
    |datareg_V_689_reg_25642  |  13|   0|   14|          1|
    |datareg_V_690_reg_25656  |  13|   0|   14|          1|
    |datareg_V_691_reg_25670  |  13|   0|   14|          1|
    |datareg_V_692_reg_25684  |  13|   0|   14|          1|
    |datareg_V_693_reg_25698  |  13|   0|   14|          1|
    |datareg_V_694_reg_25712  |  13|   0|   14|          1|
    |datareg_V_695_reg_25726  |  13|   0|   14|          1|
    |datareg_V_696_reg_25740  |  13|   0|   14|          1|
    |datareg_V_697_reg_25754  |  13|   0|   14|          1|
    |datareg_V_698_reg_25768  |  13|   0|   14|          1|
    |datareg_V_699_reg_25782  |  13|   0|   14|          1|
    |datareg_V_700_reg_25796  |  13|   0|   14|          1|
    |datareg_V_701_reg_25810  |  13|   0|   14|          1|
    |datareg_V_702_reg_25824  |  13|   0|   14|          1|
    |datareg_V_703_reg_25838  |  13|   0|   14|          1|
    |datareg_V_704_reg_25852  |  13|   0|   14|          1|
    |datareg_V_705_reg_25866  |  13|   0|   14|          1|
    |datareg_V_706_reg_25880  |  13|   0|   14|          1|
    |datareg_V_707_reg_25894  |  13|   0|   14|          1|
    |datareg_V_708_reg_25908  |  13|   0|   14|          1|
    |datareg_V_709_reg_25922  |  13|   0|   14|          1|
    |datareg_V_710_reg_25936  |  13|   0|   14|          1|
    |datareg_V_711_reg_25950  |  13|   0|   14|          1|
    |datareg_V_712_reg_25964  |  13|   0|   14|          1|
    |datareg_V_713_reg_25978  |  13|   0|   14|          1|
    |datareg_V_714_reg_25992  |  13|   0|   14|          1|
    |datareg_V_715_reg_26006  |  13|   0|   14|          1|
    |datareg_V_716_reg_26020  |  13|   0|   14|          1|
    |datareg_V_717_reg_26034  |  13|   0|   14|          1|
    |datareg_V_718_reg_26048  |  13|   0|   14|          1|
    |datareg_V_719_reg_26062  |  13|   0|   14|          1|
    |datareg_V_720_reg_26076  |  13|   0|   14|          1|
    |datareg_V_721_reg_26090  |  13|   0|   14|          1|
    |datareg_V_722_reg_26104  |  13|   0|   14|          1|
    |datareg_V_723_reg_26118  |  13|   0|   14|          1|
    |datareg_V_724_reg_26132  |  13|   0|   14|          1|
    |datareg_V_725_reg_26146  |  13|   0|   14|          1|
    |datareg_V_726_reg_26160  |  13|   0|   14|          1|
    |datareg_V_727_reg_26174  |  13|   0|   14|          1|
    |datareg_V_728_reg_26188  |  13|   0|   14|          1|
    |datareg_V_729_reg_26202  |  13|   0|   14|          1|
    |datareg_V_730_reg_26216  |  13|   0|   14|          1|
    |datareg_V_731_reg_26230  |  13|   0|   14|          1|
    |datareg_V_732_reg_26244  |  13|   0|   14|          1|
    |datareg_V_733_reg_26258  |  13|   0|   14|          1|
    |datareg_V_734_reg_26272  |  13|   0|   14|          1|
    |datareg_V_735_reg_26286  |  13|   0|   14|          1|
    |datareg_V_736_reg_26300  |  13|   0|   14|          1|
    |datareg_V_737_reg_26314  |  13|   0|   14|          1|
    |datareg_V_738_reg_26328  |  13|   0|   14|          1|
    |datareg_V_739_reg_26342  |  13|   0|   14|          1|
    |datareg_V_740_reg_26356  |  13|   0|   14|          1|
    |datareg_V_741_reg_26370  |  13|   0|   14|          1|
    |datareg_V_742_reg_26384  |  13|   0|   14|          1|
    |datareg_V_743_reg_26398  |  13|   0|   14|          1|
    |datareg_V_744_reg_26412  |  13|   0|   14|          1|
    |datareg_V_745_reg_26426  |  13|   0|   14|          1|
    |datareg_V_746_reg_26440  |  13|   0|   14|          1|
    |datareg_V_747_reg_26454  |  13|   0|   14|          1|
    |datareg_V_748_reg_26468  |  13|   0|   14|          1|
    |datareg_V_749_reg_26482  |  13|   0|   14|          1|
    |datareg_V_750_reg_26496  |  13|   0|   14|          1|
    |datareg_V_751_reg_26510  |  13|   0|   14|          1|
    |datareg_V_752_reg_26524  |  13|   0|   14|          1|
    |datareg_V_753_reg_26538  |  13|   0|   14|          1|
    |datareg_V_754_reg_26552  |  13|   0|   14|          1|
    |datareg_V_755_reg_26566  |  13|   0|   14|          1|
    |datareg_V_756_reg_26580  |  13|   0|   14|          1|
    |datareg_V_757_reg_26594  |  13|   0|   14|          1|
    |datareg_V_758_reg_26608  |  13|   0|   14|          1|
    |datareg_V_759_reg_26622  |  13|   0|   14|          1|
    |datareg_V_760_reg_26636  |  13|   0|   14|          1|
    |datareg_V_761_reg_26650  |  13|   0|   14|          1|
    |datareg_V_762_reg_26664  |  13|   0|   14|          1|
    |datareg_V_reg_24928      |  13|   0|   14|          1|
    |r_321_reg_24909          |   1|   0|    1|          0|
    |r_322_reg_24923          |   1|   0|    1|          0|
    |r_323_reg_24937          |   1|   0|    1|          0|
    |r_324_reg_24951          |   1|   0|    1|          0|
    |r_325_reg_24965          |   1|   0|    1|          0|
    |r_326_reg_24979          |   1|   0|    1|          0|
    |r_327_reg_24993          |   1|   0|    1|          0|
    |r_328_reg_25007          |   1|   0|    1|          0|
    |r_329_reg_25021          |   1|   0|    1|          0|
    |r_330_reg_25035          |   1|   0|    1|          0|
    |r_331_reg_25049          |   1|   0|    1|          0|
    |r_332_reg_25063          |   1|   0|    1|          0|
    |r_333_reg_25077          |   1|   0|    1|          0|
    |r_334_reg_25091          |   1|   0|    1|          0|
    |r_335_reg_25105          |   1|   0|    1|          0|
    |r_336_reg_25119          |   1|   0|    1|          0|
    |r_337_reg_25133          |   1|   0|    1|          0|
    |r_338_reg_25147          |   1|   0|    1|          0|
    |r_339_reg_25161          |   1|   0|    1|          0|
    |r_340_reg_25175          |   1|   0|    1|          0|
    |r_341_reg_25189          |   1|   0|    1|          0|
    |r_342_reg_25203          |   1|   0|    1|          0|
    |r_343_reg_25217          |   1|   0|    1|          0|
    |r_344_reg_25231          |   1|   0|    1|          0|
    |r_345_reg_25245          |   1|   0|    1|          0|
    |r_346_reg_25259          |   1|   0|    1|          0|
    |r_347_reg_25273          |   1|   0|    1|          0|
    |r_348_reg_25287          |   1|   0|    1|          0|
    |r_349_reg_25301          |   1|   0|    1|          0|
    |r_350_reg_25315          |   1|   0|    1|          0|
    |r_351_reg_25329          |   1|   0|    1|          0|
    |r_352_reg_25343          |   1|   0|    1|          0|
    |r_353_reg_25357          |   1|   0|    1|          0|
    |r_354_reg_25371          |   1|   0|    1|          0|
    |r_355_reg_25385          |   1|   0|    1|          0|
    |r_356_reg_25399          |   1|   0|    1|          0|
    |r_357_reg_25413          |   1|   0|    1|          0|
    |r_358_reg_25427          |   1|   0|    1|          0|
    |r_359_reg_25441          |   1|   0|    1|          0|
    |r_360_reg_25455          |   1|   0|    1|          0|
    |r_361_reg_25469          |   1|   0|    1|          0|
    |r_362_reg_25483          |   1|   0|    1|          0|
    |r_363_reg_25497          |   1|   0|    1|          0|
    |r_364_reg_25511          |   1|   0|    1|          0|
    |r_365_reg_25525          |   1|   0|    1|          0|
    |r_366_reg_25539          |   1|   0|    1|          0|
    |r_367_reg_25553          |   1|   0|    1|          0|
    |r_368_reg_25567          |   1|   0|    1|          0|
    |r_369_reg_25581          |   1|   0|    1|          0|
    |r_370_reg_25595          |   1|   0|    1|          0|
    |r_371_reg_25609          |   1|   0|    1|          0|
    |r_372_reg_25623          |   1|   0|    1|          0|
    |r_373_reg_25637          |   1|   0|    1|          0|
    |r_374_reg_25651          |   1|   0|    1|          0|
    |r_375_reg_25665          |   1|   0|    1|          0|
    |r_376_reg_25679          |   1|   0|    1|          0|
    |r_377_reg_25693          |   1|   0|    1|          0|
    |r_378_reg_25707          |   1|   0|    1|          0|
    |r_379_reg_25721          |   1|   0|    1|          0|
    |r_380_reg_25735          |   1|   0|    1|          0|
    |r_381_reg_25749          |   1|   0|    1|          0|
    |r_382_reg_25763          |   1|   0|    1|          0|
    |r_383_reg_25777          |   1|   0|    1|          0|
    |r_384_reg_25791          |   1|   0|    1|          0|
    |r_385_reg_25805          |   1|   0|    1|          0|
    |r_386_reg_25819          |   1|   0|    1|          0|
    |r_387_reg_25833          |   1|   0|    1|          0|
    |r_388_reg_25847          |   1|   0|    1|          0|
    |r_389_reg_25861          |   1|   0|    1|          0|
    |r_390_reg_25875          |   1|   0|    1|          0|
    |r_391_reg_25889          |   1|   0|    1|          0|
    |r_392_reg_25903          |   1|   0|    1|          0|
    |r_393_reg_25917          |   1|   0|    1|          0|
    |r_394_reg_25931          |   1|   0|    1|          0|
    |r_395_reg_25945          |   1|   0|    1|          0|
    |r_396_reg_25959          |   1|   0|    1|          0|
    |r_397_reg_25973          |   1|   0|    1|          0|
    |r_398_reg_25987          |   1|   0|    1|          0|
    |r_399_reg_26001          |   1|   0|    1|          0|
    |r_400_reg_26015          |   1|   0|    1|          0|
    |r_401_reg_26029          |   1|   0|    1|          0|
    |r_402_reg_26043          |   1|   0|    1|          0|
    |r_403_reg_26057          |   1|   0|    1|          0|
    |r_404_reg_26071          |   1|   0|    1|          0|
    |r_405_reg_26085          |   1|   0|    1|          0|
    |r_406_reg_26099          |   1|   0|    1|          0|
    |r_407_reg_26113          |   1|   0|    1|          0|
    |r_408_reg_26127          |   1|   0|    1|          0|
    |r_409_reg_26141          |   1|   0|    1|          0|
    |r_410_reg_26155          |   1|   0|    1|          0|
    |r_411_reg_26169          |   1|   0|    1|          0|
    |r_412_reg_26183          |   1|   0|    1|          0|
    |r_413_reg_26197          |   1|   0|    1|          0|
    |r_414_reg_26211          |   1|   0|    1|          0|
    |r_415_reg_26225          |   1|   0|    1|          0|
    |r_416_reg_26239          |   1|   0|    1|          0|
    |r_417_reg_26253          |   1|   0|    1|          0|
    |r_418_reg_26267          |   1|   0|    1|          0|
    |r_419_reg_26281          |   1|   0|    1|          0|
    |r_420_reg_26295          |   1|   0|    1|          0|
    |r_421_reg_26309          |   1|   0|    1|          0|
    |r_422_reg_26323          |   1|   0|    1|          0|
    |r_423_reg_26337          |   1|   0|    1|          0|
    |r_424_reg_26351          |   1|   0|    1|          0|
    |r_425_reg_26365          |   1|   0|    1|          0|
    |r_426_reg_26379          |   1|   0|    1|          0|
    |r_427_reg_26393          |   1|   0|    1|          0|
    |r_428_reg_26407          |   1|   0|    1|          0|
    |r_429_reg_26421          |   1|   0|    1|          0|
    |r_430_reg_26435          |   1|   0|    1|          0|
    |r_431_reg_26449          |   1|   0|    1|          0|
    |r_432_reg_26463          |   1|   0|    1|          0|
    |r_433_reg_26477          |   1|   0|    1|          0|
    |r_434_reg_26491          |   1|   0|    1|          0|
    |r_435_reg_26505          |   1|   0|    1|          0|
    |r_436_reg_26519          |   1|   0|    1|          0|
    |r_437_reg_26533          |   1|   0|    1|          0|
    |r_438_reg_26547          |   1|   0|    1|          0|
    |r_439_reg_26561          |   1|   0|    1|          0|
    |r_440_reg_26575          |   1|   0|    1|          0|
    |r_441_reg_26589          |   1|   0|    1|          0|
    |r_442_reg_26603          |   1|   0|    1|          0|
    |r_443_reg_26617          |   1|   0|    1|          0|
    |r_444_reg_26631          |   1|   0|    1|          0|
    |r_445_reg_26645          |   1|   0|    1|          0|
    |r_446_reg_26659          |   1|   0|    1|          0|
    |r_447_reg_26673          |   1|   0|    1|          0|
    |r_reg_24895              |   1|   0|    1|          0|
    +-------------------------+----+----+-----+-----------+
    |Total                    |1792|   0| 1920|        128|
    +-------------------------+----+----+-----+-----------+



================================================================
== Interface
================================================================
* Summary: 
+---------------+-----+-----+------------+------------------------------------------------------------------------+--------------+
|   RTL Ports   | Dir | Bits|  Protocol  |                              Source Object                             |    C Type    |
+---------------+-----+-----+------------+------------------------------------------------------------------------+--------------+
|ap_clk         |   in|    1|  ap_ctrl_hs|  hard_sigmoid<ap_fixed,ap_ufixed<8,0,4,0,0>,hard_sigmoid_config10_recr>|  return value|
|ap_rst         |   in|    1|  ap_ctrl_hs|  hard_sigmoid<ap_fixed,ap_ufixed<8,0,4,0,0>,hard_sigmoid_config10_recr>|  return value|
|ap_return_0    |  out|    8|  ap_ctrl_hs|  hard_sigmoid<ap_fixed,ap_ufixed<8,0,4,0,0>,hard_sigmoid_config10_recr>|  return value|
|ap_return_1    |  out|    8|  ap_ctrl_hs|  hard_sigmoid<ap_fixed,ap_ufixed<8,0,4,0,0>,hard_sigmoid_config10_recr>|  return value|
|ap_return_2    |  out|    8|  ap_ctrl_hs|  hard_sigmoid<ap_fixed,ap_ufixed<8,0,4,0,0>,hard_sigmoid_config10_recr>|  return value|
|ap_return_3    |  out|    8|  ap_ctrl_hs|  hard_sigmoid<ap_fixed,ap_ufixed<8,0,4,0,0>,hard_sigmoid_config10_recr>|  return value|
|ap_return_4    |  out|    8|  ap_ctrl_hs|  hard_sigmoid<ap_fixed,ap_ufixed<8,0,4,0,0>,hard_sigmoid_config10_recr>|  return value|
|ap_return_5    |  out|    8|  ap_ctrl_hs|  hard_sigmoid<ap_fixed,ap_ufixed<8,0,4,0,0>,hard_sigmoid_config10_recr>|  return value|
|ap_return_6    |  out|    8|  ap_ctrl_hs|  hard_sigmoid<ap_fixed,ap_ufixed<8,0,4,0,0>,hard_sigmoid_config10_recr>|  return value|
|ap_return_7    |  out|    8|  ap_ctrl_hs|  hard_sigmoid<ap_fixed,ap_ufixed<8,0,4,0,0>,hard_sigmoid_config10_recr>|  return value|
|ap_return_8    |  out|    8|  ap_ctrl_hs|  hard_sigmoid<ap_fixed,ap_ufixed<8,0,4,0,0>,hard_sigmoid_config10_recr>|  return value|
|ap_return_9    |  out|    8|  ap_ctrl_hs|  hard_sigmoid<ap_fixed,ap_ufixed<8,0,4,0,0>,hard_sigmoid_config10_recr>|  return value|
|ap_return_10   |  out|    8|  ap_ctrl_hs|  hard_sigmoid<ap_fixed,ap_ufixed<8,0,4,0,0>,hard_sigmoid_config10_recr>|  return value|
|ap_return_11   |  out|    8|  ap_ctrl_hs|  hard_sigmoid<ap_fixed,ap_ufixed<8,0,4,0,0>,hard_sigmoid_config10_recr>|  return value|
|ap_return_12   |  out|    8|  ap_ctrl_hs|  hard_sigmoid<ap_fixed,ap_ufixed<8,0,4,0,0>,hard_sigmoid_config10_recr>|  return value|
|ap_return_13   |  out|    8|  ap_ctrl_hs|  hard_sigmoid<ap_fixed,ap_ufixed<8,0,4,0,0>,hard_sigmoid_config10_recr>|  return value|
|ap_return_14   |  out|    8|  ap_ctrl_hs|  hard_sigmoid<ap_fixed,ap_ufixed<8,0,4,0,0>,hard_sigmoid_config10_recr>|  return value|
|ap_return_15   |  out|    8|  ap_ctrl_hs|  hard_sigmoid<ap_fixed,ap_ufixed<8,0,4,0,0>,hard_sigmoid_config10_recr>|  return value|
|ap_return_16   |  out|    8|  ap_ctrl_hs|  hard_sigmoid<ap_fixed,ap_ufixed<8,0,4,0,0>,hard_sigmoid_config10_recr>|  return value|
|ap_return_17   |  out|    8|  ap_ctrl_hs|  hard_sigmoid<ap_fixed,ap_ufixed<8,0,4,0,0>,hard_sigmoid_config10_recr>|  return value|
|ap_return_18   |  out|    8|  ap_ctrl_hs|  hard_sigmoid<ap_fixed,ap_ufixed<8,0,4,0,0>,hard_sigmoid_config10_recr>|  return value|
|ap_return_19   |  out|    8|  ap_ctrl_hs|  hard_sigmoid<ap_fixed,ap_ufixed<8,0,4,0,0>,hard_sigmoid_config10_recr>|  return value|
|ap_return_20   |  out|    8|  ap_ctrl_hs|  hard_sigmoid<ap_fixed,ap_ufixed<8,0,4,0,0>,hard_sigmoid_config10_recr>|  return value|
|ap_return_21   |  out|    8|  ap_ctrl_hs|  hard_sigmoid<ap_fixed,ap_ufixed<8,0,4,0,0>,hard_sigmoid_config10_recr>|  return value|
|ap_return_22   |  out|    8|  ap_ctrl_hs|  hard_sigmoid<ap_fixed,ap_ufixed<8,0,4,0,0>,hard_sigmoid_config10_recr>|  return value|
|ap_return_23   |  out|    8|  ap_ctrl_hs|  hard_sigmoid<ap_fixed,ap_ufixed<8,0,4,0,0>,hard_sigmoid_config10_recr>|  return value|
|ap_return_24   |  out|    8|  ap_ctrl_hs|  hard_sigmoid<ap_fixed,ap_ufixed<8,0,4,0,0>,hard_sigmoid_config10_recr>|  return value|
|ap_return_25   |  out|    8|  ap_ctrl_hs|  hard_sigmoid<ap_fixed,ap_ufixed<8,0,4,0,0>,hard_sigmoid_config10_recr>|  return value|
|ap_return_26   |  out|    8|  ap_ctrl_hs|  hard_sigmoid<ap_fixed,ap_ufixed<8,0,4,0,0>,hard_sigmoid_config10_recr>|  return value|
|ap_return_27   |  out|    8|  ap_ctrl_hs|  hard_sigmoid<ap_fixed,ap_ufixed<8,0,4,0,0>,hard_sigmoid_config10_recr>|  return value|
|ap_return_28   |  out|    8|  ap_ctrl_hs|  hard_sigmoid<ap_fixed,ap_ufixed<8,0,4,0,0>,hard_sigmoid_config10_recr>|  return value|
|ap_return_29   |  out|    8|  ap_ctrl_hs|  hard_sigmoid<ap_fixed,ap_ufixed<8,0,4,0,0>,hard_sigmoid_config10_recr>|  return value|
|ap_return_30   |  out|    8|  ap_ctrl_hs|  hard_sigmoid<ap_fixed,ap_ufixed<8,0,4,0,0>,hard_sigmoid_config10_recr>|  return value|
|ap_return_31   |  out|    8|  ap_ctrl_hs|  hard_sigmoid<ap_fixed,ap_ufixed<8,0,4,0,0>,hard_sigmoid_config10_recr>|  return value|
|ap_return_32   |  out|    8|  ap_ctrl_hs|  hard_sigmoid<ap_fixed,ap_ufixed<8,0,4,0,0>,hard_sigmoid_config10_recr>|  return value|
|ap_return_33   |  out|    8|  ap_ctrl_hs|  hard_sigmoid<ap_fixed,ap_ufixed<8,0,4,0,0>,hard_sigmoid_config10_recr>|  return value|
|ap_return_34   |  out|    8|  ap_ctrl_hs|  hard_sigmoid<ap_fixed,ap_ufixed<8,0,4,0,0>,hard_sigmoid_config10_recr>|  return value|
|ap_return_35   |  out|    8|  ap_ctrl_hs|  hard_sigmoid<ap_fixed,ap_ufixed<8,0,4,0,0>,hard_sigmoid_config10_recr>|  return value|
|ap_return_36   |  out|    8|  ap_ctrl_hs|  hard_sigmoid<ap_fixed,ap_ufixed<8,0,4,0,0>,hard_sigmoid_config10_recr>|  return value|
|ap_return_37   |  out|    8|  ap_ctrl_hs|  hard_sigmoid<ap_fixed,ap_ufixed<8,0,4,0,0>,hard_sigmoid_config10_recr>|  return value|
|ap_return_38   |  out|    8|  ap_ctrl_hs|  hard_sigmoid<ap_fixed,ap_ufixed<8,0,4,0,0>,hard_sigmoid_config10_recr>|  return value|
|ap_return_39   |  out|    8|  ap_ctrl_hs|  hard_sigmoid<ap_fixed,ap_ufixed<8,0,4,0,0>,hard_sigmoid_config10_recr>|  return value|
|ap_return_40   |  out|    8|  ap_ctrl_hs|  hard_sigmoid<ap_fixed,ap_ufixed<8,0,4,0,0>,hard_sigmoid_config10_recr>|  return value|
|ap_return_41   |  out|    8|  ap_ctrl_hs|  hard_sigmoid<ap_fixed,ap_ufixed<8,0,4,0,0>,hard_sigmoid_config10_recr>|  return value|
|ap_return_42   |  out|    8|  ap_ctrl_hs|  hard_sigmoid<ap_fixed,ap_ufixed<8,0,4,0,0>,hard_sigmoid_config10_recr>|  return value|
|ap_return_43   |  out|    8|  ap_ctrl_hs|  hard_sigmoid<ap_fixed,ap_ufixed<8,0,4,0,0>,hard_sigmoid_config10_recr>|  return value|
|ap_return_44   |  out|    8|  ap_ctrl_hs|  hard_sigmoid<ap_fixed,ap_ufixed<8,0,4,0,0>,hard_sigmoid_config10_recr>|  return value|
|ap_return_45   |  out|    8|  ap_ctrl_hs|  hard_sigmoid<ap_fixed,ap_ufixed<8,0,4,0,0>,hard_sigmoid_config10_recr>|  return value|
|ap_return_46   |  out|    8|  ap_ctrl_hs|  hard_sigmoid<ap_fixed,ap_ufixed<8,0,4,0,0>,hard_sigmoid_config10_recr>|  return value|
|ap_return_47   |  out|    8|  ap_ctrl_hs|  hard_sigmoid<ap_fixed,ap_ufixed<8,0,4,0,0>,hard_sigmoid_config10_recr>|  return value|
|ap_return_48   |  out|    8|  ap_ctrl_hs|  hard_sigmoid<ap_fixed,ap_ufixed<8,0,4,0,0>,hard_sigmoid_config10_recr>|  return value|
|ap_return_49   |  out|    8|  ap_ctrl_hs|  hard_sigmoid<ap_fixed,ap_ufixed<8,0,4,0,0>,hard_sigmoid_config10_recr>|  return value|
|ap_return_50   |  out|    8|  ap_ctrl_hs|  hard_sigmoid<ap_fixed,ap_ufixed<8,0,4,0,0>,hard_sigmoid_config10_recr>|  return value|
|ap_return_51   |  out|    8|  ap_ctrl_hs|  hard_sigmoid<ap_fixed,ap_ufixed<8,0,4,0,0>,hard_sigmoid_config10_recr>|  return value|
|ap_return_52   |  out|    8|  ap_ctrl_hs|  hard_sigmoid<ap_fixed,ap_ufixed<8,0,4,0,0>,hard_sigmoid_config10_recr>|  return value|
|ap_return_53   |  out|    8|  ap_ctrl_hs|  hard_sigmoid<ap_fixed,ap_ufixed<8,0,4,0,0>,hard_sigmoid_config10_recr>|  return value|
|ap_return_54   |  out|    8|  ap_ctrl_hs|  hard_sigmoid<ap_fixed,ap_ufixed<8,0,4,0,0>,hard_sigmoid_config10_recr>|  return value|
|ap_return_55   |  out|    8|  ap_ctrl_hs|  hard_sigmoid<ap_fixed,ap_ufixed<8,0,4,0,0>,hard_sigmoid_config10_recr>|  return value|
|ap_return_56   |  out|    8|  ap_ctrl_hs|  hard_sigmoid<ap_fixed,ap_ufixed<8,0,4,0,0>,hard_sigmoid_config10_recr>|  return value|
|ap_return_57   |  out|    8|  ap_ctrl_hs|  hard_sigmoid<ap_fixed,ap_ufixed<8,0,4,0,0>,hard_sigmoid_config10_recr>|  return value|
|ap_return_58   |  out|    8|  ap_ctrl_hs|  hard_sigmoid<ap_fixed,ap_ufixed<8,0,4,0,0>,hard_sigmoid_config10_recr>|  return value|
|ap_return_59   |  out|    8|  ap_ctrl_hs|  hard_sigmoid<ap_fixed,ap_ufixed<8,0,4,0,0>,hard_sigmoid_config10_recr>|  return value|
|ap_return_60   |  out|    8|  ap_ctrl_hs|  hard_sigmoid<ap_fixed,ap_ufixed<8,0,4,0,0>,hard_sigmoid_config10_recr>|  return value|
|ap_return_61   |  out|    8|  ap_ctrl_hs|  hard_sigmoid<ap_fixed,ap_ufixed<8,0,4,0,0>,hard_sigmoid_config10_recr>|  return value|
|ap_return_62   |  out|    8|  ap_ctrl_hs|  hard_sigmoid<ap_fixed,ap_ufixed<8,0,4,0,0>,hard_sigmoid_config10_recr>|  return value|
|ap_return_63   |  out|    8|  ap_ctrl_hs|  hard_sigmoid<ap_fixed,ap_ufixed<8,0,4,0,0>,hard_sigmoid_config10_recr>|  return value|
|ap_return_64   |  out|    8|  ap_ctrl_hs|  hard_sigmoid<ap_fixed,ap_ufixed<8,0,4,0,0>,hard_sigmoid_config10_recr>|  return value|
|ap_return_65   |  out|    8|  ap_ctrl_hs|  hard_sigmoid<ap_fixed,ap_ufixed<8,0,4,0,0>,hard_sigmoid_config10_recr>|  return value|
|ap_return_66   |  out|    8|  ap_ctrl_hs|  hard_sigmoid<ap_fixed,ap_ufixed<8,0,4,0,0>,hard_sigmoid_config10_recr>|  return value|
|ap_return_67   |  out|    8|  ap_ctrl_hs|  hard_sigmoid<ap_fixed,ap_ufixed<8,0,4,0,0>,hard_sigmoid_config10_recr>|  return value|
|ap_return_68   |  out|    8|  ap_ctrl_hs|  hard_sigmoid<ap_fixed,ap_ufixed<8,0,4,0,0>,hard_sigmoid_config10_recr>|  return value|
|ap_return_69   |  out|    8|  ap_ctrl_hs|  hard_sigmoid<ap_fixed,ap_ufixed<8,0,4,0,0>,hard_sigmoid_config10_recr>|  return value|
|ap_return_70   |  out|    8|  ap_ctrl_hs|  hard_sigmoid<ap_fixed,ap_ufixed<8,0,4,0,0>,hard_sigmoid_config10_recr>|  return value|
|ap_return_71   |  out|    8|  ap_ctrl_hs|  hard_sigmoid<ap_fixed,ap_ufixed<8,0,4,0,0>,hard_sigmoid_config10_recr>|  return value|
|ap_return_72   |  out|    8|  ap_ctrl_hs|  hard_sigmoid<ap_fixed,ap_ufixed<8,0,4,0,0>,hard_sigmoid_config10_recr>|  return value|
|ap_return_73   |  out|    8|  ap_ctrl_hs|  hard_sigmoid<ap_fixed,ap_ufixed<8,0,4,0,0>,hard_sigmoid_config10_recr>|  return value|
|ap_return_74   |  out|    8|  ap_ctrl_hs|  hard_sigmoid<ap_fixed,ap_ufixed<8,0,4,0,0>,hard_sigmoid_config10_recr>|  return value|
|ap_return_75   |  out|    8|  ap_ctrl_hs|  hard_sigmoid<ap_fixed,ap_ufixed<8,0,4,0,0>,hard_sigmoid_config10_recr>|  return value|
|ap_return_76   |  out|    8|  ap_ctrl_hs|  hard_sigmoid<ap_fixed,ap_ufixed<8,0,4,0,0>,hard_sigmoid_config10_recr>|  return value|
|ap_return_77   |  out|    8|  ap_ctrl_hs|  hard_sigmoid<ap_fixed,ap_ufixed<8,0,4,0,0>,hard_sigmoid_config10_recr>|  return value|
|ap_return_78   |  out|    8|  ap_ctrl_hs|  hard_sigmoid<ap_fixed,ap_ufixed<8,0,4,0,0>,hard_sigmoid_config10_recr>|  return value|
|ap_return_79   |  out|    8|  ap_ctrl_hs|  hard_sigmoid<ap_fixed,ap_ufixed<8,0,4,0,0>,hard_sigmoid_config10_recr>|  return value|
|ap_return_80   |  out|    8|  ap_ctrl_hs|  hard_sigmoid<ap_fixed,ap_ufixed<8,0,4,0,0>,hard_sigmoid_config10_recr>|  return value|
|ap_return_81   |  out|    8|  ap_ctrl_hs|  hard_sigmoid<ap_fixed,ap_ufixed<8,0,4,0,0>,hard_sigmoid_config10_recr>|  return value|
|ap_return_82   |  out|    8|  ap_ctrl_hs|  hard_sigmoid<ap_fixed,ap_ufixed<8,0,4,0,0>,hard_sigmoid_config10_recr>|  return value|
|ap_return_83   |  out|    8|  ap_ctrl_hs|  hard_sigmoid<ap_fixed,ap_ufixed<8,0,4,0,0>,hard_sigmoid_config10_recr>|  return value|
|ap_return_84   |  out|    8|  ap_ctrl_hs|  hard_sigmoid<ap_fixed,ap_ufixed<8,0,4,0,0>,hard_sigmoid_config10_recr>|  return value|
|ap_return_85   |  out|    8|  ap_ctrl_hs|  hard_sigmoid<ap_fixed,ap_ufixed<8,0,4,0,0>,hard_sigmoid_config10_recr>|  return value|
|ap_return_86   |  out|    8|  ap_ctrl_hs|  hard_sigmoid<ap_fixed,ap_ufixed<8,0,4,0,0>,hard_sigmoid_config10_recr>|  return value|
|ap_return_87   |  out|    8|  ap_ctrl_hs|  hard_sigmoid<ap_fixed,ap_ufixed<8,0,4,0,0>,hard_sigmoid_config10_recr>|  return value|
|ap_return_88   |  out|    8|  ap_ctrl_hs|  hard_sigmoid<ap_fixed,ap_ufixed<8,0,4,0,0>,hard_sigmoid_config10_recr>|  return value|
|ap_return_89   |  out|    8|  ap_ctrl_hs|  hard_sigmoid<ap_fixed,ap_ufixed<8,0,4,0,0>,hard_sigmoid_config10_recr>|  return value|
|ap_return_90   |  out|    8|  ap_ctrl_hs|  hard_sigmoid<ap_fixed,ap_ufixed<8,0,4,0,0>,hard_sigmoid_config10_recr>|  return value|
|ap_return_91   |  out|    8|  ap_ctrl_hs|  hard_sigmoid<ap_fixed,ap_ufixed<8,0,4,0,0>,hard_sigmoid_config10_recr>|  return value|
|ap_return_92   |  out|    8|  ap_ctrl_hs|  hard_sigmoid<ap_fixed,ap_ufixed<8,0,4,0,0>,hard_sigmoid_config10_recr>|  return value|
|ap_return_93   |  out|    8|  ap_ctrl_hs|  hard_sigmoid<ap_fixed,ap_ufixed<8,0,4,0,0>,hard_sigmoid_config10_recr>|  return value|
|ap_return_94   |  out|    8|  ap_ctrl_hs|  hard_sigmoid<ap_fixed,ap_ufixed<8,0,4,0,0>,hard_sigmoid_config10_recr>|  return value|
|ap_return_95   |  out|    8|  ap_ctrl_hs|  hard_sigmoid<ap_fixed,ap_ufixed<8,0,4,0,0>,hard_sigmoid_config10_recr>|  return value|
|ap_return_96   |  out|    8|  ap_ctrl_hs|  hard_sigmoid<ap_fixed,ap_ufixed<8,0,4,0,0>,hard_sigmoid_config10_recr>|  return value|
|ap_return_97   |  out|    8|  ap_ctrl_hs|  hard_sigmoid<ap_fixed,ap_ufixed<8,0,4,0,0>,hard_sigmoid_config10_recr>|  return value|
|ap_return_98   |  out|    8|  ap_ctrl_hs|  hard_sigmoid<ap_fixed,ap_ufixed<8,0,4,0,0>,hard_sigmoid_config10_recr>|  return value|
|ap_return_99   |  out|    8|  ap_ctrl_hs|  hard_sigmoid<ap_fixed,ap_ufixed<8,0,4,0,0>,hard_sigmoid_config10_recr>|  return value|
|ap_return_100  |  out|    8|  ap_ctrl_hs|  hard_sigmoid<ap_fixed,ap_ufixed<8,0,4,0,0>,hard_sigmoid_config10_recr>|  return value|
|ap_return_101  |  out|    8|  ap_ctrl_hs|  hard_sigmoid<ap_fixed,ap_ufixed<8,0,4,0,0>,hard_sigmoid_config10_recr>|  return value|
|ap_return_102  |  out|    8|  ap_ctrl_hs|  hard_sigmoid<ap_fixed,ap_ufixed<8,0,4,0,0>,hard_sigmoid_config10_recr>|  return value|
|ap_return_103  |  out|    8|  ap_ctrl_hs|  hard_sigmoid<ap_fixed,ap_ufixed<8,0,4,0,0>,hard_sigmoid_config10_recr>|  return value|
|ap_return_104  |  out|    8|  ap_ctrl_hs|  hard_sigmoid<ap_fixed,ap_ufixed<8,0,4,0,0>,hard_sigmoid_config10_recr>|  return value|
|ap_return_105  |  out|    8|  ap_ctrl_hs|  hard_sigmoid<ap_fixed,ap_ufixed<8,0,4,0,0>,hard_sigmoid_config10_recr>|  return value|
|ap_return_106  |  out|    8|  ap_ctrl_hs|  hard_sigmoid<ap_fixed,ap_ufixed<8,0,4,0,0>,hard_sigmoid_config10_recr>|  return value|
|ap_return_107  |  out|    8|  ap_ctrl_hs|  hard_sigmoid<ap_fixed,ap_ufixed<8,0,4,0,0>,hard_sigmoid_config10_recr>|  return value|
|ap_return_108  |  out|    8|  ap_ctrl_hs|  hard_sigmoid<ap_fixed,ap_ufixed<8,0,4,0,0>,hard_sigmoid_config10_recr>|  return value|
|ap_return_109  |  out|    8|  ap_ctrl_hs|  hard_sigmoid<ap_fixed,ap_ufixed<8,0,4,0,0>,hard_sigmoid_config10_recr>|  return value|
|ap_return_110  |  out|    8|  ap_ctrl_hs|  hard_sigmoid<ap_fixed,ap_ufixed<8,0,4,0,0>,hard_sigmoid_config10_recr>|  return value|
|ap_return_111  |  out|    8|  ap_ctrl_hs|  hard_sigmoid<ap_fixed,ap_ufixed<8,0,4,0,0>,hard_sigmoid_config10_recr>|  return value|
|ap_return_112  |  out|    8|  ap_ctrl_hs|  hard_sigmoid<ap_fixed,ap_ufixed<8,0,4,0,0>,hard_sigmoid_config10_recr>|  return value|
|ap_return_113  |  out|    8|  ap_ctrl_hs|  hard_sigmoid<ap_fixed,ap_ufixed<8,0,4,0,0>,hard_sigmoid_config10_recr>|  return value|
|ap_return_114  |  out|    8|  ap_ctrl_hs|  hard_sigmoid<ap_fixed,ap_ufixed<8,0,4,0,0>,hard_sigmoid_config10_recr>|  return value|
|ap_return_115  |  out|    8|  ap_ctrl_hs|  hard_sigmoid<ap_fixed,ap_ufixed<8,0,4,0,0>,hard_sigmoid_config10_recr>|  return value|
|ap_return_116  |  out|    8|  ap_ctrl_hs|  hard_sigmoid<ap_fixed,ap_ufixed<8,0,4,0,0>,hard_sigmoid_config10_recr>|  return value|
|ap_return_117  |  out|    8|  ap_ctrl_hs|  hard_sigmoid<ap_fixed,ap_ufixed<8,0,4,0,0>,hard_sigmoid_config10_recr>|  return value|
|ap_return_118  |  out|    8|  ap_ctrl_hs|  hard_sigmoid<ap_fixed,ap_ufixed<8,0,4,0,0>,hard_sigmoid_config10_recr>|  return value|
|ap_return_119  |  out|    8|  ap_ctrl_hs|  hard_sigmoid<ap_fixed,ap_ufixed<8,0,4,0,0>,hard_sigmoid_config10_recr>|  return value|
|ap_return_120  |  out|    8|  ap_ctrl_hs|  hard_sigmoid<ap_fixed,ap_ufixed<8,0,4,0,0>,hard_sigmoid_config10_recr>|  return value|
|ap_return_121  |  out|    8|  ap_ctrl_hs|  hard_sigmoid<ap_fixed,ap_ufixed<8,0,4,0,0>,hard_sigmoid_config10_recr>|  return value|
|ap_return_122  |  out|    8|  ap_ctrl_hs|  hard_sigmoid<ap_fixed,ap_ufixed<8,0,4,0,0>,hard_sigmoid_config10_recr>|  return value|
|ap_return_123  |  out|    8|  ap_ctrl_hs|  hard_sigmoid<ap_fixed,ap_ufixed<8,0,4,0,0>,hard_sigmoid_config10_recr>|  return value|
|ap_return_124  |  out|    8|  ap_ctrl_hs|  hard_sigmoid<ap_fixed,ap_ufixed<8,0,4,0,0>,hard_sigmoid_config10_recr>|  return value|
|ap_return_125  |  out|    8|  ap_ctrl_hs|  hard_sigmoid<ap_fixed,ap_ufixed<8,0,4,0,0>,hard_sigmoid_config10_recr>|  return value|
|ap_return_126  |  out|    8|  ap_ctrl_hs|  hard_sigmoid<ap_fixed,ap_ufixed<8,0,4,0,0>,hard_sigmoid_config10_recr>|  return value|
|ap_return_127  |  out|    8|  ap_ctrl_hs|  hard_sigmoid<ap_fixed,ap_ufixed<8,0,4,0,0>,hard_sigmoid_config10_recr>|  return value|
|p_read         |   in|   22|     ap_none|                                                                  p_read|        scalar|
|p_read1        |   in|   22|     ap_none|                                                                 p_read1|        scalar|
|p_read2        |   in|   22|     ap_none|                                                                 p_read2|        scalar|
|p_read3        |   in|   22|     ap_none|                                                                 p_read3|        scalar|
|p_read4        |   in|   22|     ap_none|                                                                 p_read4|        scalar|
|p_read5        |   in|   22|     ap_none|                                                                 p_read5|        scalar|
|p_read6        |   in|   22|     ap_none|                                                                 p_read6|        scalar|
|p_read7        |   in|   22|     ap_none|                                                                 p_read7|        scalar|
|p_read8        |   in|   22|     ap_none|                                                                 p_read8|        scalar|
|p_read9        |   in|   22|     ap_none|                                                                 p_read9|        scalar|
|p_read10       |   in|   22|     ap_none|                                                                p_read10|        scalar|
|p_read11       |   in|   22|     ap_none|                                                                p_read11|        scalar|
|p_read12       |   in|   22|     ap_none|                                                                p_read12|        scalar|
|p_read13       |   in|   22|     ap_none|                                                                p_read13|        scalar|
|p_read14       |   in|   22|     ap_none|                                                                p_read14|        scalar|
|p_read15       |   in|   22|     ap_none|                                                                p_read15|        scalar|
|p_read16       |   in|   22|     ap_none|                                                                p_read16|        scalar|
|p_read17       |   in|   22|     ap_none|                                                                p_read17|        scalar|
|p_read18       |   in|   22|     ap_none|                                                                p_read18|        scalar|
|p_read19       |   in|   22|     ap_none|                                                                p_read19|        scalar|
|p_read20       |   in|   22|     ap_none|                                                                p_read20|        scalar|
|p_read21       |   in|   22|     ap_none|                                                                p_read21|        scalar|
|p_read22       |   in|   22|     ap_none|                                                                p_read22|        scalar|
|p_read23       |   in|   22|     ap_none|                                                                p_read23|        scalar|
|p_read24       |   in|   22|     ap_none|                                                                p_read24|        scalar|
|p_read25       |   in|   22|     ap_none|                                                                p_read25|        scalar|
|p_read26       |   in|   22|     ap_none|                                                                p_read26|        scalar|
|p_read27       |   in|   22|     ap_none|                                                                p_read27|        scalar|
|p_read28       |   in|   22|     ap_none|                                                                p_read28|        scalar|
|p_read29       |   in|   22|     ap_none|                                                                p_read29|        scalar|
|p_read30       |   in|   22|     ap_none|                                                                p_read30|        scalar|
|p_read31       |   in|   22|     ap_none|                                                                p_read31|        scalar|
|p_read32       |   in|   22|     ap_none|                                                                p_read32|        scalar|
|p_read33       |   in|   22|     ap_none|                                                                p_read33|        scalar|
|p_read34       |   in|   22|     ap_none|                                                                p_read34|        scalar|
|p_read35       |   in|   22|     ap_none|                                                                p_read35|        scalar|
|p_read36       |   in|   22|     ap_none|                                                                p_read36|        scalar|
|p_read37       |   in|   22|     ap_none|                                                                p_read37|        scalar|
|p_read38       |   in|   22|     ap_none|                                                                p_read38|        scalar|
|p_read39       |   in|   22|     ap_none|                                                                p_read39|        scalar|
|p_read40       |   in|   22|     ap_none|                                                                p_read40|        scalar|
|p_read41       |   in|   22|     ap_none|                                                                p_read41|        scalar|
|p_read42       |   in|   22|     ap_none|                                                                p_read42|        scalar|
|p_read43       |   in|   22|     ap_none|                                                                p_read43|        scalar|
|p_read44       |   in|   22|     ap_none|                                                                p_read44|        scalar|
|p_read45       |   in|   22|     ap_none|                                                                p_read45|        scalar|
|p_read46       |   in|   22|     ap_none|                                                                p_read46|        scalar|
|p_read47       |   in|   22|     ap_none|                                                                p_read47|        scalar|
|p_read48       |   in|   22|     ap_none|                                                                p_read48|        scalar|
|p_read49       |   in|   22|     ap_none|                                                                p_read49|        scalar|
|p_read50       |   in|   22|     ap_none|                                                                p_read50|        scalar|
|p_read51       |   in|   22|     ap_none|                                                                p_read51|        scalar|
|p_read52       |   in|   22|     ap_none|                                                                p_read52|        scalar|
|p_read53       |   in|   22|     ap_none|                                                                p_read53|        scalar|
|p_read54       |   in|   22|     ap_none|                                                                p_read54|        scalar|
|p_read55       |   in|   22|     ap_none|                                                                p_read55|        scalar|
|p_read56       |   in|   22|     ap_none|                                                                p_read56|        scalar|
|p_read57       |   in|   22|     ap_none|                                                                p_read57|        scalar|
|p_read58       |   in|   22|     ap_none|                                                                p_read58|        scalar|
|p_read59       |   in|   22|     ap_none|                                                                p_read59|        scalar|
|p_read60       |   in|   22|     ap_none|                                                                p_read60|        scalar|
|p_read61       |   in|   22|     ap_none|                                                                p_read61|        scalar|
|p_read62       |   in|   22|     ap_none|                                                                p_read62|        scalar|
|p_read63       |   in|   22|     ap_none|                                                                p_read63|        scalar|
|p_read64       |   in|   22|     ap_none|                                                                p_read64|        scalar|
|p_read65       |   in|   22|     ap_none|                                                                p_read65|        scalar|
|p_read66       |   in|   22|     ap_none|                                                                p_read66|        scalar|
|p_read67       |   in|   22|     ap_none|                                                                p_read67|        scalar|
|p_read68       |   in|   22|     ap_none|                                                                p_read68|        scalar|
|p_read69       |   in|   22|     ap_none|                                                                p_read69|        scalar|
|p_read70       |   in|   22|     ap_none|                                                                p_read70|        scalar|
|p_read71       |   in|   22|     ap_none|                                                                p_read71|        scalar|
|p_read72       |   in|   22|     ap_none|                                                                p_read72|        scalar|
|p_read73       |   in|   22|     ap_none|                                                                p_read73|        scalar|
|p_read74       |   in|   22|     ap_none|                                                                p_read74|        scalar|
|p_read75       |   in|   22|     ap_none|                                                                p_read75|        scalar|
|p_read76       |   in|   22|     ap_none|                                                                p_read76|        scalar|
|p_read77       |   in|   22|     ap_none|                                                                p_read77|        scalar|
|p_read78       |   in|   22|     ap_none|                                                                p_read78|        scalar|
|p_read79       |   in|   22|     ap_none|                                                                p_read79|        scalar|
|p_read80       |   in|   22|     ap_none|                                                                p_read80|        scalar|
|p_read81       |   in|   22|     ap_none|                                                                p_read81|        scalar|
|p_read82       |   in|   22|     ap_none|                                                                p_read82|        scalar|
|p_read83       |   in|   22|     ap_none|                                                                p_read83|        scalar|
|p_read84       |   in|   22|     ap_none|                                                                p_read84|        scalar|
|p_read85       |   in|   22|     ap_none|                                                                p_read85|        scalar|
|p_read86       |   in|   22|     ap_none|                                                                p_read86|        scalar|
|p_read87       |   in|   22|     ap_none|                                                                p_read87|        scalar|
|p_read88       |   in|   22|     ap_none|                                                                p_read88|        scalar|
|p_read89       |   in|   22|     ap_none|                                                                p_read89|        scalar|
|p_read90       |   in|   22|     ap_none|                                                                p_read90|        scalar|
|p_read91       |   in|   22|     ap_none|                                                                p_read91|        scalar|
|p_read92       |   in|   22|     ap_none|                                                                p_read92|        scalar|
|p_read93       |   in|   22|     ap_none|                                                                p_read93|        scalar|
|p_read94       |   in|   22|     ap_none|                                                                p_read94|        scalar|
|p_read95       |   in|   22|     ap_none|                                                                p_read95|        scalar|
|p_read96       |   in|   22|     ap_none|                                                                p_read96|        scalar|
|p_read97       |   in|   22|     ap_none|                                                                p_read97|        scalar|
|p_read98       |   in|   22|     ap_none|                                                                p_read98|        scalar|
|p_read99       |   in|   22|     ap_none|                                                                p_read99|        scalar|
|p_read100      |   in|   22|     ap_none|                                                               p_read100|        scalar|
|p_read101      |   in|   22|     ap_none|                                                               p_read101|        scalar|
|p_read102      |   in|   22|     ap_none|                                                               p_read102|        scalar|
|p_read103      |   in|   22|     ap_none|                                                               p_read103|        scalar|
|p_read104      |   in|   22|     ap_none|                                                               p_read104|        scalar|
|p_read105      |   in|   22|     ap_none|                                                               p_read105|        scalar|
|p_read106      |   in|   22|     ap_none|                                                               p_read106|        scalar|
|p_read107      |   in|   22|     ap_none|                                                               p_read107|        scalar|
|p_read108      |   in|   22|     ap_none|                                                               p_read108|        scalar|
|p_read109      |   in|   22|     ap_none|                                                               p_read109|        scalar|
|p_read110      |   in|   22|     ap_none|                                                               p_read110|        scalar|
|p_read111      |   in|   22|     ap_none|                                                               p_read111|        scalar|
|p_read112      |   in|   22|     ap_none|                                                               p_read112|        scalar|
|p_read113      |   in|   22|     ap_none|                                                               p_read113|        scalar|
|p_read114      |   in|   22|     ap_none|                                                               p_read114|        scalar|
|p_read115      |   in|   22|     ap_none|                                                               p_read115|        scalar|
|p_read116      |   in|   22|     ap_none|                                                               p_read116|        scalar|
|p_read117      |   in|   22|     ap_none|                                                               p_read117|        scalar|
|p_read118      |   in|   22|     ap_none|                                                               p_read118|        scalar|
|p_read119      |   in|   22|     ap_none|                                                               p_read119|        scalar|
|p_read120      |   in|   22|     ap_none|                                                               p_read120|        scalar|
|p_read121      |   in|   22|     ap_none|                                                               p_read121|        scalar|
|p_read122      |   in|   22|     ap_none|                                                               p_read122|        scalar|
|p_read123      |   in|   22|     ap_none|                                                               p_read123|        scalar|
|p_read124      |   in|   22|     ap_none|                                                               p_read124|        scalar|
|p_read125      |   in|   22|     ap_none|                                                               p_read125|        scalar|
|p_read126      |   in|   22|     ap_none|                                                               p_read126|        scalar|
|p_read127      |   in|   22|     ap_none|                                                               p_read127|        scalar|
+---------------+-----+-----+------------+------------------------------------------------------------------------+--------------+

