

================================================================
== Vitis HLS Report for 'linear_ap_fixed_16_6_5_3_0_ap_fixed_16_7_4_0_0_linear_config6_s'
================================================================
* Date:           Sat Feb 10 14:11:10 2024

* Version:        2022.2 (Build 3670227 on Oct 13 2022)
* Project:        alveo_hls4ml
* Solution:       solution (Vitis Kernel Flow Target)
* Product family: virtexuplus
* Target device:  xcu55c-fsvh2892-2L-e


================================================================
== Performance Estimates
================================================================
+ Timing: 
    * Summary: 
    +--------+---------+----------+------------+
    |  Clock |  Target | Estimated| Uncertainty|
    +--------+---------+----------+------------+
    |ap_clk  |  4.00 ns|  2.121 ns|     1.08 ns|
    +--------+---------+----------+------------+

+ Latency: 
    * Summary: 
    +---------+---------+----------+----------+-----+-----+---------+
    |  Latency (cycles) |  Latency (absolute) |  Interval | Pipeline|
    |   min   |   max   |    min   |    max   | min | max |   Type  |
    +---------+---------+----------+----------+-----+-----+---------+
    |        1|        1|  4.000 ns|  4.000 ns|    1|    1|       no|
    +---------+---------+----------+----------+-----+-----+---------+

    + Detail: 
        * Instance: 
        N/A

        * Loop: 
        N/A



================================================================
== Utilization Estimates
================================================================
* Summary: 
+---------------------+---------+------+---------+---------+-----+
|         Name        | BRAM_18K|  DSP |    FF   |   LUT   | URAM|
+---------------------+---------+------+---------+---------+-----+
|DSP                  |        -|     -|        -|        -|    -|
|Expression           |        -|     -|        0|     1604|    -|
|FIFO                 |        -|     -|        -|        -|    -|
|Instance             |        -|     -|        -|        -|    -|
|Memory               |        -|     -|        -|        -|    -|
|Multiplexer          |        -|     -|        -|     1184|    -|
|Register             |        -|     -|     1028|        -|    -|
+---------------------+---------+------+---------+---------+-----+
|Total                |        0|     0|     1028|     2788|    0|
+---------------------+---------+------+---------+---------+-----+
|Available SLR        |     1344|  3008|   869120|   434560|  320|
+---------------------+---------+------+---------+---------+-----+
|Utilization SLR (%)  |        0|     0|       ~0|       ~0|    0|
+---------------------+---------+------+---------+---------+-----+
|Available            |     4032|  9024|  2607360|  1303680|  960|
+---------------------+---------+------+---------+---------+-----+
|Utilization (%)      |        0|     0|       ~0|       ~0|    0|
+---------------------+---------+------+---------+---------+-----+

+ Detail: 
    * Instance: 
    N/A

    * DSP: 
    N/A

    * Memory: 
    N/A

    * FIFO: 
    N/A

    * Expression: 
    +---------------------------+----------+----+---+----+------------+------------+
    |       Variable Name       | Operation| DSP| FF| LUT| Bitwidth P0| Bitwidth P1|
    +---------------------------+----------+----+---+----+------------+------------+
    |out_data_V_849_fu_1436_p2  |         +|   0|  0|  23|          16|          16|
    |out_data_V_851_fu_1474_p2  |         +|   0|  0|  23|          16|          16|
    |out_data_V_853_fu_1512_p2  |         +|   0|  0|  23|          16|          16|
    |out_data_V_855_fu_1550_p2  |         +|   0|  0|  23|          16|          16|
    |out_data_V_857_fu_1588_p2  |         +|   0|  0|  23|          16|          16|
    |out_data_V_859_fu_1626_p2  |         +|   0|  0|  23|          16|          16|
    |out_data_V_861_fu_1664_p2  |         +|   0|  0|  23|          16|          16|
    |out_data_V_863_fu_1702_p2  |         +|   0|  0|  23|          16|          16|
    |out_data_V_865_fu_1740_p2  |         +|   0|  0|  23|          16|          16|
    |out_data_V_867_fu_1778_p2  |         +|   0|  0|  23|          16|          16|
    |out_data_V_869_fu_1816_p2  |         +|   0|  0|  23|          16|          16|
    |out_data_V_871_fu_1854_p2  |         +|   0|  0|  23|          16|          16|
    |out_data_V_873_fu_1892_p2  |         +|   0|  0|  23|          16|          16|
    |out_data_V_875_fu_1930_p2  |         +|   0|  0|  23|          16|          16|
    |out_data_V_877_fu_1968_p2  |         +|   0|  0|  23|          16|          16|
    |out_data_V_879_fu_2006_p2  |         +|   0|  0|  23|          16|          16|
    |out_data_V_881_fu_2044_p2  |         +|   0|  0|  23|          16|          16|
    |out_data_V_883_fu_2082_p2  |         +|   0|  0|  23|          16|          16|
    |out_data_V_885_fu_2120_p2  |         +|   0|  0|  23|          16|          16|
    |out_data_V_887_fu_2158_p2  |         +|   0|  0|  23|          16|          16|
    |out_data_V_889_fu_2196_p2  |         +|   0|  0|  23|          16|          16|
    |out_data_V_891_fu_2234_p2  |         +|   0|  0|  23|          16|          16|
    |out_data_V_893_fu_2272_p2  |         +|   0|  0|  23|          16|          16|
    |out_data_V_895_fu_2310_p2  |         +|   0|  0|  23|          16|          16|
    |out_data_V_897_fu_2348_p2  |         +|   0|  0|  23|          16|          16|
    |out_data_V_899_fu_2386_p2  |         +|   0|  0|  23|          16|          16|
    |out_data_V_901_fu_2424_p2  |         +|   0|  0|  23|          16|          16|
    |out_data_V_903_fu_2462_p2  |         +|   0|  0|  23|          16|          16|
    |out_data_V_905_fu_2500_p2  |         +|   0|  0|  23|          16|          16|
    |out_data_V_907_fu_2538_p2  |         +|   0|  0|  23|          16|          16|
    |out_data_V_909_fu_2576_p2  |         +|   0|  0|  23|          16|          16|
    |out_data_V_911_fu_2614_p2  |         +|   0|  0|  23|          16|          16|
    |out_data_V_913_fu_2652_p2  |         +|   0|  0|  23|          16|          16|
    |out_data_V_915_fu_2690_p2  |         +|   0|  0|  23|          16|          16|
    |out_data_V_917_fu_2728_p2  |         +|   0|  0|  23|          16|          16|
    |out_data_V_919_fu_2766_p2  |         +|   0|  0|  23|          16|          16|
    |out_data_V_921_fu_2804_p2  |         +|   0|  0|  23|          16|          16|
    |out_data_V_923_fu_2842_p2  |         +|   0|  0|  23|          16|          16|
    |out_data_V_925_fu_2880_p2  |         +|   0|  0|  23|          16|          16|
    |out_data_V_927_fu_2918_p2  |         +|   0|  0|  23|          16|          16|
    |out_data_V_929_fu_2956_p2  |         +|   0|  0|  23|          16|          16|
    |out_data_V_931_fu_2994_p2  |         +|   0|  0|  23|          16|          16|
    |out_data_V_933_fu_3032_p2  |         +|   0|  0|  23|          16|          16|
    |out_data_V_935_fu_3070_p2  |         +|   0|  0|  23|          16|          16|
    |out_data_V_937_fu_3108_p2  |         +|   0|  0|  23|          16|          16|
    |out_data_V_939_fu_3146_p2  |         +|   0|  0|  23|          16|          16|
    |out_data_V_941_fu_3184_p2  |         +|   0|  0|  23|          16|          16|
    |out_data_V_943_fu_3222_p2  |         +|   0|  0|  23|          16|          16|
    |out_data_V_945_fu_3260_p2  |         +|   0|  0|  23|          16|          16|
    |out_data_V_947_fu_3298_p2  |         +|   0|  0|  23|          16|          16|
    |out_data_V_949_fu_3336_p2  |         +|   0|  0|  23|          16|          16|
    |out_data_V_951_fu_3374_p2  |         +|   0|  0|  23|          16|          16|
    |out_data_V_953_fu_3412_p2  |         +|   0|  0|  23|          16|          16|
    |out_data_V_955_fu_3450_p2  |         +|   0|  0|  23|          16|          16|
    |out_data_V_957_fu_3488_p2  |         +|   0|  0|  23|          16|          16|
    |out_data_V_959_fu_3526_p2  |         +|   0|  0|  23|          16|          16|
    |out_data_V_961_fu_3564_p2  |         +|   0|  0|  23|          16|          16|
    |out_data_V_963_fu_3602_p2  |         +|   0|  0|  23|          16|          16|
    |out_data_V_965_fu_3640_p2  |         +|   0|  0|  23|          16|          16|
    |out_data_V_967_fu_3678_p2  |         +|   0|  0|  23|          16|          16|
    |out_data_V_969_fu_3716_p2  |         +|   0|  0|  23|          16|          16|
    |out_data_V_971_fu_3754_p2  |         +|   0|  0|  23|          16|          16|
    |out_data_V_973_fu_3792_p2  |         +|   0|  0|  23|          16|          16|
    |out_data_V_fu_1398_p2      |         +|   0|  0|  23|          16|          16|
    |and_ln374_10_fu_1768_p2    |       and|   0|  0|   2|           1|           1|
    |and_ln374_11_fu_1806_p2    |       and|   0|  0|   2|           1|           1|
    |and_ln374_12_fu_1844_p2    |       and|   0|  0|   2|           1|           1|
    |and_ln374_13_fu_1882_p2    |       and|   0|  0|   2|           1|           1|
    |and_ln374_14_fu_1920_p2    |       and|   0|  0|   2|           1|           1|
    |and_ln374_15_fu_1958_p2    |       and|   0|  0|   2|           1|           1|
    |and_ln374_16_fu_1996_p2    |       and|   0|  0|   2|           1|           1|
    |and_ln374_17_fu_2034_p2    |       and|   0|  0|   2|           1|           1|
    |and_ln374_18_fu_2072_p2    |       and|   0|  0|   2|           1|           1|
    |and_ln374_19_fu_2110_p2    |       and|   0|  0|   2|           1|           1|
    |and_ln374_1_fu_1426_p2     |       and|   0|  0|   2|           1|           1|
    |and_ln374_20_fu_2148_p2    |       and|   0|  0|   2|           1|           1|
    |and_ln374_21_fu_2186_p2    |       and|   0|  0|   2|           1|           1|
    |and_ln374_22_fu_2224_p2    |       and|   0|  0|   2|           1|           1|
    |and_ln374_23_fu_2262_p2    |       and|   0|  0|   2|           1|           1|
    |and_ln374_24_fu_2300_p2    |       and|   0|  0|   2|           1|           1|
    |and_ln374_25_fu_2338_p2    |       and|   0|  0|   2|           1|           1|
    |and_ln374_26_fu_2376_p2    |       and|   0|  0|   2|           1|           1|
    |and_ln374_27_fu_2414_p2    |       and|   0|  0|   2|           1|           1|
    |and_ln374_28_fu_2452_p2    |       and|   0|  0|   2|           1|           1|
    |and_ln374_29_fu_2490_p2    |       and|   0|  0|   2|           1|           1|
    |and_ln374_2_fu_1464_p2     |       and|   0|  0|   2|           1|           1|
    |and_ln374_30_fu_2528_p2    |       and|   0|  0|   2|           1|           1|
    |and_ln374_31_fu_2566_p2    |       and|   0|  0|   2|           1|           1|
    |and_ln374_32_fu_2604_p2    |       and|   0|  0|   2|           1|           1|
    |and_ln374_33_fu_2642_p2    |       and|   0|  0|   2|           1|           1|
    |and_ln374_34_fu_2680_p2    |       and|   0|  0|   2|           1|           1|
    |and_ln374_35_fu_2718_p2    |       and|   0|  0|   2|           1|           1|
    |and_ln374_36_fu_2756_p2    |       and|   0|  0|   2|           1|           1|
    |and_ln374_37_fu_2794_p2    |       and|   0|  0|   2|           1|           1|
    |and_ln374_38_fu_2832_p2    |       and|   0|  0|   2|           1|           1|
    |and_ln374_39_fu_2870_p2    |       and|   0|  0|   2|           1|           1|
    |and_ln374_3_fu_1502_p2     |       and|   0|  0|   2|           1|           1|
    |and_ln374_40_fu_2908_p2    |       and|   0|  0|   2|           1|           1|
    |and_ln374_41_fu_2946_p2    |       and|   0|  0|   2|           1|           1|
    |and_ln374_42_fu_2984_p2    |       and|   0|  0|   2|           1|           1|
    |and_ln374_43_fu_3022_p2    |       and|   0|  0|   2|           1|           1|
    |and_ln374_44_fu_3060_p2    |       and|   0|  0|   2|           1|           1|
    |and_ln374_45_fu_3098_p2    |       and|   0|  0|   2|           1|           1|
    |and_ln374_46_fu_3136_p2    |       and|   0|  0|   2|           1|           1|
    |and_ln374_47_fu_3174_p2    |       and|   0|  0|   2|           1|           1|
    |and_ln374_48_fu_3212_p2    |       and|   0|  0|   2|           1|           1|
    |and_ln374_49_fu_3250_p2    |       and|   0|  0|   2|           1|           1|
    |and_ln374_4_fu_1540_p2     |       and|   0|  0|   2|           1|           1|
    |and_ln374_50_fu_3288_p2    |       and|   0|  0|   2|           1|           1|
    |and_ln374_51_fu_3326_p2    |       and|   0|  0|   2|           1|           1|
    |and_ln374_52_fu_3364_p2    |       and|   0|  0|   2|           1|           1|
    |and_ln374_53_fu_3402_p2    |       and|   0|  0|   2|           1|           1|
    |and_ln374_54_fu_3440_p2    |       and|   0|  0|   2|           1|           1|
    |and_ln374_55_fu_3478_p2    |       and|   0|  0|   2|           1|           1|
    |and_ln374_56_fu_3516_p2    |       and|   0|  0|   2|           1|           1|
    |and_ln374_57_fu_3554_p2    |       and|   0|  0|   2|           1|           1|
    |and_ln374_58_fu_3592_p2    |       and|   0|  0|   2|           1|           1|
    |and_ln374_59_fu_3630_p2    |       and|   0|  0|   2|           1|           1|
    |and_ln374_5_fu_1578_p2     |       and|   0|  0|   2|           1|           1|
    |and_ln374_60_fu_3668_p2    |       and|   0|  0|   2|           1|           1|
    |and_ln374_61_fu_3706_p2    |       and|   0|  0|   2|           1|           1|
    |and_ln374_62_fu_3744_p2    |       and|   0|  0|   2|           1|           1|
    |and_ln374_63_fu_3782_p2    |       and|   0|  0|   2|           1|           1|
    |and_ln374_6_fu_1616_p2     |       and|   0|  0|   2|           1|           1|
    |and_ln374_7_fu_1654_p2     |       and|   0|  0|   2|           1|           1|
    |and_ln374_8_fu_1692_p2     |       and|   0|  0|   2|           1|           1|
    |and_ln374_9_fu_1730_p2     |       and|   0|  0|   2|           1|           1|
    |and_ln374_fu_1388_p2       |       and|   0|  0|   2|           1|           1|
    |ap_block_state1            |        or|   0|  0|   2|           1|           1|
    |ap_block_state2            |        or|   0|  0|   2|           1|           1|
    +---------------------------+----------+----+---+----+------------+------------+
    |Total                      |          |   0|  0|1604|        1090|        1090|
    +---------------------------+----------+----+---+----+------------+------------+

    * Multiplexer: 
    +---------------------+----+-----------+-----+-----------+
    |         Name        | LUT| Input Size| Bits| Total Bits|
    +---------------------+----+-----------+-----+-----------+
    |ap_NS_fsm            |  14|          3|    1|          3|
    |ap_done              |   9|          2|    1|          2|
    |layer4_out_0_blk_n   |   9|          2|    1|          2|
    |layer4_out_10_blk_n  |   9|          2|    1|          2|
    |layer4_out_11_blk_n  |   9|          2|    1|          2|
    |layer4_out_12_blk_n  |   9|          2|    1|          2|
    |layer4_out_13_blk_n  |   9|          2|    1|          2|
    |layer4_out_14_blk_n  |   9|          2|    1|          2|
    |layer4_out_15_blk_n  |   9|          2|    1|          2|
    |layer4_out_16_blk_n  |   9|          2|    1|          2|
    |layer4_out_17_blk_n  |   9|          2|    1|          2|
    |layer4_out_18_blk_n  |   9|          2|    1|          2|
    |layer4_out_19_blk_n  |   9|          2|    1|          2|
    |layer4_out_1_blk_n   |   9|          2|    1|          2|
    |layer4_out_20_blk_n  |   9|          2|    1|          2|
    |layer4_out_21_blk_n  |   9|          2|    1|          2|
    |layer4_out_22_blk_n  |   9|          2|    1|          2|
    |layer4_out_23_blk_n  |   9|          2|    1|          2|
    |layer4_out_24_blk_n  |   9|          2|    1|          2|
    |layer4_out_25_blk_n  |   9|          2|    1|          2|
    |layer4_out_26_blk_n  |   9|          2|    1|          2|
    |layer4_out_27_blk_n  |   9|          2|    1|          2|
    |layer4_out_28_blk_n  |   9|          2|    1|          2|
    |layer4_out_29_blk_n  |   9|          2|    1|          2|
    |layer4_out_2_blk_n   |   9|          2|    1|          2|
    |layer4_out_30_blk_n  |   9|          2|    1|          2|
    |layer4_out_31_blk_n  |   9|          2|    1|          2|
    |layer4_out_32_blk_n  |   9|          2|    1|          2|
    |layer4_out_33_blk_n  |   9|          2|    1|          2|
    |layer4_out_34_blk_n  |   9|          2|    1|          2|
    |layer4_out_35_blk_n  |   9|          2|    1|          2|
    |layer4_out_36_blk_n  |   9|          2|    1|          2|
    |layer4_out_37_blk_n  |   9|          2|    1|          2|
    |layer4_out_38_blk_n  |   9|          2|    1|          2|
    |layer4_out_39_blk_n  |   9|          2|    1|          2|
    |layer4_out_3_blk_n   |   9|          2|    1|          2|
    |layer4_out_40_blk_n  |   9|          2|    1|          2|
    |layer4_out_41_blk_n  |   9|          2|    1|          2|
    |layer4_out_42_blk_n  |   9|          2|    1|          2|
    |layer4_out_43_blk_n  |   9|          2|    1|          2|
    |layer4_out_44_blk_n  |   9|          2|    1|          2|
    |layer4_out_45_blk_n  |   9|          2|    1|          2|
    |layer4_out_46_blk_n  |   9|          2|    1|          2|
    |layer4_out_47_blk_n  |   9|          2|    1|          2|
    |layer4_out_48_blk_n  |   9|          2|    1|          2|
    |layer4_out_49_blk_n  |   9|          2|    1|          2|
    |layer4_out_4_blk_n   |   9|          2|    1|          2|
    |layer4_out_50_blk_n  |   9|          2|    1|          2|
    |layer4_out_51_blk_n  |   9|          2|    1|          2|
    |layer4_out_52_blk_n  |   9|          2|    1|          2|
    |layer4_out_53_blk_n  |   9|          2|    1|          2|
    |layer4_out_54_blk_n  |   9|          2|    1|          2|
    |layer4_out_55_blk_n  |   9|          2|    1|          2|
    |layer4_out_56_blk_n  |   9|          2|    1|          2|
    |layer4_out_57_blk_n  |   9|          2|    1|          2|
    |layer4_out_58_blk_n  |   9|          2|    1|          2|
    |layer4_out_59_blk_n  |   9|          2|    1|          2|
    |layer4_out_5_blk_n   |   9|          2|    1|          2|
    |layer4_out_60_blk_n  |   9|          2|    1|          2|
    |layer4_out_61_blk_n  |   9|          2|    1|          2|
    |layer4_out_62_blk_n  |   9|          2|    1|          2|
    |layer4_out_63_blk_n  |   9|          2|    1|          2|
    |layer4_out_6_blk_n   |   9|          2|    1|          2|
    |layer4_out_7_blk_n   |   9|          2|    1|          2|
    |layer4_out_8_blk_n   |   9|          2|    1|          2|
    |layer4_out_9_blk_n   |   9|          2|    1|          2|
    |layer6_out_0_blk_n   |   9|          2|    1|          2|
    |layer6_out_10_blk_n  |   9|          2|    1|          2|
    |layer6_out_11_blk_n  |   9|          2|    1|          2|
    |layer6_out_12_blk_n  |   9|          2|    1|          2|
    |layer6_out_13_blk_n  |   9|          2|    1|          2|
    |layer6_out_14_blk_n  |   9|          2|    1|          2|
    |layer6_out_15_blk_n  |   9|          2|    1|          2|
    |layer6_out_16_blk_n  |   9|          2|    1|          2|
    |layer6_out_17_blk_n  |   9|          2|    1|          2|
    |layer6_out_18_blk_n  |   9|          2|    1|          2|
    |layer6_out_19_blk_n  |   9|          2|    1|          2|
    |layer6_out_1_blk_n   |   9|          2|    1|          2|
    |layer6_out_20_blk_n  |   9|          2|    1|          2|
    |layer6_out_21_blk_n  |   9|          2|    1|          2|
    |layer6_out_22_blk_n  |   9|          2|    1|          2|
    |layer6_out_23_blk_n  |   9|          2|    1|          2|
    |layer6_out_24_blk_n  |   9|          2|    1|          2|
    |layer6_out_25_blk_n  |   9|          2|    1|          2|
    |layer6_out_26_blk_n  |   9|          2|    1|          2|
    |layer6_out_27_blk_n  |   9|          2|    1|          2|
    |layer6_out_28_blk_n  |   9|          2|    1|          2|
    |layer6_out_29_blk_n  |   9|          2|    1|          2|
    |layer6_out_2_blk_n   |   9|          2|    1|          2|
    |layer6_out_30_blk_n  |   9|          2|    1|          2|
    |layer6_out_31_blk_n  |   9|          2|    1|          2|
    |layer6_out_32_blk_n  |   9|          2|    1|          2|
    |layer6_out_33_blk_n  |   9|          2|    1|          2|
    |layer6_out_34_blk_n  |   9|          2|    1|          2|
    |layer6_out_35_blk_n  |   9|          2|    1|          2|
    |layer6_out_36_blk_n  |   9|          2|    1|          2|
    |layer6_out_37_blk_n  |   9|          2|    1|          2|
    |layer6_out_38_blk_n  |   9|          2|    1|          2|
    |layer6_out_39_blk_n  |   9|          2|    1|          2|
    |layer6_out_3_blk_n   |   9|          2|    1|          2|
    |layer6_out_40_blk_n  |   9|          2|    1|          2|
    |layer6_out_41_blk_n  |   9|          2|    1|          2|
    |layer6_out_42_blk_n  |   9|          2|    1|          2|
    |layer6_out_43_blk_n  |   9|          2|    1|          2|
    |layer6_out_44_blk_n  |   9|          2|    1|          2|
    |layer6_out_45_blk_n  |   9|          2|    1|          2|
    |layer6_out_46_blk_n  |   9|          2|    1|          2|
    |layer6_out_47_blk_n  |   9|          2|    1|          2|
    |layer6_out_48_blk_n  |   9|          2|    1|          2|
    |layer6_out_49_blk_n  |   9|          2|    1|          2|
    |layer6_out_4_blk_n   |   9|          2|    1|          2|
    |layer6_out_50_blk_n  |   9|          2|    1|          2|
    |layer6_out_51_blk_n  |   9|          2|    1|          2|
    |layer6_out_52_blk_n  |   9|          2|    1|          2|
    |layer6_out_53_blk_n  |   9|          2|    1|          2|
    |layer6_out_54_blk_n  |   9|          2|    1|          2|
    |layer6_out_55_blk_n  |   9|          2|    1|          2|
    |layer6_out_56_blk_n  |   9|          2|    1|          2|
    |layer6_out_57_blk_n  |   9|          2|    1|          2|
    |layer6_out_58_blk_n  |   9|          2|    1|          2|
    |layer6_out_59_blk_n  |   9|          2|    1|          2|
    |layer6_out_5_blk_n   |   9|          2|    1|          2|
    |layer6_out_60_blk_n  |   9|          2|    1|          2|
    |layer6_out_61_blk_n  |   9|          2|    1|          2|
    |layer6_out_62_blk_n  |   9|          2|    1|          2|
    |layer6_out_63_blk_n  |   9|          2|    1|          2|
    |layer6_out_6_blk_n   |   9|          2|    1|          2|
    |layer6_out_7_blk_n   |   9|          2|    1|          2|
    |layer6_out_8_blk_n   |   9|          2|    1|          2|
    |layer6_out_9_blk_n   |   9|          2|    1|          2|
    |real_start           |   9|          2|    1|          2|
    +---------------------+----+-----------+-----+-----------+
    |Total                |1184|        263|  131|        263|
    +---------------------+----+-----------+-----+-----------+

    * Register: 
    +-------------------------+----+----+-----+-----------+
    |           Name          | FF | LUT| Bits| Const Bits|
    +-------------------------+----+----+-----+-----------+
    |ap_CS_fsm                |   2|   0|    2|          0|
    |ap_done_reg              |   1|   0|    1|          0|
    |out_data_V_849_reg_3803  |  16|   0|   16|          0|
    |out_data_V_851_reg_3808  |  16|   0|   16|          0|
    |out_data_V_853_reg_3813  |  16|   0|   16|          0|
    |out_data_V_855_reg_3818  |  16|   0|   16|          0|
    |out_data_V_857_reg_3823  |  16|   0|   16|          0|
    |out_data_V_859_reg_3828  |  16|   0|   16|          0|
    |out_data_V_861_reg_3833  |  16|   0|   16|          0|
    |out_data_V_863_reg_3838  |  16|   0|   16|          0|
    |out_data_V_865_reg_3843  |  16|   0|   16|          0|
    |out_data_V_867_reg_3848  |  16|   0|   16|          0|
    |out_data_V_869_reg_3853  |  16|   0|   16|          0|
    |out_data_V_871_reg_3858  |  16|   0|   16|          0|
    |out_data_V_873_reg_3863  |  16|   0|   16|          0|
    |out_data_V_875_reg_3868  |  16|   0|   16|          0|
    |out_data_V_877_reg_3873  |  16|   0|   16|          0|
    |out_data_V_879_reg_3878  |  16|   0|   16|          0|
    |out_data_V_881_reg_3883  |  16|   0|   16|          0|
    |out_data_V_883_reg_3888  |  16|   0|   16|          0|
    |out_data_V_885_reg_3893  |  16|   0|   16|          0|
    |out_data_V_887_reg_3898  |  16|   0|   16|          0|
    |out_data_V_889_reg_3903  |  16|   0|   16|          0|
    |out_data_V_891_reg_3908  |  16|   0|   16|          0|
    |out_data_V_893_reg_3913  |  16|   0|   16|          0|
    |out_data_V_895_reg_3918  |  16|   0|   16|          0|
    |out_data_V_897_reg_3923  |  16|   0|   16|          0|
    |out_data_V_899_reg_3928  |  16|   0|   16|          0|
    |out_data_V_901_reg_3933  |  16|   0|   16|          0|
    |out_data_V_903_reg_3938  |  16|   0|   16|          0|
    |out_data_V_905_reg_3943  |  16|   0|   16|          0|
    |out_data_V_907_reg_3948  |  16|   0|   16|          0|
    |out_data_V_909_reg_3953  |  16|   0|   16|          0|
    |out_data_V_911_reg_3958  |  16|   0|   16|          0|
    |out_data_V_913_reg_3963  |  16|   0|   16|          0|
    |out_data_V_915_reg_3968  |  16|   0|   16|          0|
    |out_data_V_917_reg_3973  |  16|   0|   16|          0|
    |out_data_V_919_reg_3978  |  16|   0|   16|          0|
    |out_data_V_921_reg_3983  |  16|   0|   16|          0|
    |out_data_V_923_reg_3988  |  16|   0|   16|          0|
    |out_data_V_925_reg_3993  |  16|   0|   16|          0|
    |out_data_V_927_reg_3998  |  16|   0|   16|          0|
    |out_data_V_929_reg_4003  |  16|   0|   16|          0|
    |out_data_V_931_reg_4008  |  16|   0|   16|          0|
    |out_data_V_933_reg_4013  |  16|   0|   16|          0|
    |out_data_V_935_reg_4018  |  16|   0|   16|          0|
    |out_data_V_937_reg_4023  |  16|   0|   16|          0|
    |out_data_V_939_reg_4028  |  16|   0|   16|          0|
    |out_data_V_941_reg_4033  |  16|   0|   16|          0|
    |out_data_V_943_reg_4038  |  16|   0|   16|          0|
    |out_data_V_945_reg_4043  |  16|   0|   16|          0|
    |out_data_V_947_reg_4048  |  16|   0|   16|          0|
    |out_data_V_949_reg_4053  |  16|   0|   16|          0|
    |out_data_V_951_reg_4058  |  16|   0|   16|          0|
    |out_data_V_953_reg_4063  |  16|   0|   16|          0|
    |out_data_V_955_reg_4068  |  16|   0|   16|          0|
    |out_data_V_957_reg_4073  |  16|   0|   16|          0|
    |out_data_V_959_reg_4078  |  16|   0|   16|          0|
    |out_data_V_961_reg_4083  |  16|   0|   16|          0|
    |out_data_V_963_reg_4088  |  16|   0|   16|          0|
    |out_data_V_965_reg_4093  |  16|   0|   16|          0|
    |out_data_V_967_reg_4098  |  16|   0|   16|          0|
    |out_data_V_969_reg_4103  |  16|   0|   16|          0|
    |out_data_V_971_reg_4108  |  16|   0|   16|          0|
    |out_data_V_973_reg_4113  |  16|   0|   16|          0|
    |out_data_V_reg_3798      |  16|   0|   16|          0|
    |start_once_reg           |   1|   0|    1|          0|
    +-------------------------+----+----+-----+-----------+
    |Total                    |1028|   0| 1028|          0|
    +-------------------------+----+----+-----+-----------+



================================================================
== Interface
================================================================
* Summary: 
+------------------------------+-----+-----+------------+----------------------------------------------------------------------------+--------------+
|           RTL Ports          | Dir | Bits|  Protocol  |                                Source Object                               |    C Type    |
+------------------------------+-----+-----+------------+----------------------------------------------------------------------------+--------------+
|ap_clk                        |   in|    1|  ap_ctrl_hs|  linear<ap_fixed<16, 6, 5, 3, 0>, ap_fixed<16, 7, 4, 0, 0>, linear_config6>|  return value|
|ap_rst                        |   in|    1|  ap_ctrl_hs|  linear<ap_fixed<16, 6, 5, 3, 0>, ap_fixed<16, 7, 4, 0, 0>, linear_config6>|  return value|
|ap_start                      |   in|    1|  ap_ctrl_hs|  linear<ap_fixed<16, 6, 5, 3, 0>, ap_fixed<16, 7, 4, 0, 0>, linear_config6>|  return value|
|start_full_n                  |   in|    1|  ap_ctrl_hs|  linear<ap_fixed<16, 6, 5, 3, 0>, ap_fixed<16, 7, 4, 0, 0>, linear_config6>|  return value|
|ap_done                       |  out|    1|  ap_ctrl_hs|  linear<ap_fixed<16, 6, 5, 3, 0>, ap_fixed<16, 7, 4, 0, 0>, linear_config6>|  return value|
|ap_continue                   |   in|    1|  ap_ctrl_hs|  linear<ap_fixed<16, 6, 5, 3, 0>, ap_fixed<16, 7, 4, 0, 0>, linear_config6>|  return value|
|ap_idle                       |  out|    1|  ap_ctrl_hs|  linear<ap_fixed<16, 6, 5, 3, 0>, ap_fixed<16, 7, 4, 0, 0>, linear_config6>|  return value|
|ap_ready                      |  out|    1|  ap_ctrl_hs|  linear<ap_fixed<16, 6, 5, 3, 0>, ap_fixed<16, 7, 4, 0, 0>, linear_config6>|  return value|
|start_out                     |  out|    1|  ap_ctrl_hs|  linear<ap_fixed<16, 6, 5, 3, 0>, ap_fixed<16, 7, 4, 0, 0>, linear_config6>|  return value|
|start_write                   |  out|    1|  ap_ctrl_hs|  linear<ap_fixed<16, 6, 5, 3, 0>, ap_fixed<16, 7, 4, 0, 0>, linear_config6>|  return value|
|layer4_out_0_dout             |   in|   16|     ap_fifo|                                                                layer4_out_0|       pointer|
|layer4_out_0_num_data_valid   |   in|    2|     ap_fifo|                                                                layer4_out_0|       pointer|
|layer4_out_0_fifo_cap         |   in|    2|     ap_fifo|                                                                layer4_out_0|       pointer|
|layer4_out_0_empty_n          |   in|    1|     ap_fifo|                                                                layer4_out_0|       pointer|
|layer4_out_0_read             |  out|    1|     ap_fifo|                                                                layer4_out_0|       pointer|
|layer4_out_1_dout             |   in|   16|     ap_fifo|                                                                layer4_out_1|       pointer|
|layer4_out_1_num_data_valid   |   in|    2|     ap_fifo|                                                                layer4_out_1|       pointer|
|layer4_out_1_fifo_cap         |   in|    2|     ap_fifo|                                                                layer4_out_1|       pointer|
|layer4_out_1_empty_n          |   in|    1|     ap_fifo|                                                                layer4_out_1|       pointer|
|layer4_out_1_read             |  out|    1|     ap_fifo|                                                                layer4_out_1|       pointer|
|layer4_out_2_dout             |   in|   16|     ap_fifo|                                                                layer4_out_2|       pointer|
|layer4_out_2_num_data_valid   |   in|    2|     ap_fifo|                                                                layer4_out_2|       pointer|
|layer4_out_2_fifo_cap         |   in|    2|     ap_fifo|                                                                layer4_out_2|       pointer|
|layer4_out_2_empty_n          |   in|    1|     ap_fifo|                                                                layer4_out_2|       pointer|
|layer4_out_2_read             |  out|    1|     ap_fifo|                                                                layer4_out_2|       pointer|
|layer4_out_3_dout             |   in|   16|     ap_fifo|                                                                layer4_out_3|       pointer|
|layer4_out_3_num_data_valid   |   in|    2|     ap_fifo|                                                                layer4_out_3|       pointer|
|layer4_out_3_fifo_cap         |   in|    2|     ap_fifo|                                                                layer4_out_3|       pointer|
|layer4_out_3_empty_n          |   in|    1|     ap_fifo|                                                                layer4_out_3|       pointer|
|layer4_out_3_read             |  out|    1|     ap_fifo|                                                                layer4_out_3|       pointer|
|layer4_out_4_dout             |   in|   16|     ap_fifo|                                                                layer4_out_4|       pointer|
|layer4_out_4_num_data_valid   |   in|    2|     ap_fifo|                                                                layer4_out_4|       pointer|
|layer4_out_4_fifo_cap         |   in|    2|     ap_fifo|                                                                layer4_out_4|       pointer|
|layer4_out_4_empty_n          |   in|    1|     ap_fifo|                                                                layer4_out_4|       pointer|
|layer4_out_4_read             |  out|    1|     ap_fifo|                                                                layer4_out_4|       pointer|
|layer4_out_5_dout             |   in|   16|     ap_fifo|                                                                layer4_out_5|       pointer|
|layer4_out_5_num_data_valid   |   in|    2|     ap_fifo|                                                                layer4_out_5|       pointer|
|layer4_out_5_fifo_cap         |   in|    2|     ap_fifo|                                                                layer4_out_5|       pointer|
|layer4_out_5_empty_n          |   in|    1|     ap_fifo|                                                                layer4_out_5|       pointer|
|layer4_out_5_read             |  out|    1|     ap_fifo|                                                                layer4_out_5|       pointer|
|layer4_out_6_dout             |   in|   16|     ap_fifo|                                                                layer4_out_6|       pointer|
|layer4_out_6_num_data_valid   |   in|    2|     ap_fifo|                                                                layer4_out_6|       pointer|
|layer4_out_6_fifo_cap         |   in|    2|     ap_fifo|                                                                layer4_out_6|       pointer|
|layer4_out_6_empty_n          |   in|    1|     ap_fifo|                                                                layer4_out_6|       pointer|
|layer4_out_6_read             |  out|    1|     ap_fifo|                                                                layer4_out_6|       pointer|
|layer4_out_7_dout             |   in|   16|     ap_fifo|                                                                layer4_out_7|       pointer|
|layer4_out_7_num_data_valid   |   in|    2|     ap_fifo|                                                                layer4_out_7|       pointer|
|layer4_out_7_fifo_cap         |   in|    2|     ap_fifo|                                                                layer4_out_7|       pointer|
|layer4_out_7_empty_n          |   in|    1|     ap_fifo|                                                                layer4_out_7|       pointer|
|layer4_out_7_read             |  out|    1|     ap_fifo|                                                                layer4_out_7|       pointer|
|layer4_out_8_dout             |   in|   16|     ap_fifo|                                                                layer4_out_8|       pointer|
|layer4_out_8_num_data_valid   |   in|    2|     ap_fifo|                                                                layer4_out_8|       pointer|
|layer4_out_8_fifo_cap         |   in|    2|     ap_fifo|                                                                layer4_out_8|       pointer|
|layer4_out_8_empty_n          |   in|    1|     ap_fifo|                                                                layer4_out_8|       pointer|
|layer4_out_8_read             |  out|    1|     ap_fifo|                                                                layer4_out_8|       pointer|
|layer4_out_9_dout             |   in|   16|     ap_fifo|                                                                layer4_out_9|       pointer|
|layer4_out_9_num_data_valid   |   in|    2|     ap_fifo|                                                                layer4_out_9|       pointer|
|layer4_out_9_fifo_cap         |   in|    2|     ap_fifo|                                                                layer4_out_9|       pointer|
|layer4_out_9_empty_n          |   in|    1|     ap_fifo|                                                                layer4_out_9|       pointer|
|layer4_out_9_read             |  out|    1|     ap_fifo|                                                                layer4_out_9|       pointer|
|layer4_out_10_dout            |   in|   16|     ap_fifo|                                                               layer4_out_10|       pointer|
|layer4_out_10_num_data_valid  |   in|    2|     ap_fifo|                                                               layer4_out_10|       pointer|
|layer4_out_10_fifo_cap        |   in|    2|     ap_fifo|                                                               layer4_out_10|       pointer|
|layer4_out_10_empty_n         |   in|    1|     ap_fifo|                                                               layer4_out_10|       pointer|
|layer4_out_10_read            |  out|    1|     ap_fifo|                                                               layer4_out_10|       pointer|
|layer4_out_11_dout            |   in|   16|     ap_fifo|                                                               layer4_out_11|       pointer|
|layer4_out_11_num_data_valid  |   in|    2|     ap_fifo|                                                               layer4_out_11|       pointer|
|layer4_out_11_fifo_cap        |   in|    2|     ap_fifo|                                                               layer4_out_11|       pointer|
|layer4_out_11_empty_n         |   in|    1|     ap_fifo|                                                               layer4_out_11|       pointer|
|layer4_out_11_read            |  out|    1|     ap_fifo|                                                               layer4_out_11|       pointer|
|layer4_out_12_dout            |   in|   16|     ap_fifo|                                                               layer4_out_12|       pointer|
|layer4_out_12_num_data_valid  |   in|    2|     ap_fifo|                                                               layer4_out_12|       pointer|
|layer4_out_12_fifo_cap        |   in|    2|     ap_fifo|                                                               layer4_out_12|       pointer|
|layer4_out_12_empty_n         |   in|    1|     ap_fifo|                                                               layer4_out_12|       pointer|
|layer4_out_12_read            |  out|    1|     ap_fifo|                                                               layer4_out_12|       pointer|
|layer4_out_13_dout            |   in|   16|     ap_fifo|                                                               layer4_out_13|       pointer|
|layer4_out_13_num_data_valid  |   in|    2|     ap_fifo|                                                               layer4_out_13|       pointer|
|layer4_out_13_fifo_cap        |   in|    2|     ap_fifo|                                                               layer4_out_13|       pointer|
|layer4_out_13_empty_n         |   in|    1|     ap_fifo|                                                               layer4_out_13|       pointer|
|layer4_out_13_read            |  out|    1|     ap_fifo|                                                               layer4_out_13|       pointer|
|layer4_out_14_dout            |   in|   16|     ap_fifo|                                                               layer4_out_14|       pointer|
|layer4_out_14_num_data_valid  |   in|    2|     ap_fifo|                                                               layer4_out_14|       pointer|
|layer4_out_14_fifo_cap        |   in|    2|     ap_fifo|                                                               layer4_out_14|       pointer|
|layer4_out_14_empty_n         |   in|    1|     ap_fifo|                                                               layer4_out_14|       pointer|
|layer4_out_14_read            |  out|    1|     ap_fifo|                                                               layer4_out_14|       pointer|
|layer4_out_15_dout            |   in|   16|     ap_fifo|                                                               layer4_out_15|       pointer|
|layer4_out_15_num_data_valid  |   in|    2|     ap_fifo|                                                               layer4_out_15|       pointer|
|layer4_out_15_fifo_cap        |   in|    2|     ap_fifo|                                                               layer4_out_15|       pointer|
|layer4_out_15_empty_n         |   in|    1|     ap_fifo|                                                               layer4_out_15|       pointer|
|layer4_out_15_read            |  out|    1|     ap_fifo|                                                               layer4_out_15|       pointer|
|layer4_out_16_dout            |   in|   16|     ap_fifo|                                                               layer4_out_16|       pointer|
|layer4_out_16_num_data_valid  |   in|    2|     ap_fifo|                                                               layer4_out_16|       pointer|
|layer4_out_16_fifo_cap        |   in|    2|     ap_fifo|                                                               layer4_out_16|       pointer|
|layer4_out_16_empty_n         |   in|    1|     ap_fifo|                                                               layer4_out_16|       pointer|
|layer4_out_16_read            |  out|    1|     ap_fifo|                                                               layer4_out_16|       pointer|
|layer4_out_17_dout            |   in|   16|     ap_fifo|                                                               layer4_out_17|       pointer|
|layer4_out_17_num_data_valid  |   in|    2|     ap_fifo|                                                               layer4_out_17|       pointer|
|layer4_out_17_fifo_cap        |   in|    2|     ap_fifo|                                                               layer4_out_17|       pointer|
|layer4_out_17_empty_n         |   in|    1|     ap_fifo|                                                               layer4_out_17|       pointer|
|layer4_out_17_read            |  out|    1|     ap_fifo|                                                               layer4_out_17|       pointer|
|layer4_out_18_dout            |   in|   16|     ap_fifo|                                                               layer4_out_18|       pointer|
|layer4_out_18_num_data_valid  |   in|    2|     ap_fifo|                                                               layer4_out_18|       pointer|
|layer4_out_18_fifo_cap        |   in|    2|     ap_fifo|                                                               layer4_out_18|       pointer|
|layer4_out_18_empty_n         |   in|    1|     ap_fifo|                                                               layer4_out_18|       pointer|
|layer4_out_18_read            |  out|    1|     ap_fifo|                                                               layer4_out_18|       pointer|
|layer4_out_19_dout            |   in|   16|     ap_fifo|                                                               layer4_out_19|       pointer|
|layer4_out_19_num_data_valid  |   in|    2|     ap_fifo|                                                               layer4_out_19|       pointer|
|layer4_out_19_fifo_cap        |   in|    2|     ap_fifo|                                                               layer4_out_19|       pointer|
|layer4_out_19_empty_n         |   in|    1|     ap_fifo|                                                               layer4_out_19|       pointer|
|layer4_out_19_read            |  out|    1|     ap_fifo|                                                               layer4_out_19|       pointer|
|layer4_out_20_dout            |   in|   16|     ap_fifo|                                                               layer4_out_20|       pointer|
|layer4_out_20_num_data_valid  |   in|    2|     ap_fifo|                                                               layer4_out_20|       pointer|
|layer4_out_20_fifo_cap        |   in|    2|     ap_fifo|                                                               layer4_out_20|       pointer|
|layer4_out_20_empty_n         |   in|    1|     ap_fifo|                                                               layer4_out_20|       pointer|
|layer4_out_20_read            |  out|    1|     ap_fifo|                                                               layer4_out_20|       pointer|
|layer4_out_21_dout            |   in|   16|     ap_fifo|                                                               layer4_out_21|       pointer|
|layer4_out_21_num_data_valid  |   in|    2|     ap_fifo|                                                               layer4_out_21|       pointer|
|layer4_out_21_fifo_cap        |   in|    2|     ap_fifo|                                                               layer4_out_21|       pointer|
|layer4_out_21_empty_n         |   in|    1|     ap_fifo|                                                               layer4_out_21|       pointer|
|layer4_out_21_read            |  out|    1|     ap_fifo|                                                               layer4_out_21|       pointer|
|layer4_out_22_dout            |   in|   16|     ap_fifo|                                                               layer4_out_22|       pointer|
|layer4_out_22_num_data_valid  |   in|    2|     ap_fifo|                                                               layer4_out_22|       pointer|
|layer4_out_22_fifo_cap        |   in|    2|     ap_fifo|                                                               layer4_out_22|       pointer|
|layer4_out_22_empty_n         |   in|    1|     ap_fifo|                                                               layer4_out_22|       pointer|
|layer4_out_22_read            |  out|    1|     ap_fifo|                                                               layer4_out_22|       pointer|
|layer4_out_23_dout            |   in|   16|     ap_fifo|                                                               layer4_out_23|       pointer|
|layer4_out_23_num_data_valid  |   in|    2|     ap_fifo|                                                               layer4_out_23|       pointer|
|layer4_out_23_fifo_cap        |   in|    2|     ap_fifo|                                                               layer4_out_23|       pointer|
|layer4_out_23_empty_n         |   in|    1|     ap_fifo|                                                               layer4_out_23|       pointer|
|layer4_out_23_read            |  out|    1|     ap_fifo|                                                               layer4_out_23|       pointer|
|layer4_out_24_dout            |   in|   16|     ap_fifo|                                                               layer4_out_24|       pointer|
|layer4_out_24_num_data_valid  |   in|    2|     ap_fifo|                                                               layer4_out_24|       pointer|
|layer4_out_24_fifo_cap        |   in|    2|     ap_fifo|                                                               layer4_out_24|       pointer|
|layer4_out_24_empty_n         |   in|    1|     ap_fifo|                                                               layer4_out_24|       pointer|
|layer4_out_24_read            |  out|    1|     ap_fifo|                                                               layer4_out_24|       pointer|
|layer4_out_25_dout            |   in|   16|     ap_fifo|                                                               layer4_out_25|       pointer|
|layer4_out_25_num_data_valid  |   in|    2|     ap_fifo|                                                               layer4_out_25|       pointer|
|layer4_out_25_fifo_cap        |   in|    2|     ap_fifo|                                                               layer4_out_25|       pointer|
|layer4_out_25_empty_n         |   in|    1|     ap_fifo|                                                               layer4_out_25|       pointer|
|layer4_out_25_read            |  out|    1|     ap_fifo|                                                               layer4_out_25|       pointer|
|layer4_out_26_dout            |   in|   16|     ap_fifo|                                                               layer4_out_26|       pointer|
|layer4_out_26_num_data_valid  |   in|    2|     ap_fifo|                                                               layer4_out_26|       pointer|
|layer4_out_26_fifo_cap        |   in|    2|     ap_fifo|                                                               layer4_out_26|       pointer|
|layer4_out_26_empty_n         |   in|    1|     ap_fifo|                                                               layer4_out_26|       pointer|
|layer4_out_26_read            |  out|    1|     ap_fifo|                                                               layer4_out_26|       pointer|
|layer4_out_27_dout            |   in|   16|     ap_fifo|                                                               layer4_out_27|       pointer|
|layer4_out_27_num_data_valid  |   in|    2|     ap_fifo|                                                               layer4_out_27|       pointer|
|layer4_out_27_fifo_cap        |   in|    2|     ap_fifo|                                                               layer4_out_27|       pointer|
|layer4_out_27_empty_n         |   in|    1|     ap_fifo|                                                               layer4_out_27|       pointer|
|layer4_out_27_read            |  out|    1|     ap_fifo|                                                               layer4_out_27|       pointer|
|layer4_out_28_dout            |   in|   16|     ap_fifo|                                                               layer4_out_28|       pointer|
|layer4_out_28_num_data_valid  |   in|    2|     ap_fifo|                                                               layer4_out_28|       pointer|
|layer4_out_28_fifo_cap        |   in|    2|     ap_fifo|                                                               layer4_out_28|       pointer|
|layer4_out_28_empty_n         |   in|    1|     ap_fifo|                                                               layer4_out_28|       pointer|
|layer4_out_28_read            |  out|    1|     ap_fifo|                                                               layer4_out_28|       pointer|
|layer4_out_29_dout            |   in|   16|     ap_fifo|                                                               layer4_out_29|       pointer|
|layer4_out_29_num_data_valid  |   in|    2|     ap_fifo|                                                               layer4_out_29|       pointer|
|layer4_out_29_fifo_cap        |   in|    2|     ap_fifo|                                                               layer4_out_29|       pointer|
|layer4_out_29_empty_n         |   in|    1|     ap_fifo|                                                               layer4_out_29|       pointer|
|layer4_out_29_read            |  out|    1|     ap_fifo|                                                               layer4_out_29|       pointer|
|layer4_out_30_dout            |   in|   16|     ap_fifo|                                                               layer4_out_30|       pointer|
|layer4_out_30_num_data_valid  |   in|    2|     ap_fifo|                                                               layer4_out_30|       pointer|
|layer4_out_30_fifo_cap        |   in|    2|     ap_fifo|                                                               layer4_out_30|       pointer|
|layer4_out_30_empty_n         |   in|    1|     ap_fifo|                                                               layer4_out_30|       pointer|
|layer4_out_30_read            |  out|    1|     ap_fifo|                                                               layer4_out_30|       pointer|
|layer4_out_31_dout            |   in|   16|     ap_fifo|                                                               layer4_out_31|       pointer|
|layer4_out_31_num_data_valid  |   in|    2|     ap_fifo|                                                               layer4_out_31|       pointer|
|layer4_out_31_fifo_cap        |   in|    2|     ap_fifo|                                                               layer4_out_31|       pointer|
|layer4_out_31_empty_n         |   in|    1|     ap_fifo|                                                               layer4_out_31|       pointer|
|layer4_out_31_read            |  out|    1|     ap_fifo|                                                               layer4_out_31|       pointer|
|layer4_out_32_dout            |   in|   16|     ap_fifo|                                                               layer4_out_32|       pointer|
|layer4_out_32_num_data_valid  |   in|    2|     ap_fifo|                                                               layer4_out_32|       pointer|
|layer4_out_32_fifo_cap        |   in|    2|     ap_fifo|                                                               layer4_out_32|       pointer|
|layer4_out_32_empty_n         |   in|    1|     ap_fifo|                                                               layer4_out_32|       pointer|
|layer4_out_32_read            |  out|    1|     ap_fifo|                                                               layer4_out_32|       pointer|
|layer4_out_33_dout            |   in|   16|     ap_fifo|                                                               layer4_out_33|       pointer|
|layer4_out_33_num_data_valid  |   in|    2|     ap_fifo|                                                               layer4_out_33|       pointer|
|layer4_out_33_fifo_cap        |   in|    2|     ap_fifo|                                                               layer4_out_33|       pointer|
|layer4_out_33_empty_n         |   in|    1|     ap_fifo|                                                               layer4_out_33|       pointer|
|layer4_out_33_read            |  out|    1|     ap_fifo|                                                               layer4_out_33|       pointer|
|layer4_out_34_dout            |   in|   16|     ap_fifo|                                                               layer4_out_34|       pointer|
|layer4_out_34_num_data_valid  |   in|    2|     ap_fifo|                                                               layer4_out_34|       pointer|
|layer4_out_34_fifo_cap        |   in|    2|     ap_fifo|                                                               layer4_out_34|       pointer|
|layer4_out_34_empty_n         |   in|    1|     ap_fifo|                                                               layer4_out_34|       pointer|
|layer4_out_34_read            |  out|    1|     ap_fifo|                                                               layer4_out_34|       pointer|
|layer4_out_35_dout            |   in|   16|     ap_fifo|                                                               layer4_out_35|       pointer|
|layer4_out_35_num_data_valid  |   in|    2|     ap_fifo|                                                               layer4_out_35|       pointer|
|layer4_out_35_fifo_cap        |   in|    2|     ap_fifo|                                                               layer4_out_35|       pointer|
|layer4_out_35_empty_n         |   in|    1|     ap_fifo|                                                               layer4_out_35|       pointer|
|layer4_out_35_read            |  out|    1|     ap_fifo|                                                               layer4_out_35|       pointer|
|layer4_out_36_dout            |   in|   16|     ap_fifo|                                                               layer4_out_36|       pointer|
|layer4_out_36_num_data_valid  |   in|    2|     ap_fifo|                                                               layer4_out_36|       pointer|
|layer4_out_36_fifo_cap        |   in|    2|     ap_fifo|                                                               layer4_out_36|       pointer|
|layer4_out_36_empty_n         |   in|    1|     ap_fifo|                                                               layer4_out_36|       pointer|
|layer4_out_36_read            |  out|    1|     ap_fifo|                                                               layer4_out_36|       pointer|
|layer4_out_37_dout            |   in|   16|     ap_fifo|                                                               layer4_out_37|       pointer|
|layer4_out_37_num_data_valid  |   in|    2|     ap_fifo|                                                               layer4_out_37|       pointer|
|layer4_out_37_fifo_cap        |   in|    2|     ap_fifo|                                                               layer4_out_37|       pointer|
|layer4_out_37_empty_n         |   in|    1|     ap_fifo|                                                               layer4_out_37|       pointer|
|layer4_out_37_read            |  out|    1|     ap_fifo|                                                               layer4_out_37|       pointer|
|layer4_out_38_dout            |   in|   16|     ap_fifo|                                                               layer4_out_38|       pointer|
|layer4_out_38_num_data_valid  |   in|    2|     ap_fifo|                                                               layer4_out_38|       pointer|
|layer4_out_38_fifo_cap        |   in|    2|     ap_fifo|                                                               layer4_out_38|       pointer|
|layer4_out_38_empty_n         |   in|    1|     ap_fifo|                                                               layer4_out_38|       pointer|
|layer4_out_38_read            |  out|    1|     ap_fifo|                                                               layer4_out_38|       pointer|
|layer4_out_39_dout            |   in|   16|     ap_fifo|                                                               layer4_out_39|       pointer|
|layer4_out_39_num_data_valid  |   in|    2|     ap_fifo|                                                               layer4_out_39|       pointer|
|layer4_out_39_fifo_cap        |   in|    2|     ap_fifo|                                                               layer4_out_39|       pointer|
|layer4_out_39_empty_n         |   in|    1|     ap_fifo|                                                               layer4_out_39|       pointer|
|layer4_out_39_read            |  out|    1|     ap_fifo|                                                               layer4_out_39|       pointer|
|layer4_out_40_dout            |   in|   16|     ap_fifo|                                                               layer4_out_40|       pointer|
|layer4_out_40_num_data_valid  |   in|    2|     ap_fifo|                                                               layer4_out_40|       pointer|
|layer4_out_40_fifo_cap        |   in|    2|     ap_fifo|                                                               layer4_out_40|       pointer|
|layer4_out_40_empty_n         |   in|    1|     ap_fifo|                                                               layer4_out_40|       pointer|
|layer4_out_40_read            |  out|    1|     ap_fifo|                                                               layer4_out_40|       pointer|
|layer4_out_41_dout            |   in|   16|     ap_fifo|                                                               layer4_out_41|       pointer|
|layer4_out_41_num_data_valid  |   in|    2|     ap_fifo|                                                               layer4_out_41|       pointer|
|layer4_out_41_fifo_cap        |   in|    2|     ap_fifo|                                                               layer4_out_41|       pointer|
|layer4_out_41_empty_n         |   in|    1|     ap_fifo|                                                               layer4_out_41|       pointer|
|layer4_out_41_read            |  out|    1|     ap_fifo|                                                               layer4_out_41|       pointer|
|layer4_out_42_dout            |   in|   16|     ap_fifo|                                                               layer4_out_42|       pointer|
|layer4_out_42_num_data_valid  |   in|    2|     ap_fifo|                                                               layer4_out_42|       pointer|
|layer4_out_42_fifo_cap        |   in|    2|     ap_fifo|                                                               layer4_out_42|       pointer|
|layer4_out_42_empty_n         |   in|    1|     ap_fifo|                                                               layer4_out_42|       pointer|
|layer4_out_42_read            |  out|    1|     ap_fifo|                                                               layer4_out_42|       pointer|
|layer4_out_43_dout            |   in|   16|     ap_fifo|                                                               layer4_out_43|       pointer|
|layer4_out_43_num_data_valid  |   in|    2|     ap_fifo|                                                               layer4_out_43|       pointer|
|layer4_out_43_fifo_cap        |   in|    2|     ap_fifo|                                                               layer4_out_43|       pointer|
|layer4_out_43_empty_n         |   in|    1|     ap_fifo|                                                               layer4_out_43|       pointer|
|layer4_out_43_read            |  out|    1|     ap_fifo|                                                               layer4_out_43|       pointer|
|layer4_out_44_dout            |   in|   16|     ap_fifo|                                                               layer4_out_44|       pointer|
|layer4_out_44_num_data_valid  |   in|    2|     ap_fifo|                                                               layer4_out_44|       pointer|
|layer4_out_44_fifo_cap        |   in|    2|     ap_fifo|                                                               layer4_out_44|       pointer|
|layer4_out_44_empty_n         |   in|    1|     ap_fifo|                                                               layer4_out_44|       pointer|
|layer4_out_44_read            |  out|    1|     ap_fifo|                                                               layer4_out_44|       pointer|
|layer4_out_45_dout            |   in|   16|     ap_fifo|                                                               layer4_out_45|       pointer|
|layer4_out_45_num_data_valid  |   in|    2|     ap_fifo|                                                               layer4_out_45|       pointer|
|layer4_out_45_fifo_cap        |   in|    2|     ap_fifo|                                                               layer4_out_45|       pointer|
|layer4_out_45_empty_n         |   in|    1|     ap_fifo|                                                               layer4_out_45|       pointer|
|layer4_out_45_read            |  out|    1|     ap_fifo|                                                               layer4_out_45|       pointer|
|layer4_out_46_dout            |   in|   16|     ap_fifo|                                                               layer4_out_46|       pointer|
|layer4_out_46_num_data_valid  |   in|    2|     ap_fifo|                                                               layer4_out_46|       pointer|
|layer4_out_46_fifo_cap        |   in|    2|     ap_fifo|                                                               layer4_out_46|       pointer|
|layer4_out_46_empty_n         |   in|    1|     ap_fifo|                                                               layer4_out_46|       pointer|
|layer4_out_46_read            |  out|    1|     ap_fifo|                                                               layer4_out_46|       pointer|
|layer4_out_47_dout            |   in|   16|     ap_fifo|                                                               layer4_out_47|       pointer|
|layer4_out_47_num_data_valid  |   in|    2|     ap_fifo|                                                               layer4_out_47|       pointer|
|layer4_out_47_fifo_cap        |   in|    2|     ap_fifo|                                                               layer4_out_47|       pointer|
|layer4_out_47_empty_n         |   in|    1|     ap_fifo|                                                               layer4_out_47|       pointer|
|layer4_out_47_read            |  out|    1|     ap_fifo|                                                               layer4_out_47|       pointer|
|layer4_out_48_dout            |   in|   16|     ap_fifo|                                                               layer4_out_48|       pointer|
|layer4_out_48_num_data_valid  |   in|    2|     ap_fifo|                                                               layer4_out_48|       pointer|
|layer4_out_48_fifo_cap        |   in|    2|     ap_fifo|                                                               layer4_out_48|       pointer|
|layer4_out_48_empty_n         |   in|    1|     ap_fifo|                                                               layer4_out_48|       pointer|
|layer4_out_48_read            |  out|    1|     ap_fifo|                                                               layer4_out_48|       pointer|
|layer4_out_49_dout            |   in|   16|     ap_fifo|                                                               layer4_out_49|       pointer|
|layer4_out_49_num_data_valid  |   in|    2|     ap_fifo|                                                               layer4_out_49|       pointer|
|layer4_out_49_fifo_cap        |   in|    2|     ap_fifo|                                                               layer4_out_49|       pointer|
|layer4_out_49_empty_n         |   in|    1|     ap_fifo|                                                               layer4_out_49|       pointer|
|layer4_out_49_read            |  out|    1|     ap_fifo|                                                               layer4_out_49|       pointer|
|layer4_out_50_dout            |   in|   16|     ap_fifo|                                                               layer4_out_50|       pointer|
|layer4_out_50_num_data_valid  |   in|    2|     ap_fifo|                                                               layer4_out_50|       pointer|
|layer4_out_50_fifo_cap        |   in|    2|     ap_fifo|                                                               layer4_out_50|       pointer|
|layer4_out_50_empty_n         |   in|    1|     ap_fifo|                                                               layer4_out_50|       pointer|
|layer4_out_50_read            |  out|    1|     ap_fifo|                                                               layer4_out_50|       pointer|
|layer4_out_51_dout            |   in|   16|     ap_fifo|                                                               layer4_out_51|       pointer|
|layer4_out_51_num_data_valid  |   in|    2|     ap_fifo|                                                               layer4_out_51|       pointer|
|layer4_out_51_fifo_cap        |   in|    2|     ap_fifo|                                                               layer4_out_51|       pointer|
|layer4_out_51_empty_n         |   in|    1|     ap_fifo|                                                               layer4_out_51|       pointer|
|layer4_out_51_read            |  out|    1|     ap_fifo|                                                               layer4_out_51|       pointer|
|layer4_out_52_dout            |   in|   16|     ap_fifo|                                                               layer4_out_52|       pointer|
|layer4_out_52_num_data_valid  |   in|    2|     ap_fifo|                                                               layer4_out_52|       pointer|
|layer4_out_52_fifo_cap        |   in|    2|     ap_fifo|                                                               layer4_out_52|       pointer|
|layer4_out_52_empty_n         |   in|    1|     ap_fifo|                                                               layer4_out_52|       pointer|
|layer4_out_52_read            |  out|    1|     ap_fifo|                                                               layer4_out_52|       pointer|
|layer4_out_53_dout            |   in|   16|     ap_fifo|                                                               layer4_out_53|       pointer|
|layer4_out_53_num_data_valid  |   in|    2|     ap_fifo|                                                               layer4_out_53|       pointer|
|layer4_out_53_fifo_cap        |   in|    2|     ap_fifo|                                                               layer4_out_53|       pointer|
|layer4_out_53_empty_n         |   in|    1|     ap_fifo|                                                               layer4_out_53|       pointer|
|layer4_out_53_read            |  out|    1|     ap_fifo|                                                               layer4_out_53|       pointer|
|layer4_out_54_dout            |   in|   16|     ap_fifo|                                                               layer4_out_54|       pointer|
|layer4_out_54_num_data_valid  |   in|    2|     ap_fifo|                                                               layer4_out_54|       pointer|
|layer4_out_54_fifo_cap        |   in|    2|     ap_fifo|                                                               layer4_out_54|       pointer|
|layer4_out_54_empty_n         |   in|    1|     ap_fifo|                                                               layer4_out_54|       pointer|
|layer4_out_54_read            |  out|    1|     ap_fifo|                                                               layer4_out_54|       pointer|
|layer4_out_55_dout            |   in|   16|     ap_fifo|                                                               layer4_out_55|       pointer|
|layer4_out_55_num_data_valid  |   in|    2|     ap_fifo|                                                               layer4_out_55|       pointer|
|layer4_out_55_fifo_cap        |   in|    2|     ap_fifo|                                                               layer4_out_55|       pointer|
|layer4_out_55_empty_n         |   in|    1|     ap_fifo|                                                               layer4_out_55|       pointer|
|layer4_out_55_read            |  out|    1|     ap_fifo|                                                               layer4_out_55|       pointer|
|layer4_out_56_dout            |   in|   16|     ap_fifo|                                                               layer4_out_56|       pointer|
|layer4_out_56_num_data_valid  |   in|    2|     ap_fifo|                                                               layer4_out_56|       pointer|
|layer4_out_56_fifo_cap        |   in|    2|     ap_fifo|                                                               layer4_out_56|       pointer|
|layer4_out_56_empty_n         |   in|    1|     ap_fifo|                                                               layer4_out_56|       pointer|
|layer4_out_56_read            |  out|    1|     ap_fifo|                                                               layer4_out_56|       pointer|
|layer4_out_57_dout            |   in|   16|     ap_fifo|                                                               layer4_out_57|       pointer|
|layer4_out_57_num_data_valid  |   in|    2|     ap_fifo|                                                               layer4_out_57|       pointer|
|layer4_out_57_fifo_cap        |   in|    2|     ap_fifo|                                                               layer4_out_57|       pointer|
|layer4_out_57_empty_n         |   in|    1|     ap_fifo|                                                               layer4_out_57|       pointer|
|layer4_out_57_read            |  out|    1|     ap_fifo|                                                               layer4_out_57|       pointer|
|layer4_out_58_dout            |   in|   16|     ap_fifo|                                                               layer4_out_58|       pointer|
|layer4_out_58_num_data_valid  |   in|    2|     ap_fifo|                                                               layer4_out_58|       pointer|
|layer4_out_58_fifo_cap        |   in|    2|     ap_fifo|                                                               layer4_out_58|       pointer|
|layer4_out_58_empty_n         |   in|    1|     ap_fifo|                                                               layer4_out_58|       pointer|
|layer4_out_58_read            |  out|    1|     ap_fifo|                                                               layer4_out_58|       pointer|
|layer4_out_59_dout            |   in|   16|     ap_fifo|                                                               layer4_out_59|       pointer|
|layer4_out_59_num_data_valid  |   in|    2|     ap_fifo|                                                               layer4_out_59|       pointer|
|layer4_out_59_fifo_cap        |   in|    2|     ap_fifo|                                                               layer4_out_59|       pointer|
|layer4_out_59_empty_n         |   in|    1|     ap_fifo|                                                               layer4_out_59|       pointer|
|layer4_out_59_read            |  out|    1|     ap_fifo|                                                               layer4_out_59|       pointer|
|layer4_out_60_dout            |   in|   16|     ap_fifo|                                                               layer4_out_60|       pointer|
|layer4_out_60_num_data_valid  |   in|    2|     ap_fifo|                                                               layer4_out_60|       pointer|
|layer4_out_60_fifo_cap        |   in|    2|     ap_fifo|                                                               layer4_out_60|       pointer|
|layer4_out_60_empty_n         |   in|    1|     ap_fifo|                                                               layer4_out_60|       pointer|
|layer4_out_60_read            |  out|    1|     ap_fifo|                                                               layer4_out_60|       pointer|
|layer4_out_61_dout            |   in|   16|     ap_fifo|                                                               layer4_out_61|       pointer|
|layer4_out_61_num_data_valid  |   in|    2|     ap_fifo|                                                               layer4_out_61|       pointer|
|layer4_out_61_fifo_cap        |   in|    2|     ap_fifo|                                                               layer4_out_61|       pointer|
|layer4_out_61_empty_n         |   in|    1|     ap_fifo|                                                               layer4_out_61|       pointer|
|layer4_out_61_read            |  out|    1|     ap_fifo|                                                               layer4_out_61|       pointer|
|layer4_out_62_dout            |   in|   16|     ap_fifo|                                                               layer4_out_62|       pointer|
|layer4_out_62_num_data_valid  |   in|    2|     ap_fifo|                                                               layer4_out_62|       pointer|
|layer4_out_62_fifo_cap        |   in|    2|     ap_fifo|                                                               layer4_out_62|       pointer|
|layer4_out_62_empty_n         |   in|    1|     ap_fifo|                                                               layer4_out_62|       pointer|
|layer4_out_62_read            |  out|    1|     ap_fifo|                                                               layer4_out_62|       pointer|
|layer4_out_63_dout            |   in|   16|     ap_fifo|                                                               layer4_out_63|       pointer|
|layer4_out_63_num_data_valid  |   in|    2|     ap_fifo|                                                               layer4_out_63|       pointer|
|layer4_out_63_fifo_cap        |   in|    2|     ap_fifo|                                                               layer4_out_63|       pointer|
|layer4_out_63_empty_n         |   in|    1|     ap_fifo|                                                               layer4_out_63|       pointer|
|layer4_out_63_read            |  out|    1|     ap_fifo|                                                               layer4_out_63|       pointer|
|layer6_out_0_din              |  out|   16|     ap_fifo|                                                                layer6_out_0|       pointer|
|layer6_out_0_num_data_valid   |   in|    2|     ap_fifo|                                                                layer6_out_0|       pointer|
|layer6_out_0_fifo_cap         |   in|    2|     ap_fifo|                                                                layer6_out_0|       pointer|
|layer6_out_0_full_n           |   in|    1|     ap_fifo|                                                                layer6_out_0|       pointer|
|layer6_out_0_write            |  out|    1|     ap_fifo|                                                                layer6_out_0|       pointer|
|layer6_out_1_din              |  out|   16|     ap_fifo|                                                                layer6_out_1|       pointer|
|layer6_out_1_num_data_valid   |   in|    2|     ap_fifo|                                                                layer6_out_1|       pointer|
|layer6_out_1_fifo_cap         |   in|    2|     ap_fifo|                                                                layer6_out_1|       pointer|
|layer6_out_1_full_n           |   in|    1|     ap_fifo|                                                                layer6_out_1|       pointer|
|layer6_out_1_write            |  out|    1|     ap_fifo|                                                                layer6_out_1|       pointer|
|layer6_out_2_din              |  out|   16|     ap_fifo|                                                                layer6_out_2|       pointer|
|layer6_out_2_num_data_valid   |   in|    2|     ap_fifo|                                                                layer6_out_2|       pointer|
|layer6_out_2_fifo_cap         |   in|    2|     ap_fifo|                                                                layer6_out_2|       pointer|
|layer6_out_2_full_n           |   in|    1|     ap_fifo|                                                                layer6_out_2|       pointer|
|layer6_out_2_write            |  out|    1|     ap_fifo|                                                                layer6_out_2|       pointer|
|layer6_out_3_din              |  out|   16|     ap_fifo|                                                                layer6_out_3|       pointer|
|layer6_out_3_num_data_valid   |   in|    2|     ap_fifo|                                                                layer6_out_3|       pointer|
|layer6_out_3_fifo_cap         |   in|    2|     ap_fifo|                                                                layer6_out_3|       pointer|
|layer6_out_3_full_n           |   in|    1|     ap_fifo|                                                                layer6_out_3|       pointer|
|layer6_out_3_write            |  out|    1|     ap_fifo|                                                                layer6_out_3|       pointer|
|layer6_out_4_din              |  out|   16|     ap_fifo|                                                                layer6_out_4|       pointer|
|layer6_out_4_num_data_valid   |   in|    2|     ap_fifo|                                                                layer6_out_4|       pointer|
|layer6_out_4_fifo_cap         |   in|    2|     ap_fifo|                                                                layer6_out_4|       pointer|
|layer6_out_4_full_n           |   in|    1|     ap_fifo|                                                                layer6_out_4|       pointer|
|layer6_out_4_write            |  out|    1|     ap_fifo|                                                                layer6_out_4|       pointer|
|layer6_out_5_din              |  out|   16|     ap_fifo|                                                                layer6_out_5|       pointer|
|layer6_out_5_num_data_valid   |   in|    2|     ap_fifo|                                                                layer6_out_5|       pointer|
|layer6_out_5_fifo_cap         |   in|    2|     ap_fifo|                                                                layer6_out_5|       pointer|
|layer6_out_5_full_n           |   in|    1|     ap_fifo|                                                                layer6_out_5|       pointer|
|layer6_out_5_write            |  out|    1|     ap_fifo|                                                                layer6_out_5|       pointer|
|layer6_out_6_din              |  out|   16|     ap_fifo|                                                                layer6_out_6|       pointer|
|layer6_out_6_num_data_valid   |   in|    2|     ap_fifo|                                                                layer6_out_6|       pointer|
|layer6_out_6_fifo_cap         |   in|    2|     ap_fifo|                                                                layer6_out_6|       pointer|
|layer6_out_6_full_n           |   in|    1|     ap_fifo|                                                                layer6_out_6|       pointer|
|layer6_out_6_write            |  out|    1|     ap_fifo|                                                                layer6_out_6|       pointer|
|layer6_out_7_din              |  out|   16|     ap_fifo|                                                                layer6_out_7|       pointer|
|layer6_out_7_num_data_valid   |   in|    2|     ap_fifo|                                                                layer6_out_7|       pointer|
|layer6_out_7_fifo_cap         |   in|    2|     ap_fifo|                                                                layer6_out_7|       pointer|
|layer6_out_7_full_n           |   in|    1|     ap_fifo|                                                                layer6_out_7|       pointer|
|layer6_out_7_write            |  out|    1|     ap_fifo|                                                                layer6_out_7|       pointer|
|layer6_out_8_din              |  out|   16|     ap_fifo|                                                                layer6_out_8|       pointer|
|layer6_out_8_num_data_valid   |   in|    2|     ap_fifo|                                                                layer6_out_8|       pointer|
|layer6_out_8_fifo_cap         |   in|    2|     ap_fifo|                                                                layer6_out_8|       pointer|
|layer6_out_8_full_n           |   in|    1|     ap_fifo|                                                                layer6_out_8|       pointer|
|layer6_out_8_write            |  out|    1|     ap_fifo|                                                                layer6_out_8|       pointer|
|layer6_out_9_din              |  out|   16|     ap_fifo|                                                                layer6_out_9|       pointer|
|layer6_out_9_num_data_valid   |   in|    2|     ap_fifo|                                                                layer6_out_9|       pointer|
|layer6_out_9_fifo_cap         |   in|    2|     ap_fifo|                                                                layer6_out_9|       pointer|
|layer6_out_9_full_n           |   in|    1|     ap_fifo|                                                                layer6_out_9|       pointer|
|layer6_out_9_write            |  out|    1|     ap_fifo|                                                                layer6_out_9|       pointer|
|layer6_out_10_din             |  out|   16|     ap_fifo|                                                               layer6_out_10|       pointer|
|layer6_out_10_num_data_valid  |   in|    2|     ap_fifo|                                                               layer6_out_10|       pointer|
|layer6_out_10_fifo_cap        |   in|    2|     ap_fifo|                                                               layer6_out_10|       pointer|
|layer6_out_10_full_n          |   in|    1|     ap_fifo|                                                               layer6_out_10|       pointer|
|layer6_out_10_write           |  out|    1|     ap_fifo|                                                               layer6_out_10|       pointer|
|layer6_out_11_din             |  out|   16|     ap_fifo|                                                               layer6_out_11|       pointer|
|layer6_out_11_num_data_valid  |   in|    2|     ap_fifo|                                                               layer6_out_11|       pointer|
|layer6_out_11_fifo_cap        |   in|    2|     ap_fifo|                                                               layer6_out_11|       pointer|
|layer6_out_11_full_n          |   in|    1|     ap_fifo|                                                               layer6_out_11|       pointer|
|layer6_out_11_write           |  out|    1|     ap_fifo|                                                               layer6_out_11|       pointer|
|layer6_out_12_din             |  out|   16|     ap_fifo|                                                               layer6_out_12|       pointer|
|layer6_out_12_num_data_valid  |   in|    2|     ap_fifo|                                                               layer6_out_12|       pointer|
|layer6_out_12_fifo_cap        |   in|    2|     ap_fifo|                                                               layer6_out_12|       pointer|
|layer6_out_12_full_n          |   in|    1|     ap_fifo|                                                               layer6_out_12|       pointer|
|layer6_out_12_write           |  out|    1|     ap_fifo|                                                               layer6_out_12|       pointer|
|layer6_out_13_din             |  out|   16|     ap_fifo|                                                               layer6_out_13|       pointer|
|layer6_out_13_num_data_valid  |   in|    2|     ap_fifo|                                                               layer6_out_13|       pointer|
|layer6_out_13_fifo_cap        |   in|    2|     ap_fifo|                                                               layer6_out_13|       pointer|
|layer6_out_13_full_n          |   in|    1|     ap_fifo|                                                               layer6_out_13|       pointer|
|layer6_out_13_write           |  out|    1|     ap_fifo|                                                               layer6_out_13|       pointer|
|layer6_out_14_din             |  out|   16|     ap_fifo|                                                               layer6_out_14|       pointer|
|layer6_out_14_num_data_valid  |   in|    2|     ap_fifo|                                                               layer6_out_14|       pointer|
|layer6_out_14_fifo_cap        |   in|    2|     ap_fifo|                                                               layer6_out_14|       pointer|
|layer6_out_14_full_n          |   in|    1|     ap_fifo|                                                               layer6_out_14|       pointer|
|layer6_out_14_write           |  out|    1|     ap_fifo|                                                               layer6_out_14|       pointer|
|layer6_out_15_din             |  out|   16|     ap_fifo|                                                               layer6_out_15|       pointer|
|layer6_out_15_num_data_valid  |   in|    2|     ap_fifo|                                                               layer6_out_15|       pointer|
|layer6_out_15_fifo_cap        |   in|    2|     ap_fifo|                                                               layer6_out_15|       pointer|
|layer6_out_15_full_n          |   in|    1|     ap_fifo|                                                               layer6_out_15|       pointer|
|layer6_out_15_write           |  out|    1|     ap_fifo|                                                               layer6_out_15|       pointer|
|layer6_out_16_din             |  out|   16|     ap_fifo|                                                               layer6_out_16|       pointer|
|layer6_out_16_num_data_valid  |   in|    2|     ap_fifo|                                                               layer6_out_16|       pointer|
|layer6_out_16_fifo_cap        |   in|    2|     ap_fifo|                                                               layer6_out_16|       pointer|
|layer6_out_16_full_n          |   in|    1|     ap_fifo|                                                               layer6_out_16|       pointer|
|layer6_out_16_write           |  out|    1|     ap_fifo|                                                               layer6_out_16|       pointer|
|layer6_out_17_din             |  out|   16|     ap_fifo|                                                               layer6_out_17|       pointer|
|layer6_out_17_num_data_valid  |   in|    2|     ap_fifo|                                                               layer6_out_17|       pointer|
|layer6_out_17_fifo_cap        |   in|    2|     ap_fifo|                                                               layer6_out_17|       pointer|
|layer6_out_17_full_n          |   in|    1|     ap_fifo|                                                               layer6_out_17|       pointer|
|layer6_out_17_write           |  out|    1|     ap_fifo|                                                               layer6_out_17|       pointer|
|layer6_out_18_din             |  out|   16|     ap_fifo|                                                               layer6_out_18|       pointer|
|layer6_out_18_num_data_valid  |   in|    2|     ap_fifo|                                                               layer6_out_18|       pointer|
|layer6_out_18_fifo_cap        |   in|    2|     ap_fifo|                                                               layer6_out_18|       pointer|
|layer6_out_18_full_n          |   in|    1|     ap_fifo|                                                               layer6_out_18|       pointer|
|layer6_out_18_write           |  out|    1|     ap_fifo|                                                               layer6_out_18|       pointer|
|layer6_out_19_din             |  out|   16|     ap_fifo|                                                               layer6_out_19|       pointer|
|layer6_out_19_num_data_valid  |   in|    2|     ap_fifo|                                                               layer6_out_19|       pointer|
|layer6_out_19_fifo_cap        |   in|    2|     ap_fifo|                                                               layer6_out_19|       pointer|
|layer6_out_19_full_n          |   in|    1|     ap_fifo|                                                               layer6_out_19|       pointer|
|layer6_out_19_write           |  out|    1|     ap_fifo|                                                               layer6_out_19|       pointer|
|layer6_out_20_din             |  out|   16|     ap_fifo|                                                               layer6_out_20|       pointer|
|layer6_out_20_num_data_valid  |   in|    2|     ap_fifo|                                                               layer6_out_20|       pointer|
|layer6_out_20_fifo_cap        |   in|    2|     ap_fifo|                                                               layer6_out_20|       pointer|
|layer6_out_20_full_n          |   in|    1|     ap_fifo|                                                               layer6_out_20|       pointer|
|layer6_out_20_write           |  out|    1|     ap_fifo|                                                               layer6_out_20|       pointer|
|layer6_out_21_din             |  out|   16|     ap_fifo|                                                               layer6_out_21|       pointer|
|layer6_out_21_num_data_valid  |   in|    2|     ap_fifo|                                                               layer6_out_21|       pointer|
|layer6_out_21_fifo_cap        |   in|    2|     ap_fifo|                                                               layer6_out_21|       pointer|
|layer6_out_21_full_n          |   in|    1|     ap_fifo|                                                               layer6_out_21|       pointer|
|layer6_out_21_write           |  out|    1|     ap_fifo|                                                               layer6_out_21|       pointer|
|layer6_out_22_din             |  out|   16|     ap_fifo|                                                               layer6_out_22|       pointer|
|layer6_out_22_num_data_valid  |   in|    2|     ap_fifo|                                                               layer6_out_22|       pointer|
|layer6_out_22_fifo_cap        |   in|    2|     ap_fifo|                                                               layer6_out_22|       pointer|
|layer6_out_22_full_n          |   in|    1|     ap_fifo|                                                               layer6_out_22|       pointer|
|layer6_out_22_write           |  out|    1|     ap_fifo|                                                               layer6_out_22|       pointer|
|layer6_out_23_din             |  out|   16|     ap_fifo|                                                               layer6_out_23|       pointer|
|layer6_out_23_num_data_valid  |   in|    2|     ap_fifo|                                                               layer6_out_23|       pointer|
|layer6_out_23_fifo_cap        |   in|    2|     ap_fifo|                                                               layer6_out_23|       pointer|
|layer6_out_23_full_n          |   in|    1|     ap_fifo|                                                               layer6_out_23|       pointer|
|layer6_out_23_write           |  out|    1|     ap_fifo|                                                               layer6_out_23|       pointer|
|layer6_out_24_din             |  out|   16|     ap_fifo|                                                               layer6_out_24|       pointer|
|layer6_out_24_num_data_valid  |   in|    2|     ap_fifo|                                                               layer6_out_24|       pointer|
|layer6_out_24_fifo_cap        |   in|    2|     ap_fifo|                                                               layer6_out_24|       pointer|
|layer6_out_24_full_n          |   in|    1|     ap_fifo|                                                               layer6_out_24|       pointer|
|layer6_out_24_write           |  out|    1|     ap_fifo|                                                               layer6_out_24|       pointer|
|layer6_out_25_din             |  out|   16|     ap_fifo|                                                               layer6_out_25|       pointer|
|layer6_out_25_num_data_valid  |   in|    2|     ap_fifo|                                                               layer6_out_25|       pointer|
|layer6_out_25_fifo_cap        |   in|    2|     ap_fifo|                                                               layer6_out_25|       pointer|
|layer6_out_25_full_n          |   in|    1|     ap_fifo|                                                               layer6_out_25|       pointer|
|layer6_out_25_write           |  out|    1|     ap_fifo|                                                               layer6_out_25|       pointer|
|layer6_out_26_din             |  out|   16|     ap_fifo|                                                               layer6_out_26|       pointer|
|layer6_out_26_num_data_valid  |   in|    2|     ap_fifo|                                                               layer6_out_26|       pointer|
|layer6_out_26_fifo_cap        |   in|    2|     ap_fifo|                                                               layer6_out_26|       pointer|
|layer6_out_26_full_n          |   in|    1|     ap_fifo|                                                               layer6_out_26|       pointer|
|layer6_out_26_write           |  out|    1|     ap_fifo|                                                               layer6_out_26|       pointer|
|layer6_out_27_din             |  out|   16|     ap_fifo|                                                               layer6_out_27|       pointer|
|layer6_out_27_num_data_valid  |   in|    2|     ap_fifo|                                                               layer6_out_27|       pointer|
|layer6_out_27_fifo_cap        |   in|    2|     ap_fifo|                                                               layer6_out_27|       pointer|
|layer6_out_27_full_n          |   in|    1|     ap_fifo|                                                               layer6_out_27|       pointer|
|layer6_out_27_write           |  out|    1|     ap_fifo|                                                               layer6_out_27|       pointer|
|layer6_out_28_din             |  out|   16|     ap_fifo|                                                               layer6_out_28|       pointer|
|layer6_out_28_num_data_valid  |   in|    2|     ap_fifo|                                                               layer6_out_28|       pointer|
|layer6_out_28_fifo_cap        |   in|    2|     ap_fifo|                                                               layer6_out_28|       pointer|
|layer6_out_28_full_n          |   in|    1|     ap_fifo|                                                               layer6_out_28|       pointer|
|layer6_out_28_write           |  out|    1|     ap_fifo|                                                               layer6_out_28|       pointer|
|layer6_out_29_din             |  out|   16|     ap_fifo|                                                               layer6_out_29|       pointer|
|layer6_out_29_num_data_valid  |   in|    2|     ap_fifo|                                                               layer6_out_29|       pointer|
|layer6_out_29_fifo_cap        |   in|    2|     ap_fifo|                                                               layer6_out_29|       pointer|
|layer6_out_29_full_n          |   in|    1|     ap_fifo|                                                               layer6_out_29|       pointer|
|layer6_out_29_write           |  out|    1|     ap_fifo|                                                               layer6_out_29|       pointer|
|layer6_out_30_din             |  out|   16|     ap_fifo|                                                               layer6_out_30|       pointer|
|layer6_out_30_num_data_valid  |   in|    2|     ap_fifo|                                                               layer6_out_30|       pointer|
|layer6_out_30_fifo_cap        |   in|    2|     ap_fifo|                                                               layer6_out_30|       pointer|
|layer6_out_30_full_n          |   in|    1|     ap_fifo|                                                               layer6_out_30|       pointer|
|layer6_out_30_write           |  out|    1|     ap_fifo|                                                               layer6_out_30|       pointer|
|layer6_out_31_din             |  out|   16|     ap_fifo|                                                               layer6_out_31|       pointer|
|layer6_out_31_num_data_valid  |   in|    2|     ap_fifo|                                                               layer6_out_31|       pointer|
|layer6_out_31_fifo_cap        |   in|    2|     ap_fifo|                                                               layer6_out_31|       pointer|
|layer6_out_31_full_n          |   in|    1|     ap_fifo|                                                               layer6_out_31|       pointer|
|layer6_out_31_write           |  out|    1|     ap_fifo|                                                               layer6_out_31|       pointer|
|layer6_out_32_din             |  out|   16|     ap_fifo|                                                               layer6_out_32|       pointer|
|layer6_out_32_num_data_valid  |   in|    2|     ap_fifo|                                                               layer6_out_32|       pointer|
|layer6_out_32_fifo_cap        |   in|    2|     ap_fifo|                                                               layer6_out_32|       pointer|
|layer6_out_32_full_n          |   in|    1|     ap_fifo|                                                               layer6_out_32|       pointer|
|layer6_out_32_write           |  out|    1|     ap_fifo|                                                               layer6_out_32|       pointer|
|layer6_out_33_din             |  out|   16|     ap_fifo|                                                               layer6_out_33|       pointer|
|layer6_out_33_num_data_valid  |   in|    2|     ap_fifo|                                                               layer6_out_33|       pointer|
|layer6_out_33_fifo_cap        |   in|    2|     ap_fifo|                                                               layer6_out_33|       pointer|
|layer6_out_33_full_n          |   in|    1|     ap_fifo|                                                               layer6_out_33|       pointer|
|layer6_out_33_write           |  out|    1|     ap_fifo|                                                               layer6_out_33|       pointer|
|layer6_out_34_din             |  out|   16|     ap_fifo|                                                               layer6_out_34|       pointer|
|layer6_out_34_num_data_valid  |   in|    2|     ap_fifo|                                                               layer6_out_34|       pointer|
|layer6_out_34_fifo_cap        |   in|    2|     ap_fifo|                                                               layer6_out_34|       pointer|
|layer6_out_34_full_n          |   in|    1|     ap_fifo|                                                               layer6_out_34|       pointer|
|layer6_out_34_write           |  out|    1|     ap_fifo|                                                               layer6_out_34|       pointer|
|layer6_out_35_din             |  out|   16|     ap_fifo|                                                               layer6_out_35|       pointer|
|layer6_out_35_num_data_valid  |   in|    2|     ap_fifo|                                                               layer6_out_35|       pointer|
|layer6_out_35_fifo_cap        |   in|    2|     ap_fifo|                                                               layer6_out_35|       pointer|
|layer6_out_35_full_n          |   in|    1|     ap_fifo|                                                               layer6_out_35|       pointer|
|layer6_out_35_write           |  out|    1|     ap_fifo|                                                               layer6_out_35|       pointer|
|layer6_out_36_din             |  out|   16|     ap_fifo|                                                               layer6_out_36|       pointer|
|layer6_out_36_num_data_valid  |   in|    2|     ap_fifo|                                                               layer6_out_36|       pointer|
|layer6_out_36_fifo_cap        |   in|    2|     ap_fifo|                                                               layer6_out_36|       pointer|
|layer6_out_36_full_n          |   in|    1|     ap_fifo|                                                               layer6_out_36|       pointer|
|layer6_out_36_write           |  out|    1|     ap_fifo|                                                               layer6_out_36|       pointer|
|layer6_out_37_din             |  out|   16|     ap_fifo|                                                               layer6_out_37|       pointer|
|layer6_out_37_num_data_valid  |   in|    2|     ap_fifo|                                                               layer6_out_37|       pointer|
|layer6_out_37_fifo_cap        |   in|    2|     ap_fifo|                                                               layer6_out_37|       pointer|
|layer6_out_37_full_n          |   in|    1|     ap_fifo|                                                               layer6_out_37|       pointer|
|layer6_out_37_write           |  out|    1|     ap_fifo|                                                               layer6_out_37|       pointer|
|layer6_out_38_din             |  out|   16|     ap_fifo|                                                               layer6_out_38|       pointer|
|layer6_out_38_num_data_valid  |   in|    2|     ap_fifo|                                                               layer6_out_38|       pointer|
|layer6_out_38_fifo_cap        |   in|    2|     ap_fifo|                                                               layer6_out_38|       pointer|
|layer6_out_38_full_n          |   in|    1|     ap_fifo|                                                               layer6_out_38|       pointer|
|layer6_out_38_write           |  out|    1|     ap_fifo|                                                               layer6_out_38|       pointer|
|layer6_out_39_din             |  out|   16|     ap_fifo|                                                               layer6_out_39|       pointer|
|layer6_out_39_num_data_valid  |   in|    2|     ap_fifo|                                                               layer6_out_39|       pointer|
|layer6_out_39_fifo_cap        |   in|    2|     ap_fifo|                                                               layer6_out_39|       pointer|
|layer6_out_39_full_n          |   in|    1|     ap_fifo|                                                               layer6_out_39|       pointer|
|layer6_out_39_write           |  out|    1|     ap_fifo|                                                               layer6_out_39|       pointer|
|layer6_out_40_din             |  out|   16|     ap_fifo|                                                               layer6_out_40|       pointer|
|layer6_out_40_num_data_valid  |   in|    2|     ap_fifo|                                                               layer6_out_40|       pointer|
|layer6_out_40_fifo_cap        |   in|    2|     ap_fifo|                                                               layer6_out_40|       pointer|
|layer6_out_40_full_n          |   in|    1|     ap_fifo|                                                               layer6_out_40|       pointer|
|layer6_out_40_write           |  out|    1|     ap_fifo|                                                               layer6_out_40|       pointer|
|layer6_out_41_din             |  out|   16|     ap_fifo|                                                               layer6_out_41|       pointer|
|layer6_out_41_num_data_valid  |   in|    2|     ap_fifo|                                                               layer6_out_41|       pointer|
|layer6_out_41_fifo_cap        |   in|    2|     ap_fifo|                                                               layer6_out_41|       pointer|
|layer6_out_41_full_n          |   in|    1|     ap_fifo|                                                               layer6_out_41|       pointer|
|layer6_out_41_write           |  out|    1|     ap_fifo|                                                               layer6_out_41|       pointer|
|layer6_out_42_din             |  out|   16|     ap_fifo|                                                               layer6_out_42|       pointer|
|layer6_out_42_num_data_valid  |   in|    2|     ap_fifo|                                                               layer6_out_42|       pointer|
|layer6_out_42_fifo_cap        |   in|    2|     ap_fifo|                                                               layer6_out_42|       pointer|
|layer6_out_42_full_n          |   in|    1|     ap_fifo|                                                               layer6_out_42|       pointer|
|layer6_out_42_write           |  out|    1|     ap_fifo|                                                               layer6_out_42|       pointer|
|layer6_out_43_din             |  out|   16|     ap_fifo|                                                               layer6_out_43|       pointer|
|layer6_out_43_num_data_valid  |   in|    2|     ap_fifo|                                                               layer6_out_43|       pointer|
|layer6_out_43_fifo_cap        |   in|    2|     ap_fifo|                                                               layer6_out_43|       pointer|
|layer6_out_43_full_n          |   in|    1|     ap_fifo|                                                               layer6_out_43|       pointer|
|layer6_out_43_write           |  out|    1|     ap_fifo|                                                               layer6_out_43|       pointer|
|layer6_out_44_din             |  out|   16|     ap_fifo|                                                               layer6_out_44|       pointer|
|layer6_out_44_num_data_valid  |   in|    2|     ap_fifo|                                                               layer6_out_44|       pointer|
|layer6_out_44_fifo_cap        |   in|    2|     ap_fifo|                                                               layer6_out_44|       pointer|
|layer6_out_44_full_n          |   in|    1|     ap_fifo|                                                               layer6_out_44|       pointer|
|layer6_out_44_write           |  out|    1|     ap_fifo|                                                               layer6_out_44|       pointer|
|layer6_out_45_din             |  out|   16|     ap_fifo|                                                               layer6_out_45|       pointer|
|layer6_out_45_num_data_valid  |   in|    2|     ap_fifo|                                                               layer6_out_45|       pointer|
|layer6_out_45_fifo_cap        |   in|    2|     ap_fifo|                                                               layer6_out_45|       pointer|
|layer6_out_45_full_n          |   in|    1|     ap_fifo|                                                               layer6_out_45|       pointer|
|layer6_out_45_write           |  out|    1|     ap_fifo|                                                               layer6_out_45|       pointer|
|layer6_out_46_din             |  out|   16|     ap_fifo|                                                               layer6_out_46|       pointer|
|layer6_out_46_num_data_valid  |   in|    2|     ap_fifo|                                                               layer6_out_46|       pointer|
|layer6_out_46_fifo_cap        |   in|    2|     ap_fifo|                                                               layer6_out_46|       pointer|
|layer6_out_46_full_n          |   in|    1|     ap_fifo|                                                               layer6_out_46|       pointer|
|layer6_out_46_write           |  out|    1|     ap_fifo|                                                               layer6_out_46|       pointer|
|layer6_out_47_din             |  out|   16|     ap_fifo|                                                               layer6_out_47|       pointer|
|layer6_out_47_num_data_valid  |   in|    2|     ap_fifo|                                                               layer6_out_47|       pointer|
|layer6_out_47_fifo_cap        |   in|    2|     ap_fifo|                                                               layer6_out_47|       pointer|
|layer6_out_47_full_n          |   in|    1|     ap_fifo|                                                               layer6_out_47|       pointer|
|layer6_out_47_write           |  out|    1|     ap_fifo|                                                               layer6_out_47|       pointer|
|layer6_out_48_din             |  out|   16|     ap_fifo|                                                               layer6_out_48|       pointer|
|layer6_out_48_num_data_valid  |   in|    2|     ap_fifo|                                                               layer6_out_48|       pointer|
|layer6_out_48_fifo_cap        |   in|    2|     ap_fifo|                                                               layer6_out_48|       pointer|
|layer6_out_48_full_n          |   in|    1|     ap_fifo|                                                               layer6_out_48|       pointer|
|layer6_out_48_write           |  out|    1|     ap_fifo|                                                               layer6_out_48|       pointer|
|layer6_out_49_din             |  out|   16|     ap_fifo|                                                               layer6_out_49|       pointer|
|layer6_out_49_num_data_valid  |   in|    2|     ap_fifo|                                                               layer6_out_49|       pointer|
|layer6_out_49_fifo_cap        |   in|    2|     ap_fifo|                                                               layer6_out_49|       pointer|
|layer6_out_49_full_n          |   in|    1|     ap_fifo|                                                               layer6_out_49|       pointer|
|layer6_out_49_write           |  out|    1|     ap_fifo|                                                               layer6_out_49|       pointer|
|layer6_out_50_din             |  out|   16|     ap_fifo|                                                               layer6_out_50|       pointer|
|layer6_out_50_num_data_valid  |   in|    2|     ap_fifo|                                                               layer6_out_50|       pointer|
|layer6_out_50_fifo_cap        |   in|    2|     ap_fifo|                                                               layer6_out_50|       pointer|
|layer6_out_50_full_n          |   in|    1|     ap_fifo|                                                               layer6_out_50|       pointer|
|layer6_out_50_write           |  out|    1|     ap_fifo|                                                               layer6_out_50|       pointer|
|layer6_out_51_din             |  out|   16|     ap_fifo|                                                               layer6_out_51|       pointer|
|layer6_out_51_num_data_valid  |   in|    2|     ap_fifo|                                                               layer6_out_51|       pointer|
|layer6_out_51_fifo_cap        |   in|    2|     ap_fifo|                                                               layer6_out_51|       pointer|
|layer6_out_51_full_n          |   in|    1|     ap_fifo|                                                               layer6_out_51|       pointer|
|layer6_out_51_write           |  out|    1|     ap_fifo|                                                               layer6_out_51|       pointer|
|layer6_out_52_din             |  out|   16|     ap_fifo|                                                               layer6_out_52|       pointer|
|layer6_out_52_num_data_valid  |   in|    2|     ap_fifo|                                                               layer6_out_52|       pointer|
|layer6_out_52_fifo_cap        |   in|    2|     ap_fifo|                                                               layer6_out_52|       pointer|
|layer6_out_52_full_n          |   in|    1|     ap_fifo|                                                               layer6_out_52|       pointer|
|layer6_out_52_write           |  out|    1|     ap_fifo|                                                               layer6_out_52|       pointer|
|layer6_out_53_din             |  out|   16|     ap_fifo|                                                               layer6_out_53|       pointer|
|layer6_out_53_num_data_valid  |   in|    2|     ap_fifo|                                                               layer6_out_53|       pointer|
|layer6_out_53_fifo_cap        |   in|    2|     ap_fifo|                                                               layer6_out_53|       pointer|
|layer6_out_53_full_n          |   in|    1|     ap_fifo|                                                               layer6_out_53|       pointer|
|layer6_out_53_write           |  out|    1|     ap_fifo|                                                               layer6_out_53|       pointer|
|layer6_out_54_din             |  out|   16|     ap_fifo|                                                               layer6_out_54|       pointer|
|layer6_out_54_num_data_valid  |   in|    2|     ap_fifo|                                                               layer6_out_54|       pointer|
|layer6_out_54_fifo_cap        |   in|    2|     ap_fifo|                                                               layer6_out_54|       pointer|
|layer6_out_54_full_n          |   in|    1|     ap_fifo|                                                               layer6_out_54|       pointer|
|layer6_out_54_write           |  out|    1|     ap_fifo|                                                               layer6_out_54|       pointer|
|layer6_out_55_din             |  out|   16|     ap_fifo|                                                               layer6_out_55|       pointer|
|layer6_out_55_num_data_valid  |   in|    2|     ap_fifo|                                                               layer6_out_55|       pointer|
|layer6_out_55_fifo_cap        |   in|    2|     ap_fifo|                                                               layer6_out_55|       pointer|
|layer6_out_55_full_n          |   in|    1|     ap_fifo|                                                               layer6_out_55|       pointer|
|layer6_out_55_write           |  out|    1|     ap_fifo|                                                               layer6_out_55|       pointer|
|layer6_out_56_din             |  out|   16|     ap_fifo|                                                               layer6_out_56|       pointer|
|layer6_out_56_num_data_valid  |   in|    2|     ap_fifo|                                                               layer6_out_56|       pointer|
|layer6_out_56_fifo_cap        |   in|    2|     ap_fifo|                                                               layer6_out_56|       pointer|
|layer6_out_56_full_n          |   in|    1|     ap_fifo|                                                               layer6_out_56|       pointer|
|layer6_out_56_write           |  out|    1|     ap_fifo|                                                               layer6_out_56|       pointer|
|layer6_out_57_din             |  out|   16|     ap_fifo|                                                               layer6_out_57|       pointer|
|layer6_out_57_num_data_valid  |   in|    2|     ap_fifo|                                                               layer6_out_57|       pointer|
|layer6_out_57_fifo_cap        |   in|    2|     ap_fifo|                                                               layer6_out_57|       pointer|
|layer6_out_57_full_n          |   in|    1|     ap_fifo|                                                               layer6_out_57|       pointer|
|layer6_out_57_write           |  out|    1|     ap_fifo|                                                               layer6_out_57|       pointer|
|layer6_out_58_din             |  out|   16|     ap_fifo|                                                               layer6_out_58|       pointer|
|layer6_out_58_num_data_valid  |   in|    2|     ap_fifo|                                                               layer6_out_58|       pointer|
|layer6_out_58_fifo_cap        |   in|    2|     ap_fifo|                                                               layer6_out_58|       pointer|
|layer6_out_58_full_n          |   in|    1|     ap_fifo|                                                               layer6_out_58|       pointer|
|layer6_out_58_write           |  out|    1|     ap_fifo|                                                               layer6_out_58|       pointer|
|layer6_out_59_din             |  out|   16|     ap_fifo|                                                               layer6_out_59|       pointer|
|layer6_out_59_num_data_valid  |   in|    2|     ap_fifo|                                                               layer6_out_59|       pointer|
|layer6_out_59_fifo_cap        |   in|    2|     ap_fifo|                                                               layer6_out_59|       pointer|
|layer6_out_59_full_n          |   in|    1|     ap_fifo|                                                               layer6_out_59|       pointer|
|layer6_out_59_write           |  out|    1|     ap_fifo|                                                               layer6_out_59|       pointer|
|layer6_out_60_din             |  out|   16|     ap_fifo|                                                               layer6_out_60|       pointer|
|layer6_out_60_num_data_valid  |   in|    2|     ap_fifo|                                                               layer6_out_60|       pointer|
|layer6_out_60_fifo_cap        |   in|    2|     ap_fifo|                                                               layer6_out_60|       pointer|
|layer6_out_60_full_n          |   in|    1|     ap_fifo|                                                               layer6_out_60|       pointer|
|layer6_out_60_write           |  out|    1|     ap_fifo|                                                               layer6_out_60|       pointer|
|layer6_out_61_din             |  out|   16|     ap_fifo|                                                               layer6_out_61|       pointer|
|layer6_out_61_num_data_valid  |   in|    2|     ap_fifo|                                                               layer6_out_61|       pointer|
|layer6_out_61_fifo_cap        |   in|    2|     ap_fifo|                                                               layer6_out_61|       pointer|
|layer6_out_61_full_n          |   in|    1|     ap_fifo|                                                               layer6_out_61|       pointer|
|layer6_out_61_write           |  out|    1|     ap_fifo|                                                               layer6_out_61|       pointer|
|layer6_out_62_din             |  out|   16|     ap_fifo|                                                               layer6_out_62|       pointer|
|layer6_out_62_num_data_valid  |   in|    2|     ap_fifo|                                                               layer6_out_62|       pointer|
|layer6_out_62_fifo_cap        |   in|    2|     ap_fifo|                                                               layer6_out_62|       pointer|
|layer6_out_62_full_n          |   in|    1|     ap_fifo|                                                               layer6_out_62|       pointer|
|layer6_out_62_write           |  out|    1|     ap_fifo|                                                               layer6_out_62|       pointer|
|layer6_out_63_din             |  out|   16|     ap_fifo|                                                               layer6_out_63|       pointer|
|layer6_out_63_num_data_valid  |   in|    2|     ap_fifo|                                                               layer6_out_63|       pointer|
|layer6_out_63_fifo_cap        |   in|    2|     ap_fifo|                                                               layer6_out_63|       pointer|
|layer6_out_63_full_n          |   in|    1|     ap_fifo|                                                               layer6_out_63|       pointer|
|layer6_out_63_write           |  out|    1|     ap_fifo|                                                               layer6_out_63|       pointer|
+------------------------------+-----+-----+------------+----------------------------------------------------------------------------+--------------+

