

================================================================
== Vitis HLS Report for 'linear_ap_fixed_19_6_5_3_0_ap_fixed_16_7_4_0_0_linear_config11_s'
================================================================
* Date:           Wed Feb 14 14:34:54 2024

* Version:        2022.2 (Build 3670227 on Oct 13 2022)
* Project:        alveo_hls4ml
* Solution:       solution (Vitis Kernel Flow Target)
* Product family: virtexuplus
* Target device:  xcu55c-fsvh2892-2L-e


================================================================
== Performance Estimates
================================================================
+ Timing: 
    * Summary: 
    +--------+---------+----------+------------+
    |  Clock |  Target | Estimated| Uncertainty|
    +--------+---------+----------+------------+
    |ap_clk  |  4.00 ns|  2.414 ns|     1.08 ns|
    +--------+---------+----------+------------+

+ Latency: 
    * Summary: 
    +---------+---------+----------+----------+-----+-----+---------+
    |  Latency (cycles) |  Latency (absolute) |  Interval | Pipeline|
    |   min   |   max   |    min   |    max   | min | max |   Type  |
    +---------+---------+----------+----------+-----+-----+---------+
    |       76|       76|  0.304 us|  0.304 us|   76|   76|       no|
    +---------+---------+----------+----------+-----+-----+---------+

    + Detail: 
        * Instance: 
        N/A

        * Loop: 
        +--------------+---------+---------+----------+-----------+-----------+------+----------+
        |              |  Latency (cycles) | Iteration|  Initiation Interval  | Trip |          |
        |   Loop Name  |   min   |   max   |  Latency |  achieved |   target  | Count| Pipelined|
        +--------------+---------+---------+----------+-----------+-----------+------+----------+
        |- LinearLoop  |       74|       74|         3|          1|          1|    73|       yes|
        +--------------+---------+---------+----------+-----------+-----------+------+----------+



================================================================
== Utilization Estimates
================================================================
* Summary: 
+---------------------+---------+------+---------+---------+-----+
|         Name        | BRAM_18K|  DSP |    FF   |   LUT   | URAM|
+---------------------+---------+------+---------+---------+-----+
|DSP                  |        -|     -|        -|        -|    -|
|Expression           |        -|     -|        0|     2274|    -|
|FIFO                 |        -|     -|        -|        -|    -|
|Instance             |        -|     -|        -|        -|    -|
|Memory               |        -|     -|        -|        -|    -|
|Multiplexer          |        -|     -|        -|     1197|    -|
|Register             |        -|     -|     1037|        -|    -|
+---------------------+---------+------+---------+---------+-----+
|Total                |        0|     0|     1037|     3471|    0|
+---------------------+---------+------+---------+---------+-----+
|Available SLR        |     1344|  3008|   869120|   434560|  320|
+---------------------+---------+------+---------+---------+-----+
|Utilization SLR (%)  |        0|     0|       ~0|       ~0|    0|
+---------------------+---------+------+---------+---------+-----+
|Available            |     4032|  9024|  2607360|  1303680|  960|
+---------------------+---------+------+---------+---------+-----+
|Utilization (%)      |        0|     0|       ~0|       ~0|    0|
+---------------------+---------+------+---------+---------+-----+

+ Detail: 
    * Instance: 
    N/A

    * DSP: 
    N/A

    * Memory: 
    N/A

    * FIFO: 
    N/A

    * Expression: 
    +----------------------------------+----------+----+---+----+------------+------------+
    |           Variable Name          | Operation| DSP| FF| LUT| Bitwidth P0| Bitwidth P1|
    +----------------------------------+----------+----+---+----+------------+------------+
    |i_2_fu_1150_p2                    |         +|   0|  0|  14|           7|           1|
    |out_data_V_101_fu_4317_p2         |         +|   0|  0|  23|          16|          16|
    |out_data_V_103_fu_4379_p2         |         +|   0|  0|  23|          16|          16|
    |out_data_V_105_fu_4441_p2         |         +|   0|  0|  23|          16|          16|
    |out_data_V_107_fu_4503_p2         |         +|   0|  0|  23|          16|          16|
    |out_data_V_109_fu_4565_p2         |         +|   0|  0|  23|          16|          16|
    |out_data_V_111_fu_4627_p2         |         +|   0|  0|  23|          16|          16|
    |out_data_V_113_fu_4689_p2         |         +|   0|  0|  23|          16|          16|
    |out_data_V_115_fu_4751_p2         |         +|   0|  0|  23|          16|          16|
    |out_data_V_117_fu_4813_p2         |         +|   0|  0|  23|          16|          16|
    |out_data_V_119_fu_4875_p2         |         +|   0|  0|  23|          16|          16|
    |out_data_V_11_fu_1527_p2          |         +|   0|  0|  23|          16|          16|
    |out_data_V_121_fu_4937_p2         |         +|   0|  0|  23|          16|          16|
    |out_data_V_123_fu_4999_p2         |         +|   0|  0|  23|          16|          16|
    |out_data_V_125_fu_5061_p2         |         +|   0|  0|  23|          16|          16|
    |out_data_V_127_fu_5123_p2         |         +|   0|  0|  23|          16|          16|
    |out_data_V_13_fu_1589_p2          |         +|   0|  0|  23|          16|          16|
    |out_data_V_15_fu_1651_p2          |         +|   0|  0|  23|          16|          16|
    |out_data_V_17_fu_1713_p2          |         +|   0|  0|  23|          16|          16|
    |out_data_V_19_fu_1775_p2          |         +|   0|  0|  23|          16|          16|
    |out_data_V_21_fu_1837_p2          |         +|   0|  0|  23|          16|          16|
    |out_data_V_23_fu_1899_p2          |         +|   0|  0|  23|          16|          16|
    |out_data_V_25_fu_1961_p2          |         +|   0|  0|  23|          16|          16|
    |out_data_V_27_fu_2023_p2          |         +|   0|  0|  23|          16|          16|
    |out_data_V_29_fu_2085_p2          |         +|   0|  0|  23|          16|          16|
    |out_data_V_31_fu_2147_p2          |         +|   0|  0|  23|          16|          16|
    |out_data_V_33_fu_2209_p2          |         +|   0|  0|  23|          16|          16|
    |out_data_V_35_fu_2271_p2          |         +|   0|  0|  23|          16|          16|
    |out_data_V_37_fu_2333_p2          |         +|   0|  0|  23|          16|          16|
    |out_data_V_39_fu_2395_p2          |         +|   0|  0|  23|          16|          16|
    |out_data_V_3_fu_1279_p2           |         +|   0|  0|  23|          16|          16|
    |out_data_V_41_fu_2457_p2          |         +|   0|  0|  23|          16|          16|
    |out_data_V_43_fu_2519_p2          |         +|   0|  0|  23|          16|          16|
    |out_data_V_45_fu_2581_p2          |         +|   0|  0|  23|          16|          16|
    |out_data_V_47_fu_2643_p2          |         +|   0|  0|  23|          16|          16|
    |out_data_V_49_fu_2705_p2          |         +|   0|  0|  23|          16|          16|
    |out_data_V_51_fu_2767_p2          |         +|   0|  0|  23|          16|          16|
    |out_data_V_53_fu_2829_p2          |         +|   0|  0|  23|          16|          16|
    |out_data_V_55_fu_2891_p2          |         +|   0|  0|  23|          16|          16|
    |out_data_V_57_fu_2953_p2          |         +|   0|  0|  23|          16|          16|
    |out_data_V_59_fu_3015_p2          |         +|   0|  0|  23|          16|          16|
    |out_data_V_5_fu_1341_p2           |         +|   0|  0|  23|          16|          16|
    |out_data_V_61_fu_3077_p2          |         +|   0|  0|  23|          16|          16|
    |out_data_V_63_fu_3139_p2          |         +|   0|  0|  23|          16|          16|
    |out_data_V_65_fu_3201_p2          |         +|   0|  0|  23|          16|          16|
    |out_data_V_67_fu_3263_p2          |         +|   0|  0|  23|          16|          16|
    |out_data_V_69_fu_3325_p2          |         +|   0|  0|  23|          16|          16|
    |out_data_V_71_fu_3387_p2          |         +|   0|  0|  23|          16|          16|
    |out_data_V_73_fu_3449_p2          |         +|   0|  0|  23|          16|          16|
    |out_data_V_75_fu_3511_p2          |         +|   0|  0|  23|          16|          16|
    |out_data_V_77_fu_3573_p2          |         +|   0|  0|  23|          16|          16|
    |out_data_V_79_fu_3635_p2          |         +|   0|  0|  23|          16|          16|
    |out_data_V_7_fu_1403_p2           |         +|   0|  0|  23|          16|          16|
    |out_data_V_81_fu_3697_p2          |         +|   0|  0|  23|          16|          16|
    |out_data_V_83_fu_3759_p2          |         +|   0|  0|  23|          16|          16|
    |out_data_V_85_fu_3821_p2          |         +|   0|  0|  23|          16|          16|
    |out_data_V_87_fu_3883_p2          |         +|   0|  0|  23|          16|          16|
    |out_data_V_89_fu_3945_p2          |         +|   0|  0|  23|          16|          16|
    |out_data_V_91_fu_4007_p2          |         +|   0|  0|  23|          16|          16|
    |out_data_V_93_fu_4069_p2          |         +|   0|  0|  23|          16|          16|
    |out_data_V_95_fu_4131_p2          |         +|   0|  0|  23|          16|          16|
    |out_data_V_97_fu_4193_p2          |         +|   0|  0|  23|          16|          16|
    |out_data_V_99_fu_4255_p2          |         +|   0|  0|  23|          16|          16|
    |out_data_V_9_fu_1465_p2           |         +|   0|  0|  23|          16|          16|
    |out_data_V_fu_1217_p2             |         +|   0|  0|  23|          16|          16|
    |and_ln374_10_fu_1827_p2           |       and|   0|  0|   2|           1|           1|
    |and_ln374_11_fu_1889_p2           |       and|   0|  0|   2|           1|           1|
    |and_ln374_12_fu_1951_p2           |       and|   0|  0|   2|           1|           1|
    |and_ln374_13_fu_2013_p2           |       and|   0|  0|   2|           1|           1|
    |and_ln374_14_fu_2075_p2           |       and|   0|  0|   2|           1|           1|
    |and_ln374_15_fu_2137_p2           |       and|   0|  0|   2|           1|           1|
    |and_ln374_16_fu_2199_p2           |       and|   0|  0|   2|           1|           1|
    |and_ln374_17_fu_2261_p2           |       and|   0|  0|   2|           1|           1|
    |and_ln374_18_fu_2323_p2           |       and|   0|  0|   2|           1|           1|
    |and_ln374_19_fu_2385_p2           |       and|   0|  0|   2|           1|           1|
    |and_ln374_1_fu_1269_p2            |       and|   0|  0|   2|           1|           1|
    |and_ln374_20_fu_2447_p2           |       and|   0|  0|   2|           1|           1|
    |and_ln374_21_fu_2509_p2           |       and|   0|  0|   2|           1|           1|
    |and_ln374_22_fu_2571_p2           |       and|   0|  0|   2|           1|           1|
    |and_ln374_23_fu_2633_p2           |       and|   0|  0|   2|           1|           1|
    |and_ln374_24_fu_2695_p2           |       and|   0|  0|   2|           1|           1|
    |and_ln374_25_fu_2757_p2           |       and|   0|  0|   2|           1|           1|
    |and_ln374_26_fu_2819_p2           |       and|   0|  0|   2|           1|           1|
    |and_ln374_27_fu_2881_p2           |       and|   0|  0|   2|           1|           1|
    |and_ln374_28_fu_2943_p2           |       and|   0|  0|   2|           1|           1|
    |and_ln374_29_fu_3005_p2           |       and|   0|  0|   2|           1|           1|
    |and_ln374_2_fu_1331_p2            |       and|   0|  0|   2|           1|           1|
    |and_ln374_30_fu_3067_p2           |       and|   0|  0|   2|           1|           1|
    |and_ln374_31_fu_3129_p2           |       and|   0|  0|   2|           1|           1|
    |and_ln374_32_fu_3191_p2           |       and|   0|  0|   2|           1|           1|
    |and_ln374_33_fu_3253_p2           |       and|   0|  0|   2|           1|           1|
    |and_ln374_34_fu_3315_p2           |       and|   0|  0|   2|           1|           1|
    |and_ln374_35_fu_3377_p2           |       and|   0|  0|   2|           1|           1|
    |and_ln374_36_fu_3439_p2           |       and|   0|  0|   2|           1|           1|
    |and_ln374_37_fu_3501_p2           |       and|   0|  0|   2|           1|           1|
    |and_ln374_38_fu_3563_p2           |       and|   0|  0|   2|           1|           1|
    |and_ln374_39_fu_3625_p2           |       and|   0|  0|   2|           1|           1|
    |and_ln374_3_fu_1393_p2            |       and|   0|  0|   2|           1|           1|
    |and_ln374_40_fu_3687_p2           |       and|   0|  0|   2|           1|           1|
    |and_ln374_41_fu_3749_p2           |       and|   0|  0|   2|           1|           1|
    |and_ln374_42_fu_3811_p2           |       and|   0|  0|   2|           1|           1|
    |and_ln374_43_fu_3873_p2           |       and|   0|  0|   2|           1|           1|
    |and_ln374_44_fu_3935_p2           |       and|   0|  0|   2|           1|           1|
    |and_ln374_45_fu_3997_p2           |       and|   0|  0|   2|           1|           1|
    |and_ln374_46_fu_4059_p2           |       and|   0|  0|   2|           1|           1|
    |and_ln374_47_fu_4121_p2           |       and|   0|  0|   2|           1|           1|
    |and_ln374_48_fu_4183_p2           |       and|   0|  0|   2|           1|           1|
    |and_ln374_49_fu_4245_p2           |       and|   0|  0|   2|           1|           1|
    |and_ln374_4_fu_1455_p2            |       and|   0|  0|   2|           1|           1|
    |and_ln374_50_fu_4307_p2           |       and|   0|  0|   2|           1|           1|
    |and_ln374_51_fu_4369_p2           |       and|   0|  0|   2|           1|           1|
    |and_ln374_52_fu_4431_p2           |       and|   0|  0|   2|           1|           1|
    |and_ln374_53_fu_4493_p2           |       and|   0|  0|   2|           1|           1|
    |and_ln374_54_fu_4555_p2           |       and|   0|  0|   2|           1|           1|
    |and_ln374_55_fu_4617_p2           |       and|   0|  0|   2|           1|           1|
    |and_ln374_56_fu_4679_p2           |       and|   0|  0|   2|           1|           1|
    |and_ln374_57_fu_4741_p2           |       and|   0|  0|   2|           1|           1|
    |and_ln374_58_fu_4803_p2           |       and|   0|  0|   2|           1|           1|
    |and_ln374_59_fu_4865_p2           |       and|   0|  0|   2|           1|           1|
    |and_ln374_5_fu_1517_p2            |       and|   0|  0|   2|           1|           1|
    |and_ln374_60_fu_4927_p2           |       and|   0|  0|   2|           1|           1|
    |and_ln374_61_fu_4989_p2           |       and|   0|  0|   2|           1|           1|
    |and_ln374_62_fu_5051_p2           |       and|   0|  0|   2|           1|           1|
    |and_ln374_63_fu_5113_p2           |       and|   0|  0|   2|           1|           1|
    |and_ln374_6_fu_1579_p2            |       and|   0|  0|   2|           1|           1|
    |and_ln374_7_fu_1641_p2            |       and|   0|  0|   2|           1|           1|
    |and_ln374_8_fu_1703_p2            |       and|   0|  0|   2|           1|           1|
    |and_ln374_9_fu_1765_p2            |       and|   0|  0|   2|           1|           1|
    |and_ln374_fu_1207_p2              |       and|   0|  0|   2|           1|           1|
    |ap_condition_1372                 |       and|   0|  0|   2|           1|           1|
    |icmp_ln16_fu_1144_p2              |      icmp|   0|  0|  10|           7|           7|
    |r_10_fu_1815_p2                   |      icmp|   0|  0|   8|           3|           1|
    |r_11_fu_1877_p2                   |      icmp|   0|  0|   8|           3|           1|
    |r_12_fu_1939_p2                   |      icmp|   0|  0|   8|           3|           1|
    |r_13_fu_2001_p2                   |      icmp|   0|  0|   8|           3|           1|
    |r_14_fu_2063_p2                   |      icmp|   0|  0|   8|           3|           1|
    |r_15_fu_2125_p2                   |      icmp|   0|  0|   8|           3|           1|
    |r_16_fu_2187_p2                   |      icmp|   0|  0|   8|           3|           1|
    |r_17_fu_2249_p2                   |      icmp|   0|  0|   8|           3|           1|
    |r_18_fu_2311_p2                   |      icmp|   0|  0|   8|           3|           1|
    |r_19_fu_2373_p2                   |      icmp|   0|  0|   8|           3|           1|
    |r_1_fu_1257_p2                    |      icmp|   0|  0|   8|           3|           1|
    |r_20_fu_2435_p2                   |      icmp|   0|  0|   8|           3|           1|
    |r_21_fu_2497_p2                   |      icmp|   0|  0|   8|           3|           1|
    |r_22_fu_2559_p2                   |      icmp|   0|  0|   8|           3|           1|
    |r_23_fu_2621_p2                   |      icmp|   0|  0|   8|           3|           1|
    |r_24_fu_2683_p2                   |      icmp|   0|  0|   8|           3|           1|
    |r_25_fu_2745_p2                   |      icmp|   0|  0|   8|           3|           1|
    |r_26_fu_2807_p2                   |      icmp|   0|  0|   8|           3|           1|
    |r_27_fu_2869_p2                   |      icmp|   0|  0|   8|           3|           1|
    |r_28_fu_2931_p2                   |      icmp|   0|  0|   8|           3|           1|
    |r_29_fu_2993_p2                   |      icmp|   0|  0|   8|           3|           1|
    |r_2_fu_1319_p2                    |      icmp|   0|  0|   8|           3|           1|
    |r_30_fu_3055_p2                   |      icmp|   0|  0|   8|           3|           1|
    |r_31_fu_3117_p2                   |      icmp|   0|  0|   8|           3|           1|
    |r_32_fu_3179_p2                   |      icmp|   0|  0|   8|           3|           1|
    |r_33_fu_3241_p2                   |      icmp|   0|  0|   8|           3|           1|
    |r_34_fu_3303_p2                   |      icmp|   0|  0|   8|           3|           1|
    |r_35_fu_3365_p2                   |      icmp|   0|  0|   8|           3|           1|
    |r_36_fu_3427_p2                   |      icmp|   0|  0|   8|           3|           1|
    |r_37_fu_3489_p2                   |      icmp|   0|  0|   8|           3|           1|
    |r_38_fu_3551_p2                   |      icmp|   0|  0|   8|           3|           1|
    |r_39_fu_3613_p2                   |      icmp|   0|  0|   8|           3|           1|
    |r_3_fu_1381_p2                    |      icmp|   0|  0|   8|           3|           1|
    |r_40_fu_3675_p2                   |      icmp|   0|  0|   8|           3|           1|
    |r_41_fu_3737_p2                   |      icmp|   0|  0|   8|           3|           1|
    |r_42_fu_3799_p2                   |      icmp|   0|  0|   8|           3|           1|
    |r_43_fu_3861_p2                   |      icmp|   0|  0|   8|           3|           1|
    |r_44_fu_3923_p2                   |      icmp|   0|  0|   8|           3|           1|
    |r_45_fu_3985_p2                   |      icmp|   0|  0|   8|           3|           1|
    |r_46_fu_4047_p2                   |      icmp|   0|  0|   8|           3|           1|
    |r_47_fu_4109_p2                   |      icmp|   0|  0|   8|           3|           1|
    |r_48_fu_4171_p2                   |      icmp|   0|  0|   8|           3|           1|
    |r_49_fu_4233_p2                   |      icmp|   0|  0|   8|           3|           1|
    |r_4_fu_1443_p2                    |      icmp|   0|  0|   8|           3|           1|
    |r_50_fu_4295_p2                   |      icmp|   0|  0|   8|           3|           1|
    |r_51_fu_4357_p2                   |      icmp|   0|  0|   8|           3|           1|
    |r_52_fu_4419_p2                   |      icmp|   0|  0|   8|           3|           1|
    |r_53_fu_4481_p2                   |      icmp|   0|  0|   8|           3|           1|
    |r_54_fu_4543_p2                   |      icmp|   0|  0|   8|           3|           1|
    |r_55_fu_4605_p2                   |      icmp|   0|  0|   8|           3|           1|
    |r_56_fu_4667_p2                   |      icmp|   0|  0|   8|           3|           1|
    |r_57_fu_4729_p2                   |      icmp|   0|  0|   8|           3|           1|
    |r_58_fu_4791_p2                   |      icmp|   0|  0|   8|           3|           1|
    |r_59_fu_4853_p2                   |      icmp|   0|  0|   8|           3|           1|
    |r_5_fu_1505_p2                    |      icmp|   0|  0|   8|           3|           1|
    |r_60_fu_4915_p2                   |      icmp|   0|  0|   8|           3|           1|
    |r_61_fu_4977_p2                   |      icmp|   0|  0|   8|           3|           1|
    |r_62_fu_5039_p2                   |      icmp|   0|  0|   8|           3|           1|
    |r_63_fu_5101_p2                   |      icmp|   0|  0|   8|           3|           1|
    |r_6_fu_1567_p2                    |      icmp|   0|  0|   8|           3|           1|
    |r_7_fu_1629_p2                    |      icmp|   0|  0|   8|           3|           1|
    |r_8_fu_1691_p2                    |      icmp|   0|  0|   8|           3|           1|
    |r_9_fu_1753_p2                    |      icmp|   0|  0|   8|           3|           1|
    |r_fu_1195_p2                      |      icmp|   0|  0|   8|           3|           1|
    |ap_block_pp0_stage0_01001         |        or|   0|  0|   2|           1|           1|
    |ap_block_state2_pp0_stage0_iter1  |        or|   0|  0|   2|           1|           1|
    |ap_block_state3_pp0_stage0_iter2  |        or|   0|  0|   2|           1|           1|
    |or_ln374_10_fu_1821_p2            |        or|   0|  0|   2|           1|           1|
    |or_ln374_11_fu_1883_p2            |        or|   0|  0|   2|           1|           1|
    |or_ln374_12_fu_1945_p2            |        or|   0|  0|   2|           1|           1|
    |or_ln374_13_fu_2007_p2            |        or|   0|  0|   2|           1|           1|
    |or_ln374_14_fu_2069_p2            |        or|   0|  0|   2|           1|           1|
    |or_ln374_15_fu_2131_p2            |        or|   0|  0|   2|           1|           1|
    |or_ln374_16_fu_2193_p2            |        or|   0|  0|   2|           1|           1|
    |or_ln374_17_fu_2255_p2            |        or|   0|  0|   2|           1|           1|
    |or_ln374_18_fu_2317_p2            |        or|   0|  0|   2|           1|           1|
    |or_ln374_19_fu_2379_p2            |        or|   0|  0|   2|           1|           1|
    |or_ln374_1_fu_1263_p2             |        or|   0|  0|   2|           1|           1|
    |or_ln374_20_fu_2441_p2            |        or|   0|  0|   2|           1|           1|
    |or_ln374_21_fu_2503_p2            |        or|   0|  0|   2|           1|           1|
    |or_ln374_22_fu_2565_p2            |        or|   0|  0|   2|           1|           1|
    |or_ln374_23_fu_2627_p2            |        or|   0|  0|   2|           1|           1|
    |or_ln374_24_fu_2689_p2            |        or|   0|  0|   2|           1|           1|
    |or_ln374_25_fu_2751_p2            |        or|   0|  0|   2|           1|           1|
    |or_ln374_26_fu_2813_p2            |        or|   0|  0|   2|           1|           1|
    |or_ln374_27_fu_2875_p2            |        or|   0|  0|   2|           1|           1|
    |or_ln374_28_fu_2937_p2            |        or|   0|  0|   2|           1|           1|
    |or_ln374_29_fu_2999_p2            |        or|   0|  0|   2|           1|           1|
    |or_ln374_2_fu_1325_p2             |        or|   0|  0|   2|           1|           1|
    |or_ln374_30_fu_3061_p2            |        or|   0|  0|   2|           1|           1|
    |or_ln374_31_fu_3123_p2            |        or|   0|  0|   2|           1|           1|
    |or_ln374_32_fu_3185_p2            |        or|   0|  0|   2|           1|           1|
    |or_ln374_33_fu_3247_p2            |        or|   0|  0|   2|           1|           1|
    |or_ln374_34_fu_3309_p2            |        or|   0|  0|   2|           1|           1|
    |or_ln374_35_fu_3371_p2            |        or|   0|  0|   2|           1|           1|
    |or_ln374_36_fu_3433_p2            |        or|   0|  0|   2|           1|           1|
    |or_ln374_37_fu_3495_p2            |        or|   0|  0|   2|           1|           1|
    |or_ln374_38_fu_3557_p2            |        or|   0|  0|   2|           1|           1|
    |or_ln374_39_fu_3619_p2            |        or|   0|  0|   2|           1|           1|
    |or_ln374_3_fu_1387_p2             |        or|   0|  0|   2|           1|           1|
    |or_ln374_40_fu_3681_p2            |        or|   0|  0|   2|           1|           1|
    |or_ln374_41_fu_3743_p2            |        or|   0|  0|   2|           1|           1|
    |or_ln374_42_fu_3805_p2            |        or|   0|  0|   2|           1|           1|
    |or_ln374_43_fu_3867_p2            |        or|   0|  0|   2|           1|           1|
    |or_ln374_44_fu_3929_p2            |        or|   0|  0|   2|           1|           1|
    |or_ln374_45_fu_3991_p2            |        or|   0|  0|   2|           1|           1|
    |or_ln374_46_fu_4053_p2            |        or|   0|  0|   2|           1|           1|
    |or_ln374_47_fu_4115_p2            |        or|   0|  0|   2|           1|           1|
    |or_ln374_48_fu_4177_p2            |        or|   0|  0|   2|           1|           1|
    |or_ln374_49_fu_4239_p2            |        or|   0|  0|   2|           1|           1|
    |or_ln374_4_fu_1449_p2             |        or|   0|  0|   2|           1|           1|
    |or_ln374_50_fu_4301_p2            |        or|   0|  0|   2|           1|           1|
    |or_ln374_51_fu_4363_p2            |        or|   0|  0|   2|           1|           1|
    |or_ln374_52_fu_4425_p2            |        or|   0|  0|   2|           1|           1|
    |or_ln374_53_fu_4487_p2            |        or|   0|  0|   2|           1|           1|
    |or_ln374_54_fu_4549_p2            |        or|   0|  0|   2|           1|           1|
    |or_ln374_55_fu_4611_p2            |        or|   0|  0|   2|           1|           1|
    |or_ln374_56_fu_4673_p2            |        or|   0|  0|   2|           1|           1|
    |or_ln374_57_fu_4735_p2            |        or|   0|  0|   2|           1|           1|
    |or_ln374_58_fu_4797_p2            |        or|   0|  0|   2|           1|           1|
    |or_ln374_59_fu_4859_p2            |        or|   0|  0|   2|           1|           1|
    |or_ln374_5_fu_1511_p2             |        or|   0|  0|   2|           1|           1|
    |or_ln374_60_fu_4921_p2            |        or|   0|  0|   2|           1|           1|
    |or_ln374_61_fu_4983_p2            |        or|   0|  0|   2|           1|           1|
    |or_ln374_62_fu_5045_p2            |        or|   0|  0|   2|           1|           1|
    |or_ln374_63_fu_5107_p2            |        or|   0|  0|   2|           1|           1|
    |or_ln374_6_fu_1573_p2             |        or|   0|  0|   2|           1|           1|
    |or_ln374_7_fu_1635_p2             |        or|   0|  0|   2|           1|           1|
    |or_ln374_8_fu_1697_p2             |        or|   0|  0|   2|           1|           1|
    |or_ln374_9_fu_1759_p2             |        or|   0|  0|   2|           1|           1|
    |or_ln374_fu_1201_p2               |        or|   0|  0|   2|           1|           1|
    |ap_enable_pp0                     |       xor|   0|  0|   2|           1|           2|
    +----------------------------------+----------+----+---+----+------------+------------+
    |Total                             |          |   0|  0|2274|        1363|        1230|
    +----------------------------------+----------+----+---+----+------------+------------+

    * Multiplexer: 
    +-------------------------+----+-----------+-----+-----------+
    |           Name          | LUT| Input Size| Bits| Total Bits|
    +-------------------------+----+-----------+-----+-----------+
    |ap_done_int              |   9|          2|    1|          2|
    |ap_enable_reg_pp0_iter1  |   9|          2|    1|          2|
    |ap_sig_allocacmp_i_1     |   9|          2|    7|         14|
    |i_fu_300                 |   9|          2|    7|         14|
    |layer10_out_i_0_blk_n    |   9|          2|    1|          2|
    |layer10_out_i_10_blk_n   |   9|          2|    1|          2|
    |layer10_out_i_11_blk_n   |   9|          2|    1|          2|
    |layer10_out_i_12_blk_n   |   9|          2|    1|          2|
    |layer10_out_i_13_blk_n   |   9|          2|    1|          2|
    |layer10_out_i_14_blk_n   |   9|          2|    1|          2|
    |layer10_out_i_15_blk_n   |   9|          2|    1|          2|
    |layer10_out_i_16_blk_n   |   9|          2|    1|          2|
    |layer10_out_i_17_blk_n   |   9|          2|    1|          2|
    |layer10_out_i_18_blk_n   |   9|          2|    1|          2|
    |layer10_out_i_19_blk_n   |   9|          2|    1|          2|
    |layer10_out_i_1_blk_n    |   9|          2|    1|          2|
    |layer10_out_i_20_blk_n   |   9|          2|    1|          2|
    |layer10_out_i_21_blk_n   |   9|          2|    1|          2|
    |layer10_out_i_22_blk_n   |   9|          2|    1|          2|
    |layer10_out_i_23_blk_n   |   9|          2|    1|          2|
    |layer10_out_i_24_blk_n   |   9|          2|    1|          2|
    |layer10_out_i_25_blk_n   |   9|          2|    1|          2|
    |layer10_out_i_26_blk_n   |   9|          2|    1|          2|
    |layer10_out_i_27_blk_n   |   9|          2|    1|          2|
    |layer10_out_i_28_blk_n   |   9|          2|    1|          2|
    |layer10_out_i_29_blk_n   |   9|          2|    1|          2|
    |layer10_out_i_2_blk_n    |   9|          2|    1|          2|
    |layer10_out_i_30_blk_n   |   9|          2|    1|          2|
    |layer10_out_i_31_blk_n   |   9|          2|    1|          2|
    |layer10_out_i_32_blk_n   |   9|          2|    1|          2|
    |layer10_out_i_33_blk_n   |   9|          2|    1|          2|
    |layer10_out_i_34_blk_n   |   9|          2|    1|          2|
    |layer10_out_i_35_blk_n   |   9|          2|    1|          2|
    |layer10_out_i_36_blk_n   |   9|          2|    1|          2|
    |layer10_out_i_37_blk_n   |   9|          2|    1|          2|
    |layer10_out_i_38_blk_n   |   9|          2|    1|          2|
    |layer10_out_i_39_blk_n   |   9|          2|    1|          2|
    |layer10_out_i_3_blk_n    |   9|          2|    1|          2|
    |layer10_out_i_40_blk_n   |   9|          2|    1|          2|
    |layer10_out_i_41_blk_n   |   9|          2|    1|          2|
    |layer10_out_i_42_blk_n   |   9|          2|    1|          2|
    |layer10_out_i_43_blk_n   |   9|          2|    1|          2|
    |layer10_out_i_44_blk_n   |   9|          2|    1|          2|
    |layer10_out_i_45_blk_n   |   9|          2|    1|          2|
    |layer10_out_i_46_blk_n   |   9|          2|    1|          2|
    |layer10_out_i_47_blk_n   |   9|          2|    1|          2|
    |layer10_out_i_48_blk_n   |   9|          2|    1|          2|
    |layer10_out_i_49_blk_n   |   9|          2|    1|          2|
    |layer10_out_i_4_blk_n    |   9|          2|    1|          2|
    |layer10_out_i_50_blk_n   |   9|          2|    1|          2|
    |layer10_out_i_51_blk_n   |   9|          2|    1|          2|
    |layer10_out_i_52_blk_n   |   9|          2|    1|          2|
    |layer10_out_i_53_blk_n   |   9|          2|    1|          2|
    |layer10_out_i_54_blk_n   |   9|          2|    1|          2|
    |layer10_out_i_55_blk_n   |   9|          2|    1|          2|
    |layer10_out_i_56_blk_n   |   9|          2|    1|          2|
    |layer10_out_i_57_blk_n   |   9|          2|    1|          2|
    |layer10_out_i_58_blk_n   |   9|          2|    1|          2|
    |layer10_out_i_59_blk_n   |   9|          2|    1|          2|
    |layer10_out_i_5_blk_n    |   9|          2|    1|          2|
    |layer10_out_i_60_blk_n   |   9|          2|    1|          2|
    |layer10_out_i_61_blk_n   |   9|          2|    1|          2|
    |layer10_out_i_62_blk_n   |   9|          2|    1|          2|
    |layer10_out_i_63_blk_n   |   9|          2|    1|          2|
    |layer10_out_i_6_blk_n    |   9|          2|    1|          2|
    |layer10_out_i_7_blk_n    |   9|          2|    1|          2|
    |layer10_out_i_8_blk_n    |   9|          2|    1|          2|
    |layer10_out_i_9_blk_n    |   9|          2|    1|          2|
    |layer11_out_i_0_blk_n    |   9|          2|    1|          2|
    |layer11_out_i_10_blk_n   |   9|          2|    1|          2|
    |layer11_out_i_11_blk_n   |   9|          2|    1|          2|
    |layer11_out_i_12_blk_n   |   9|          2|    1|          2|
    |layer11_out_i_13_blk_n   |   9|          2|    1|          2|
    |layer11_out_i_14_blk_n   |   9|          2|    1|          2|
    |layer11_out_i_15_blk_n   |   9|          2|    1|          2|
    |layer11_out_i_16_blk_n   |   9|          2|    1|          2|
    |layer11_out_i_17_blk_n   |   9|          2|    1|          2|
    |layer11_out_i_18_blk_n   |   9|          2|    1|          2|
    |layer11_out_i_19_blk_n   |   9|          2|    1|          2|
    |layer11_out_i_1_blk_n    |   9|          2|    1|          2|
    |layer11_out_i_20_blk_n   |   9|          2|    1|          2|
    |layer11_out_i_21_blk_n   |   9|          2|    1|          2|
    |layer11_out_i_22_blk_n   |   9|          2|    1|          2|
    |layer11_out_i_23_blk_n   |   9|          2|    1|          2|
    |layer11_out_i_24_blk_n   |   9|          2|    1|          2|
    |layer11_out_i_25_blk_n   |   9|          2|    1|          2|
    |layer11_out_i_26_blk_n   |   9|          2|    1|          2|
    |layer11_out_i_27_blk_n   |   9|          2|    1|          2|
    |layer11_out_i_28_blk_n   |   9|          2|    1|          2|
    |layer11_out_i_29_blk_n   |   9|          2|    1|          2|
    |layer11_out_i_2_blk_n    |   9|          2|    1|          2|
    |layer11_out_i_30_blk_n   |   9|          2|    1|          2|
    |layer11_out_i_31_blk_n   |   9|          2|    1|          2|
    |layer11_out_i_32_blk_n   |   9|          2|    1|          2|
    |layer11_out_i_33_blk_n   |   9|          2|    1|          2|
    |layer11_out_i_34_blk_n   |   9|          2|    1|          2|
    |layer11_out_i_35_blk_n   |   9|          2|    1|          2|
    |layer11_out_i_36_blk_n   |   9|          2|    1|          2|
    |layer11_out_i_37_blk_n   |   9|          2|    1|          2|
    |layer11_out_i_38_blk_n   |   9|          2|    1|          2|
    |layer11_out_i_39_blk_n   |   9|          2|    1|          2|
    |layer11_out_i_3_blk_n    |   9|          2|    1|          2|
    |layer11_out_i_40_blk_n   |   9|          2|    1|          2|
    |layer11_out_i_41_blk_n   |   9|          2|    1|          2|
    |layer11_out_i_42_blk_n   |   9|          2|    1|          2|
    |layer11_out_i_43_blk_n   |   9|          2|    1|          2|
    |layer11_out_i_44_blk_n   |   9|          2|    1|          2|
    |layer11_out_i_45_blk_n   |   9|          2|    1|          2|
    |layer11_out_i_46_blk_n   |   9|          2|    1|          2|
    |layer11_out_i_47_blk_n   |   9|          2|    1|          2|
    |layer11_out_i_48_blk_n   |   9|          2|    1|          2|
    |layer11_out_i_49_blk_n   |   9|          2|    1|          2|
    |layer11_out_i_4_blk_n    |   9|          2|    1|          2|
    |layer11_out_i_50_blk_n   |   9|          2|    1|          2|
    |layer11_out_i_51_blk_n   |   9|          2|    1|          2|
    |layer11_out_i_52_blk_n   |   9|          2|    1|          2|
    |layer11_out_i_53_blk_n   |   9|          2|    1|          2|
    |layer11_out_i_54_blk_n   |   9|          2|    1|          2|
    |layer11_out_i_55_blk_n   |   9|          2|    1|          2|
    |layer11_out_i_56_blk_n   |   9|          2|    1|          2|
    |layer11_out_i_57_blk_n   |   9|          2|    1|          2|
    |layer11_out_i_58_blk_n   |   9|          2|    1|          2|
    |layer11_out_i_59_blk_n   |   9|          2|    1|          2|
    |layer11_out_i_5_blk_n    |   9|          2|    1|          2|
    |layer11_out_i_60_blk_n   |   9|          2|    1|          2|
    |layer11_out_i_61_blk_n   |   9|          2|    1|          2|
    |layer11_out_i_62_blk_n   |   9|          2|    1|          2|
    |layer11_out_i_63_blk_n   |   9|          2|    1|          2|
    |layer11_out_i_6_blk_n    |   9|          2|    1|          2|
    |layer11_out_i_7_blk_n    |   9|          2|    1|          2|
    |layer11_out_i_8_blk_n    |   9|          2|    1|          2|
    |layer11_out_i_9_blk_n    |   9|          2|    1|          2|
    |real_start               |   9|          2|    1|          2|
    +-------------------------+----+-----------+-----+-----------+
    |Total                    |1197|        266|  145|        290|
    +-------------------------+----+-----------+-----+-----------+

    * Register: 
    +----------------------------------+----+----+-----+-----------+
    |               Name               | FF | LUT| Bits| Const Bits|
    +----------------------------------+----+----+-----+-----------+
    |ap_CS_fsm                         |   1|   0|    1|          0|
    |ap_done_reg                       |   1|   0|    1|          0|
    |ap_enable_reg_pp0_iter1           |   1|   0|    1|          0|
    |ap_enable_reg_pp0_iter2           |   1|   0|    1|          0|
    |ap_loop_exit_ready_pp0_iter1_reg  |   1|   0|    1|          0|
    |i_fu_300                          |   7|   0|    7|          0|
    |out_data_V_101_reg_5390           |  16|   0|   16|          0|
    |out_data_V_103_reg_5395           |  16|   0|   16|          0|
    |out_data_V_105_reg_5400           |  16|   0|   16|          0|
    |out_data_V_107_reg_5405           |  16|   0|   16|          0|
    |out_data_V_109_reg_5410           |  16|   0|   16|          0|
    |out_data_V_111_reg_5415           |  16|   0|   16|          0|
    |out_data_V_113_reg_5420           |  16|   0|   16|          0|
    |out_data_V_115_reg_5425           |  16|   0|   16|          0|
    |out_data_V_117_reg_5430           |  16|   0|   16|          0|
    |out_data_V_119_reg_5435           |  16|   0|   16|          0|
    |out_data_V_11_reg_5165            |  16|   0|   16|          0|
    |out_data_V_121_reg_5440           |  16|   0|   16|          0|
    |out_data_V_123_reg_5445           |  16|   0|   16|          0|
    |out_data_V_125_reg_5450           |  16|   0|   16|          0|
    |out_data_V_127_reg_5455           |  16|   0|   16|          0|
    |out_data_V_13_reg_5170            |  16|   0|   16|          0|
    |out_data_V_15_reg_5175            |  16|   0|   16|          0|
    |out_data_V_17_reg_5180            |  16|   0|   16|          0|
    |out_data_V_19_reg_5185            |  16|   0|   16|          0|
    |out_data_V_21_reg_5190            |  16|   0|   16|          0|
    |out_data_V_23_reg_5195            |  16|   0|   16|          0|
    |out_data_V_25_reg_5200            |  16|   0|   16|          0|
    |out_data_V_27_reg_5205            |  16|   0|   16|          0|
    |out_data_V_29_reg_5210            |  16|   0|   16|          0|
    |out_data_V_31_reg_5215            |  16|   0|   16|          0|
    |out_data_V_33_reg_5220            |  16|   0|   16|          0|
    |out_data_V_35_reg_5225            |  16|   0|   16|          0|
    |out_data_V_37_reg_5230            |  16|   0|   16|          0|
    |out_data_V_39_reg_5235            |  16|   0|   16|          0|
    |out_data_V_3_reg_5145             |  16|   0|   16|          0|
    |out_data_V_41_reg_5240            |  16|   0|   16|          0|
    |out_data_V_43_reg_5245            |  16|   0|   16|          0|
    |out_data_V_45_reg_5250            |  16|   0|   16|          0|
    |out_data_V_47_reg_5255            |  16|   0|   16|          0|
    |out_data_V_49_reg_5260            |  16|   0|   16|          0|
    |out_data_V_51_reg_5265            |  16|   0|   16|          0|
    |out_data_V_53_reg_5270            |  16|   0|   16|          0|
    |out_data_V_55_reg_5275            |  16|   0|   16|          0|
    |out_data_V_57_reg_5280            |  16|   0|   16|          0|
    |out_data_V_59_reg_5285            |  16|   0|   16|          0|
    |out_data_V_5_reg_5150             |  16|   0|   16|          0|
    |out_data_V_61_reg_5290            |  16|   0|   16|          0|
    |out_data_V_63_reg_5295            |  16|   0|   16|          0|
    |out_data_V_65_reg_5300            |  16|   0|   16|          0|
    |out_data_V_67_reg_5305            |  16|   0|   16|          0|
    |out_data_V_69_reg_5310            |  16|   0|   16|          0|
    |out_data_V_71_reg_5315            |  16|   0|   16|          0|
    |out_data_V_73_reg_5320            |  16|   0|   16|          0|
    |out_data_V_75_reg_5325            |  16|   0|   16|          0|
    |out_data_V_77_reg_5330            |  16|   0|   16|          0|
    |out_data_V_79_reg_5335            |  16|   0|   16|          0|
    |out_data_V_7_reg_5155             |  16|   0|   16|          0|
    |out_data_V_81_reg_5340            |  16|   0|   16|          0|
    |out_data_V_83_reg_5345            |  16|   0|   16|          0|
    |out_data_V_85_reg_5350            |  16|   0|   16|          0|
    |out_data_V_87_reg_5355            |  16|   0|   16|          0|
    |out_data_V_89_reg_5360            |  16|   0|   16|          0|
    |out_data_V_91_reg_5365            |  16|   0|   16|          0|
    |out_data_V_93_reg_5370            |  16|   0|   16|          0|
    |out_data_V_95_reg_5375            |  16|   0|   16|          0|
    |out_data_V_97_reg_5380            |  16|   0|   16|          0|
    |out_data_V_99_reg_5385            |  16|   0|   16|          0|
    |out_data_V_9_reg_5160             |  16|   0|   16|          0|
    |out_data_V_reg_5140               |  16|   0|   16|          0|
    |start_once_reg                    |   1|   0|    1|          0|
    +----------------------------------+----+----+-----+-----------+
    |Total                             |1037|   0| 1037|          0|
    +----------------------------------+----+----+-----+-----------+



================================================================
== Interface
================================================================
* Summary: 
+---------------------------------+-----+-----+------------+-----------------------------------------------------------------------------+--------------+
|            RTL Ports            | Dir | Bits|  Protocol  |                                Source Object                                |    C Type    |
+---------------------------------+-----+-----+------------+-----------------------------------------------------------------------------+--------------+
|ap_clk                           |   in|    1|  ap_ctrl_hs|  linear<ap_fixed<19, 6, 5, 3, 0>, ap_fixed<16, 7, 4, 0, 0>, linear_config11>|  return value|
|ap_rst                           |   in|    1|  ap_ctrl_hs|  linear<ap_fixed<19, 6, 5, 3, 0>, ap_fixed<16, 7, 4, 0, 0>, linear_config11>|  return value|
|ap_start                         |   in|    1|  ap_ctrl_hs|  linear<ap_fixed<19, 6, 5, 3, 0>, ap_fixed<16, 7, 4, 0, 0>, linear_config11>|  return value|
|start_full_n                     |   in|    1|  ap_ctrl_hs|  linear<ap_fixed<19, 6, 5, 3, 0>, ap_fixed<16, 7, 4, 0, 0>, linear_config11>|  return value|
|ap_done                          |  out|    1|  ap_ctrl_hs|  linear<ap_fixed<19, 6, 5, 3, 0>, ap_fixed<16, 7, 4, 0, 0>, linear_config11>|  return value|
|ap_continue                      |   in|    1|  ap_ctrl_hs|  linear<ap_fixed<19, 6, 5, 3, 0>, ap_fixed<16, 7, 4, 0, 0>, linear_config11>|  return value|
|ap_idle                          |  out|    1|  ap_ctrl_hs|  linear<ap_fixed<19, 6, 5, 3, 0>, ap_fixed<16, 7, 4, 0, 0>, linear_config11>|  return value|
|ap_ready                         |  out|    1|  ap_ctrl_hs|  linear<ap_fixed<19, 6, 5, 3, 0>, ap_fixed<16, 7, 4, 0, 0>, linear_config11>|  return value|
|start_out                        |  out|    1|  ap_ctrl_hs|  linear<ap_fixed<19, 6, 5, 3, 0>, ap_fixed<16, 7, 4, 0, 0>, linear_config11>|  return value|
|start_write                      |  out|    1|  ap_ctrl_hs|  linear<ap_fixed<19, 6, 5, 3, 0>, ap_fixed<16, 7, 4, 0, 0>, linear_config11>|  return value|
|layer10_out_i_0_dout             |   in|   19|     ap_fifo|                                                              layer10_out_i_0|       pointer|
|layer10_out_i_0_num_data_valid   |   in|    8|     ap_fifo|                                                              layer10_out_i_0|       pointer|
|layer10_out_i_0_fifo_cap         |   in|    8|     ap_fifo|                                                              layer10_out_i_0|       pointer|
|layer10_out_i_0_empty_n          |   in|    1|     ap_fifo|                                                              layer10_out_i_0|       pointer|
|layer10_out_i_0_read             |  out|    1|     ap_fifo|                                                              layer10_out_i_0|       pointer|
|layer10_out_i_1_dout             |   in|   19|     ap_fifo|                                                              layer10_out_i_1|       pointer|
|layer10_out_i_1_num_data_valid   |   in|    8|     ap_fifo|                                                              layer10_out_i_1|       pointer|
|layer10_out_i_1_fifo_cap         |   in|    8|     ap_fifo|                                                              layer10_out_i_1|       pointer|
|layer10_out_i_1_empty_n          |   in|    1|     ap_fifo|                                                              layer10_out_i_1|       pointer|
|layer10_out_i_1_read             |  out|    1|     ap_fifo|                                                              layer10_out_i_1|       pointer|
|layer10_out_i_2_dout             |   in|   19|     ap_fifo|                                                              layer10_out_i_2|       pointer|
|layer10_out_i_2_num_data_valid   |   in|    8|     ap_fifo|                                                              layer10_out_i_2|       pointer|
|layer10_out_i_2_fifo_cap         |   in|    8|     ap_fifo|                                                              layer10_out_i_2|       pointer|
|layer10_out_i_2_empty_n          |   in|    1|     ap_fifo|                                                              layer10_out_i_2|       pointer|
|layer10_out_i_2_read             |  out|    1|     ap_fifo|                                                              layer10_out_i_2|       pointer|
|layer10_out_i_3_dout             |   in|   19|     ap_fifo|                                                              layer10_out_i_3|       pointer|
|layer10_out_i_3_num_data_valid   |   in|    8|     ap_fifo|                                                              layer10_out_i_3|       pointer|
|layer10_out_i_3_fifo_cap         |   in|    8|     ap_fifo|                                                              layer10_out_i_3|       pointer|
|layer10_out_i_3_empty_n          |   in|    1|     ap_fifo|                                                              layer10_out_i_3|       pointer|
|layer10_out_i_3_read             |  out|    1|     ap_fifo|                                                              layer10_out_i_3|       pointer|
|layer10_out_i_4_dout             |   in|   19|     ap_fifo|                                                              layer10_out_i_4|       pointer|
|layer10_out_i_4_num_data_valid   |   in|    8|     ap_fifo|                                                              layer10_out_i_4|       pointer|
|layer10_out_i_4_fifo_cap         |   in|    8|     ap_fifo|                                                              layer10_out_i_4|       pointer|
|layer10_out_i_4_empty_n          |   in|    1|     ap_fifo|                                                              layer10_out_i_4|       pointer|
|layer10_out_i_4_read             |  out|    1|     ap_fifo|                                                              layer10_out_i_4|       pointer|
|layer10_out_i_5_dout             |   in|   19|     ap_fifo|                                                              layer10_out_i_5|       pointer|
|layer10_out_i_5_num_data_valid   |   in|    8|     ap_fifo|                                                              layer10_out_i_5|       pointer|
|layer10_out_i_5_fifo_cap         |   in|    8|     ap_fifo|                                                              layer10_out_i_5|       pointer|
|layer10_out_i_5_empty_n          |   in|    1|     ap_fifo|                                                              layer10_out_i_5|       pointer|
|layer10_out_i_5_read             |  out|    1|     ap_fifo|                                                              layer10_out_i_5|       pointer|
|layer10_out_i_6_dout             |   in|   19|     ap_fifo|                                                              layer10_out_i_6|       pointer|
|layer10_out_i_6_num_data_valid   |   in|    8|     ap_fifo|                                                              layer10_out_i_6|       pointer|
|layer10_out_i_6_fifo_cap         |   in|    8|     ap_fifo|                                                              layer10_out_i_6|       pointer|
|layer10_out_i_6_empty_n          |   in|    1|     ap_fifo|                                                              layer10_out_i_6|       pointer|
|layer10_out_i_6_read             |  out|    1|     ap_fifo|                                                              layer10_out_i_6|       pointer|
|layer10_out_i_7_dout             |   in|   19|     ap_fifo|                                                              layer10_out_i_7|       pointer|
|layer10_out_i_7_num_data_valid   |   in|    8|     ap_fifo|                                                              layer10_out_i_7|       pointer|
|layer10_out_i_7_fifo_cap         |   in|    8|     ap_fifo|                                                              layer10_out_i_7|       pointer|
|layer10_out_i_7_empty_n          |   in|    1|     ap_fifo|                                                              layer10_out_i_7|       pointer|
|layer10_out_i_7_read             |  out|    1|     ap_fifo|                                                              layer10_out_i_7|       pointer|
|layer10_out_i_8_dout             |   in|   19|     ap_fifo|                                                              layer10_out_i_8|       pointer|
|layer10_out_i_8_num_data_valid   |   in|    8|     ap_fifo|                                                              layer10_out_i_8|       pointer|
|layer10_out_i_8_fifo_cap         |   in|    8|     ap_fifo|                                                              layer10_out_i_8|       pointer|
|layer10_out_i_8_empty_n          |   in|    1|     ap_fifo|                                                              layer10_out_i_8|       pointer|
|layer10_out_i_8_read             |  out|    1|     ap_fifo|                                                              layer10_out_i_8|       pointer|
|layer10_out_i_9_dout             |   in|   19|     ap_fifo|                                                              layer10_out_i_9|       pointer|
|layer10_out_i_9_num_data_valid   |   in|    8|     ap_fifo|                                                              layer10_out_i_9|       pointer|
|layer10_out_i_9_fifo_cap         |   in|    8|     ap_fifo|                                                              layer10_out_i_9|       pointer|
|layer10_out_i_9_empty_n          |   in|    1|     ap_fifo|                                                              layer10_out_i_9|       pointer|
|layer10_out_i_9_read             |  out|    1|     ap_fifo|                                                              layer10_out_i_9|       pointer|
|layer10_out_i_10_dout            |   in|   19|     ap_fifo|                                                             layer10_out_i_10|       pointer|
|layer10_out_i_10_num_data_valid  |   in|    8|     ap_fifo|                                                             layer10_out_i_10|       pointer|
|layer10_out_i_10_fifo_cap        |   in|    8|     ap_fifo|                                                             layer10_out_i_10|       pointer|
|layer10_out_i_10_empty_n         |   in|    1|     ap_fifo|                                                             layer10_out_i_10|       pointer|
|layer10_out_i_10_read            |  out|    1|     ap_fifo|                                                             layer10_out_i_10|       pointer|
|layer10_out_i_11_dout            |   in|   19|     ap_fifo|                                                             layer10_out_i_11|       pointer|
|layer10_out_i_11_num_data_valid  |   in|    8|     ap_fifo|                                                             layer10_out_i_11|       pointer|
|layer10_out_i_11_fifo_cap        |   in|    8|     ap_fifo|                                                             layer10_out_i_11|       pointer|
|layer10_out_i_11_empty_n         |   in|    1|     ap_fifo|                                                             layer10_out_i_11|       pointer|
|layer10_out_i_11_read            |  out|    1|     ap_fifo|                                                             layer10_out_i_11|       pointer|
|layer10_out_i_12_dout            |   in|   19|     ap_fifo|                                                             layer10_out_i_12|       pointer|
|layer10_out_i_12_num_data_valid  |   in|    8|     ap_fifo|                                                             layer10_out_i_12|       pointer|
|layer10_out_i_12_fifo_cap        |   in|    8|     ap_fifo|                                                             layer10_out_i_12|       pointer|
|layer10_out_i_12_empty_n         |   in|    1|     ap_fifo|                                                             layer10_out_i_12|       pointer|
|layer10_out_i_12_read            |  out|    1|     ap_fifo|                                                             layer10_out_i_12|       pointer|
|layer10_out_i_13_dout            |   in|   19|     ap_fifo|                                                             layer10_out_i_13|       pointer|
|layer10_out_i_13_num_data_valid  |   in|    8|     ap_fifo|                                                             layer10_out_i_13|       pointer|
|layer10_out_i_13_fifo_cap        |   in|    8|     ap_fifo|                                                             layer10_out_i_13|       pointer|
|layer10_out_i_13_empty_n         |   in|    1|     ap_fifo|                                                             layer10_out_i_13|       pointer|
|layer10_out_i_13_read            |  out|    1|     ap_fifo|                                                             layer10_out_i_13|       pointer|
|layer10_out_i_14_dout            |   in|   19|     ap_fifo|                                                             layer10_out_i_14|       pointer|
|layer10_out_i_14_num_data_valid  |   in|    8|     ap_fifo|                                                             layer10_out_i_14|       pointer|
|layer10_out_i_14_fifo_cap        |   in|    8|     ap_fifo|                                                             layer10_out_i_14|       pointer|
|layer10_out_i_14_empty_n         |   in|    1|     ap_fifo|                                                             layer10_out_i_14|       pointer|
|layer10_out_i_14_read            |  out|    1|     ap_fifo|                                                             layer10_out_i_14|       pointer|
|layer10_out_i_15_dout            |   in|   19|     ap_fifo|                                                             layer10_out_i_15|       pointer|
|layer10_out_i_15_num_data_valid  |   in|    8|     ap_fifo|                                                             layer10_out_i_15|       pointer|
|layer10_out_i_15_fifo_cap        |   in|    8|     ap_fifo|                                                             layer10_out_i_15|       pointer|
|layer10_out_i_15_empty_n         |   in|    1|     ap_fifo|                                                             layer10_out_i_15|       pointer|
|layer10_out_i_15_read            |  out|    1|     ap_fifo|                                                             layer10_out_i_15|       pointer|
|layer10_out_i_16_dout            |   in|   19|     ap_fifo|                                                             layer10_out_i_16|       pointer|
|layer10_out_i_16_num_data_valid  |   in|    8|     ap_fifo|                                                             layer10_out_i_16|       pointer|
|layer10_out_i_16_fifo_cap        |   in|    8|     ap_fifo|                                                             layer10_out_i_16|       pointer|
|layer10_out_i_16_empty_n         |   in|    1|     ap_fifo|                                                             layer10_out_i_16|       pointer|
|layer10_out_i_16_read            |  out|    1|     ap_fifo|                                                             layer10_out_i_16|       pointer|
|layer10_out_i_17_dout            |   in|   19|     ap_fifo|                                                             layer10_out_i_17|       pointer|
|layer10_out_i_17_num_data_valid  |   in|    8|     ap_fifo|                                                             layer10_out_i_17|       pointer|
|layer10_out_i_17_fifo_cap        |   in|    8|     ap_fifo|                                                             layer10_out_i_17|       pointer|
|layer10_out_i_17_empty_n         |   in|    1|     ap_fifo|                                                             layer10_out_i_17|       pointer|
|layer10_out_i_17_read            |  out|    1|     ap_fifo|                                                             layer10_out_i_17|       pointer|
|layer10_out_i_18_dout            |   in|   19|     ap_fifo|                                                             layer10_out_i_18|       pointer|
|layer10_out_i_18_num_data_valid  |   in|    8|     ap_fifo|                                                             layer10_out_i_18|       pointer|
|layer10_out_i_18_fifo_cap        |   in|    8|     ap_fifo|                                                             layer10_out_i_18|       pointer|
|layer10_out_i_18_empty_n         |   in|    1|     ap_fifo|                                                             layer10_out_i_18|       pointer|
|layer10_out_i_18_read            |  out|    1|     ap_fifo|                                                             layer10_out_i_18|       pointer|
|layer10_out_i_19_dout            |   in|   19|     ap_fifo|                                                             layer10_out_i_19|       pointer|
|layer10_out_i_19_num_data_valid  |   in|    8|     ap_fifo|                                                             layer10_out_i_19|       pointer|
|layer10_out_i_19_fifo_cap        |   in|    8|     ap_fifo|                                                             layer10_out_i_19|       pointer|
|layer10_out_i_19_empty_n         |   in|    1|     ap_fifo|                                                             layer10_out_i_19|       pointer|
|layer10_out_i_19_read            |  out|    1|     ap_fifo|                                                             layer10_out_i_19|       pointer|
|layer10_out_i_20_dout            |   in|   19|     ap_fifo|                                                             layer10_out_i_20|       pointer|
|layer10_out_i_20_num_data_valid  |   in|    8|     ap_fifo|                                                             layer10_out_i_20|       pointer|
|layer10_out_i_20_fifo_cap        |   in|    8|     ap_fifo|                                                             layer10_out_i_20|       pointer|
|layer10_out_i_20_empty_n         |   in|    1|     ap_fifo|                                                             layer10_out_i_20|       pointer|
|layer10_out_i_20_read            |  out|    1|     ap_fifo|                                                             layer10_out_i_20|       pointer|
|layer10_out_i_21_dout            |   in|   19|     ap_fifo|                                                             layer10_out_i_21|       pointer|
|layer10_out_i_21_num_data_valid  |   in|    8|     ap_fifo|                                                             layer10_out_i_21|       pointer|
|layer10_out_i_21_fifo_cap        |   in|    8|     ap_fifo|                                                             layer10_out_i_21|       pointer|
|layer10_out_i_21_empty_n         |   in|    1|     ap_fifo|                                                             layer10_out_i_21|       pointer|
|layer10_out_i_21_read            |  out|    1|     ap_fifo|                                                             layer10_out_i_21|       pointer|
|layer10_out_i_22_dout            |   in|   19|     ap_fifo|                                                             layer10_out_i_22|       pointer|
|layer10_out_i_22_num_data_valid  |   in|    8|     ap_fifo|                                                             layer10_out_i_22|       pointer|
|layer10_out_i_22_fifo_cap        |   in|    8|     ap_fifo|                                                             layer10_out_i_22|       pointer|
|layer10_out_i_22_empty_n         |   in|    1|     ap_fifo|                                                             layer10_out_i_22|       pointer|
|layer10_out_i_22_read            |  out|    1|     ap_fifo|                                                             layer10_out_i_22|       pointer|
|layer10_out_i_23_dout            |   in|   19|     ap_fifo|                                                             layer10_out_i_23|       pointer|
|layer10_out_i_23_num_data_valid  |   in|    8|     ap_fifo|                                                             layer10_out_i_23|       pointer|
|layer10_out_i_23_fifo_cap        |   in|    8|     ap_fifo|                                                             layer10_out_i_23|       pointer|
|layer10_out_i_23_empty_n         |   in|    1|     ap_fifo|                                                             layer10_out_i_23|       pointer|
|layer10_out_i_23_read            |  out|    1|     ap_fifo|                                                             layer10_out_i_23|       pointer|
|layer10_out_i_24_dout            |   in|   19|     ap_fifo|                                                             layer10_out_i_24|       pointer|
|layer10_out_i_24_num_data_valid  |   in|    8|     ap_fifo|                                                             layer10_out_i_24|       pointer|
|layer10_out_i_24_fifo_cap        |   in|    8|     ap_fifo|                                                             layer10_out_i_24|       pointer|
|layer10_out_i_24_empty_n         |   in|    1|     ap_fifo|                                                             layer10_out_i_24|       pointer|
|layer10_out_i_24_read            |  out|    1|     ap_fifo|                                                             layer10_out_i_24|       pointer|
|layer10_out_i_25_dout            |   in|   19|     ap_fifo|                                                             layer10_out_i_25|       pointer|
|layer10_out_i_25_num_data_valid  |   in|    8|     ap_fifo|                                                             layer10_out_i_25|       pointer|
|layer10_out_i_25_fifo_cap        |   in|    8|     ap_fifo|                                                             layer10_out_i_25|       pointer|
|layer10_out_i_25_empty_n         |   in|    1|     ap_fifo|                                                             layer10_out_i_25|       pointer|
|layer10_out_i_25_read            |  out|    1|     ap_fifo|                                                             layer10_out_i_25|       pointer|
|layer10_out_i_26_dout            |   in|   19|     ap_fifo|                                                             layer10_out_i_26|       pointer|
|layer10_out_i_26_num_data_valid  |   in|    8|     ap_fifo|                                                             layer10_out_i_26|       pointer|
|layer10_out_i_26_fifo_cap        |   in|    8|     ap_fifo|                                                             layer10_out_i_26|       pointer|
|layer10_out_i_26_empty_n         |   in|    1|     ap_fifo|                                                             layer10_out_i_26|       pointer|
|layer10_out_i_26_read            |  out|    1|     ap_fifo|                                                             layer10_out_i_26|       pointer|
|layer10_out_i_27_dout            |   in|   19|     ap_fifo|                                                             layer10_out_i_27|       pointer|
|layer10_out_i_27_num_data_valid  |   in|    8|     ap_fifo|                                                             layer10_out_i_27|       pointer|
|layer10_out_i_27_fifo_cap        |   in|    8|     ap_fifo|                                                             layer10_out_i_27|       pointer|
|layer10_out_i_27_empty_n         |   in|    1|     ap_fifo|                                                             layer10_out_i_27|       pointer|
|layer10_out_i_27_read            |  out|    1|     ap_fifo|                                                             layer10_out_i_27|       pointer|
|layer10_out_i_28_dout            |   in|   19|     ap_fifo|                                                             layer10_out_i_28|       pointer|
|layer10_out_i_28_num_data_valid  |   in|    8|     ap_fifo|                                                             layer10_out_i_28|       pointer|
|layer10_out_i_28_fifo_cap        |   in|    8|     ap_fifo|                                                             layer10_out_i_28|       pointer|
|layer10_out_i_28_empty_n         |   in|    1|     ap_fifo|                                                             layer10_out_i_28|       pointer|
|layer10_out_i_28_read            |  out|    1|     ap_fifo|                                                             layer10_out_i_28|       pointer|
|layer10_out_i_29_dout            |   in|   19|     ap_fifo|                                                             layer10_out_i_29|       pointer|
|layer10_out_i_29_num_data_valid  |   in|    8|     ap_fifo|                                                             layer10_out_i_29|       pointer|
|layer10_out_i_29_fifo_cap        |   in|    8|     ap_fifo|                                                             layer10_out_i_29|       pointer|
|layer10_out_i_29_empty_n         |   in|    1|     ap_fifo|                                                             layer10_out_i_29|       pointer|
|layer10_out_i_29_read            |  out|    1|     ap_fifo|                                                             layer10_out_i_29|       pointer|
|layer10_out_i_30_dout            |   in|   19|     ap_fifo|                                                             layer10_out_i_30|       pointer|
|layer10_out_i_30_num_data_valid  |   in|    8|     ap_fifo|                                                             layer10_out_i_30|       pointer|
|layer10_out_i_30_fifo_cap        |   in|    8|     ap_fifo|                                                             layer10_out_i_30|       pointer|
|layer10_out_i_30_empty_n         |   in|    1|     ap_fifo|                                                             layer10_out_i_30|       pointer|
|layer10_out_i_30_read            |  out|    1|     ap_fifo|                                                             layer10_out_i_30|       pointer|
|layer10_out_i_31_dout            |   in|   19|     ap_fifo|                                                             layer10_out_i_31|       pointer|
|layer10_out_i_31_num_data_valid  |   in|    8|     ap_fifo|                                                             layer10_out_i_31|       pointer|
|layer10_out_i_31_fifo_cap        |   in|    8|     ap_fifo|                                                             layer10_out_i_31|       pointer|
|layer10_out_i_31_empty_n         |   in|    1|     ap_fifo|                                                             layer10_out_i_31|       pointer|
|layer10_out_i_31_read            |  out|    1|     ap_fifo|                                                             layer10_out_i_31|       pointer|
|layer10_out_i_32_dout            |   in|   19|     ap_fifo|                                                             layer10_out_i_32|       pointer|
|layer10_out_i_32_num_data_valid  |   in|    8|     ap_fifo|                                                             layer10_out_i_32|       pointer|
|layer10_out_i_32_fifo_cap        |   in|    8|     ap_fifo|                                                             layer10_out_i_32|       pointer|
|layer10_out_i_32_empty_n         |   in|    1|     ap_fifo|                                                             layer10_out_i_32|       pointer|
|layer10_out_i_32_read            |  out|    1|     ap_fifo|                                                             layer10_out_i_32|       pointer|
|layer10_out_i_33_dout            |   in|   19|     ap_fifo|                                                             layer10_out_i_33|       pointer|
|layer10_out_i_33_num_data_valid  |   in|    8|     ap_fifo|                                                             layer10_out_i_33|       pointer|
|layer10_out_i_33_fifo_cap        |   in|    8|     ap_fifo|                                                             layer10_out_i_33|       pointer|
|layer10_out_i_33_empty_n         |   in|    1|     ap_fifo|                                                             layer10_out_i_33|       pointer|
|layer10_out_i_33_read            |  out|    1|     ap_fifo|                                                             layer10_out_i_33|       pointer|
|layer10_out_i_34_dout            |   in|   19|     ap_fifo|                                                             layer10_out_i_34|       pointer|
|layer10_out_i_34_num_data_valid  |   in|    8|     ap_fifo|                                                             layer10_out_i_34|       pointer|
|layer10_out_i_34_fifo_cap        |   in|    8|     ap_fifo|                                                             layer10_out_i_34|       pointer|
|layer10_out_i_34_empty_n         |   in|    1|     ap_fifo|                                                             layer10_out_i_34|       pointer|
|layer10_out_i_34_read            |  out|    1|     ap_fifo|                                                             layer10_out_i_34|       pointer|
|layer10_out_i_35_dout            |   in|   19|     ap_fifo|                                                             layer10_out_i_35|       pointer|
|layer10_out_i_35_num_data_valid  |   in|    8|     ap_fifo|                                                             layer10_out_i_35|       pointer|
|layer10_out_i_35_fifo_cap        |   in|    8|     ap_fifo|                                                             layer10_out_i_35|       pointer|
|layer10_out_i_35_empty_n         |   in|    1|     ap_fifo|                                                             layer10_out_i_35|       pointer|
|layer10_out_i_35_read            |  out|    1|     ap_fifo|                                                             layer10_out_i_35|       pointer|
|layer10_out_i_36_dout            |   in|   19|     ap_fifo|                                                             layer10_out_i_36|       pointer|
|layer10_out_i_36_num_data_valid  |   in|    8|     ap_fifo|                                                             layer10_out_i_36|       pointer|
|layer10_out_i_36_fifo_cap        |   in|    8|     ap_fifo|                                                             layer10_out_i_36|       pointer|
|layer10_out_i_36_empty_n         |   in|    1|     ap_fifo|                                                             layer10_out_i_36|       pointer|
|layer10_out_i_36_read            |  out|    1|     ap_fifo|                                                             layer10_out_i_36|       pointer|
|layer10_out_i_37_dout            |   in|   19|     ap_fifo|                                                             layer10_out_i_37|       pointer|
|layer10_out_i_37_num_data_valid  |   in|    8|     ap_fifo|                                                             layer10_out_i_37|       pointer|
|layer10_out_i_37_fifo_cap        |   in|    8|     ap_fifo|                                                             layer10_out_i_37|       pointer|
|layer10_out_i_37_empty_n         |   in|    1|     ap_fifo|                                                             layer10_out_i_37|       pointer|
|layer10_out_i_37_read            |  out|    1|     ap_fifo|                                                             layer10_out_i_37|       pointer|
|layer10_out_i_38_dout            |   in|   19|     ap_fifo|                                                             layer10_out_i_38|       pointer|
|layer10_out_i_38_num_data_valid  |   in|    8|     ap_fifo|                                                             layer10_out_i_38|       pointer|
|layer10_out_i_38_fifo_cap        |   in|    8|     ap_fifo|                                                             layer10_out_i_38|       pointer|
|layer10_out_i_38_empty_n         |   in|    1|     ap_fifo|                                                             layer10_out_i_38|       pointer|
|layer10_out_i_38_read            |  out|    1|     ap_fifo|                                                             layer10_out_i_38|       pointer|
|layer10_out_i_39_dout            |   in|   19|     ap_fifo|                                                             layer10_out_i_39|       pointer|
|layer10_out_i_39_num_data_valid  |   in|    8|     ap_fifo|                                                             layer10_out_i_39|       pointer|
|layer10_out_i_39_fifo_cap        |   in|    8|     ap_fifo|                                                             layer10_out_i_39|       pointer|
|layer10_out_i_39_empty_n         |   in|    1|     ap_fifo|                                                             layer10_out_i_39|       pointer|
|layer10_out_i_39_read            |  out|    1|     ap_fifo|                                                             layer10_out_i_39|       pointer|
|layer10_out_i_40_dout            |   in|   19|     ap_fifo|                                                             layer10_out_i_40|       pointer|
|layer10_out_i_40_num_data_valid  |   in|    8|     ap_fifo|                                                             layer10_out_i_40|       pointer|
|layer10_out_i_40_fifo_cap        |   in|    8|     ap_fifo|                                                             layer10_out_i_40|       pointer|
|layer10_out_i_40_empty_n         |   in|    1|     ap_fifo|                                                             layer10_out_i_40|       pointer|
|layer10_out_i_40_read            |  out|    1|     ap_fifo|                                                             layer10_out_i_40|       pointer|
|layer10_out_i_41_dout            |   in|   19|     ap_fifo|                                                             layer10_out_i_41|       pointer|
|layer10_out_i_41_num_data_valid  |   in|    8|     ap_fifo|                                                             layer10_out_i_41|       pointer|
|layer10_out_i_41_fifo_cap        |   in|    8|     ap_fifo|                                                             layer10_out_i_41|       pointer|
|layer10_out_i_41_empty_n         |   in|    1|     ap_fifo|                                                             layer10_out_i_41|       pointer|
|layer10_out_i_41_read            |  out|    1|     ap_fifo|                                                             layer10_out_i_41|       pointer|
|layer10_out_i_42_dout            |   in|   19|     ap_fifo|                                                             layer10_out_i_42|       pointer|
|layer10_out_i_42_num_data_valid  |   in|    8|     ap_fifo|                                                             layer10_out_i_42|       pointer|
|layer10_out_i_42_fifo_cap        |   in|    8|     ap_fifo|                                                             layer10_out_i_42|       pointer|
|layer10_out_i_42_empty_n         |   in|    1|     ap_fifo|                                                             layer10_out_i_42|       pointer|
|layer10_out_i_42_read            |  out|    1|     ap_fifo|                                                             layer10_out_i_42|       pointer|
|layer10_out_i_43_dout            |   in|   19|     ap_fifo|                                                             layer10_out_i_43|       pointer|
|layer10_out_i_43_num_data_valid  |   in|    8|     ap_fifo|                                                             layer10_out_i_43|       pointer|
|layer10_out_i_43_fifo_cap        |   in|    8|     ap_fifo|                                                             layer10_out_i_43|       pointer|
|layer10_out_i_43_empty_n         |   in|    1|     ap_fifo|                                                             layer10_out_i_43|       pointer|
|layer10_out_i_43_read            |  out|    1|     ap_fifo|                                                             layer10_out_i_43|       pointer|
|layer10_out_i_44_dout            |   in|   19|     ap_fifo|                                                             layer10_out_i_44|       pointer|
|layer10_out_i_44_num_data_valid  |   in|    8|     ap_fifo|                                                             layer10_out_i_44|       pointer|
|layer10_out_i_44_fifo_cap        |   in|    8|     ap_fifo|                                                             layer10_out_i_44|       pointer|
|layer10_out_i_44_empty_n         |   in|    1|     ap_fifo|                                                             layer10_out_i_44|       pointer|
|layer10_out_i_44_read            |  out|    1|     ap_fifo|                                                             layer10_out_i_44|       pointer|
|layer10_out_i_45_dout            |   in|   19|     ap_fifo|                                                             layer10_out_i_45|       pointer|
|layer10_out_i_45_num_data_valid  |   in|    8|     ap_fifo|                                                             layer10_out_i_45|       pointer|
|layer10_out_i_45_fifo_cap        |   in|    8|     ap_fifo|                                                             layer10_out_i_45|       pointer|
|layer10_out_i_45_empty_n         |   in|    1|     ap_fifo|                                                             layer10_out_i_45|       pointer|
|layer10_out_i_45_read            |  out|    1|     ap_fifo|                                                             layer10_out_i_45|       pointer|
|layer10_out_i_46_dout            |   in|   19|     ap_fifo|                                                             layer10_out_i_46|       pointer|
|layer10_out_i_46_num_data_valid  |   in|    8|     ap_fifo|                                                             layer10_out_i_46|       pointer|
|layer10_out_i_46_fifo_cap        |   in|    8|     ap_fifo|                                                             layer10_out_i_46|       pointer|
|layer10_out_i_46_empty_n         |   in|    1|     ap_fifo|                                                             layer10_out_i_46|       pointer|
|layer10_out_i_46_read            |  out|    1|     ap_fifo|                                                             layer10_out_i_46|       pointer|
|layer10_out_i_47_dout            |   in|   19|     ap_fifo|                                                             layer10_out_i_47|       pointer|
|layer10_out_i_47_num_data_valid  |   in|    8|     ap_fifo|                                                             layer10_out_i_47|       pointer|
|layer10_out_i_47_fifo_cap        |   in|    8|     ap_fifo|                                                             layer10_out_i_47|       pointer|
|layer10_out_i_47_empty_n         |   in|    1|     ap_fifo|                                                             layer10_out_i_47|       pointer|
|layer10_out_i_47_read            |  out|    1|     ap_fifo|                                                             layer10_out_i_47|       pointer|
|layer10_out_i_48_dout            |   in|   19|     ap_fifo|                                                             layer10_out_i_48|       pointer|
|layer10_out_i_48_num_data_valid  |   in|    8|     ap_fifo|                                                             layer10_out_i_48|       pointer|
|layer10_out_i_48_fifo_cap        |   in|    8|     ap_fifo|                                                             layer10_out_i_48|       pointer|
|layer10_out_i_48_empty_n         |   in|    1|     ap_fifo|                                                             layer10_out_i_48|       pointer|
|layer10_out_i_48_read            |  out|    1|     ap_fifo|                                                             layer10_out_i_48|       pointer|
|layer10_out_i_49_dout            |   in|   19|     ap_fifo|                                                             layer10_out_i_49|       pointer|
|layer10_out_i_49_num_data_valid  |   in|    8|     ap_fifo|                                                             layer10_out_i_49|       pointer|
|layer10_out_i_49_fifo_cap        |   in|    8|     ap_fifo|                                                             layer10_out_i_49|       pointer|
|layer10_out_i_49_empty_n         |   in|    1|     ap_fifo|                                                             layer10_out_i_49|       pointer|
|layer10_out_i_49_read            |  out|    1|     ap_fifo|                                                             layer10_out_i_49|       pointer|
|layer10_out_i_50_dout            |   in|   19|     ap_fifo|                                                             layer10_out_i_50|       pointer|
|layer10_out_i_50_num_data_valid  |   in|    8|     ap_fifo|                                                             layer10_out_i_50|       pointer|
|layer10_out_i_50_fifo_cap        |   in|    8|     ap_fifo|                                                             layer10_out_i_50|       pointer|
|layer10_out_i_50_empty_n         |   in|    1|     ap_fifo|                                                             layer10_out_i_50|       pointer|
|layer10_out_i_50_read            |  out|    1|     ap_fifo|                                                             layer10_out_i_50|       pointer|
|layer10_out_i_51_dout            |   in|   19|     ap_fifo|                                                             layer10_out_i_51|       pointer|
|layer10_out_i_51_num_data_valid  |   in|    8|     ap_fifo|                                                             layer10_out_i_51|       pointer|
|layer10_out_i_51_fifo_cap        |   in|    8|     ap_fifo|                                                             layer10_out_i_51|       pointer|
|layer10_out_i_51_empty_n         |   in|    1|     ap_fifo|                                                             layer10_out_i_51|       pointer|
|layer10_out_i_51_read            |  out|    1|     ap_fifo|                                                             layer10_out_i_51|       pointer|
|layer10_out_i_52_dout            |   in|   19|     ap_fifo|                                                             layer10_out_i_52|       pointer|
|layer10_out_i_52_num_data_valid  |   in|    8|     ap_fifo|                                                             layer10_out_i_52|       pointer|
|layer10_out_i_52_fifo_cap        |   in|    8|     ap_fifo|                                                             layer10_out_i_52|       pointer|
|layer10_out_i_52_empty_n         |   in|    1|     ap_fifo|                                                             layer10_out_i_52|       pointer|
|layer10_out_i_52_read            |  out|    1|     ap_fifo|                                                             layer10_out_i_52|       pointer|
|layer10_out_i_53_dout            |   in|   19|     ap_fifo|                                                             layer10_out_i_53|       pointer|
|layer10_out_i_53_num_data_valid  |   in|    8|     ap_fifo|                                                             layer10_out_i_53|       pointer|
|layer10_out_i_53_fifo_cap        |   in|    8|     ap_fifo|                                                             layer10_out_i_53|       pointer|
|layer10_out_i_53_empty_n         |   in|    1|     ap_fifo|                                                             layer10_out_i_53|       pointer|
|layer10_out_i_53_read            |  out|    1|     ap_fifo|                                                             layer10_out_i_53|       pointer|
|layer10_out_i_54_dout            |   in|   19|     ap_fifo|                                                             layer10_out_i_54|       pointer|
|layer10_out_i_54_num_data_valid  |   in|    8|     ap_fifo|                                                             layer10_out_i_54|       pointer|
|layer10_out_i_54_fifo_cap        |   in|    8|     ap_fifo|                                                             layer10_out_i_54|       pointer|
|layer10_out_i_54_empty_n         |   in|    1|     ap_fifo|                                                             layer10_out_i_54|       pointer|
|layer10_out_i_54_read            |  out|    1|     ap_fifo|                                                             layer10_out_i_54|       pointer|
|layer10_out_i_55_dout            |   in|   19|     ap_fifo|                                                             layer10_out_i_55|       pointer|
|layer10_out_i_55_num_data_valid  |   in|    8|     ap_fifo|                                                             layer10_out_i_55|       pointer|
|layer10_out_i_55_fifo_cap        |   in|    8|     ap_fifo|                                                             layer10_out_i_55|       pointer|
|layer10_out_i_55_empty_n         |   in|    1|     ap_fifo|                                                             layer10_out_i_55|       pointer|
|layer10_out_i_55_read            |  out|    1|     ap_fifo|                                                             layer10_out_i_55|       pointer|
|layer10_out_i_56_dout            |   in|   19|     ap_fifo|                                                             layer10_out_i_56|       pointer|
|layer10_out_i_56_num_data_valid  |   in|    8|     ap_fifo|                                                             layer10_out_i_56|       pointer|
|layer10_out_i_56_fifo_cap        |   in|    8|     ap_fifo|                                                             layer10_out_i_56|       pointer|
|layer10_out_i_56_empty_n         |   in|    1|     ap_fifo|                                                             layer10_out_i_56|       pointer|
|layer10_out_i_56_read            |  out|    1|     ap_fifo|                                                             layer10_out_i_56|       pointer|
|layer10_out_i_57_dout            |   in|   19|     ap_fifo|                                                             layer10_out_i_57|       pointer|
|layer10_out_i_57_num_data_valid  |   in|    8|     ap_fifo|                                                             layer10_out_i_57|       pointer|
|layer10_out_i_57_fifo_cap        |   in|    8|     ap_fifo|                                                             layer10_out_i_57|       pointer|
|layer10_out_i_57_empty_n         |   in|    1|     ap_fifo|                                                             layer10_out_i_57|       pointer|
|layer10_out_i_57_read            |  out|    1|     ap_fifo|                                                             layer10_out_i_57|       pointer|
|layer10_out_i_58_dout            |   in|   19|     ap_fifo|                                                             layer10_out_i_58|       pointer|
|layer10_out_i_58_num_data_valid  |   in|    8|     ap_fifo|                                                             layer10_out_i_58|       pointer|
|layer10_out_i_58_fifo_cap        |   in|    8|     ap_fifo|                                                             layer10_out_i_58|       pointer|
|layer10_out_i_58_empty_n         |   in|    1|     ap_fifo|                                                             layer10_out_i_58|       pointer|
|layer10_out_i_58_read            |  out|    1|     ap_fifo|                                                             layer10_out_i_58|       pointer|
|layer10_out_i_59_dout            |   in|   19|     ap_fifo|                                                             layer10_out_i_59|       pointer|
|layer10_out_i_59_num_data_valid  |   in|    8|     ap_fifo|                                                             layer10_out_i_59|       pointer|
|layer10_out_i_59_fifo_cap        |   in|    8|     ap_fifo|                                                             layer10_out_i_59|       pointer|
|layer10_out_i_59_empty_n         |   in|    1|     ap_fifo|                                                             layer10_out_i_59|       pointer|
|layer10_out_i_59_read            |  out|    1|     ap_fifo|                                                             layer10_out_i_59|       pointer|
|layer10_out_i_60_dout            |   in|   19|     ap_fifo|                                                             layer10_out_i_60|       pointer|
|layer10_out_i_60_num_data_valid  |   in|    8|     ap_fifo|                                                             layer10_out_i_60|       pointer|
|layer10_out_i_60_fifo_cap        |   in|    8|     ap_fifo|                                                             layer10_out_i_60|       pointer|
|layer10_out_i_60_empty_n         |   in|    1|     ap_fifo|                                                             layer10_out_i_60|       pointer|
|layer10_out_i_60_read            |  out|    1|     ap_fifo|                                                             layer10_out_i_60|       pointer|
|layer10_out_i_61_dout            |   in|   19|     ap_fifo|                                                             layer10_out_i_61|       pointer|
|layer10_out_i_61_num_data_valid  |   in|    8|     ap_fifo|                                                             layer10_out_i_61|       pointer|
|layer10_out_i_61_fifo_cap        |   in|    8|     ap_fifo|                                                             layer10_out_i_61|       pointer|
|layer10_out_i_61_empty_n         |   in|    1|     ap_fifo|                                                             layer10_out_i_61|       pointer|
|layer10_out_i_61_read            |  out|    1|     ap_fifo|                                                             layer10_out_i_61|       pointer|
|layer10_out_i_62_dout            |   in|   19|     ap_fifo|                                                             layer10_out_i_62|       pointer|
|layer10_out_i_62_num_data_valid  |   in|    8|     ap_fifo|                                                             layer10_out_i_62|       pointer|
|layer10_out_i_62_fifo_cap        |   in|    8|     ap_fifo|                                                             layer10_out_i_62|       pointer|
|layer10_out_i_62_empty_n         |   in|    1|     ap_fifo|                                                             layer10_out_i_62|       pointer|
|layer10_out_i_62_read            |  out|    1|     ap_fifo|                                                             layer10_out_i_62|       pointer|
|layer10_out_i_63_dout            |   in|   19|     ap_fifo|                                                             layer10_out_i_63|       pointer|
|layer10_out_i_63_num_data_valid  |   in|    8|     ap_fifo|                                                             layer10_out_i_63|       pointer|
|layer10_out_i_63_fifo_cap        |   in|    8|     ap_fifo|                                                             layer10_out_i_63|       pointer|
|layer10_out_i_63_empty_n         |   in|    1|     ap_fifo|                                                             layer10_out_i_63|       pointer|
|layer10_out_i_63_read            |  out|    1|     ap_fifo|                                                             layer10_out_i_63|       pointer|
|layer11_out_i_0_din              |  out|   16|     ap_fifo|                                                              layer11_out_i_0|       pointer|
|layer11_out_i_0_num_data_valid   |   in|    8|     ap_fifo|                                                              layer11_out_i_0|       pointer|
|layer11_out_i_0_fifo_cap         |   in|    8|     ap_fifo|                                                              layer11_out_i_0|       pointer|
|layer11_out_i_0_full_n           |   in|    1|     ap_fifo|                                                              layer11_out_i_0|       pointer|
|layer11_out_i_0_write            |  out|    1|     ap_fifo|                                                              layer11_out_i_0|       pointer|
|layer11_out_i_1_din              |  out|   16|     ap_fifo|                                                              layer11_out_i_1|       pointer|
|layer11_out_i_1_num_data_valid   |   in|    8|     ap_fifo|                                                              layer11_out_i_1|       pointer|
|layer11_out_i_1_fifo_cap         |   in|    8|     ap_fifo|                                                              layer11_out_i_1|       pointer|
|layer11_out_i_1_full_n           |   in|    1|     ap_fifo|                                                              layer11_out_i_1|       pointer|
|layer11_out_i_1_write            |  out|    1|     ap_fifo|                                                              layer11_out_i_1|       pointer|
|layer11_out_i_2_din              |  out|   16|     ap_fifo|                                                              layer11_out_i_2|       pointer|
|layer11_out_i_2_num_data_valid   |   in|    8|     ap_fifo|                                                              layer11_out_i_2|       pointer|
|layer11_out_i_2_fifo_cap         |   in|    8|     ap_fifo|                                                              layer11_out_i_2|       pointer|
|layer11_out_i_2_full_n           |   in|    1|     ap_fifo|                                                              layer11_out_i_2|       pointer|
|layer11_out_i_2_write            |  out|    1|     ap_fifo|                                                              layer11_out_i_2|       pointer|
|layer11_out_i_3_din              |  out|   16|     ap_fifo|                                                              layer11_out_i_3|       pointer|
|layer11_out_i_3_num_data_valid   |   in|    8|     ap_fifo|                                                              layer11_out_i_3|       pointer|
|layer11_out_i_3_fifo_cap         |   in|    8|     ap_fifo|                                                              layer11_out_i_3|       pointer|
|layer11_out_i_3_full_n           |   in|    1|     ap_fifo|                                                              layer11_out_i_3|       pointer|
|layer11_out_i_3_write            |  out|    1|     ap_fifo|                                                              layer11_out_i_3|       pointer|
|layer11_out_i_4_din              |  out|   16|     ap_fifo|                                                              layer11_out_i_4|       pointer|
|layer11_out_i_4_num_data_valid   |   in|    8|     ap_fifo|                                                              layer11_out_i_4|       pointer|
|layer11_out_i_4_fifo_cap         |   in|    8|     ap_fifo|                                                              layer11_out_i_4|       pointer|
|layer11_out_i_4_full_n           |   in|    1|     ap_fifo|                                                              layer11_out_i_4|       pointer|
|layer11_out_i_4_write            |  out|    1|     ap_fifo|                                                              layer11_out_i_4|       pointer|
|layer11_out_i_5_din              |  out|   16|     ap_fifo|                                                              layer11_out_i_5|       pointer|
|layer11_out_i_5_num_data_valid   |   in|    8|     ap_fifo|                                                              layer11_out_i_5|       pointer|
|layer11_out_i_5_fifo_cap         |   in|    8|     ap_fifo|                                                              layer11_out_i_5|       pointer|
|layer11_out_i_5_full_n           |   in|    1|     ap_fifo|                                                              layer11_out_i_5|       pointer|
|layer11_out_i_5_write            |  out|    1|     ap_fifo|                                                              layer11_out_i_5|       pointer|
|layer11_out_i_6_din              |  out|   16|     ap_fifo|                                                              layer11_out_i_6|       pointer|
|layer11_out_i_6_num_data_valid   |   in|    8|     ap_fifo|                                                              layer11_out_i_6|       pointer|
|layer11_out_i_6_fifo_cap         |   in|    8|     ap_fifo|                                                              layer11_out_i_6|       pointer|
|layer11_out_i_6_full_n           |   in|    1|     ap_fifo|                                                              layer11_out_i_6|       pointer|
|layer11_out_i_6_write            |  out|    1|     ap_fifo|                                                              layer11_out_i_6|       pointer|
|layer11_out_i_7_din              |  out|   16|     ap_fifo|                                                              layer11_out_i_7|       pointer|
|layer11_out_i_7_num_data_valid   |   in|    8|     ap_fifo|                                                              layer11_out_i_7|       pointer|
|layer11_out_i_7_fifo_cap         |   in|    8|     ap_fifo|                                                              layer11_out_i_7|       pointer|
|layer11_out_i_7_full_n           |   in|    1|     ap_fifo|                                                              layer11_out_i_7|       pointer|
|layer11_out_i_7_write            |  out|    1|     ap_fifo|                                                              layer11_out_i_7|       pointer|
|layer11_out_i_8_din              |  out|   16|     ap_fifo|                                                              layer11_out_i_8|       pointer|
|layer11_out_i_8_num_data_valid   |   in|    8|     ap_fifo|                                                              layer11_out_i_8|       pointer|
|layer11_out_i_8_fifo_cap         |   in|    8|     ap_fifo|                                                              layer11_out_i_8|       pointer|
|layer11_out_i_8_full_n           |   in|    1|     ap_fifo|                                                              layer11_out_i_8|       pointer|
|layer11_out_i_8_write            |  out|    1|     ap_fifo|                                                              layer11_out_i_8|       pointer|
|layer11_out_i_9_din              |  out|   16|     ap_fifo|                                                              layer11_out_i_9|       pointer|
|layer11_out_i_9_num_data_valid   |   in|    8|     ap_fifo|                                                              layer11_out_i_9|       pointer|
|layer11_out_i_9_fifo_cap         |   in|    8|     ap_fifo|                                                              layer11_out_i_9|       pointer|
|layer11_out_i_9_full_n           |   in|    1|     ap_fifo|                                                              layer11_out_i_9|       pointer|
|layer11_out_i_9_write            |  out|    1|     ap_fifo|                                                              layer11_out_i_9|       pointer|
|layer11_out_i_10_din             |  out|   16|     ap_fifo|                                                             layer11_out_i_10|       pointer|
|layer11_out_i_10_num_data_valid  |   in|    8|     ap_fifo|                                                             layer11_out_i_10|       pointer|
|layer11_out_i_10_fifo_cap        |   in|    8|     ap_fifo|                                                             layer11_out_i_10|       pointer|
|layer11_out_i_10_full_n          |   in|    1|     ap_fifo|                                                             layer11_out_i_10|       pointer|
|layer11_out_i_10_write           |  out|    1|     ap_fifo|                                                             layer11_out_i_10|       pointer|
|layer11_out_i_11_din             |  out|   16|     ap_fifo|                                                             layer11_out_i_11|       pointer|
|layer11_out_i_11_num_data_valid  |   in|    8|     ap_fifo|                                                             layer11_out_i_11|       pointer|
|layer11_out_i_11_fifo_cap        |   in|    8|     ap_fifo|                                                             layer11_out_i_11|       pointer|
|layer11_out_i_11_full_n          |   in|    1|     ap_fifo|                                                             layer11_out_i_11|       pointer|
|layer11_out_i_11_write           |  out|    1|     ap_fifo|                                                             layer11_out_i_11|       pointer|
|layer11_out_i_12_din             |  out|   16|     ap_fifo|                                                             layer11_out_i_12|       pointer|
|layer11_out_i_12_num_data_valid  |   in|    8|     ap_fifo|                                                             layer11_out_i_12|       pointer|
|layer11_out_i_12_fifo_cap        |   in|    8|     ap_fifo|                                                             layer11_out_i_12|       pointer|
|layer11_out_i_12_full_n          |   in|    1|     ap_fifo|                                                             layer11_out_i_12|       pointer|
|layer11_out_i_12_write           |  out|    1|     ap_fifo|                                                             layer11_out_i_12|       pointer|
|layer11_out_i_13_din             |  out|   16|     ap_fifo|                                                             layer11_out_i_13|       pointer|
|layer11_out_i_13_num_data_valid  |   in|    8|     ap_fifo|                                                             layer11_out_i_13|       pointer|
|layer11_out_i_13_fifo_cap        |   in|    8|     ap_fifo|                                                             layer11_out_i_13|       pointer|
|layer11_out_i_13_full_n          |   in|    1|     ap_fifo|                                                             layer11_out_i_13|       pointer|
|layer11_out_i_13_write           |  out|    1|     ap_fifo|                                                             layer11_out_i_13|       pointer|
|layer11_out_i_14_din             |  out|   16|     ap_fifo|                                                             layer11_out_i_14|       pointer|
|layer11_out_i_14_num_data_valid  |   in|    8|     ap_fifo|                                                             layer11_out_i_14|       pointer|
|layer11_out_i_14_fifo_cap        |   in|    8|     ap_fifo|                                                             layer11_out_i_14|       pointer|
|layer11_out_i_14_full_n          |   in|    1|     ap_fifo|                                                             layer11_out_i_14|       pointer|
|layer11_out_i_14_write           |  out|    1|     ap_fifo|                                                             layer11_out_i_14|       pointer|
|layer11_out_i_15_din             |  out|   16|     ap_fifo|                                                             layer11_out_i_15|       pointer|
|layer11_out_i_15_num_data_valid  |   in|    8|     ap_fifo|                                                             layer11_out_i_15|       pointer|
|layer11_out_i_15_fifo_cap        |   in|    8|     ap_fifo|                                                             layer11_out_i_15|       pointer|
|layer11_out_i_15_full_n          |   in|    1|     ap_fifo|                                                             layer11_out_i_15|       pointer|
|layer11_out_i_15_write           |  out|    1|     ap_fifo|                                                             layer11_out_i_15|       pointer|
|layer11_out_i_16_din             |  out|   16|     ap_fifo|                                                             layer11_out_i_16|       pointer|
|layer11_out_i_16_num_data_valid  |   in|    8|     ap_fifo|                                                             layer11_out_i_16|       pointer|
|layer11_out_i_16_fifo_cap        |   in|    8|     ap_fifo|                                                             layer11_out_i_16|       pointer|
|layer11_out_i_16_full_n          |   in|    1|     ap_fifo|                                                             layer11_out_i_16|       pointer|
|layer11_out_i_16_write           |  out|    1|     ap_fifo|                                                             layer11_out_i_16|       pointer|
|layer11_out_i_17_din             |  out|   16|     ap_fifo|                                                             layer11_out_i_17|       pointer|
|layer11_out_i_17_num_data_valid  |   in|    8|     ap_fifo|                                                             layer11_out_i_17|       pointer|
|layer11_out_i_17_fifo_cap        |   in|    8|     ap_fifo|                                                             layer11_out_i_17|       pointer|
|layer11_out_i_17_full_n          |   in|    1|     ap_fifo|                                                             layer11_out_i_17|       pointer|
|layer11_out_i_17_write           |  out|    1|     ap_fifo|                                                             layer11_out_i_17|       pointer|
|layer11_out_i_18_din             |  out|   16|     ap_fifo|                                                             layer11_out_i_18|       pointer|
|layer11_out_i_18_num_data_valid  |   in|    8|     ap_fifo|                                                             layer11_out_i_18|       pointer|
|layer11_out_i_18_fifo_cap        |   in|    8|     ap_fifo|                                                             layer11_out_i_18|       pointer|
|layer11_out_i_18_full_n          |   in|    1|     ap_fifo|                                                             layer11_out_i_18|       pointer|
|layer11_out_i_18_write           |  out|    1|     ap_fifo|                                                             layer11_out_i_18|       pointer|
|layer11_out_i_19_din             |  out|   16|     ap_fifo|                                                             layer11_out_i_19|       pointer|
|layer11_out_i_19_num_data_valid  |   in|    8|     ap_fifo|                                                             layer11_out_i_19|       pointer|
|layer11_out_i_19_fifo_cap        |   in|    8|     ap_fifo|                                                             layer11_out_i_19|       pointer|
|layer11_out_i_19_full_n          |   in|    1|     ap_fifo|                                                             layer11_out_i_19|       pointer|
|layer11_out_i_19_write           |  out|    1|     ap_fifo|                                                             layer11_out_i_19|       pointer|
|layer11_out_i_20_din             |  out|   16|     ap_fifo|                                                             layer11_out_i_20|       pointer|
|layer11_out_i_20_num_data_valid  |   in|    8|     ap_fifo|                                                             layer11_out_i_20|       pointer|
|layer11_out_i_20_fifo_cap        |   in|    8|     ap_fifo|                                                             layer11_out_i_20|       pointer|
|layer11_out_i_20_full_n          |   in|    1|     ap_fifo|                                                             layer11_out_i_20|       pointer|
|layer11_out_i_20_write           |  out|    1|     ap_fifo|                                                             layer11_out_i_20|       pointer|
|layer11_out_i_21_din             |  out|   16|     ap_fifo|                                                             layer11_out_i_21|       pointer|
|layer11_out_i_21_num_data_valid  |   in|    8|     ap_fifo|                                                             layer11_out_i_21|       pointer|
|layer11_out_i_21_fifo_cap        |   in|    8|     ap_fifo|                                                             layer11_out_i_21|       pointer|
|layer11_out_i_21_full_n          |   in|    1|     ap_fifo|                                                             layer11_out_i_21|       pointer|
|layer11_out_i_21_write           |  out|    1|     ap_fifo|                                                             layer11_out_i_21|       pointer|
|layer11_out_i_22_din             |  out|   16|     ap_fifo|                                                             layer11_out_i_22|       pointer|
|layer11_out_i_22_num_data_valid  |   in|    8|     ap_fifo|                                                             layer11_out_i_22|       pointer|
|layer11_out_i_22_fifo_cap        |   in|    8|     ap_fifo|                                                             layer11_out_i_22|       pointer|
|layer11_out_i_22_full_n          |   in|    1|     ap_fifo|                                                             layer11_out_i_22|       pointer|
|layer11_out_i_22_write           |  out|    1|     ap_fifo|                                                             layer11_out_i_22|       pointer|
|layer11_out_i_23_din             |  out|   16|     ap_fifo|                                                             layer11_out_i_23|       pointer|
|layer11_out_i_23_num_data_valid  |   in|    8|     ap_fifo|                                                             layer11_out_i_23|       pointer|
|layer11_out_i_23_fifo_cap        |   in|    8|     ap_fifo|                                                             layer11_out_i_23|       pointer|
|layer11_out_i_23_full_n          |   in|    1|     ap_fifo|                                                             layer11_out_i_23|       pointer|
|layer11_out_i_23_write           |  out|    1|     ap_fifo|                                                             layer11_out_i_23|       pointer|
|layer11_out_i_24_din             |  out|   16|     ap_fifo|                                                             layer11_out_i_24|       pointer|
|layer11_out_i_24_num_data_valid  |   in|    8|     ap_fifo|                                                             layer11_out_i_24|       pointer|
|layer11_out_i_24_fifo_cap        |   in|    8|     ap_fifo|                                                             layer11_out_i_24|       pointer|
|layer11_out_i_24_full_n          |   in|    1|     ap_fifo|                                                             layer11_out_i_24|       pointer|
|layer11_out_i_24_write           |  out|    1|     ap_fifo|                                                             layer11_out_i_24|       pointer|
|layer11_out_i_25_din             |  out|   16|     ap_fifo|                                                             layer11_out_i_25|       pointer|
|layer11_out_i_25_num_data_valid  |   in|    8|     ap_fifo|                                                             layer11_out_i_25|       pointer|
|layer11_out_i_25_fifo_cap        |   in|    8|     ap_fifo|                                                             layer11_out_i_25|       pointer|
|layer11_out_i_25_full_n          |   in|    1|     ap_fifo|                                                             layer11_out_i_25|       pointer|
|layer11_out_i_25_write           |  out|    1|     ap_fifo|                                                             layer11_out_i_25|       pointer|
|layer11_out_i_26_din             |  out|   16|     ap_fifo|                                                             layer11_out_i_26|       pointer|
|layer11_out_i_26_num_data_valid  |   in|    8|     ap_fifo|                                                             layer11_out_i_26|       pointer|
|layer11_out_i_26_fifo_cap        |   in|    8|     ap_fifo|                                                             layer11_out_i_26|       pointer|
|layer11_out_i_26_full_n          |   in|    1|     ap_fifo|                                                             layer11_out_i_26|       pointer|
|layer11_out_i_26_write           |  out|    1|     ap_fifo|                                                             layer11_out_i_26|       pointer|
|layer11_out_i_27_din             |  out|   16|     ap_fifo|                                                             layer11_out_i_27|       pointer|
|layer11_out_i_27_num_data_valid  |   in|    8|     ap_fifo|                                                             layer11_out_i_27|       pointer|
|layer11_out_i_27_fifo_cap        |   in|    8|     ap_fifo|                                                             layer11_out_i_27|       pointer|
|layer11_out_i_27_full_n          |   in|    1|     ap_fifo|                                                             layer11_out_i_27|       pointer|
|layer11_out_i_27_write           |  out|    1|     ap_fifo|                                                             layer11_out_i_27|       pointer|
|layer11_out_i_28_din             |  out|   16|     ap_fifo|                                                             layer11_out_i_28|       pointer|
|layer11_out_i_28_num_data_valid  |   in|    8|     ap_fifo|                                                             layer11_out_i_28|       pointer|
|layer11_out_i_28_fifo_cap        |   in|    8|     ap_fifo|                                                             layer11_out_i_28|       pointer|
|layer11_out_i_28_full_n          |   in|    1|     ap_fifo|                                                             layer11_out_i_28|       pointer|
|layer11_out_i_28_write           |  out|    1|     ap_fifo|                                                             layer11_out_i_28|       pointer|
|layer11_out_i_29_din             |  out|   16|     ap_fifo|                                                             layer11_out_i_29|       pointer|
|layer11_out_i_29_num_data_valid  |   in|    8|     ap_fifo|                                                             layer11_out_i_29|       pointer|
|layer11_out_i_29_fifo_cap        |   in|    8|     ap_fifo|                                                             layer11_out_i_29|       pointer|
|layer11_out_i_29_full_n          |   in|    1|     ap_fifo|                                                             layer11_out_i_29|       pointer|
|layer11_out_i_29_write           |  out|    1|     ap_fifo|                                                             layer11_out_i_29|       pointer|
|layer11_out_i_30_din             |  out|   16|     ap_fifo|                                                             layer11_out_i_30|       pointer|
|layer11_out_i_30_num_data_valid  |   in|    8|     ap_fifo|                                                             layer11_out_i_30|       pointer|
|layer11_out_i_30_fifo_cap        |   in|    8|     ap_fifo|                                                             layer11_out_i_30|       pointer|
|layer11_out_i_30_full_n          |   in|    1|     ap_fifo|                                                             layer11_out_i_30|       pointer|
|layer11_out_i_30_write           |  out|    1|     ap_fifo|                                                             layer11_out_i_30|       pointer|
|layer11_out_i_31_din             |  out|   16|     ap_fifo|                                                             layer11_out_i_31|       pointer|
|layer11_out_i_31_num_data_valid  |   in|    8|     ap_fifo|                                                             layer11_out_i_31|       pointer|
|layer11_out_i_31_fifo_cap        |   in|    8|     ap_fifo|                                                             layer11_out_i_31|       pointer|
|layer11_out_i_31_full_n          |   in|    1|     ap_fifo|                                                             layer11_out_i_31|       pointer|
|layer11_out_i_31_write           |  out|    1|     ap_fifo|                                                             layer11_out_i_31|       pointer|
|layer11_out_i_32_din             |  out|   16|     ap_fifo|                                                             layer11_out_i_32|       pointer|
|layer11_out_i_32_num_data_valid  |   in|    8|     ap_fifo|                                                             layer11_out_i_32|       pointer|
|layer11_out_i_32_fifo_cap        |   in|    8|     ap_fifo|                                                             layer11_out_i_32|       pointer|
|layer11_out_i_32_full_n          |   in|    1|     ap_fifo|                                                             layer11_out_i_32|       pointer|
|layer11_out_i_32_write           |  out|    1|     ap_fifo|                                                             layer11_out_i_32|       pointer|
|layer11_out_i_33_din             |  out|   16|     ap_fifo|                                                             layer11_out_i_33|       pointer|
|layer11_out_i_33_num_data_valid  |   in|    8|     ap_fifo|                                                             layer11_out_i_33|       pointer|
|layer11_out_i_33_fifo_cap        |   in|    8|     ap_fifo|                                                             layer11_out_i_33|       pointer|
|layer11_out_i_33_full_n          |   in|    1|     ap_fifo|                                                             layer11_out_i_33|       pointer|
|layer11_out_i_33_write           |  out|    1|     ap_fifo|                                                             layer11_out_i_33|       pointer|
|layer11_out_i_34_din             |  out|   16|     ap_fifo|                                                             layer11_out_i_34|       pointer|
|layer11_out_i_34_num_data_valid  |   in|    8|     ap_fifo|                                                             layer11_out_i_34|       pointer|
|layer11_out_i_34_fifo_cap        |   in|    8|     ap_fifo|                                                             layer11_out_i_34|       pointer|
|layer11_out_i_34_full_n          |   in|    1|     ap_fifo|                                                             layer11_out_i_34|       pointer|
|layer11_out_i_34_write           |  out|    1|     ap_fifo|                                                             layer11_out_i_34|       pointer|
|layer11_out_i_35_din             |  out|   16|     ap_fifo|                                                             layer11_out_i_35|       pointer|
|layer11_out_i_35_num_data_valid  |   in|    8|     ap_fifo|                                                             layer11_out_i_35|       pointer|
|layer11_out_i_35_fifo_cap        |   in|    8|     ap_fifo|                                                             layer11_out_i_35|       pointer|
|layer11_out_i_35_full_n          |   in|    1|     ap_fifo|                                                             layer11_out_i_35|       pointer|
|layer11_out_i_35_write           |  out|    1|     ap_fifo|                                                             layer11_out_i_35|       pointer|
|layer11_out_i_36_din             |  out|   16|     ap_fifo|                                                             layer11_out_i_36|       pointer|
|layer11_out_i_36_num_data_valid  |   in|    8|     ap_fifo|                                                             layer11_out_i_36|       pointer|
|layer11_out_i_36_fifo_cap        |   in|    8|     ap_fifo|                                                             layer11_out_i_36|       pointer|
|layer11_out_i_36_full_n          |   in|    1|     ap_fifo|                                                             layer11_out_i_36|       pointer|
|layer11_out_i_36_write           |  out|    1|     ap_fifo|                                                             layer11_out_i_36|       pointer|
|layer11_out_i_37_din             |  out|   16|     ap_fifo|                                                             layer11_out_i_37|       pointer|
|layer11_out_i_37_num_data_valid  |   in|    8|     ap_fifo|                                                             layer11_out_i_37|       pointer|
|layer11_out_i_37_fifo_cap        |   in|    8|     ap_fifo|                                                             layer11_out_i_37|       pointer|
|layer11_out_i_37_full_n          |   in|    1|     ap_fifo|                                                             layer11_out_i_37|       pointer|
|layer11_out_i_37_write           |  out|    1|     ap_fifo|                                                             layer11_out_i_37|       pointer|
|layer11_out_i_38_din             |  out|   16|     ap_fifo|                                                             layer11_out_i_38|       pointer|
|layer11_out_i_38_num_data_valid  |   in|    8|     ap_fifo|                                                             layer11_out_i_38|       pointer|
|layer11_out_i_38_fifo_cap        |   in|    8|     ap_fifo|                                                             layer11_out_i_38|       pointer|
|layer11_out_i_38_full_n          |   in|    1|     ap_fifo|                                                             layer11_out_i_38|       pointer|
|layer11_out_i_38_write           |  out|    1|     ap_fifo|                                                             layer11_out_i_38|       pointer|
|layer11_out_i_39_din             |  out|   16|     ap_fifo|                                                             layer11_out_i_39|       pointer|
|layer11_out_i_39_num_data_valid  |   in|    8|     ap_fifo|                                                             layer11_out_i_39|       pointer|
|layer11_out_i_39_fifo_cap        |   in|    8|     ap_fifo|                                                             layer11_out_i_39|       pointer|
|layer11_out_i_39_full_n          |   in|    1|     ap_fifo|                                                             layer11_out_i_39|       pointer|
|layer11_out_i_39_write           |  out|    1|     ap_fifo|                                                             layer11_out_i_39|       pointer|
|layer11_out_i_40_din             |  out|   16|     ap_fifo|                                                             layer11_out_i_40|       pointer|
|layer11_out_i_40_num_data_valid  |   in|    8|     ap_fifo|                                                             layer11_out_i_40|       pointer|
|layer11_out_i_40_fifo_cap        |   in|    8|     ap_fifo|                                                             layer11_out_i_40|       pointer|
|layer11_out_i_40_full_n          |   in|    1|     ap_fifo|                                                             layer11_out_i_40|       pointer|
|layer11_out_i_40_write           |  out|    1|     ap_fifo|                                                             layer11_out_i_40|       pointer|
|layer11_out_i_41_din             |  out|   16|     ap_fifo|                                                             layer11_out_i_41|       pointer|
|layer11_out_i_41_num_data_valid  |   in|    8|     ap_fifo|                                                             layer11_out_i_41|       pointer|
|layer11_out_i_41_fifo_cap        |   in|    8|     ap_fifo|                                                             layer11_out_i_41|       pointer|
|layer11_out_i_41_full_n          |   in|    1|     ap_fifo|                                                             layer11_out_i_41|       pointer|
|layer11_out_i_41_write           |  out|    1|     ap_fifo|                                                             layer11_out_i_41|       pointer|
|layer11_out_i_42_din             |  out|   16|     ap_fifo|                                                             layer11_out_i_42|       pointer|
|layer11_out_i_42_num_data_valid  |   in|    8|     ap_fifo|                                                             layer11_out_i_42|       pointer|
|layer11_out_i_42_fifo_cap        |   in|    8|     ap_fifo|                                                             layer11_out_i_42|       pointer|
|layer11_out_i_42_full_n          |   in|    1|     ap_fifo|                                                             layer11_out_i_42|       pointer|
|layer11_out_i_42_write           |  out|    1|     ap_fifo|                                                             layer11_out_i_42|       pointer|
|layer11_out_i_43_din             |  out|   16|     ap_fifo|                                                             layer11_out_i_43|       pointer|
|layer11_out_i_43_num_data_valid  |   in|    8|     ap_fifo|                                                             layer11_out_i_43|       pointer|
|layer11_out_i_43_fifo_cap        |   in|    8|     ap_fifo|                                                             layer11_out_i_43|       pointer|
|layer11_out_i_43_full_n          |   in|    1|     ap_fifo|                                                             layer11_out_i_43|       pointer|
|layer11_out_i_43_write           |  out|    1|     ap_fifo|                                                             layer11_out_i_43|       pointer|
|layer11_out_i_44_din             |  out|   16|     ap_fifo|                                                             layer11_out_i_44|       pointer|
|layer11_out_i_44_num_data_valid  |   in|    8|     ap_fifo|                                                             layer11_out_i_44|       pointer|
|layer11_out_i_44_fifo_cap        |   in|    8|     ap_fifo|                                                             layer11_out_i_44|       pointer|
|layer11_out_i_44_full_n          |   in|    1|     ap_fifo|                                                             layer11_out_i_44|       pointer|
|layer11_out_i_44_write           |  out|    1|     ap_fifo|                                                             layer11_out_i_44|       pointer|
|layer11_out_i_45_din             |  out|   16|     ap_fifo|                                                             layer11_out_i_45|       pointer|
|layer11_out_i_45_num_data_valid  |   in|    8|     ap_fifo|                                                             layer11_out_i_45|       pointer|
|layer11_out_i_45_fifo_cap        |   in|    8|     ap_fifo|                                                             layer11_out_i_45|       pointer|
|layer11_out_i_45_full_n          |   in|    1|     ap_fifo|                                                             layer11_out_i_45|       pointer|
|layer11_out_i_45_write           |  out|    1|     ap_fifo|                                                             layer11_out_i_45|       pointer|
|layer11_out_i_46_din             |  out|   16|     ap_fifo|                                                             layer11_out_i_46|       pointer|
|layer11_out_i_46_num_data_valid  |   in|    8|     ap_fifo|                                                             layer11_out_i_46|       pointer|
|layer11_out_i_46_fifo_cap        |   in|    8|     ap_fifo|                                                             layer11_out_i_46|       pointer|
|layer11_out_i_46_full_n          |   in|    1|     ap_fifo|                                                             layer11_out_i_46|       pointer|
|layer11_out_i_46_write           |  out|    1|     ap_fifo|                                                             layer11_out_i_46|       pointer|
|layer11_out_i_47_din             |  out|   16|     ap_fifo|                                                             layer11_out_i_47|       pointer|
|layer11_out_i_47_num_data_valid  |   in|    8|     ap_fifo|                                                             layer11_out_i_47|       pointer|
|layer11_out_i_47_fifo_cap        |   in|    8|     ap_fifo|                                                             layer11_out_i_47|       pointer|
|layer11_out_i_47_full_n          |   in|    1|     ap_fifo|                                                             layer11_out_i_47|       pointer|
|layer11_out_i_47_write           |  out|    1|     ap_fifo|                                                             layer11_out_i_47|       pointer|
|layer11_out_i_48_din             |  out|   16|     ap_fifo|                                                             layer11_out_i_48|       pointer|
|layer11_out_i_48_num_data_valid  |   in|    8|     ap_fifo|                                                             layer11_out_i_48|       pointer|
|layer11_out_i_48_fifo_cap        |   in|    8|     ap_fifo|                                                             layer11_out_i_48|       pointer|
|layer11_out_i_48_full_n          |   in|    1|     ap_fifo|                                                             layer11_out_i_48|       pointer|
|layer11_out_i_48_write           |  out|    1|     ap_fifo|                                                             layer11_out_i_48|       pointer|
|layer11_out_i_49_din             |  out|   16|     ap_fifo|                                                             layer11_out_i_49|       pointer|
|layer11_out_i_49_num_data_valid  |   in|    8|     ap_fifo|                                                             layer11_out_i_49|       pointer|
|layer11_out_i_49_fifo_cap        |   in|    8|     ap_fifo|                                                             layer11_out_i_49|       pointer|
|layer11_out_i_49_full_n          |   in|    1|     ap_fifo|                                                             layer11_out_i_49|       pointer|
|layer11_out_i_49_write           |  out|    1|     ap_fifo|                                                             layer11_out_i_49|       pointer|
|layer11_out_i_50_din             |  out|   16|     ap_fifo|                                                             layer11_out_i_50|       pointer|
|layer11_out_i_50_num_data_valid  |   in|    8|     ap_fifo|                                                             layer11_out_i_50|       pointer|
|layer11_out_i_50_fifo_cap        |   in|    8|     ap_fifo|                                                             layer11_out_i_50|       pointer|
|layer11_out_i_50_full_n          |   in|    1|     ap_fifo|                                                             layer11_out_i_50|       pointer|
|layer11_out_i_50_write           |  out|    1|     ap_fifo|                                                             layer11_out_i_50|       pointer|
|layer11_out_i_51_din             |  out|   16|     ap_fifo|                                                             layer11_out_i_51|       pointer|
|layer11_out_i_51_num_data_valid  |   in|    8|     ap_fifo|                                                             layer11_out_i_51|       pointer|
|layer11_out_i_51_fifo_cap        |   in|    8|     ap_fifo|                                                             layer11_out_i_51|       pointer|
|layer11_out_i_51_full_n          |   in|    1|     ap_fifo|                                                             layer11_out_i_51|       pointer|
|layer11_out_i_51_write           |  out|    1|     ap_fifo|                                                             layer11_out_i_51|       pointer|
|layer11_out_i_52_din             |  out|   16|     ap_fifo|                                                             layer11_out_i_52|       pointer|
|layer11_out_i_52_num_data_valid  |   in|    8|     ap_fifo|                                                             layer11_out_i_52|       pointer|
|layer11_out_i_52_fifo_cap        |   in|    8|     ap_fifo|                                                             layer11_out_i_52|       pointer|
|layer11_out_i_52_full_n          |   in|    1|     ap_fifo|                                                             layer11_out_i_52|       pointer|
|layer11_out_i_52_write           |  out|    1|     ap_fifo|                                                             layer11_out_i_52|       pointer|
|layer11_out_i_53_din             |  out|   16|     ap_fifo|                                                             layer11_out_i_53|       pointer|
|layer11_out_i_53_num_data_valid  |   in|    8|     ap_fifo|                                                             layer11_out_i_53|       pointer|
|layer11_out_i_53_fifo_cap        |   in|    8|     ap_fifo|                                                             layer11_out_i_53|       pointer|
|layer11_out_i_53_full_n          |   in|    1|     ap_fifo|                                                             layer11_out_i_53|       pointer|
|layer11_out_i_53_write           |  out|    1|     ap_fifo|                                                             layer11_out_i_53|       pointer|
|layer11_out_i_54_din             |  out|   16|     ap_fifo|                                                             layer11_out_i_54|       pointer|
|layer11_out_i_54_num_data_valid  |   in|    8|     ap_fifo|                                                             layer11_out_i_54|       pointer|
|layer11_out_i_54_fifo_cap        |   in|    8|     ap_fifo|                                                             layer11_out_i_54|       pointer|
|layer11_out_i_54_full_n          |   in|    1|     ap_fifo|                                                             layer11_out_i_54|       pointer|
|layer11_out_i_54_write           |  out|    1|     ap_fifo|                                                             layer11_out_i_54|       pointer|
|layer11_out_i_55_din             |  out|   16|     ap_fifo|                                                             layer11_out_i_55|       pointer|
|layer11_out_i_55_num_data_valid  |   in|    8|     ap_fifo|                                                             layer11_out_i_55|       pointer|
|layer11_out_i_55_fifo_cap        |   in|    8|     ap_fifo|                                                             layer11_out_i_55|       pointer|
|layer11_out_i_55_full_n          |   in|    1|     ap_fifo|                                                             layer11_out_i_55|       pointer|
|layer11_out_i_55_write           |  out|    1|     ap_fifo|                                                             layer11_out_i_55|       pointer|
|layer11_out_i_56_din             |  out|   16|     ap_fifo|                                                             layer11_out_i_56|       pointer|
|layer11_out_i_56_num_data_valid  |   in|    8|     ap_fifo|                                                             layer11_out_i_56|       pointer|
|layer11_out_i_56_fifo_cap        |   in|    8|     ap_fifo|                                                             layer11_out_i_56|       pointer|
|layer11_out_i_56_full_n          |   in|    1|     ap_fifo|                                                             layer11_out_i_56|       pointer|
|layer11_out_i_56_write           |  out|    1|     ap_fifo|                                                             layer11_out_i_56|       pointer|
|layer11_out_i_57_din             |  out|   16|     ap_fifo|                                                             layer11_out_i_57|       pointer|
|layer11_out_i_57_num_data_valid  |   in|    8|     ap_fifo|                                                             layer11_out_i_57|       pointer|
|layer11_out_i_57_fifo_cap        |   in|    8|     ap_fifo|                                                             layer11_out_i_57|       pointer|
|layer11_out_i_57_full_n          |   in|    1|     ap_fifo|                                                             layer11_out_i_57|       pointer|
|layer11_out_i_57_write           |  out|    1|     ap_fifo|                                                             layer11_out_i_57|       pointer|
|layer11_out_i_58_din             |  out|   16|     ap_fifo|                                                             layer11_out_i_58|       pointer|
|layer11_out_i_58_num_data_valid  |   in|    8|     ap_fifo|                                                             layer11_out_i_58|       pointer|
|layer11_out_i_58_fifo_cap        |   in|    8|     ap_fifo|                                                             layer11_out_i_58|       pointer|
|layer11_out_i_58_full_n          |   in|    1|     ap_fifo|                                                             layer11_out_i_58|       pointer|
|layer11_out_i_58_write           |  out|    1|     ap_fifo|                                                             layer11_out_i_58|       pointer|
|layer11_out_i_59_din             |  out|   16|     ap_fifo|                                                             layer11_out_i_59|       pointer|
|layer11_out_i_59_num_data_valid  |   in|    8|     ap_fifo|                                                             layer11_out_i_59|       pointer|
|layer11_out_i_59_fifo_cap        |   in|    8|     ap_fifo|                                                             layer11_out_i_59|       pointer|
|layer11_out_i_59_full_n          |   in|    1|     ap_fifo|                                                             layer11_out_i_59|       pointer|
|layer11_out_i_59_write           |  out|    1|     ap_fifo|                                                             layer11_out_i_59|       pointer|
|layer11_out_i_60_din             |  out|   16|     ap_fifo|                                                             layer11_out_i_60|       pointer|
|layer11_out_i_60_num_data_valid  |   in|    8|     ap_fifo|                                                             layer11_out_i_60|       pointer|
|layer11_out_i_60_fifo_cap        |   in|    8|     ap_fifo|                                                             layer11_out_i_60|       pointer|
|layer11_out_i_60_full_n          |   in|    1|     ap_fifo|                                                             layer11_out_i_60|       pointer|
|layer11_out_i_60_write           |  out|    1|     ap_fifo|                                                             layer11_out_i_60|       pointer|
|layer11_out_i_61_din             |  out|   16|     ap_fifo|                                                             layer11_out_i_61|       pointer|
|layer11_out_i_61_num_data_valid  |   in|    8|     ap_fifo|                                                             layer11_out_i_61|       pointer|
|layer11_out_i_61_fifo_cap        |   in|    8|     ap_fifo|                                                             layer11_out_i_61|       pointer|
|layer11_out_i_61_full_n          |   in|    1|     ap_fifo|                                                             layer11_out_i_61|       pointer|
|layer11_out_i_61_write           |  out|    1|     ap_fifo|                                                             layer11_out_i_61|       pointer|
|layer11_out_i_62_din             |  out|   16|     ap_fifo|                                                             layer11_out_i_62|       pointer|
|layer11_out_i_62_num_data_valid  |   in|    8|     ap_fifo|                                                             layer11_out_i_62|       pointer|
|layer11_out_i_62_fifo_cap        |   in|    8|     ap_fifo|                                                             layer11_out_i_62|       pointer|
|layer11_out_i_62_full_n          |   in|    1|     ap_fifo|                                                             layer11_out_i_62|       pointer|
|layer11_out_i_62_write           |  out|    1|     ap_fifo|                                                             layer11_out_i_62|       pointer|
|layer11_out_i_63_din             |  out|   16|     ap_fifo|                                                             layer11_out_i_63|       pointer|
|layer11_out_i_63_num_data_valid  |   in|    8|     ap_fifo|                                                             layer11_out_i_63|       pointer|
|layer11_out_i_63_fifo_cap        |   in|    8|     ap_fifo|                                                             layer11_out_i_63|       pointer|
|layer11_out_i_63_full_n          |   in|    1|     ap_fifo|                                                             layer11_out_i_63|       pointer|
|layer11_out_i_63_write           |  out|    1|     ap_fifo|                                                             layer11_out_i_63|       pointer|
+---------------------------------+-----+-----+------------+-----------------------------------------------------------------------------+--------------+

