

================================================================
== Vitis HLS Report for 'linear_ap_fixed_17_4_5_3_0_ap_fixed_8_3_4_0_0_linear_config3_s'
================================================================
* Date:           Wed Feb 14 14:31:18 2024

* Version:        2022.2 (Build 3670227 on Oct 13 2022)
* Project:        alveo_hls4ml
* Solution:       solution (Vitis Kernel Flow Target)
* Product family: virtexuplus
* Target device:  xcu55c-fsvh2892-2L-e


================================================================
== Performance Estimates
================================================================
+ Timing: 
    * Summary: 
    +--------+---------+----------+------------+
    |  Clock |  Target | Estimated| Uncertainty|
    +--------+---------+----------+------------+
    |ap_clk  |  4.00 ns|  2.703 ns|     1.08 ns|
    +--------+---------+----------+------------+

+ Latency: 
    * Summary: 
    +---------+---------+----------+----------+-----+-----+---------+
    |  Latency (cycles) |  Latency (absolute) |  Interval | Pipeline|
    |   min   |   max   |    min   |    max   | min | max |   Type  |
    +---------+---------+----------+----------+-----+-----+---------+
    |        1|        1|  4.000 ns|  4.000 ns|    1|    1|       no|
    +---------+---------+----------+----------+-----+-----+---------+

    + Detail: 
        * Instance: 
        N/A

        * Loop: 
        N/A



================================================================
== Utilization Estimates
================================================================
* Summary: 
+---------------------+---------+------+---------+---------+-----+
|         Name        | BRAM_18K|  DSP |    FF   |   LUT   | URAM|
+---------------------+---------+------+---------+---------+-----+
|DSP                  |        -|     -|        -|        -|    -|
|Expression           |        -|     -|        0|     9732|    -|
|FIFO                 |        -|     -|        -|        -|    -|
|Instance             |        -|     -|        -|        -|    -|
|Memory               |        -|     -|        -|        -|    -|
|Multiplexer          |        -|     -|        -|     2336|    -|
|Register             |        -|     -|     1412|        -|    -|
+---------------------+---------+------+---------+---------+-----+
|Total                |        0|     0|     1412|    12068|    0|
+---------------------+---------+------+---------+---------+-----+
|Available SLR        |     1344|  3008|   869120|   434560|  320|
+---------------------+---------+------+---------+---------+-----+
|Utilization SLR (%)  |        0|     0|       ~0|        2|    0|
+---------------------+---------+------+---------+---------+-----+
|Available            |     4032|  9024|  2607360|  1303680|  960|
+---------------------+---------+------+---------+---------+-----+
|Utilization (%)      |        0|     0|       ~0|       ~0|    0|
+---------------------+---------+------+---------+---------+-----+

+ Detail: 
    * Instance: 
    N/A

    * DSP: 
    N/A

    * Memory: 
    N/A

    * FIFO: 
    N/A

    * Expression: 
    +----------------------------------+----------+----+---+----+------------+------------+
    |           Variable Name          | Operation| DSP| FF| LUT| Bitwidth P0| Bitwidth P1|
    +----------------------------------+----------+----+---+----+------------+------------+
    |out_data_V_574_fu_2280_p2         |         +|   0|  0|  15|           8|           8|
    |out_data_V_576_fu_2362_p2         |         +|   0|  0|  15|           8|           8|
    |out_data_V_578_fu_2444_p2         |         +|   0|  0|  15|           8|           8|
    |out_data_V_580_fu_2526_p2         |         +|   0|  0|  15|           8|           8|
    |out_data_V_582_fu_2608_p2         |         +|   0|  0|  15|           8|           8|
    |out_data_V_584_fu_2690_p2         |         +|   0|  0|  15|           8|           8|
    |out_data_V_586_fu_2772_p2         |         +|   0|  0|  15|           8|           8|
    |out_data_V_588_fu_2854_p2         |         +|   0|  0|  15|           8|           8|
    |out_data_V_590_fu_2936_p2         |         +|   0|  0|  15|           8|           8|
    |out_data_V_592_fu_3018_p2         |         +|   0|  0|  15|           8|           8|
    |out_data_V_594_fu_3100_p2         |         +|   0|  0|  15|           8|           8|
    |out_data_V_596_fu_3182_p2         |         +|   0|  0|  15|           8|           8|
    |out_data_V_598_fu_3264_p2         |         +|   0|  0|  15|           8|           8|
    |out_data_V_600_fu_3346_p2         |         +|   0|  0|  15|           8|           8|
    |out_data_V_602_fu_3428_p2         |         +|   0|  0|  15|           8|           8|
    |out_data_V_604_fu_3510_p2         |         +|   0|  0|  15|           8|           8|
    |out_data_V_606_fu_3592_p2         |         +|   0|  0|  15|           8|           8|
    |out_data_V_608_fu_3674_p2         |         +|   0|  0|  15|           8|           8|
    |out_data_V_610_fu_3756_p2         |         +|   0|  0|  15|           8|           8|
    |out_data_V_612_fu_3838_p2         |         +|   0|  0|  15|           8|           8|
    |out_data_V_614_fu_3920_p2         |         +|   0|  0|  15|           8|           8|
    |out_data_V_616_fu_4002_p2         |         +|   0|  0|  15|           8|           8|
    |out_data_V_618_fu_4084_p2         |         +|   0|  0|  15|           8|           8|
    |out_data_V_620_fu_4166_p2         |         +|   0|  0|  15|           8|           8|
    |out_data_V_622_fu_4248_p2         |         +|   0|  0|  15|           8|           8|
    |out_data_V_624_fu_4330_p2         |         +|   0|  0|  15|           8|           8|
    |out_data_V_626_fu_4412_p2         |         +|   0|  0|  15|           8|           8|
    |out_data_V_628_fu_4494_p2         |         +|   0|  0|  15|           8|           8|
    |out_data_V_630_fu_4576_p2         |         +|   0|  0|  15|           8|           8|
    |out_data_V_632_fu_4658_p2         |         +|   0|  0|  15|           8|           8|
    |out_data_V_634_fu_4740_p2         |         +|   0|  0|  15|           8|           8|
    |out_data_V_636_fu_4822_p2         |         +|   0|  0|  15|           8|           8|
    |out_data_V_638_fu_4904_p2         |         +|   0|  0|  15|           8|           8|
    |out_data_V_640_fu_4986_p2         |         +|   0|  0|  15|           8|           8|
    |out_data_V_642_fu_5068_p2         |         +|   0|  0|  15|           8|           8|
    |out_data_V_644_fu_5150_p2         |         +|   0|  0|  15|           8|           8|
    |out_data_V_646_fu_5232_p2         |         +|   0|  0|  15|           8|           8|
    |out_data_V_648_fu_5314_p2         |         +|   0|  0|  15|           8|           8|
    |out_data_V_650_fu_5396_p2         |         +|   0|  0|  15|           8|           8|
    |out_data_V_652_fu_5478_p2         |         +|   0|  0|  15|           8|           8|
    |out_data_V_654_fu_5560_p2         |         +|   0|  0|  15|           8|           8|
    |out_data_V_656_fu_5642_p2         |         +|   0|  0|  15|           8|           8|
    |out_data_V_658_fu_5724_p2         |         +|   0|  0|  15|           8|           8|
    |out_data_V_660_fu_5806_p2         |         +|   0|  0|  15|           8|           8|
    |out_data_V_662_fu_5888_p2         |         +|   0|  0|  15|           8|           8|
    |out_data_V_664_fu_5970_p2         |         +|   0|  0|  15|           8|           8|
    |out_data_V_666_fu_6052_p2         |         +|   0|  0|  15|           8|           8|
    |out_data_V_668_fu_6134_p2         |         +|   0|  0|  15|           8|           8|
    |out_data_V_670_fu_6216_p2         |         +|   0|  0|  15|           8|           8|
    |out_data_V_672_fu_6298_p2         |         +|   0|  0|  15|           8|           8|
    |out_data_V_674_fu_6380_p2         |         +|   0|  0|  15|           8|           8|
    |out_data_V_676_fu_6462_p2         |         +|   0|  0|  15|           8|           8|
    |out_data_V_678_fu_6544_p2         |         +|   0|  0|  15|           8|           8|
    |out_data_V_680_fu_6626_p2         |         +|   0|  0|  15|           8|           8|
    |out_data_V_682_fu_6708_p2         |         +|   0|  0|  15|           8|           8|
    |out_data_V_684_fu_6790_p2         |         +|   0|  0|  15|           8|           8|
    |out_data_V_686_fu_6872_p2         |         +|   0|  0|  15|           8|           8|
    |out_data_V_688_fu_6954_p2         |         +|   0|  0|  15|           8|           8|
    |out_data_V_690_fu_7036_p2         |         +|   0|  0|  15|           8|           8|
    |out_data_V_692_fu_7118_p2         |         +|   0|  0|  15|           8|           8|
    |out_data_V_694_fu_7200_p2         |         +|   0|  0|  15|           8|           8|
    |out_data_V_696_fu_7282_p2         |         +|   0|  0|  15|           8|           8|
    |out_data_V_698_fu_7364_p2         |         +|   0|  0|  15|           8|           8|
    |out_data_V_700_fu_7446_p2         |         +|   0|  0|  15|           8|           8|
    |out_data_V_702_fu_7528_p2         |         +|   0|  0|  15|           8|           8|
    |out_data_V_704_fu_7610_p2         |         +|   0|  0|  15|           8|           8|
    |out_data_V_706_fu_7692_p2         |         +|   0|  0|  15|           8|           8|
    |out_data_V_708_fu_7774_p2         |         +|   0|  0|  15|           8|           8|
    |out_data_V_710_fu_7856_p2         |         +|   0|  0|  15|           8|           8|
    |out_data_V_712_fu_7938_p2         |         +|   0|  0|  15|           8|           8|
    |out_data_V_714_fu_8020_p2         |         +|   0|  0|  15|           8|           8|
    |out_data_V_716_fu_8102_p2         |         +|   0|  0|  15|           8|           8|
    |out_data_V_718_fu_8184_p2         |         +|   0|  0|  15|           8|           8|
    |out_data_V_720_fu_8266_p2         |         +|   0|  0|  15|           8|           8|
    |out_data_V_722_fu_8348_p2         |         +|   0|  0|  15|           8|           8|
    |out_data_V_724_fu_8430_p2         |         +|   0|  0|  15|           8|           8|
    |out_data_V_726_fu_8512_p2         |         +|   0|  0|  15|           8|           8|
    |out_data_V_728_fu_8594_p2         |         +|   0|  0|  15|           8|           8|
    |out_data_V_730_fu_8676_p2         |         +|   0|  0|  15|           8|           8|
    |out_data_V_732_fu_8758_p2         |         +|   0|  0|  15|           8|           8|
    |out_data_V_734_fu_8840_p2         |         +|   0|  0|  15|           8|           8|
    |out_data_V_736_fu_8922_p2         |         +|   0|  0|  15|           8|           8|
    |out_data_V_738_fu_9004_p2         |         +|   0|  0|  15|           8|           8|
    |out_data_V_740_fu_9086_p2         |         +|   0|  0|  15|           8|           8|
    |out_data_V_742_fu_9168_p2         |         +|   0|  0|  15|           8|           8|
    |out_data_V_744_fu_9250_p2         |         +|   0|  0|  15|           8|           8|
    |out_data_V_746_fu_9332_p2         |         +|   0|  0|  15|           8|           8|
    |out_data_V_748_fu_9414_p2         |         +|   0|  0|  15|           8|           8|
    |out_data_V_750_fu_9496_p2         |         +|   0|  0|  15|           8|           8|
    |out_data_V_752_fu_9578_p2         |         +|   0|  0|  15|           8|           8|
    |out_data_V_754_fu_9660_p2         |         +|   0|  0|  15|           8|           8|
    |out_data_V_756_fu_9742_p2         |         +|   0|  0|  15|           8|           8|
    |out_data_V_758_fu_9824_p2         |         +|   0|  0|  15|           8|           8|
    |out_data_V_760_fu_9906_p2         |         +|   0|  0|  15|           8|           8|
    |out_data_V_762_fu_9988_p2         |         +|   0|  0|  15|           8|           8|
    |out_data_V_764_fu_10070_p2        |         +|   0|  0|  15|           8|           8|
    |out_data_V_766_fu_10152_p2        |         +|   0|  0|  15|           8|           8|
    |out_data_V_768_fu_10234_p2        |         +|   0|  0|  15|           8|           8|
    |out_data_V_770_fu_10316_p2        |         +|   0|  0|  15|           8|           8|
    |out_data_V_772_fu_10398_p2        |         +|   0|  0|  15|           8|           8|
    |out_data_V_774_fu_10480_p2        |         +|   0|  0|  15|           8|           8|
    |out_data_V_776_fu_10562_p2        |         +|   0|  0|  15|           8|           8|
    |out_data_V_778_fu_10644_p2        |         +|   0|  0|  15|           8|           8|
    |out_data_V_780_fu_10726_p2        |         +|   0|  0|  15|           8|           8|
    |out_data_V_782_fu_10808_p2        |         +|   0|  0|  15|           8|           8|
    |out_data_V_784_fu_10890_p2        |         +|   0|  0|  15|           8|           8|
    |out_data_V_786_fu_10972_p2        |         +|   0|  0|  15|           8|           8|
    |out_data_V_788_fu_11054_p2        |         +|   0|  0|  15|           8|           8|
    |out_data_V_790_fu_11136_p2        |         +|   0|  0|  15|           8|           8|
    |out_data_V_792_fu_11218_p2        |         +|   0|  0|  15|           8|           8|
    |out_data_V_794_fu_11300_p2        |         +|   0|  0|  15|           8|           8|
    |out_data_V_796_fu_11382_p2        |         +|   0|  0|  15|           8|           8|
    |out_data_V_798_fu_11464_p2        |         +|   0|  0|  15|           8|           8|
    |out_data_V_800_fu_11546_p2        |         +|   0|  0|  15|           8|           8|
    |out_data_V_802_fu_11628_p2        |         +|   0|  0|  15|           8|           8|
    |out_data_V_804_fu_11710_p2        |         +|   0|  0|  15|           8|           8|
    |out_data_V_806_fu_11792_p2        |         +|   0|  0|  15|           8|           8|
    |out_data_V_808_fu_11874_p2        |         +|   0|  0|  15|           8|           8|
    |out_data_V_810_fu_11956_p2        |         +|   0|  0|  15|           8|           8|
    |out_data_V_812_fu_12038_p2        |         +|   0|  0|  15|           8|           8|
    |out_data_V_814_fu_12120_p2        |         +|   0|  0|  15|           8|           8|
    |out_data_V_816_fu_12202_p2        |         +|   0|  0|  15|           8|           8|
    |out_data_V_818_fu_12284_p2        |         +|   0|  0|  15|           8|           8|
    |out_data_V_820_fu_12366_p2        |         +|   0|  0|  15|           8|           8|
    |out_data_V_822_fu_12448_p2        |         +|   0|  0|  15|           8|           8|
    |out_data_V_824_fu_12530_p2        |         +|   0|  0|  15|           8|           8|
    |out_data_V_826_fu_12612_p2        |         +|   0|  0|  15|           8|           8|
    |out_data_V_828_fu_12694_p2        |         +|   0|  0|  15|           8|           8|
    |and_ln374_100_fu_5304_p2          |       and|   0|  0|   2|           1|           1|
    |and_ln374_101_fu_5386_p2          |       and|   0|  0|   2|           1|           1|
    |and_ln374_102_fu_5468_p2          |       and|   0|  0|   2|           1|           1|
    |and_ln374_103_fu_5550_p2          |       and|   0|  0|   2|           1|           1|
    |and_ln374_104_fu_5632_p2          |       and|   0|  0|   2|           1|           1|
    |and_ln374_105_fu_5714_p2          |       and|   0|  0|   2|           1|           1|
    |and_ln374_106_fu_5796_p2          |       and|   0|  0|   2|           1|           1|
    |and_ln374_107_fu_5878_p2          |       and|   0|  0|   2|           1|           1|
    |and_ln374_108_fu_5960_p2          |       and|   0|  0|   2|           1|           1|
    |and_ln374_109_fu_6042_p2          |       and|   0|  0|   2|           1|           1|
    |and_ln374_110_fu_6124_p2          |       and|   0|  0|   2|           1|           1|
    |and_ln374_111_fu_6206_p2          |       and|   0|  0|   2|           1|           1|
    |and_ln374_112_fu_6288_p2          |       and|   0|  0|   2|           1|           1|
    |and_ln374_113_fu_6370_p2          |       and|   0|  0|   2|           1|           1|
    |and_ln374_114_fu_6452_p2          |       and|   0|  0|   2|           1|           1|
    |and_ln374_115_fu_6534_p2          |       and|   0|  0|   2|           1|           1|
    |and_ln374_116_fu_6616_p2          |       and|   0|  0|   2|           1|           1|
    |and_ln374_117_fu_6698_p2          |       and|   0|  0|   2|           1|           1|
    |and_ln374_118_fu_6780_p2          |       and|   0|  0|   2|           1|           1|
    |and_ln374_119_fu_6862_p2          |       and|   0|  0|   2|           1|           1|
    |and_ln374_120_fu_6944_p2          |       and|   0|  0|   2|           1|           1|
    |and_ln374_121_fu_7026_p2          |       and|   0|  0|   2|           1|           1|
    |and_ln374_122_fu_7108_p2          |       and|   0|  0|   2|           1|           1|
    |and_ln374_123_fu_7190_p2          |       and|   0|  0|   2|           1|           1|
    |and_ln374_124_fu_7272_p2          |       and|   0|  0|   2|           1|           1|
    |and_ln374_125_fu_7354_p2          |       and|   0|  0|   2|           1|           1|
    |and_ln374_126_fu_7436_p2          |       and|   0|  0|   2|           1|           1|
    |and_ln374_127_fu_7518_p2          |       and|   0|  0|   2|           1|           1|
    |and_ln374_128_fu_7600_p2          |       and|   0|  0|   2|           1|           1|
    |and_ln374_129_fu_7682_p2          |       and|   0|  0|   2|           1|           1|
    |and_ln374_130_fu_7764_p2          |       and|   0|  0|   2|           1|           1|
    |and_ln374_131_fu_7846_p2          |       and|   0|  0|   2|           1|           1|
    |and_ln374_132_fu_7928_p2          |       and|   0|  0|   2|           1|           1|
    |and_ln374_133_fu_8010_p2          |       and|   0|  0|   2|           1|           1|
    |and_ln374_134_fu_8092_p2          |       and|   0|  0|   2|           1|           1|
    |and_ln374_135_fu_8174_p2          |       and|   0|  0|   2|           1|           1|
    |and_ln374_136_fu_8256_p2          |       and|   0|  0|   2|           1|           1|
    |and_ln374_137_fu_8338_p2          |       and|   0|  0|   2|           1|           1|
    |and_ln374_138_fu_8420_p2          |       and|   0|  0|   2|           1|           1|
    |and_ln374_139_fu_8502_p2          |       and|   0|  0|   2|           1|           1|
    |and_ln374_140_fu_8584_p2          |       and|   0|  0|   2|           1|           1|
    |and_ln374_141_fu_8666_p2          |       and|   0|  0|   2|           1|           1|
    |and_ln374_142_fu_8748_p2          |       and|   0|  0|   2|           1|           1|
    |and_ln374_143_fu_8830_p2          |       and|   0|  0|   2|           1|           1|
    |and_ln374_144_fu_8912_p2          |       and|   0|  0|   2|           1|           1|
    |and_ln374_145_fu_8994_p2          |       and|   0|  0|   2|           1|           1|
    |and_ln374_146_fu_9076_p2          |       and|   0|  0|   2|           1|           1|
    |and_ln374_147_fu_9158_p2          |       and|   0|  0|   2|           1|           1|
    |and_ln374_148_fu_9240_p2          |       and|   0|  0|   2|           1|           1|
    |and_ln374_149_fu_9322_p2          |       and|   0|  0|   2|           1|           1|
    |and_ln374_150_fu_9404_p2          |       and|   0|  0|   2|           1|           1|
    |and_ln374_151_fu_9486_p2          |       and|   0|  0|   2|           1|           1|
    |and_ln374_152_fu_9568_p2          |       and|   0|  0|   2|           1|           1|
    |and_ln374_153_fu_9650_p2          |       and|   0|  0|   2|           1|           1|
    |and_ln374_154_fu_9732_p2          |       and|   0|  0|   2|           1|           1|
    |and_ln374_155_fu_9814_p2          |       and|   0|  0|   2|           1|           1|
    |and_ln374_156_fu_9896_p2          |       and|   0|  0|   2|           1|           1|
    |and_ln374_157_fu_9978_p2          |       and|   0|  0|   2|           1|           1|
    |and_ln374_158_fu_10060_p2         |       and|   0|  0|   2|           1|           1|
    |and_ln374_159_fu_10142_p2         |       and|   0|  0|   2|           1|           1|
    |and_ln374_160_fu_10224_p2         |       and|   0|  0|   2|           1|           1|
    |and_ln374_161_fu_10306_p2         |       and|   0|  0|   2|           1|           1|
    |and_ln374_162_fu_10388_p2         |       and|   0|  0|   2|           1|           1|
    |and_ln374_163_fu_10470_p2         |       and|   0|  0|   2|           1|           1|
    |and_ln374_164_fu_10552_p2         |       and|   0|  0|   2|           1|           1|
    |and_ln374_165_fu_10634_p2         |       and|   0|  0|   2|           1|           1|
    |and_ln374_166_fu_10716_p2         |       and|   0|  0|   2|           1|           1|
    |and_ln374_167_fu_10798_p2         |       and|   0|  0|   2|           1|           1|
    |and_ln374_168_fu_10880_p2         |       and|   0|  0|   2|           1|           1|
    |and_ln374_169_fu_10962_p2         |       and|   0|  0|   2|           1|           1|
    |and_ln374_170_fu_11044_p2         |       and|   0|  0|   2|           1|           1|
    |and_ln374_171_fu_11126_p2         |       and|   0|  0|   2|           1|           1|
    |and_ln374_172_fu_11208_p2         |       and|   0|  0|   2|           1|           1|
    |and_ln374_173_fu_11290_p2         |       and|   0|  0|   2|           1|           1|
    |and_ln374_174_fu_11372_p2         |       and|   0|  0|   2|           1|           1|
    |and_ln374_175_fu_11454_p2         |       and|   0|  0|   2|           1|           1|
    |and_ln374_176_fu_11536_p2         |       and|   0|  0|   2|           1|           1|
    |and_ln374_177_fu_11618_p2         |       and|   0|  0|   2|           1|           1|
    |and_ln374_178_fu_11700_p2         |       and|   0|  0|   2|           1|           1|
    |and_ln374_179_fu_11782_p2         |       and|   0|  0|   2|           1|           1|
    |and_ln374_180_fu_11864_p2         |       and|   0|  0|   2|           1|           1|
    |and_ln374_181_fu_11946_p2         |       and|   0|  0|   2|           1|           1|
    |and_ln374_182_fu_12028_p2         |       and|   0|  0|   2|           1|           1|
    |and_ln374_183_fu_12110_p2         |       and|   0|  0|   2|           1|           1|
    |and_ln374_184_fu_12192_p2         |       and|   0|  0|   2|           1|           1|
    |and_ln374_185_fu_12274_p2         |       and|   0|  0|   2|           1|           1|
    |and_ln374_186_fu_12356_p2         |       and|   0|  0|   2|           1|           1|
    |and_ln374_187_fu_12438_p2         |       and|   0|  0|   2|           1|           1|
    |and_ln374_188_fu_12520_p2         |       and|   0|  0|   2|           1|           1|
    |and_ln374_189_fu_12602_p2         |       and|   0|  0|   2|           1|           1|
    |and_ln374_190_fu_12684_p2         |       and|   0|  0|   2|           1|           1|
    |and_ln374_64_fu_2352_p2           |       and|   0|  0|   2|           1|           1|
    |and_ln374_65_fu_2434_p2           |       and|   0|  0|   2|           1|           1|
    |and_ln374_66_fu_2516_p2           |       and|   0|  0|   2|           1|           1|
    |and_ln374_67_fu_2598_p2           |       and|   0|  0|   2|           1|           1|
    |and_ln374_68_fu_2680_p2           |       and|   0|  0|   2|           1|           1|
    |and_ln374_69_fu_2762_p2           |       and|   0|  0|   2|           1|           1|
    |and_ln374_70_fu_2844_p2           |       and|   0|  0|   2|           1|           1|
    |and_ln374_71_fu_2926_p2           |       and|   0|  0|   2|           1|           1|
    |and_ln374_72_fu_3008_p2           |       and|   0|  0|   2|           1|           1|
    |and_ln374_73_fu_3090_p2           |       and|   0|  0|   2|           1|           1|
    |and_ln374_74_fu_3172_p2           |       and|   0|  0|   2|           1|           1|
    |and_ln374_75_fu_3254_p2           |       and|   0|  0|   2|           1|           1|
    |and_ln374_76_fu_3336_p2           |       and|   0|  0|   2|           1|           1|
    |and_ln374_77_fu_3418_p2           |       and|   0|  0|   2|           1|           1|
    |and_ln374_78_fu_3500_p2           |       and|   0|  0|   2|           1|           1|
    |and_ln374_79_fu_3582_p2           |       and|   0|  0|   2|           1|           1|
    |and_ln374_80_fu_3664_p2           |       and|   0|  0|   2|           1|           1|
    |and_ln374_81_fu_3746_p2           |       and|   0|  0|   2|           1|           1|
    |and_ln374_82_fu_3828_p2           |       and|   0|  0|   2|           1|           1|
    |and_ln374_83_fu_3910_p2           |       and|   0|  0|   2|           1|           1|
    |and_ln374_84_fu_3992_p2           |       and|   0|  0|   2|           1|           1|
    |and_ln374_85_fu_4074_p2           |       and|   0|  0|   2|           1|           1|
    |and_ln374_86_fu_4156_p2           |       and|   0|  0|   2|           1|           1|
    |and_ln374_87_fu_4238_p2           |       and|   0|  0|   2|           1|           1|
    |and_ln374_88_fu_4320_p2           |       and|   0|  0|   2|           1|           1|
    |and_ln374_89_fu_4402_p2           |       and|   0|  0|   2|           1|           1|
    |and_ln374_90_fu_4484_p2           |       and|   0|  0|   2|           1|           1|
    |and_ln374_91_fu_4566_p2           |       and|   0|  0|   2|           1|           1|
    |and_ln374_92_fu_4648_p2           |       and|   0|  0|   2|           1|           1|
    |and_ln374_93_fu_4730_p2           |       and|   0|  0|   2|           1|           1|
    |and_ln374_94_fu_4812_p2           |       and|   0|  0|   2|           1|           1|
    |and_ln374_95_fu_4894_p2           |       and|   0|  0|   2|           1|           1|
    |and_ln374_96_fu_4976_p2           |       and|   0|  0|   2|           1|           1|
    |and_ln374_97_fu_5058_p2           |       and|   0|  0|   2|           1|           1|
    |and_ln374_98_fu_5140_p2           |       and|   0|  0|   2|           1|           1|
    |and_ln374_99_fu_5222_p2           |       and|   0|  0|   2|           1|           1|
    |and_ln374_fu_2270_p2              |       and|   0|  0|   2|           1|           1|
    |and_ln896_100_fu_17826_p2         |       and|   0|  0|   2|           1|           1|
    |and_ln896_102_fu_17927_p2         |       and|   0|  0|   2|           1|           1|
    |and_ln896_104_fu_18028_p2         |       and|   0|  0|   2|           1|           1|
    |and_ln896_106_fu_18129_p2         |       and|   0|  0|   2|           1|           1|
    |and_ln896_108_fu_18230_p2         |       and|   0|  0|   2|           1|           1|
    |and_ln896_10_fu_13281_p2          |       and|   0|  0|   2|           1|           1|
    |and_ln896_110_fu_18331_p2         |       and|   0|  0|   2|           1|           1|
    |and_ln896_112_fu_18432_p2         |       and|   0|  0|   2|           1|           1|
    |and_ln896_114_fu_18533_p2         |       and|   0|  0|   2|           1|           1|
    |and_ln896_116_fu_18634_p2         |       and|   0|  0|   2|           1|           1|
    |and_ln896_118_fu_18735_p2         |       and|   0|  0|   2|           1|           1|
    |and_ln896_120_fu_18836_p2         |       and|   0|  0|   2|           1|           1|
    |and_ln896_122_fu_18937_p2         |       and|   0|  0|   2|           1|           1|
    |and_ln896_124_fu_19038_p2         |       and|   0|  0|   2|           1|           1|
    |and_ln896_126_fu_19139_p2         |       and|   0|  0|   2|           1|           1|
    |and_ln896_128_fu_19240_p2         |       and|   0|  0|   2|           1|           1|
    |and_ln896_12_fu_13382_p2          |       and|   0|  0|   2|           1|           1|
    |and_ln896_130_fu_19341_p2         |       and|   0|  0|   2|           1|           1|
    |and_ln896_132_fu_19442_p2         |       and|   0|  0|   2|           1|           1|
    |and_ln896_134_fu_19543_p2         |       and|   0|  0|   2|           1|           1|
    |and_ln896_136_fu_19644_p2         |       and|   0|  0|   2|           1|           1|
    |and_ln896_138_fu_19745_p2         |       and|   0|  0|   2|           1|           1|
    |and_ln896_140_fu_19846_p2         |       and|   0|  0|   2|           1|           1|
    |and_ln896_142_fu_19947_p2         |       and|   0|  0|   2|           1|           1|
    |and_ln896_144_fu_20048_p2         |       and|   0|  0|   2|           1|           1|
    |and_ln896_146_fu_20149_p2         |       and|   0|  0|   2|           1|           1|
    |and_ln896_148_fu_20250_p2         |       and|   0|  0|   2|           1|           1|
    |and_ln896_14_fu_13483_p2          |       and|   0|  0|   2|           1|           1|
    |and_ln896_150_fu_20351_p2         |       and|   0|  0|   2|           1|           1|
    |and_ln896_152_fu_20452_p2         |       and|   0|  0|   2|           1|           1|
    |and_ln896_154_fu_20553_p2         |       and|   0|  0|   2|           1|           1|
    |and_ln896_156_fu_20654_p2         |       and|   0|  0|   2|           1|           1|
    |and_ln896_158_fu_20755_p2         |       and|   0|  0|   2|           1|           1|
    |and_ln896_160_fu_20856_p2         |       and|   0|  0|   2|           1|           1|
    |and_ln896_162_fu_20957_p2         |       and|   0|  0|   2|           1|           1|
    |and_ln896_164_fu_21058_p2         |       and|   0|  0|   2|           1|           1|
    |and_ln896_166_fu_21159_p2         |       and|   0|  0|   2|           1|           1|
    |and_ln896_168_fu_21260_p2         |       and|   0|  0|   2|           1|           1|
    |and_ln896_16_fu_13584_p2          |       and|   0|  0|   2|           1|           1|
    |and_ln896_170_fu_21361_p2         |       and|   0|  0|   2|           1|           1|
    |and_ln896_172_fu_21462_p2         |       and|   0|  0|   2|           1|           1|
    |and_ln896_174_fu_21563_p2         |       and|   0|  0|   2|           1|           1|
    |and_ln896_176_fu_21664_p2         |       and|   0|  0|   2|           1|           1|
    |and_ln896_178_fu_21765_p2         |       and|   0|  0|   2|           1|           1|
    |and_ln896_180_fu_21866_p2         |       and|   0|  0|   2|           1|           1|
    |and_ln896_182_fu_21967_p2         |       and|   0|  0|   2|           1|           1|
    |and_ln896_184_fu_22068_p2         |       and|   0|  0|   2|           1|           1|
    |and_ln896_186_fu_22169_p2         |       and|   0|  0|   2|           1|           1|
    |and_ln896_188_fu_22270_p2         |       and|   0|  0|   2|           1|           1|
    |and_ln896_18_fu_13685_p2          |       and|   0|  0|   2|           1|           1|
    |and_ln896_190_fu_22371_p2         |       and|   0|  0|   2|           1|           1|
    |and_ln896_192_fu_22472_p2         |       and|   0|  0|   2|           1|           1|
    |and_ln896_194_fu_22573_p2         |       and|   0|  0|   2|           1|           1|
    |and_ln896_196_fu_22674_p2         |       and|   0|  0|   2|           1|           1|
    |and_ln896_198_fu_22775_p2         |       and|   0|  0|   2|           1|           1|
    |and_ln896_200_fu_22876_p2         |       and|   0|  0|   2|           1|           1|
    |and_ln896_202_fu_22977_p2         |       and|   0|  0|   2|           1|           1|
    |and_ln896_204_fu_23078_p2         |       and|   0|  0|   2|           1|           1|
    |and_ln896_206_fu_23179_p2         |       and|   0|  0|   2|           1|           1|
    |and_ln896_208_fu_23280_p2         |       and|   0|  0|   2|           1|           1|
    |and_ln896_20_fu_13786_p2          |       and|   0|  0|   2|           1|           1|
    |and_ln896_210_fu_23381_p2         |       and|   0|  0|   2|           1|           1|
    |and_ln896_212_fu_23482_p2         |       and|   0|  0|   2|           1|           1|
    |and_ln896_214_fu_23583_p2         |       and|   0|  0|   2|           1|           1|
    |and_ln896_216_fu_23684_p2         |       and|   0|  0|   2|           1|           1|
    |and_ln896_218_fu_23785_p2         |       and|   0|  0|   2|           1|           1|
    |and_ln896_220_fu_23886_p2         |       and|   0|  0|   2|           1|           1|
    |and_ln896_222_fu_23987_p2         |       and|   0|  0|   2|           1|           1|
    |and_ln896_224_fu_24088_p2         |       and|   0|  0|   2|           1|           1|
    |and_ln896_226_fu_24189_p2         |       and|   0|  0|   2|           1|           1|
    |and_ln896_228_fu_24290_p2         |       and|   0|  0|   2|           1|           1|
    |and_ln896_22_fu_13887_p2          |       and|   0|  0|   2|           1|           1|
    |and_ln896_230_fu_24391_p2         |       and|   0|  0|   2|           1|           1|
    |and_ln896_232_fu_24492_p2         |       and|   0|  0|   2|           1|           1|
    |and_ln896_234_fu_24593_p2         |       and|   0|  0|   2|           1|           1|
    |and_ln896_236_fu_24694_p2         |       and|   0|  0|   2|           1|           1|
    |and_ln896_238_fu_24795_p2         |       and|   0|  0|   2|           1|           1|
    |and_ln896_240_fu_24896_p2         |       and|   0|  0|   2|           1|           1|
    |and_ln896_242_fu_24997_p2         |       and|   0|  0|   2|           1|           1|
    |and_ln896_244_fu_25098_p2         |       and|   0|  0|   2|           1|           1|
    |and_ln896_246_fu_25199_p2         |       and|   0|  0|   2|           1|           1|
    |and_ln896_248_fu_25300_p2         |       and|   0|  0|   2|           1|           1|
    |and_ln896_24_fu_13988_p2          |       and|   0|  0|   2|           1|           1|
    |and_ln896_250_fu_25401_p2         |       and|   0|  0|   2|           1|           1|
    |and_ln896_252_fu_25502_p2         |       and|   0|  0|   2|           1|           1|
    |and_ln896_254_fu_25603_p2         |       and|   0|  0|   2|           1|           1|
    |and_ln896_26_fu_14089_p2          |       and|   0|  0|   2|           1|           1|
    |and_ln896_28_fu_14190_p2          |       and|   0|  0|   2|           1|           1|
    |and_ln896_2_fu_12877_p2           |       and|   0|  0|   2|           1|           1|
    |and_ln896_30_fu_14291_p2          |       and|   0|  0|   2|           1|           1|
    |and_ln896_32_fu_14392_p2          |       and|   0|  0|   2|           1|           1|
    |and_ln896_34_fu_14493_p2          |       and|   0|  0|   2|           1|           1|
    |and_ln896_36_fu_14594_p2          |       and|   0|  0|   2|           1|           1|
    |and_ln896_38_fu_14695_p2          |       and|   0|  0|   2|           1|           1|
    |and_ln896_40_fu_14796_p2          |       and|   0|  0|   2|           1|           1|
    |and_ln896_42_fu_14897_p2          |       and|   0|  0|   2|           1|           1|
    |and_ln896_44_fu_14998_p2          |       and|   0|  0|   2|           1|           1|
    |and_ln896_46_fu_15099_p2          |       and|   0|  0|   2|           1|           1|
    |and_ln896_48_fu_15200_p2          |       and|   0|  0|   2|           1|           1|
    |and_ln896_4_fu_12978_p2           |       and|   0|  0|   2|           1|           1|
    |and_ln896_50_fu_15301_p2          |       and|   0|  0|   2|           1|           1|
    |and_ln896_52_fu_15402_p2          |       and|   0|  0|   2|           1|           1|
    |and_ln896_54_fu_15503_p2          |       and|   0|  0|   2|           1|           1|
    |and_ln896_56_fu_15604_p2          |       and|   0|  0|   2|           1|           1|
    |and_ln896_58_fu_15705_p2          |       and|   0|  0|   2|           1|           1|
    |and_ln896_60_fu_15806_p2          |       and|   0|  0|   2|           1|           1|
    |and_ln896_62_fu_15907_p2          |       and|   0|  0|   2|           1|           1|
    |and_ln896_64_fu_16008_p2          |       and|   0|  0|   2|           1|           1|
    |and_ln896_66_fu_16109_p2          |       and|   0|  0|   2|           1|           1|
    |and_ln896_68_fu_16210_p2          |       and|   0|  0|   2|           1|           1|
    |and_ln896_6_fu_13079_p2           |       and|   0|  0|   2|           1|           1|
    |and_ln896_70_fu_16311_p2          |       and|   0|  0|   2|           1|           1|
    |and_ln896_72_fu_16412_p2          |       and|   0|  0|   2|           1|           1|
    |and_ln896_74_fu_16513_p2          |       and|   0|  0|   2|           1|           1|
    |and_ln896_76_fu_16614_p2          |       and|   0|  0|   2|           1|           1|
    |and_ln896_78_fu_16715_p2          |       and|   0|  0|   2|           1|           1|
    |and_ln896_80_fu_16816_p2          |       and|   0|  0|   2|           1|           1|
    |and_ln896_82_fu_16917_p2          |       and|   0|  0|   2|           1|           1|
    |and_ln896_84_fu_17018_p2          |       and|   0|  0|   2|           1|           1|
    |and_ln896_86_fu_17119_p2          |       and|   0|  0|   2|           1|           1|
    |and_ln896_88_fu_17220_p2          |       and|   0|  0|   2|           1|           1|
    |and_ln896_8_fu_13180_p2           |       and|   0|  0|   2|           1|           1|
    |and_ln896_90_fu_17321_p2          |       and|   0|  0|   2|           1|           1|
    |and_ln896_92_fu_17422_p2          |       and|   0|  0|   2|           1|           1|
    |and_ln896_94_fu_17523_p2          |       and|   0|  0|   2|           1|           1|
    |and_ln896_96_fu_17624_p2          |       and|   0|  0|   2|           1|           1|
    |and_ln896_98_fu_17725_p2          |       and|   0|  0|   2|           1|           1|
    |and_ln896_fu_12776_p2             |       and|   0|  0|   2|           1|           1|
    |carry_101_fu_17763_p2             |       and|   0|  0|   2|           1|           1|
    |carry_103_fu_17864_p2             |       and|   0|  0|   2|           1|           1|
    |carry_105_fu_17965_p2             |       and|   0|  0|   2|           1|           1|
    |carry_107_fu_18066_p2             |       and|   0|  0|   2|           1|           1|
    |carry_109_fu_18167_p2             |       and|   0|  0|   2|           1|           1|
    |carry_111_fu_18268_p2             |       and|   0|  0|   2|           1|           1|
    |carry_113_fu_18369_p2             |       and|   0|  0|   2|           1|           1|
    |carry_115_fu_18470_p2             |       and|   0|  0|   2|           1|           1|
    |carry_117_fu_18571_p2             |       and|   0|  0|   2|           1|           1|
    |carry_119_fu_18672_p2             |       and|   0|  0|   2|           1|           1|
    |carry_11_fu_13218_p2              |       and|   0|  0|   2|           1|           1|
    |carry_121_fu_18773_p2             |       and|   0|  0|   2|           1|           1|
    |carry_123_fu_18874_p2             |       and|   0|  0|   2|           1|           1|
    |carry_125_fu_18975_p2             |       and|   0|  0|   2|           1|           1|
    |carry_127_fu_19076_p2             |       and|   0|  0|   2|           1|           1|
    |carry_129_fu_19177_p2             |       and|   0|  0|   2|           1|           1|
    |carry_131_fu_19278_p2             |       and|   0|  0|   2|           1|           1|
    |carry_133_fu_19379_p2             |       and|   0|  0|   2|           1|           1|
    |carry_135_fu_19480_p2             |       and|   0|  0|   2|           1|           1|
    |carry_137_fu_19581_p2             |       and|   0|  0|   2|           1|           1|
    |carry_139_fu_19682_p2             |       and|   0|  0|   2|           1|           1|
    |carry_13_fu_13319_p2              |       and|   0|  0|   2|           1|           1|
    |carry_141_fu_19783_p2             |       and|   0|  0|   2|           1|           1|
    |carry_143_fu_19884_p2             |       and|   0|  0|   2|           1|           1|
    |carry_145_fu_19985_p2             |       and|   0|  0|   2|           1|           1|
    |carry_147_fu_20086_p2             |       and|   0|  0|   2|           1|           1|
    |carry_149_fu_20187_p2             |       and|   0|  0|   2|           1|           1|
    |carry_151_fu_20288_p2             |       and|   0|  0|   2|           1|           1|
    |carry_153_fu_20389_p2             |       and|   0|  0|   2|           1|           1|
    |carry_155_fu_20490_p2             |       and|   0|  0|   2|           1|           1|
    |carry_157_fu_20591_p2             |       and|   0|  0|   2|           1|           1|
    |carry_159_fu_20692_p2             |       and|   0|  0|   2|           1|           1|
    |carry_15_fu_13420_p2              |       and|   0|  0|   2|           1|           1|
    |carry_161_fu_20793_p2             |       and|   0|  0|   2|           1|           1|
    |carry_163_fu_20894_p2             |       and|   0|  0|   2|           1|           1|
    |carry_165_fu_20995_p2             |       and|   0|  0|   2|           1|           1|
    |carry_167_fu_21096_p2             |       and|   0|  0|   2|           1|           1|
    |carry_169_fu_21197_p2             |       and|   0|  0|   2|           1|           1|
    |carry_171_fu_21298_p2             |       and|   0|  0|   2|           1|           1|
    |carry_173_fu_21399_p2             |       and|   0|  0|   2|           1|           1|
    |carry_175_fu_21500_p2             |       and|   0|  0|   2|           1|           1|
    |carry_177_fu_21601_p2             |       and|   0|  0|   2|           1|           1|
    |carry_179_fu_21702_p2             |       and|   0|  0|   2|           1|           1|
    |carry_17_fu_13521_p2              |       and|   0|  0|   2|           1|           1|
    |carry_181_fu_21803_p2             |       and|   0|  0|   2|           1|           1|
    |carry_183_fu_21904_p2             |       and|   0|  0|   2|           1|           1|
    |carry_185_fu_22005_p2             |       and|   0|  0|   2|           1|           1|
    |carry_187_fu_22106_p2             |       and|   0|  0|   2|           1|           1|
    |carry_189_fu_22207_p2             |       and|   0|  0|   2|           1|           1|
    |carry_191_fu_22308_p2             |       and|   0|  0|   2|           1|           1|
    |carry_193_fu_22409_p2             |       and|   0|  0|   2|           1|           1|
    |carry_195_fu_22510_p2             |       and|   0|  0|   2|           1|           1|
    |carry_197_fu_22611_p2             |       and|   0|  0|   2|           1|           1|
    |carry_199_fu_22712_p2             |       and|   0|  0|   2|           1|           1|
    |carry_19_fu_13622_p2              |       and|   0|  0|   2|           1|           1|
    |carry_1_fu_12713_p2               |       and|   0|  0|   2|           1|           1|
    |carry_201_fu_22813_p2             |       and|   0|  0|   2|           1|           1|
    |carry_203_fu_22914_p2             |       and|   0|  0|   2|           1|           1|
    |carry_205_fu_23015_p2             |       and|   0|  0|   2|           1|           1|
    |carry_207_fu_23116_p2             |       and|   0|  0|   2|           1|           1|
    |carry_209_fu_23217_p2             |       and|   0|  0|   2|           1|           1|
    |carry_211_fu_23318_p2             |       and|   0|  0|   2|           1|           1|
    |carry_213_fu_23419_p2             |       and|   0|  0|   2|           1|           1|
    |carry_215_fu_23520_p2             |       and|   0|  0|   2|           1|           1|
    |carry_217_fu_23621_p2             |       and|   0|  0|   2|           1|           1|
    |carry_219_fu_23722_p2             |       and|   0|  0|   2|           1|           1|
    |carry_21_fu_13723_p2              |       and|   0|  0|   2|           1|           1|
    |carry_221_fu_23823_p2             |       and|   0|  0|   2|           1|           1|
    |carry_223_fu_23924_p2             |       and|   0|  0|   2|           1|           1|
    |carry_225_fu_24025_p2             |       and|   0|  0|   2|           1|           1|
    |carry_227_fu_24126_p2             |       and|   0|  0|   2|           1|           1|
    |carry_229_fu_24227_p2             |       and|   0|  0|   2|           1|           1|
    |carry_231_fu_24328_p2             |       and|   0|  0|   2|           1|           1|
    |carry_233_fu_24429_p2             |       and|   0|  0|   2|           1|           1|
    |carry_235_fu_24530_p2             |       and|   0|  0|   2|           1|           1|
    |carry_237_fu_24631_p2             |       and|   0|  0|   2|           1|           1|
    |carry_239_fu_24732_p2             |       and|   0|  0|   2|           1|           1|
    |carry_23_fu_13824_p2              |       and|   0|  0|   2|           1|           1|
    |carry_241_fu_24833_p2             |       and|   0|  0|   2|           1|           1|
    |carry_243_fu_24934_p2             |       and|   0|  0|   2|           1|           1|
    |carry_245_fu_25035_p2             |       and|   0|  0|   2|           1|           1|
    |carry_247_fu_25136_p2             |       and|   0|  0|   2|           1|           1|
    |carry_249_fu_25237_p2             |       and|   0|  0|   2|           1|           1|
    |carry_251_fu_25338_p2             |       and|   0|  0|   2|           1|           1|
    |carry_253_fu_25439_p2             |       and|   0|  0|   2|           1|           1|
    |carry_255_fu_25540_p2             |       and|   0|  0|   2|           1|           1|
    |carry_25_fu_13925_p2              |       and|   0|  0|   2|           1|           1|
    |carry_27_fu_14026_p2              |       and|   0|  0|   2|           1|           1|
    |carry_29_fu_14127_p2              |       and|   0|  0|   2|           1|           1|
    |carry_31_fu_14228_p2              |       and|   0|  0|   2|           1|           1|
    |carry_33_fu_14329_p2              |       and|   0|  0|   2|           1|           1|
    |carry_35_fu_14430_p2              |       and|   0|  0|   2|           1|           1|
    |carry_37_fu_14531_p2              |       and|   0|  0|   2|           1|           1|
    |carry_39_fu_14632_p2              |       and|   0|  0|   2|           1|           1|
    |carry_3_fu_12814_p2               |       and|   0|  0|   2|           1|           1|
    |carry_41_fu_14733_p2              |       and|   0|  0|   2|           1|           1|
    |carry_43_fu_14834_p2              |       and|   0|  0|   2|           1|           1|
    |carry_45_fu_14935_p2              |       and|   0|  0|   2|           1|           1|
    |carry_47_fu_15036_p2              |       and|   0|  0|   2|           1|           1|
    |carry_49_fu_15137_p2              |       and|   0|  0|   2|           1|           1|
    |carry_51_fu_15238_p2              |       and|   0|  0|   2|           1|           1|
    |carry_53_fu_15339_p2              |       and|   0|  0|   2|           1|           1|
    |carry_55_fu_15440_p2              |       and|   0|  0|   2|           1|           1|
    |carry_57_fu_15541_p2              |       and|   0|  0|   2|           1|           1|
    |carry_59_fu_15642_p2              |       and|   0|  0|   2|           1|           1|
    |carry_5_fu_12915_p2               |       and|   0|  0|   2|           1|           1|
    |carry_61_fu_15743_p2              |       and|   0|  0|   2|           1|           1|
    |carry_63_fu_15844_p2              |       and|   0|  0|   2|           1|           1|
    |carry_65_fu_15945_p2              |       and|   0|  0|   2|           1|           1|
    |carry_67_fu_16046_p2              |       and|   0|  0|   2|           1|           1|
    |carry_69_fu_16147_p2              |       and|   0|  0|   2|           1|           1|
    |carry_71_fu_16248_p2              |       and|   0|  0|   2|           1|           1|
    |carry_73_fu_16349_p2              |       and|   0|  0|   2|           1|           1|
    |carry_75_fu_16450_p2              |       and|   0|  0|   2|           1|           1|
    |carry_77_fu_16551_p2              |       and|   0|  0|   2|           1|           1|
    |carry_79_fu_16652_p2              |       and|   0|  0|   2|           1|           1|
    |carry_7_fu_13016_p2               |       and|   0|  0|   2|           1|           1|
    |carry_81_fu_16753_p2              |       and|   0|  0|   2|           1|           1|
    |carry_83_fu_16854_p2              |       and|   0|  0|   2|           1|           1|
    |carry_85_fu_16955_p2              |       and|   0|  0|   2|           1|           1|
    |carry_87_fu_17056_p2              |       and|   0|  0|   2|           1|           1|
    |carry_89_fu_17157_p2              |       and|   0|  0|   2|           1|           1|
    |carry_91_fu_17258_p2              |       and|   0|  0|   2|           1|           1|
    |carry_93_fu_17359_p2              |       and|   0|  0|   2|           1|           1|
    |carry_95_fu_17460_p2              |       and|   0|  0|   2|           1|           1|
    |carry_97_fu_17561_p2              |       and|   0|  0|   2|           1|           1|
    |carry_99_fu_17662_p2              |       and|   0|  0|   2|           1|           1|
    |carry_9_fu_13117_p2               |       and|   0|  0|   2|           1|           1|
    |overflow_100_fu_22858_p2          |       and|   0|  0|   2|           1|           1|
    |overflow_101_fu_22959_p2          |       and|   0|  0|   2|           1|           1|
    |overflow_102_fu_23060_p2          |       and|   0|  0|   2|           1|           1|
    |overflow_103_fu_23161_p2          |       and|   0|  0|   2|           1|           1|
    |overflow_104_fu_23262_p2          |       and|   0|  0|   2|           1|           1|
    |overflow_105_fu_23363_p2          |       and|   0|  0|   2|           1|           1|
    |overflow_106_fu_23464_p2          |       and|   0|  0|   2|           1|           1|
    |overflow_107_fu_23565_p2          |       and|   0|  0|   2|           1|           1|
    |overflow_108_fu_23666_p2          |       and|   0|  0|   2|           1|           1|
    |overflow_109_fu_23767_p2          |       and|   0|  0|   2|           1|           1|
    |overflow_10_fu_13768_p2           |       and|   0|  0|   2|           1|           1|
    |overflow_110_fu_23868_p2          |       and|   0|  0|   2|           1|           1|
    |overflow_111_fu_23969_p2          |       and|   0|  0|   2|           1|           1|
    |overflow_112_fu_24070_p2          |       and|   0|  0|   2|           1|           1|
    |overflow_113_fu_24171_p2          |       and|   0|  0|   2|           1|           1|
    |overflow_114_fu_24272_p2          |       and|   0|  0|   2|           1|           1|
    |overflow_115_fu_24373_p2          |       and|   0|  0|   2|           1|           1|
    |overflow_116_fu_24474_p2          |       and|   0|  0|   2|           1|           1|
    |overflow_117_fu_24575_p2          |       and|   0|  0|   2|           1|           1|
    |overflow_118_fu_24676_p2          |       and|   0|  0|   2|           1|           1|
    |overflow_119_fu_24777_p2          |       and|   0|  0|   2|           1|           1|
    |overflow_11_fu_13869_p2           |       and|   0|  0|   2|           1|           1|
    |overflow_120_fu_24878_p2          |       and|   0|  0|   2|           1|           1|
    |overflow_121_fu_24979_p2          |       and|   0|  0|   2|           1|           1|
    |overflow_122_fu_25080_p2          |       and|   0|  0|   2|           1|           1|
    |overflow_123_fu_25181_p2          |       and|   0|  0|   2|           1|           1|
    |overflow_124_fu_25282_p2          |       and|   0|  0|   2|           1|           1|
    |overflow_125_fu_25383_p2          |       and|   0|  0|   2|           1|           1|
    |overflow_126_fu_25484_p2          |       and|   0|  0|   2|           1|           1|
    |overflow_127_fu_25585_p2          |       and|   0|  0|   2|           1|           1|
    |overflow_12_fu_13970_p2           |       and|   0|  0|   2|           1|           1|
    |overflow_13_fu_14071_p2           |       and|   0|  0|   2|           1|           1|
    |overflow_14_fu_14172_p2           |       and|   0|  0|   2|           1|           1|
    |overflow_15_fu_14273_p2           |       and|   0|  0|   2|           1|           1|
    |overflow_16_fu_14374_p2           |       and|   0|  0|   2|           1|           1|
    |overflow_17_fu_14475_p2           |       and|   0|  0|   2|           1|           1|
    |overflow_18_fu_14576_p2           |       and|   0|  0|   2|           1|           1|
    |overflow_19_fu_14677_p2           |       and|   0|  0|   2|           1|           1|
    |overflow_1_fu_12859_p2            |       and|   0|  0|   2|           1|           1|
    |overflow_20_fu_14778_p2           |       and|   0|  0|   2|           1|           1|
    |overflow_21_fu_14879_p2           |       and|   0|  0|   2|           1|           1|
    |overflow_22_fu_14980_p2           |       and|   0|  0|   2|           1|           1|
    |overflow_23_fu_15081_p2           |       and|   0|  0|   2|           1|           1|
    |overflow_24_fu_15182_p2           |       and|   0|  0|   2|           1|           1|
    |overflow_25_fu_15283_p2           |       and|   0|  0|   2|           1|           1|
    |overflow_26_fu_15384_p2           |       and|   0|  0|   2|           1|           1|
    |overflow_27_fu_15485_p2           |       and|   0|  0|   2|           1|           1|
    |overflow_28_fu_15586_p2           |       and|   0|  0|   2|           1|           1|
    |overflow_29_fu_15687_p2           |       and|   0|  0|   2|           1|           1|
    |overflow_2_fu_12960_p2            |       and|   0|  0|   2|           1|           1|
    |overflow_30_fu_15788_p2           |       and|   0|  0|   2|           1|           1|
    |overflow_31_fu_15889_p2           |       and|   0|  0|   2|           1|           1|
    |overflow_32_fu_15990_p2           |       and|   0|  0|   2|           1|           1|
    |overflow_33_fu_16091_p2           |       and|   0|  0|   2|           1|           1|
    |overflow_34_fu_16192_p2           |       and|   0|  0|   2|           1|           1|
    |overflow_35_fu_16293_p2           |       and|   0|  0|   2|           1|           1|
    |overflow_36_fu_16394_p2           |       and|   0|  0|   2|           1|           1|
    |overflow_37_fu_16495_p2           |       and|   0|  0|   2|           1|           1|
    |overflow_38_fu_16596_p2           |       and|   0|  0|   2|           1|           1|
    |overflow_39_fu_16697_p2           |       and|   0|  0|   2|           1|           1|
    |overflow_3_fu_13061_p2            |       and|   0|  0|   2|           1|           1|
    |overflow_40_fu_16798_p2           |       and|   0|  0|   2|           1|           1|
    |overflow_41_fu_16899_p2           |       and|   0|  0|   2|           1|           1|
    |overflow_42_fu_17000_p2           |       and|   0|  0|   2|           1|           1|
    |overflow_43_fu_17101_p2           |       and|   0|  0|   2|           1|           1|
    |overflow_44_fu_17202_p2           |       and|   0|  0|   2|           1|           1|
    |overflow_45_fu_17303_p2           |       and|   0|  0|   2|           1|           1|
    |overflow_46_fu_17404_p2           |       and|   0|  0|   2|           1|           1|
    |overflow_47_fu_17505_p2           |       and|   0|  0|   2|           1|           1|
    |overflow_48_fu_17606_p2           |       and|   0|  0|   2|           1|           1|
    |overflow_49_fu_17707_p2           |       and|   0|  0|   2|           1|           1|
    |overflow_4_fu_13162_p2            |       and|   0|  0|   2|           1|           1|
    |overflow_50_fu_17808_p2           |       and|   0|  0|   2|           1|           1|
    |overflow_51_fu_17909_p2           |       and|   0|  0|   2|           1|           1|
    |overflow_52_fu_18010_p2           |       and|   0|  0|   2|           1|           1|
    |overflow_53_fu_18111_p2           |       and|   0|  0|   2|           1|           1|
    |overflow_54_fu_18212_p2           |       and|   0|  0|   2|           1|           1|
    |overflow_55_fu_18313_p2           |       and|   0|  0|   2|           1|           1|
    |overflow_56_fu_18414_p2           |       and|   0|  0|   2|           1|           1|
    |overflow_57_fu_18515_p2           |       and|   0|  0|   2|           1|           1|
    |overflow_58_fu_18616_p2           |       and|   0|  0|   2|           1|           1|
    |overflow_59_fu_18717_p2           |       and|   0|  0|   2|           1|           1|
    |overflow_5_fu_13263_p2            |       and|   0|  0|   2|           1|           1|
    |overflow_60_fu_18818_p2           |       and|   0|  0|   2|           1|           1|
    |overflow_61_fu_18919_p2           |       and|   0|  0|   2|           1|           1|
    |overflow_62_fu_19020_p2           |       and|   0|  0|   2|           1|           1|
    |overflow_63_fu_19121_p2           |       and|   0|  0|   2|           1|           1|
    |overflow_64_fu_19222_p2           |       and|   0|  0|   2|           1|           1|
    |overflow_65_fu_19323_p2           |       and|   0|  0|   2|           1|           1|
    |overflow_66_fu_19424_p2           |       and|   0|  0|   2|           1|           1|
    |overflow_67_fu_19525_p2           |       and|   0|  0|   2|           1|           1|
    |overflow_68_fu_19626_p2           |       and|   0|  0|   2|           1|           1|
    |overflow_69_fu_19727_p2           |       and|   0|  0|   2|           1|           1|
    |overflow_6_fu_13364_p2            |       and|   0|  0|   2|           1|           1|
    |overflow_70_fu_19828_p2           |       and|   0|  0|   2|           1|           1|
    |overflow_71_fu_19929_p2           |       and|   0|  0|   2|           1|           1|
    |overflow_72_fu_20030_p2           |       and|   0|  0|   2|           1|           1|
    |overflow_73_fu_20131_p2           |       and|   0|  0|   2|           1|           1|
    |overflow_74_fu_20232_p2           |       and|   0|  0|   2|           1|           1|
    |overflow_75_fu_20333_p2           |       and|   0|  0|   2|           1|           1|
    |overflow_76_fu_20434_p2           |       and|   0|  0|   2|           1|           1|
    |overflow_77_fu_20535_p2           |       and|   0|  0|   2|           1|           1|
    |overflow_78_fu_20636_p2           |       and|   0|  0|   2|           1|           1|
    |overflow_79_fu_20737_p2           |       and|   0|  0|   2|           1|           1|
    |overflow_7_fu_13465_p2            |       and|   0|  0|   2|           1|           1|
    |overflow_80_fu_20838_p2           |       and|   0|  0|   2|           1|           1|
    |overflow_81_fu_20939_p2           |       and|   0|  0|   2|           1|           1|
    |overflow_82_fu_21040_p2           |       and|   0|  0|   2|           1|           1|
    |overflow_83_fu_21141_p2           |       and|   0|  0|   2|           1|           1|
    |overflow_84_fu_21242_p2           |       and|   0|  0|   2|           1|           1|
    |overflow_85_fu_21343_p2           |       and|   0|  0|   2|           1|           1|
    |overflow_86_fu_21444_p2           |       and|   0|  0|   2|           1|           1|
    |overflow_87_fu_21545_p2           |       and|   0|  0|   2|           1|           1|
    |overflow_88_fu_21646_p2           |       and|   0|  0|   2|           1|           1|
    |overflow_89_fu_21747_p2           |       and|   0|  0|   2|           1|           1|
    |overflow_8_fu_13566_p2            |       and|   0|  0|   2|           1|           1|
    |overflow_90_fu_21848_p2           |       and|   0|  0|   2|           1|           1|
    |overflow_91_fu_21949_p2           |       and|   0|  0|   2|           1|           1|
    |overflow_92_fu_22050_p2           |       and|   0|  0|   2|           1|           1|
    |overflow_93_fu_22151_p2           |       and|   0|  0|   2|           1|           1|
    |overflow_94_fu_22252_p2           |       and|   0|  0|   2|           1|           1|
    |overflow_95_fu_22353_p2           |       and|   0|  0|   2|           1|           1|
    |overflow_96_fu_22454_p2           |       and|   0|  0|   2|           1|           1|
    |overflow_97_fu_22555_p2           |       and|   0|  0|   2|           1|           1|
    |overflow_98_fu_22656_p2           |       and|   0|  0|   2|           1|           1|
    |overflow_99_fu_22757_p2           |       and|   0|  0|   2|           1|           1|
    |overflow_9_fu_13667_p2            |       and|   0|  0|   2|           1|           1|
    |overflow_fu_12758_p2              |       and|   0|  0|   2|           1|           1|
    |underflow_100_fu_22882_p2         |       and|   0|  0|   2|           1|           1|
    |underflow_101_fu_22983_p2         |       and|   0|  0|   2|           1|           1|
    |underflow_102_fu_23084_p2         |       and|   0|  0|   2|           1|           1|
    |underflow_103_fu_23185_p2         |       and|   0|  0|   2|           1|           1|
    |underflow_104_fu_23286_p2         |       and|   0|  0|   2|           1|           1|
    |underflow_105_fu_23387_p2         |       and|   0|  0|   2|           1|           1|
    |underflow_106_fu_23488_p2         |       and|   0|  0|   2|           1|           1|
    |underflow_107_fu_23589_p2         |       and|   0|  0|   2|           1|           1|
    |underflow_108_fu_23690_p2         |       and|   0|  0|   2|           1|           1|
    |underflow_109_fu_23791_p2         |       and|   0|  0|   2|           1|           1|
    |underflow_10_fu_13792_p2          |       and|   0|  0|   2|           1|           1|
    |underflow_110_fu_23892_p2         |       and|   0|  0|   2|           1|           1|
    |underflow_111_fu_23993_p2         |       and|   0|  0|   2|           1|           1|
    |underflow_112_fu_24094_p2         |       and|   0|  0|   2|           1|           1|
    |underflow_113_fu_24195_p2         |       and|   0|  0|   2|           1|           1|
    |underflow_114_fu_24296_p2         |       and|   0|  0|   2|           1|           1|
    |underflow_115_fu_24397_p2         |       and|   0|  0|   2|           1|           1|
    |underflow_116_fu_24498_p2         |       and|   0|  0|   2|           1|           1|
    |underflow_117_fu_24599_p2         |       and|   0|  0|   2|           1|           1|
    |underflow_118_fu_24700_p2         |       and|   0|  0|   2|           1|           1|
    |underflow_119_fu_24801_p2         |       and|   0|  0|   2|           1|           1|
    |underflow_11_fu_13893_p2          |       and|   0|  0|   2|           1|           1|
    |underflow_120_fu_24902_p2         |       and|   0|  0|   2|           1|           1|
    |underflow_121_fu_25003_p2         |       and|   0|  0|   2|           1|           1|
    |underflow_122_fu_25104_p2         |       and|   0|  0|   2|           1|           1|
    |underflow_123_fu_25205_p2         |       and|   0|  0|   2|           1|           1|
    |underflow_124_fu_25306_p2         |       and|   0|  0|   2|           1|           1|
    |underflow_125_fu_25407_p2         |       and|   0|  0|   2|           1|           1|
    |underflow_126_fu_25508_p2         |       and|   0|  0|   2|           1|           1|
    |underflow_127_fu_25609_p2         |       and|   0|  0|   2|           1|           1|
    |underflow_12_fu_13994_p2          |       and|   0|  0|   2|           1|           1|
    |underflow_13_fu_14095_p2          |       and|   0|  0|   2|           1|           1|
    |underflow_14_fu_14196_p2          |       and|   0|  0|   2|           1|           1|
    |underflow_15_fu_14297_p2          |       and|   0|  0|   2|           1|           1|
    |underflow_16_fu_14398_p2          |       and|   0|  0|   2|           1|           1|
    |underflow_17_fu_14499_p2          |       and|   0|  0|   2|           1|           1|
    |underflow_18_fu_14600_p2          |       and|   0|  0|   2|           1|           1|
    |underflow_19_fu_14701_p2          |       and|   0|  0|   2|           1|           1|
    |underflow_1_fu_12883_p2           |       and|   0|  0|   2|           1|           1|
    |underflow_20_fu_14802_p2          |       and|   0|  0|   2|           1|           1|
    |underflow_21_fu_14903_p2          |       and|   0|  0|   2|           1|           1|
    |underflow_22_fu_15004_p2          |       and|   0|  0|   2|           1|           1|
    |underflow_23_fu_15105_p2          |       and|   0|  0|   2|           1|           1|
    |underflow_24_fu_15206_p2          |       and|   0|  0|   2|           1|           1|
    |underflow_25_fu_15307_p2          |       and|   0|  0|   2|           1|           1|
    |underflow_26_fu_15408_p2          |       and|   0|  0|   2|           1|           1|
    |underflow_27_fu_15509_p2          |       and|   0|  0|   2|           1|           1|
    |underflow_28_fu_15610_p2          |       and|   0|  0|   2|           1|           1|
    |underflow_29_fu_15711_p2          |       and|   0|  0|   2|           1|           1|
    |underflow_2_fu_12984_p2           |       and|   0|  0|   2|           1|           1|
    |underflow_30_fu_15812_p2          |       and|   0|  0|   2|           1|           1|
    |underflow_31_fu_15913_p2          |       and|   0|  0|   2|           1|           1|
    |underflow_32_fu_16014_p2          |       and|   0|  0|   2|           1|           1|
    |underflow_33_fu_16115_p2          |       and|   0|  0|   2|           1|           1|
    |underflow_34_fu_16216_p2          |       and|   0|  0|   2|           1|           1|
    |underflow_35_fu_16317_p2          |       and|   0|  0|   2|           1|           1|
    |underflow_36_fu_16418_p2          |       and|   0|  0|   2|           1|           1|
    |underflow_37_fu_16519_p2          |       and|   0|  0|   2|           1|           1|
    |underflow_38_fu_16620_p2          |       and|   0|  0|   2|           1|           1|
    |underflow_39_fu_16721_p2          |       and|   0|  0|   2|           1|           1|
    |underflow_3_fu_13085_p2           |       and|   0|  0|   2|           1|           1|
    |underflow_40_fu_16822_p2          |       and|   0|  0|   2|           1|           1|
    |underflow_41_fu_16923_p2          |       and|   0|  0|   2|           1|           1|
    |underflow_42_fu_17024_p2          |       and|   0|  0|   2|           1|           1|
    |underflow_43_fu_17125_p2          |       and|   0|  0|   2|           1|           1|
    |underflow_44_fu_17226_p2          |       and|   0|  0|   2|           1|           1|
    |underflow_45_fu_17327_p2          |       and|   0|  0|   2|           1|           1|
    |underflow_46_fu_17428_p2          |       and|   0|  0|   2|           1|           1|
    |underflow_47_fu_17529_p2          |       and|   0|  0|   2|           1|           1|
    |underflow_48_fu_17630_p2          |       and|   0|  0|   2|           1|           1|
    |underflow_49_fu_17731_p2          |       and|   0|  0|   2|           1|           1|
    |underflow_4_fu_13186_p2           |       and|   0|  0|   2|           1|           1|
    |underflow_50_fu_17832_p2          |       and|   0|  0|   2|           1|           1|
    |underflow_51_fu_17933_p2          |       and|   0|  0|   2|           1|           1|
    |underflow_52_fu_18034_p2          |       and|   0|  0|   2|           1|           1|
    |underflow_53_fu_18135_p2          |       and|   0|  0|   2|           1|           1|
    |underflow_54_fu_18236_p2          |       and|   0|  0|   2|           1|           1|
    |underflow_55_fu_18337_p2          |       and|   0|  0|   2|           1|           1|
    |underflow_56_fu_18438_p2          |       and|   0|  0|   2|           1|           1|
    |underflow_57_fu_18539_p2          |       and|   0|  0|   2|           1|           1|
    |underflow_58_fu_18640_p2          |       and|   0|  0|   2|           1|           1|
    |underflow_59_fu_18741_p2          |       and|   0|  0|   2|           1|           1|
    |underflow_5_fu_13287_p2           |       and|   0|  0|   2|           1|           1|
    |underflow_60_fu_18842_p2          |       and|   0|  0|   2|           1|           1|
    |underflow_61_fu_18943_p2          |       and|   0|  0|   2|           1|           1|
    |underflow_62_fu_19044_p2          |       and|   0|  0|   2|           1|           1|
    |underflow_63_fu_19145_p2          |       and|   0|  0|   2|           1|           1|
    |underflow_64_fu_19246_p2          |       and|   0|  0|   2|           1|           1|
    |underflow_65_fu_19347_p2          |       and|   0|  0|   2|           1|           1|
    |underflow_66_fu_19448_p2          |       and|   0|  0|   2|           1|           1|
    |underflow_67_fu_19549_p2          |       and|   0|  0|   2|           1|           1|
    |underflow_68_fu_19650_p2          |       and|   0|  0|   2|           1|           1|
    |underflow_69_fu_19751_p2          |       and|   0|  0|   2|           1|           1|
    |underflow_6_fu_13388_p2           |       and|   0|  0|   2|           1|           1|
    |underflow_70_fu_19852_p2          |       and|   0|  0|   2|           1|           1|
    |underflow_71_fu_19953_p2          |       and|   0|  0|   2|           1|           1|
    |underflow_72_fu_20054_p2          |       and|   0|  0|   2|           1|           1|
    |underflow_73_fu_20155_p2          |       and|   0|  0|   2|           1|           1|
    |underflow_74_fu_20256_p2          |       and|   0|  0|   2|           1|           1|
    |underflow_75_fu_20357_p2          |       and|   0|  0|   2|           1|           1|
    |underflow_76_fu_20458_p2          |       and|   0|  0|   2|           1|           1|
    |underflow_77_fu_20559_p2          |       and|   0|  0|   2|           1|           1|
    |underflow_78_fu_20660_p2          |       and|   0|  0|   2|           1|           1|
    |underflow_79_fu_20761_p2          |       and|   0|  0|   2|           1|           1|
    |underflow_7_fu_13489_p2           |       and|   0|  0|   2|           1|           1|
    |underflow_80_fu_20862_p2          |       and|   0|  0|   2|           1|           1|
    |underflow_81_fu_20963_p2          |       and|   0|  0|   2|           1|           1|
    |underflow_82_fu_21064_p2          |       and|   0|  0|   2|           1|           1|
    |underflow_83_fu_21165_p2          |       and|   0|  0|   2|           1|           1|
    |underflow_84_fu_21266_p2          |       and|   0|  0|   2|           1|           1|
    |underflow_85_fu_21367_p2          |       and|   0|  0|   2|           1|           1|
    |underflow_86_fu_21468_p2          |       and|   0|  0|   2|           1|           1|
    |underflow_87_fu_21569_p2          |       and|   0|  0|   2|           1|           1|
    |underflow_88_fu_21670_p2          |       and|   0|  0|   2|           1|           1|
    |underflow_89_fu_21771_p2          |       and|   0|  0|   2|           1|           1|
    |underflow_8_fu_13590_p2           |       and|   0|  0|   2|           1|           1|
    |underflow_90_fu_21872_p2          |       and|   0|  0|   2|           1|           1|
    |underflow_91_fu_21973_p2          |       and|   0|  0|   2|           1|           1|
    |underflow_92_fu_22074_p2          |       and|   0|  0|   2|           1|           1|
    |underflow_93_fu_22175_p2          |       and|   0|  0|   2|           1|           1|
    |underflow_94_fu_22276_p2          |       and|   0|  0|   2|           1|           1|
    |underflow_95_fu_22377_p2          |       and|   0|  0|   2|           1|           1|
    |underflow_96_fu_22478_p2          |       and|   0|  0|   2|           1|           1|
    |underflow_97_fu_22579_p2          |       and|   0|  0|   2|           1|           1|
    |underflow_98_fu_22680_p2          |       and|   0|  0|   2|           1|           1|
    |underflow_99_fu_22781_p2          |       and|   0|  0|   2|           1|           1|
    |underflow_9_fu_13691_p2           |       and|   0|  0|   2|           1|           1|
    |underflow_fu_12782_p2             |       and|   0|  0|   2|           1|           1|
    |r_100_fu_5284_p2                  |      icmp|   0|  0|  10|           7|           1|
    |r_101_fu_5366_p2                  |      icmp|   0|  0|  10|           7|           1|
    |r_102_fu_5448_p2                  |      icmp|   0|  0|  10|           7|           1|
    |r_103_fu_5530_p2                  |      icmp|   0|  0|  10|           7|           1|
    |r_104_fu_5612_p2                  |      icmp|   0|  0|  10|           7|           1|
    |r_105_fu_5694_p2                  |      icmp|   0|  0|  10|           7|           1|
    |r_106_fu_5776_p2                  |      icmp|   0|  0|  10|           7|           1|
    |r_107_fu_5858_p2                  |      icmp|   0|  0|  10|           7|           1|
    |r_108_fu_5940_p2                  |      icmp|   0|  0|  10|           7|           1|
    |r_109_fu_6022_p2                  |      icmp|   0|  0|  10|           7|           1|
    |r_110_fu_6104_p2                  |      icmp|   0|  0|  10|           7|           1|
    |r_111_fu_6186_p2                  |      icmp|   0|  0|  10|           7|           1|
    |r_112_fu_6268_p2                  |      icmp|   0|  0|  10|           7|           1|
    |r_113_fu_6350_p2                  |      icmp|   0|  0|  10|           7|           1|
    |r_114_fu_6432_p2                  |      icmp|   0|  0|  10|           7|           1|
    |r_115_fu_6514_p2                  |      icmp|   0|  0|  10|           7|           1|
    |r_116_fu_6596_p2                  |      icmp|   0|  0|  10|           7|           1|
    |r_117_fu_6678_p2                  |      icmp|   0|  0|  10|           7|           1|
    |r_118_fu_6760_p2                  |      icmp|   0|  0|  10|           7|           1|
    |r_119_fu_6842_p2                  |      icmp|   0|  0|  10|           7|           1|
    |r_120_fu_6924_p2                  |      icmp|   0|  0|  10|           7|           1|
    |r_121_fu_7006_p2                  |      icmp|   0|  0|  10|           7|           1|
    |r_122_fu_7088_p2                  |      icmp|   0|  0|  10|           7|           1|
    |r_123_fu_7170_p2                  |      icmp|   0|  0|  10|           7|           1|
    |r_124_fu_7252_p2                  |      icmp|   0|  0|  10|           7|           1|
    |r_125_fu_7334_p2                  |      icmp|   0|  0|  10|           7|           1|
    |r_126_fu_7416_p2                  |      icmp|   0|  0|  10|           7|           1|
    |r_127_fu_7498_p2                  |      icmp|   0|  0|  10|           7|           1|
    |r_128_fu_7580_p2                  |      icmp|   0|  0|  10|           7|           1|
    |r_129_fu_7662_p2                  |      icmp|   0|  0|  10|           7|           1|
    |r_130_fu_7744_p2                  |      icmp|   0|  0|  10|           7|           1|
    |r_131_fu_7826_p2                  |      icmp|   0|  0|  10|           7|           1|
    |r_132_fu_7908_p2                  |      icmp|   0|  0|  10|           7|           1|
    |r_133_fu_7990_p2                  |      icmp|   0|  0|  10|           7|           1|
    |r_134_fu_8072_p2                  |      icmp|   0|  0|  10|           7|           1|
    |r_135_fu_8154_p2                  |      icmp|   0|  0|  10|           7|           1|
    |r_136_fu_8236_p2                  |      icmp|   0|  0|  10|           7|           1|
    |r_137_fu_8318_p2                  |      icmp|   0|  0|  10|           7|           1|
    |r_138_fu_8400_p2                  |      icmp|   0|  0|  10|           7|           1|
    |r_139_fu_8482_p2                  |      icmp|   0|  0|  10|           7|           1|
    |r_140_fu_8564_p2                  |      icmp|   0|  0|  10|           7|           1|
    |r_141_fu_8646_p2                  |      icmp|   0|  0|  10|           7|           1|
    |r_142_fu_8728_p2                  |      icmp|   0|  0|  10|           7|           1|
    |r_143_fu_8810_p2                  |      icmp|   0|  0|  10|           7|           1|
    |r_144_fu_8892_p2                  |      icmp|   0|  0|  10|           7|           1|
    |r_145_fu_8974_p2                  |      icmp|   0|  0|  10|           7|           1|
    |r_146_fu_9056_p2                  |      icmp|   0|  0|  10|           7|           1|
    |r_147_fu_9138_p2                  |      icmp|   0|  0|  10|           7|           1|
    |r_148_fu_9220_p2                  |      icmp|   0|  0|  10|           7|           1|
    |r_149_fu_9302_p2                  |      icmp|   0|  0|  10|           7|           1|
    |r_150_fu_9384_p2                  |      icmp|   0|  0|  10|           7|           1|
    |r_151_fu_9466_p2                  |      icmp|   0|  0|  10|           7|           1|
    |r_152_fu_9548_p2                  |      icmp|   0|  0|  10|           7|           1|
    |r_153_fu_9630_p2                  |      icmp|   0|  0|  10|           7|           1|
    |r_154_fu_9712_p2                  |      icmp|   0|  0|  10|           7|           1|
    |r_155_fu_9794_p2                  |      icmp|   0|  0|  10|           7|           1|
    |r_156_fu_9876_p2                  |      icmp|   0|  0|  10|           7|           1|
    |r_157_fu_9958_p2                  |      icmp|   0|  0|  10|           7|           1|
    |r_158_fu_10040_p2                 |      icmp|   0|  0|  10|           7|           1|
    |r_159_fu_10122_p2                 |      icmp|   0|  0|  10|           7|           1|
    |r_160_fu_10204_p2                 |      icmp|   0|  0|  10|           7|           1|
    |r_161_fu_10286_p2                 |      icmp|   0|  0|  10|           7|           1|
    |r_162_fu_10368_p2                 |      icmp|   0|  0|  10|           7|           1|
    |r_163_fu_10450_p2                 |      icmp|   0|  0|  10|           7|           1|
    |r_164_fu_10532_p2                 |      icmp|   0|  0|  10|           7|           1|
    |r_165_fu_10614_p2                 |      icmp|   0|  0|  10|           7|           1|
    |r_166_fu_10696_p2                 |      icmp|   0|  0|  10|           7|           1|
    |r_167_fu_10778_p2                 |      icmp|   0|  0|  10|           7|           1|
    |r_168_fu_10860_p2                 |      icmp|   0|  0|  10|           7|           1|
    |r_169_fu_10942_p2                 |      icmp|   0|  0|  10|           7|           1|
    |r_170_fu_11024_p2                 |      icmp|   0|  0|  10|           7|           1|
    |r_171_fu_11106_p2                 |      icmp|   0|  0|  10|           7|           1|
    |r_172_fu_11188_p2                 |      icmp|   0|  0|  10|           7|           1|
    |r_173_fu_11270_p2                 |      icmp|   0|  0|  10|           7|           1|
    |r_174_fu_11352_p2                 |      icmp|   0|  0|  10|           7|           1|
    |r_175_fu_11434_p2                 |      icmp|   0|  0|  10|           7|           1|
    |r_176_fu_11516_p2                 |      icmp|   0|  0|  10|           7|           1|
    |r_177_fu_11598_p2                 |      icmp|   0|  0|  10|           7|           1|
    |r_178_fu_11680_p2                 |      icmp|   0|  0|  10|           7|           1|
    |r_179_fu_11762_p2                 |      icmp|   0|  0|  10|           7|           1|
    |r_180_fu_11844_p2                 |      icmp|   0|  0|  10|           7|           1|
    |r_181_fu_11926_p2                 |      icmp|   0|  0|  10|           7|           1|
    |r_182_fu_12008_p2                 |      icmp|   0|  0|  10|           7|           1|
    |r_183_fu_12090_p2                 |      icmp|   0|  0|  10|           7|           1|
    |r_184_fu_12172_p2                 |      icmp|   0|  0|  10|           7|           1|
    |r_185_fu_12254_p2                 |      icmp|   0|  0|  10|           7|           1|
    |r_186_fu_12336_p2                 |      icmp|   0|  0|  10|           7|           1|
    |r_187_fu_12418_p2                 |      icmp|   0|  0|  10|           7|           1|
    |r_188_fu_12500_p2                 |      icmp|   0|  0|  10|           7|           1|
    |r_189_fu_12582_p2                 |      icmp|   0|  0|  10|           7|           1|
    |r_190_fu_12664_p2                 |      icmp|   0|  0|  10|           7|           1|
    |r_64_fu_2332_p2                   |      icmp|   0|  0|  10|           7|           1|
    |r_65_fu_2414_p2                   |      icmp|   0|  0|  10|           7|           1|
    |r_66_fu_2496_p2                   |      icmp|   0|  0|  10|           7|           1|
    |r_67_fu_2578_p2                   |      icmp|   0|  0|  10|           7|           1|
    |r_68_fu_2660_p2                   |      icmp|   0|  0|  10|           7|           1|
    |r_69_fu_2742_p2                   |      icmp|   0|  0|  10|           7|           1|
    |r_70_fu_2824_p2                   |      icmp|   0|  0|  10|           7|           1|
    |r_71_fu_2906_p2                   |      icmp|   0|  0|  10|           7|           1|
    |r_72_fu_2988_p2                   |      icmp|   0|  0|  10|           7|           1|
    |r_73_fu_3070_p2                   |      icmp|   0|  0|  10|           7|           1|
    |r_74_fu_3152_p2                   |      icmp|   0|  0|  10|           7|           1|
    |r_75_fu_3234_p2                   |      icmp|   0|  0|  10|           7|           1|
    |r_76_fu_3316_p2                   |      icmp|   0|  0|  10|           7|           1|
    |r_77_fu_3398_p2                   |      icmp|   0|  0|  10|           7|           1|
    |r_78_fu_3480_p2                   |      icmp|   0|  0|  10|           7|           1|
    |r_79_fu_3562_p2                   |      icmp|   0|  0|  10|           7|           1|
    |r_80_fu_3644_p2                   |      icmp|   0|  0|  10|           7|           1|
    |r_81_fu_3726_p2                   |      icmp|   0|  0|  10|           7|           1|
    |r_82_fu_3808_p2                   |      icmp|   0|  0|  10|           7|           1|
    |r_83_fu_3890_p2                   |      icmp|   0|  0|  10|           7|           1|
    |r_84_fu_3972_p2                   |      icmp|   0|  0|  10|           7|           1|
    |r_85_fu_4054_p2                   |      icmp|   0|  0|  10|           7|           1|
    |r_86_fu_4136_p2                   |      icmp|   0|  0|  10|           7|           1|
    |r_87_fu_4218_p2                   |      icmp|   0|  0|  10|           7|           1|
    |r_88_fu_4300_p2                   |      icmp|   0|  0|  10|           7|           1|
    |r_89_fu_4382_p2                   |      icmp|   0|  0|  10|           7|           1|
    |r_90_fu_4464_p2                   |      icmp|   0|  0|  10|           7|           1|
    |r_91_fu_4546_p2                   |      icmp|   0|  0|  10|           7|           1|
    |r_92_fu_4628_p2                   |      icmp|   0|  0|  10|           7|           1|
    |r_93_fu_4710_p2                   |      icmp|   0|  0|  10|           7|           1|
    |r_94_fu_4792_p2                   |      icmp|   0|  0|  10|           7|           1|
    |r_95_fu_4874_p2                   |      icmp|   0|  0|  10|           7|           1|
    |r_96_fu_4956_p2                   |      icmp|   0|  0|  10|           7|           1|
    |r_97_fu_5038_p2                   |      icmp|   0|  0|  10|           7|           1|
    |r_98_fu_5120_p2                   |      icmp|   0|  0|  10|           7|           1|
    |r_99_fu_5202_p2                   |      icmp|   0|  0|  10|           7|           1|
    |r_fu_2250_p2                      |      icmp|   0|  0|  10|           7|           1|
    |ap_block_state1                   |        or|   0|  0|   2|           1|           1|
    |ap_block_state2                   |        or|   0|  0|   2|           1|           1|
    |or_ln346_100_fu_22895_p2          |        or|   0|  0|   2|           1|           1|
    |or_ln346_101_fu_22996_p2          |        or|   0|  0|   2|           1|           1|
    |or_ln346_102_fu_23097_p2          |        or|   0|  0|   2|           1|           1|
    |or_ln346_103_fu_23198_p2          |        or|   0|  0|   2|           1|           1|
    |or_ln346_104_fu_23299_p2          |        or|   0|  0|   2|           1|           1|
    |or_ln346_105_fu_23400_p2          |        or|   0|  0|   2|           1|           1|
    |or_ln346_106_fu_23501_p2          |        or|   0|  0|   2|           1|           1|
    |or_ln346_107_fu_23602_p2          |        or|   0|  0|   2|           1|           1|
    |or_ln346_108_fu_23703_p2          |        or|   0|  0|   2|           1|           1|
    |or_ln346_109_fu_23804_p2          |        or|   0|  0|   2|           1|           1|
    |or_ln346_10_fu_13805_p2           |        or|   0|  0|   2|           1|           1|
    |or_ln346_110_fu_23905_p2          |        or|   0|  0|   2|           1|           1|
    |or_ln346_111_fu_24006_p2          |        or|   0|  0|   2|           1|           1|
    |or_ln346_112_fu_24107_p2          |        or|   0|  0|   2|           1|           1|
    |or_ln346_113_fu_24208_p2          |        or|   0|  0|   2|           1|           1|
    |or_ln346_114_fu_24309_p2          |        or|   0|  0|   2|           1|           1|
    |or_ln346_115_fu_24410_p2          |        or|   0|  0|   2|           1|           1|
    |or_ln346_116_fu_24511_p2          |        or|   0|  0|   2|           1|           1|
    |or_ln346_117_fu_24612_p2          |        or|   0|  0|   2|           1|           1|
    |or_ln346_118_fu_24713_p2          |        or|   0|  0|   2|           1|           1|
    |or_ln346_119_fu_24814_p2          |        or|   0|  0|   2|           1|           1|
    |or_ln346_11_fu_13906_p2           |        or|   0|  0|   2|           1|           1|
    |or_ln346_120_fu_24915_p2          |        or|   0|  0|   2|           1|           1|
    |or_ln346_121_fu_25016_p2          |        or|   0|  0|   2|           1|           1|
    |or_ln346_122_fu_25117_p2          |        or|   0|  0|   2|           1|           1|
    |or_ln346_123_fu_25218_p2          |        or|   0|  0|   2|           1|           1|
    |or_ln346_124_fu_25319_p2          |        or|   0|  0|   2|           1|           1|
    |or_ln346_125_fu_25420_p2          |        or|   0|  0|   2|           1|           1|
    |or_ln346_126_fu_25521_p2          |        or|   0|  0|   2|           1|           1|
    |or_ln346_127_fu_25622_p2          |        or|   0|  0|   2|           1|           1|
    |or_ln346_12_fu_14007_p2           |        or|   0|  0|   2|           1|           1|
    |or_ln346_13_fu_14108_p2           |        or|   0|  0|   2|           1|           1|
    |or_ln346_14_fu_14209_p2           |        or|   0|  0|   2|           1|           1|
    |or_ln346_15_fu_14310_p2           |        or|   0|  0|   2|           1|           1|
    |or_ln346_16_fu_14411_p2           |        or|   0|  0|   2|           1|           1|
    |or_ln346_17_fu_14512_p2           |        or|   0|  0|   2|           1|           1|
    |or_ln346_18_fu_14613_p2           |        or|   0|  0|   2|           1|           1|
    |or_ln346_19_fu_14714_p2           |        or|   0|  0|   2|           1|           1|
    |or_ln346_1_fu_12896_p2            |        or|   0|  0|   2|           1|           1|
    |or_ln346_20_fu_14815_p2           |        or|   0|  0|   2|           1|           1|
    |or_ln346_21_fu_14916_p2           |        or|   0|  0|   2|           1|           1|
    |or_ln346_22_fu_15017_p2           |        or|   0|  0|   2|           1|           1|
    |or_ln346_23_fu_15118_p2           |        or|   0|  0|   2|           1|           1|
    |or_ln346_24_fu_15219_p2           |        or|   0|  0|   2|           1|           1|
    |or_ln346_25_fu_15320_p2           |        or|   0|  0|   2|           1|           1|
    |or_ln346_26_fu_15421_p2           |        or|   0|  0|   2|           1|           1|
    |or_ln346_27_fu_15522_p2           |        or|   0|  0|   2|           1|           1|
    |or_ln346_28_fu_15623_p2           |        or|   0|  0|   2|           1|           1|
    |or_ln346_29_fu_15724_p2           |        or|   0|  0|   2|           1|           1|
    |or_ln346_2_fu_12997_p2            |        or|   0|  0|   2|           1|           1|
    |or_ln346_30_fu_15825_p2           |        or|   0|  0|   2|           1|           1|
    |or_ln346_31_fu_15926_p2           |        or|   0|  0|   2|           1|           1|
    |or_ln346_32_fu_16027_p2           |        or|   0|  0|   2|           1|           1|
    |or_ln346_33_fu_16128_p2           |        or|   0|  0|   2|           1|           1|
    |or_ln346_34_fu_16229_p2           |        or|   0|  0|   2|           1|           1|
    |or_ln346_35_fu_16330_p2           |        or|   0|  0|   2|           1|           1|
    |or_ln346_36_fu_16431_p2           |        or|   0|  0|   2|           1|           1|
    |or_ln346_37_fu_16532_p2           |        or|   0|  0|   2|           1|           1|
    |or_ln346_38_fu_16633_p2           |        or|   0|  0|   2|           1|           1|
    |or_ln346_39_fu_16734_p2           |        or|   0|  0|   2|           1|           1|
    |or_ln346_3_fu_13098_p2            |        or|   0|  0|   2|           1|           1|
    |or_ln346_40_fu_16835_p2           |        or|   0|  0|   2|           1|           1|
    |or_ln346_41_fu_16936_p2           |        or|   0|  0|   2|           1|           1|
    |or_ln346_42_fu_17037_p2           |        or|   0|  0|   2|           1|           1|
    |or_ln346_43_fu_17138_p2           |        or|   0|  0|   2|           1|           1|
    |or_ln346_44_fu_17239_p2           |        or|   0|  0|   2|           1|           1|
    |or_ln346_45_fu_17340_p2           |        or|   0|  0|   2|           1|           1|
    |or_ln346_46_fu_17441_p2           |        or|   0|  0|   2|           1|           1|
    |or_ln346_47_fu_17542_p2           |        or|   0|  0|   2|           1|           1|
    |or_ln346_48_fu_17643_p2           |        or|   0|  0|   2|           1|           1|
    |or_ln346_49_fu_17744_p2           |        or|   0|  0|   2|           1|           1|
    |or_ln346_4_fu_13199_p2            |        or|   0|  0|   2|           1|           1|
    |or_ln346_50_fu_17845_p2           |        or|   0|  0|   2|           1|           1|
    |or_ln346_51_fu_17946_p2           |        or|   0|  0|   2|           1|           1|
    |or_ln346_52_fu_18047_p2           |        or|   0|  0|   2|           1|           1|
    |or_ln346_53_fu_18148_p2           |        or|   0|  0|   2|           1|           1|
    |or_ln346_54_fu_18249_p2           |        or|   0|  0|   2|           1|           1|
    |or_ln346_55_fu_18350_p2           |        or|   0|  0|   2|           1|           1|
    |or_ln346_56_fu_18451_p2           |        or|   0|  0|   2|           1|           1|
    |or_ln346_57_fu_18552_p2           |        or|   0|  0|   2|           1|           1|
    |or_ln346_58_fu_18653_p2           |        or|   0|  0|   2|           1|           1|
    |or_ln346_59_fu_18754_p2           |        or|   0|  0|   2|           1|           1|
    |or_ln346_5_fu_13300_p2            |        or|   0|  0|   2|           1|           1|
    |or_ln346_60_fu_18855_p2           |        or|   0|  0|   2|           1|           1|
    |or_ln346_61_fu_18956_p2           |        or|   0|  0|   2|           1|           1|
    |or_ln346_62_fu_19057_p2           |        or|   0|  0|   2|           1|           1|
    |or_ln346_63_fu_19158_p2           |        or|   0|  0|   2|           1|           1|
    |or_ln346_64_fu_19259_p2           |        or|   0|  0|   2|           1|           1|
    |or_ln346_65_fu_19360_p2           |        or|   0|  0|   2|           1|           1|
    |or_ln346_66_fu_19461_p2           |        or|   0|  0|   2|           1|           1|
    |or_ln346_67_fu_19562_p2           |        or|   0|  0|   2|           1|           1|
    |or_ln346_68_fu_19663_p2           |        or|   0|  0|   2|           1|           1|
    |or_ln346_69_fu_19764_p2           |        or|   0|  0|   2|           1|           1|
    |or_ln346_6_fu_13401_p2            |        or|   0|  0|   2|           1|           1|
    |or_ln346_70_fu_19865_p2           |        or|   0|  0|   2|           1|           1|
    |or_ln346_71_fu_19966_p2           |        or|   0|  0|   2|           1|           1|
    |or_ln346_72_fu_20067_p2           |        or|   0|  0|   2|           1|           1|
    |or_ln346_73_fu_20168_p2           |        or|   0|  0|   2|           1|           1|
    |or_ln346_74_fu_20269_p2           |        or|   0|  0|   2|           1|           1|
    |or_ln346_75_fu_20370_p2           |        or|   0|  0|   2|           1|           1|
    |or_ln346_76_fu_20471_p2           |        or|   0|  0|   2|           1|           1|
    |or_ln346_77_fu_20572_p2           |        or|   0|  0|   2|           1|           1|
    |or_ln346_78_fu_20673_p2           |        or|   0|  0|   2|           1|           1|
    |or_ln346_79_fu_20774_p2           |        or|   0|  0|   2|           1|           1|
    |or_ln346_7_fu_13502_p2            |        or|   0|  0|   2|           1|           1|
    |or_ln346_80_fu_20875_p2           |        or|   0|  0|   2|           1|           1|
    |or_ln346_81_fu_20976_p2           |        or|   0|  0|   2|           1|           1|
    |or_ln346_82_fu_21077_p2           |        or|   0|  0|   2|           1|           1|
    |or_ln346_83_fu_21178_p2           |        or|   0|  0|   2|           1|           1|
    |or_ln346_84_fu_21279_p2           |        or|   0|  0|   2|           1|           1|
    |or_ln346_85_fu_21380_p2           |        or|   0|  0|   2|           1|           1|
    |or_ln346_86_fu_21481_p2           |        or|   0|  0|   2|           1|           1|
    |or_ln346_87_fu_21582_p2           |        or|   0|  0|   2|           1|           1|
    |or_ln346_88_fu_21683_p2           |        or|   0|  0|   2|           1|           1|
    |or_ln346_89_fu_21784_p2           |        or|   0|  0|   2|           1|           1|
    |or_ln346_8_fu_13603_p2            |        or|   0|  0|   2|           1|           1|
    |or_ln346_90_fu_21885_p2           |        or|   0|  0|   2|           1|           1|
    |or_ln346_91_fu_21986_p2           |        or|   0|  0|   2|           1|           1|
    |or_ln346_92_fu_22087_p2           |        or|   0|  0|   2|           1|           1|
    |or_ln346_93_fu_22188_p2           |        or|   0|  0|   2|           1|           1|
    |or_ln346_94_fu_22289_p2           |        or|   0|  0|   2|           1|           1|
    |or_ln346_95_fu_22390_p2           |        or|   0|  0|   2|           1|           1|
    |or_ln346_96_fu_22491_p2           |        or|   0|  0|   2|           1|           1|
    |or_ln346_97_fu_22592_p2           |        or|   0|  0|   2|           1|           1|
    |or_ln346_98_fu_22693_p2           |        or|   0|  0|   2|           1|           1|
    |or_ln346_99_fu_22794_p2           |        or|   0|  0|   2|           1|           1|
    |or_ln346_9_fu_13704_p2            |        or|   0|  0|   2|           1|           1|
    |or_ln346_fu_12795_p2              |        or|   0|  0|   2|           1|           1|
    |or_ln374_100_fu_5298_p2           |        or|   0|  0|   2|           1|           1|
    |or_ln374_101_fu_5380_p2           |        or|   0|  0|   2|           1|           1|
    |or_ln374_102_fu_5462_p2           |        or|   0|  0|   2|           1|           1|
    |or_ln374_103_fu_5544_p2           |        or|   0|  0|   2|           1|           1|
    |or_ln374_104_fu_5626_p2           |        or|   0|  0|   2|           1|           1|
    |or_ln374_105_fu_5708_p2           |        or|   0|  0|   2|           1|           1|
    |or_ln374_106_fu_5790_p2           |        or|   0|  0|   2|           1|           1|
    |or_ln374_107_fu_5872_p2           |        or|   0|  0|   2|           1|           1|
    |or_ln374_108_fu_5954_p2           |        or|   0|  0|   2|           1|           1|
    |or_ln374_109_fu_6036_p2           |        or|   0|  0|   2|           1|           1|
    |or_ln374_110_fu_6118_p2           |        or|   0|  0|   2|           1|           1|
    |or_ln374_111_fu_6200_p2           |        or|   0|  0|   2|           1|           1|
    |or_ln374_112_fu_6282_p2           |        or|   0|  0|   2|           1|           1|
    |or_ln374_113_fu_6364_p2           |        or|   0|  0|   2|           1|           1|
    |or_ln374_114_fu_6446_p2           |        or|   0|  0|   2|           1|           1|
    |or_ln374_115_fu_6528_p2           |        or|   0|  0|   2|           1|           1|
    |or_ln374_116_fu_6610_p2           |        or|   0|  0|   2|           1|           1|
    |or_ln374_117_fu_6692_p2           |        or|   0|  0|   2|           1|           1|
    |or_ln374_118_fu_6774_p2           |        or|   0|  0|   2|           1|           1|
    |or_ln374_119_fu_6856_p2           |        or|   0|  0|   2|           1|           1|
    |or_ln374_120_fu_6938_p2           |        or|   0|  0|   2|           1|           1|
    |or_ln374_121_fu_7020_p2           |        or|   0|  0|   2|           1|           1|
    |or_ln374_122_fu_7102_p2           |        or|   0|  0|   2|           1|           1|
    |or_ln374_123_fu_7184_p2           |        or|   0|  0|   2|           1|           1|
    |or_ln374_124_fu_7266_p2           |        or|   0|  0|   2|           1|           1|
    |or_ln374_125_fu_7348_p2           |        or|   0|  0|   2|           1|           1|
    |or_ln374_126_fu_7430_p2           |        or|   0|  0|   2|           1|           1|
    |or_ln374_127_fu_7512_p2           |        or|   0|  0|   2|           1|           1|
    |or_ln374_128_fu_7594_p2           |        or|   0|  0|   2|           1|           1|
    |or_ln374_129_fu_7676_p2           |        or|   0|  0|   2|           1|           1|
    |or_ln374_130_fu_7758_p2           |        or|   0|  0|   2|           1|           1|
    |or_ln374_131_fu_7840_p2           |        or|   0|  0|   2|           1|           1|
    |or_ln374_132_fu_7922_p2           |        or|   0|  0|   2|           1|           1|
    |or_ln374_133_fu_8004_p2           |        or|   0|  0|   2|           1|           1|
    |or_ln374_134_fu_8086_p2           |        or|   0|  0|   2|           1|           1|
    |or_ln374_135_fu_8168_p2           |        or|   0|  0|   2|           1|           1|
    |or_ln374_136_fu_8250_p2           |        or|   0|  0|   2|           1|           1|
    |or_ln374_137_fu_8332_p2           |        or|   0|  0|   2|           1|           1|
    |or_ln374_138_fu_8414_p2           |        or|   0|  0|   2|           1|           1|
    |or_ln374_139_fu_8496_p2           |        or|   0|  0|   2|           1|           1|
    |or_ln374_140_fu_8578_p2           |        or|   0|  0|   2|           1|           1|
    |or_ln374_141_fu_8660_p2           |        or|   0|  0|   2|           1|           1|
    |or_ln374_142_fu_8742_p2           |        or|   0|  0|   2|           1|           1|
    |or_ln374_143_fu_8824_p2           |        or|   0|  0|   2|           1|           1|
    |or_ln374_144_fu_8906_p2           |        or|   0|  0|   2|           1|           1|
    |or_ln374_145_fu_8988_p2           |        or|   0|  0|   2|           1|           1|
    |or_ln374_146_fu_9070_p2           |        or|   0|  0|   2|           1|           1|
    |or_ln374_147_fu_9152_p2           |        or|   0|  0|   2|           1|           1|
    |or_ln374_148_fu_9234_p2           |        or|   0|  0|   2|           1|           1|
    |or_ln374_149_fu_9316_p2           |        or|   0|  0|   2|           1|           1|
    |or_ln374_150_fu_9398_p2           |        or|   0|  0|   2|           1|           1|
    |or_ln374_151_fu_9480_p2           |        or|   0|  0|   2|           1|           1|
    |or_ln374_152_fu_9562_p2           |        or|   0|  0|   2|           1|           1|
    |or_ln374_153_fu_9644_p2           |        or|   0|  0|   2|           1|           1|
    |or_ln374_154_fu_9726_p2           |        or|   0|  0|   2|           1|           1|
    |or_ln374_155_fu_9808_p2           |        or|   0|  0|   2|           1|           1|
    |or_ln374_156_fu_9890_p2           |        or|   0|  0|   2|           1|           1|
    |or_ln374_157_fu_9972_p2           |        or|   0|  0|   2|           1|           1|
    |or_ln374_158_fu_10054_p2          |        or|   0|  0|   2|           1|           1|
    |or_ln374_159_fu_10136_p2          |        or|   0|  0|   2|           1|           1|
    |or_ln374_160_fu_10218_p2          |        or|   0|  0|   2|           1|           1|
    |or_ln374_161_fu_10300_p2          |        or|   0|  0|   2|           1|           1|
    |or_ln374_162_fu_10382_p2          |        or|   0|  0|   2|           1|           1|
    |or_ln374_163_fu_10464_p2          |        or|   0|  0|   2|           1|           1|
    |or_ln374_164_fu_10546_p2          |        or|   0|  0|   2|           1|           1|
    |or_ln374_165_fu_10628_p2          |        or|   0|  0|   2|           1|           1|
    |or_ln374_166_fu_10710_p2          |        or|   0|  0|   2|           1|           1|
    |or_ln374_167_fu_10792_p2          |        or|   0|  0|   2|           1|           1|
    |or_ln374_168_fu_10874_p2          |        or|   0|  0|   2|           1|           1|
    |or_ln374_169_fu_10956_p2          |        or|   0|  0|   2|           1|           1|
    |or_ln374_170_fu_11038_p2          |        or|   0|  0|   2|           1|           1|
    |or_ln374_171_fu_11120_p2          |        or|   0|  0|   2|           1|           1|
    |or_ln374_172_fu_11202_p2          |        or|   0|  0|   2|           1|           1|
    |or_ln374_173_fu_11284_p2          |        or|   0|  0|   2|           1|           1|
    |or_ln374_174_fu_11366_p2          |        or|   0|  0|   2|           1|           1|
    |or_ln374_175_fu_11448_p2          |        or|   0|  0|   2|           1|           1|
    |or_ln374_176_fu_11530_p2          |        or|   0|  0|   2|           1|           1|
    |or_ln374_177_fu_11612_p2          |        or|   0|  0|   2|           1|           1|
    |or_ln374_178_fu_11694_p2          |        or|   0|  0|   2|           1|           1|
    |or_ln374_179_fu_11776_p2          |        or|   0|  0|   2|           1|           1|
    |or_ln374_180_fu_11858_p2          |        or|   0|  0|   2|           1|           1|
    |or_ln374_181_fu_11940_p2          |        or|   0|  0|   2|           1|           1|
    |or_ln374_182_fu_12022_p2          |        or|   0|  0|   2|           1|           1|
    |or_ln374_183_fu_12104_p2          |        or|   0|  0|   2|           1|           1|
    |or_ln374_184_fu_12186_p2          |        or|   0|  0|   2|           1|           1|
    |or_ln374_185_fu_12268_p2          |        or|   0|  0|   2|           1|           1|
    |or_ln374_186_fu_12350_p2          |        or|   0|  0|   2|           1|           1|
    |or_ln374_187_fu_12432_p2          |        or|   0|  0|   2|           1|           1|
    |or_ln374_188_fu_12514_p2          |        or|   0|  0|   2|           1|           1|
    |or_ln374_189_fu_12596_p2          |        or|   0|  0|   2|           1|           1|
    |or_ln374_190_fu_12678_p2          |        or|   0|  0|   2|           1|           1|
    |or_ln374_64_fu_2346_p2            |        or|   0|  0|   2|           1|           1|
    |or_ln374_65_fu_2428_p2            |        or|   0|  0|   2|           1|           1|
    |or_ln374_66_fu_2510_p2            |        or|   0|  0|   2|           1|           1|
    |or_ln374_67_fu_2592_p2            |        or|   0|  0|   2|           1|           1|
    |or_ln374_68_fu_2674_p2            |        or|   0|  0|   2|           1|           1|
    |or_ln374_69_fu_2756_p2            |        or|   0|  0|   2|           1|           1|
    |or_ln374_70_fu_2838_p2            |        or|   0|  0|   2|           1|           1|
    |or_ln374_71_fu_2920_p2            |        or|   0|  0|   2|           1|           1|
    |or_ln374_72_fu_3002_p2            |        or|   0|  0|   2|           1|           1|
    |or_ln374_73_fu_3084_p2            |        or|   0|  0|   2|           1|           1|
    |or_ln374_74_fu_3166_p2            |        or|   0|  0|   2|           1|           1|
    |or_ln374_75_fu_3248_p2            |        or|   0|  0|   2|           1|           1|
    |or_ln374_76_fu_3330_p2            |        or|   0|  0|   2|           1|           1|
    |or_ln374_77_fu_3412_p2            |        or|   0|  0|   2|           1|           1|
    |or_ln374_78_fu_3494_p2            |        or|   0|  0|   2|           1|           1|
    |or_ln374_79_fu_3576_p2            |        or|   0|  0|   2|           1|           1|
    |or_ln374_80_fu_3658_p2            |        or|   0|  0|   2|           1|           1|
    |or_ln374_81_fu_3740_p2            |        or|   0|  0|   2|           1|           1|
    |or_ln374_82_fu_3822_p2            |        or|   0|  0|   2|           1|           1|
    |or_ln374_83_fu_3904_p2            |        or|   0|  0|   2|           1|           1|
    |or_ln374_84_fu_3986_p2            |        or|   0|  0|   2|           1|           1|
    |or_ln374_85_fu_4068_p2            |        or|   0|  0|   2|           1|           1|
    |or_ln374_86_fu_4150_p2            |        or|   0|  0|   2|           1|           1|
    |or_ln374_87_fu_4232_p2            |        or|   0|  0|   2|           1|           1|
    |or_ln374_88_fu_4314_p2            |        or|   0|  0|   2|           1|           1|
    |or_ln374_89_fu_4396_p2            |        or|   0|  0|   2|           1|           1|
    |or_ln374_90_fu_4478_p2            |        or|   0|  0|   2|           1|           1|
    |or_ln374_91_fu_4560_p2            |        or|   0|  0|   2|           1|           1|
    |or_ln374_92_fu_4642_p2            |        or|   0|  0|   2|           1|           1|
    |or_ln374_93_fu_4724_p2            |        or|   0|  0|   2|           1|           1|
    |or_ln374_94_fu_4806_p2            |        or|   0|  0|   2|           1|           1|
    |or_ln374_95_fu_4888_p2            |        or|   0|  0|   2|           1|           1|
    |or_ln374_96_fu_4970_p2            |        or|   0|  0|   2|           1|           1|
    |or_ln374_97_fu_5052_p2            |        or|   0|  0|   2|           1|           1|
    |or_ln374_98_fu_5134_p2            |        or|   0|  0|   2|           1|           1|
    |or_ln374_99_fu_5216_p2            |        or|   0|  0|   2|           1|           1|
    |or_ln374_fu_2264_p2               |        or|   0|  0|   2|           1|           1|
    |or_ln891_100_fu_22842_p2          |        or|   0|  0|   2|           1|           1|
    |or_ln891_101_fu_22943_p2          |        or|   0|  0|   2|           1|           1|
    |or_ln891_102_fu_23044_p2          |        or|   0|  0|   2|           1|           1|
    |or_ln891_103_fu_23145_p2          |        or|   0|  0|   2|           1|           1|
    |or_ln891_104_fu_23246_p2          |        or|   0|  0|   2|           1|           1|
    |or_ln891_105_fu_23347_p2          |        or|   0|  0|   2|           1|           1|
    |or_ln891_106_fu_23448_p2          |        or|   0|  0|   2|           1|           1|
    |or_ln891_107_fu_23549_p2          |        or|   0|  0|   2|           1|           1|
    |or_ln891_108_fu_23650_p2          |        or|   0|  0|   2|           1|           1|
    |or_ln891_109_fu_23751_p2          |        or|   0|  0|   2|           1|           1|
    |or_ln891_10_fu_13752_p2           |        or|   0|  0|   2|           1|           1|
    |or_ln891_110_fu_23852_p2          |        or|   0|  0|   2|           1|           1|
    |or_ln891_111_fu_23953_p2          |        or|   0|  0|   2|           1|           1|
    |or_ln891_112_fu_24054_p2          |        or|   0|  0|   2|           1|           1|
    |or_ln891_113_fu_24155_p2          |        or|   0|  0|   2|           1|           1|
    |or_ln891_114_fu_24256_p2          |        or|   0|  0|   2|           1|           1|
    |or_ln891_115_fu_24357_p2          |        or|   0|  0|   2|           1|           1|
    |or_ln891_116_fu_24458_p2          |        or|   0|  0|   2|           1|           1|
    |or_ln891_117_fu_24559_p2          |        or|   0|  0|   2|           1|           1|
    |or_ln891_118_fu_24660_p2          |        or|   0|  0|   2|           1|           1|
    |or_ln891_119_fu_24761_p2          |        or|   0|  0|   2|           1|           1|
    |or_ln891_11_fu_13853_p2           |        or|   0|  0|   2|           1|           1|
    |or_ln891_120_fu_24862_p2          |        or|   0|  0|   2|           1|           1|
    |or_ln891_121_fu_24963_p2          |        or|   0|  0|   2|           1|           1|
    |or_ln891_122_fu_25064_p2          |        or|   0|  0|   2|           1|           1|
    |or_ln891_123_fu_25165_p2          |        or|   0|  0|   2|           1|           1|
    |or_ln891_124_fu_25266_p2          |        or|   0|  0|   2|           1|           1|
    |or_ln891_125_fu_25367_p2          |        or|   0|  0|   2|           1|           1|
    |or_ln891_126_fu_25468_p2          |        or|   0|  0|   2|           1|           1|
    |or_ln891_127_fu_25569_p2          |        or|   0|  0|   2|           1|           1|
    |or_ln891_12_fu_13954_p2           |        or|   0|  0|   2|           1|           1|
    |or_ln891_13_fu_14055_p2           |        or|   0|  0|   2|           1|           1|
    |or_ln891_14_fu_14156_p2           |        or|   0|  0|   2|           1|           1|
    |or_ln891_15_fu_14257_p2           |        or|   0|  0|   2|           1|           1|
    |or_ln891_16_fu_14358_p2           |        or|   0|  0|   2|           1|           1|
    |or_ln891_17_fu_14459_p2           |        or|   0|  0|   2|           1|           1|
    |or_ln891_18_fu_14560_p2           |        or|   0|  0|   2|           1|           1|
    |or_ln891_19_fu_14661_p2           |        or|   0|  0|   2|           1|           1|
    |or_ln891_1_fu_12843_p2            |        or|   0|  0|   2|           1|           1|
    |or_ln891_20_fu_14762_p2           |        or|   0|  0|   2|           1|           1|
    |or_ln891_21_fu_14863_p2           |        or|   0|  0|   2|           1|           1|
    |or_ln891_22_fu_14964_p2           |        or|   0|  0|   2|           1|           1|
    |or_ln891_23_fu_15065_p2           |        or|   0|  0|   2|           1|           1|
    |or_ln891_24_fu_15166_p2           |        or|   0|  0|   2|           1|           1|
    |or_ln891_25_fu_15267_p2           |        or|   0|  0|   2|           1|           1|
    |or_ln891_26_fu_15368_p2           |        or|   0|  0|   2|           1|           1|
    |or_ln891_27_fu_15469_p2           |        or|   0|  0|   2|           1|           1|
    |or_ln891_28_fu_15570_p2           |        or|   0|  0|   2|           1|           1|
    |or_ln891_29_fu_15671_p2           |        or|   0|  0|   2|           1|           1|
    |or_ln891_2_fu_12944_p2            |        or|   0|  0|   2|           1|           1|
    |or_ln891_30_fu_15772_p2           |        or|   0|  0|   2|           1|           1|
    |or_ln891_31_fu_15873_p2           |        or|   0|  0|   2|           1|           1|
    |or_ln891_32_fu_15974_p2           |        or|   0|  0|   2|           1|           1|
    |or_ln891_33_fu_16075_p2           |        or|   0|  0|   2|           1|           1|
    |or_ln891_34_fu_16176_p2           |        or|   0|  0|   2|           1|           1|
    |or_ln891_35_fu_16277_p2           |        or|   0|  0|   2|           1|           1|
    |or_ln891_36_fu_16378_p2           |        or|   0|  0|   2|           1|           1|
    |or_ln891_37_fu_16479_p2           |        or|   0|  0|   2|           1|           1|
    |or_ln891_38_fu_16580_p2           |        or|   0|  0|   2|           1|           1|
    |or_ln891_39_fu_16681_p2           |        or|   0|  0|   2|           1|           1|
    |or_ln891_3_fu_13045_p2            |        or|   0|  0|   2|           1|           1|
    |or_ln891_40_fu_16782_p2           |        or|   0|  0|   2|           1|           1|
    |or_ln891_41_fu_16883_p2           |        or|   0|  0|   2|           1|           1|
    |or_ln891_42_fu_16984_p2           |        or|   0|  0|   2|           1|           1|
    |or_ln891_43_fu_17085_p2           |        or|   0|  0|   2|           1|           1|
    |or_ln891_44_fu_17186_p2           |        or|   0|  0|   2|           1|           1|
    |or_ln891_45_fu_17287_p2           |        or|   0|  0|   2|           1|           1|
    |or_ln891_46_fu_17388_p2           |        or|   0|  0|   2|           1|           1|
    |or_ln891_47_fu_17489_p2           |        or|   0|  0|   2|           1|           1|
    |or_ln891_48_fu_17590_p2           |        or|   0|  0|   2|           1|           1|
    |or_ln891_49_fu_17691_p2           |        or|   0|  0|   2|           1|           1|
    |or_ln891_4_fu_13146_p2            |        or|   0|  0|   2|           1|           1|
    |or_ln891_50_fu_17792_p2           |        or|   0|  0|   2|           1|           1|
    |or_ln891_51_fu_17893_p2           |        or|   0|  0|   2|           1|           1|
    |or_ln891_52_fu_17994_p2           |        or|   0|  0|   2|           1|           1|
    |or_ln891_53_fu_18095_p2           |        or|   0|  0|   2|           1|           1|
    |or_ln891_54_fu_18196_p2           |        or|   0|  0|   2|           1|           1|
    |or_ln891_55_fu_18297_p2           |        or|   0|  0|   2|           1|           1|
    |or_ln891_56_fu_18398_p2           |        or|   0|  0|   2|           1|           1|
    |or_ln891_57_fu_18499_p2           |        or|   0|  0|   2|           1|           1|
    |or_ln891_58_fu_18600_p2           |        or|   0|  0|   2|           1|           1|
    |or_ln891_59_fu_18701_p2           |        or|   0|  0|   2|           1|           1|
    |or_ln891_5_fu_13247_p2            |        or|   0|  0|   2|           1|           1|
    |or_ln891_60_fu_18802_p2           |        or|   0|  0|   2|           1|           1|
    |or_ln891_61_fu_18903_p2           |        or|   0|  0|   2|           1|           1|
    |or_ln891_62_fu_19004_p2           |        or|   0|  0|   2|           1|           1|
    |or_ln891_63_fu_19105_p2           |        or|   0|  0|   2|           1|           1|
    |or_ln891_64_fu_19206_p2           |        or|   0|  0|   2|           1|           1|
    |or_ln891_65_fu_19307_p2           |        or|   0|  0|   2|           1|           1|
    |or_ln891_66_fu_19408_p2           |        or|   0|  0|   2|           1|           1|
    |or_ln891_67_fu_19509_p2           |        or|   0|  0|   2|           1|           1|
    |or_ln891_68_fu_19610_p2           |        or|   0|  0|   2|           1|           1|
    |or_ln891_69_fu_19711_p2           |        or|   0|  0|   2|           1|           1|
    |or_ln891_6_fu_13348_p2            |        or|   0|  0|   2|           1|           1|
    |or_ln891_70_fu_19812_p2           |        or|   0|  0|   2|           1|           1|
    |or_ln891_71_fu_19913_p2           |        or|   0|  0|   2|           1|           1|
    |or_ln891_72_fu_20014_p2           |        or|   0|  0|   2|           1|           1|
    |or_ln891_73_fu_20115_p2           |        or|   0|  0|   2|           1|           1|
    |or_ln891_74_fu_20216_p2           |        or|   0|  0|   2|           1|           1|
    |or_ln891_75_fu_20317_p2           |        or|   0|  0|   2|           1|           1|
    |or_ln891_76_fu_20418_p2           |        or|   0|  0|   2|           1|           1|
    |or_ln891_77_fu_20519_p2           |        or|   0|  0|   2|           1|           1|
    |or_ln891_78_fu_20620_p2           |        or|   0|  0|   2|           1|           1|
    |or_ln891_79_fu_20721_p2           |        or|   0|  0|   2|           1|           1|
    |or_ln891_7_fu_13449_p2            |        or|   0|  0|   2|           1|           1|
    |or_ln891_80_fu_20822_p2           |        or|   0|  0|   2|           1|           1|
    |or_ln891_81_fu_20923_p2           |        or|   0|  0|   2|           1|           1|
    |or_ln891_82_fu_21024_p2           |        or|   0|  0|   2|           1|           1|
    |or_ln891_83_fu_21125_p2           |        or|   0|  0|   2|           1|           1|
    |or_ln891_84_fu_21226_p2           |        or|   0|  0|   2|           1|           1|
    |or_ln891_85_fu_21327_p2           |        or|   0|  0|   2|           1|           1|
    |or_ln891_86_fu_21428_p2           |        or|   0|  0|   2|           1|           1|
    |or_ln891_87_fu_21529_p2           |        or|   0|  0|   2|           1|           1|
    |or_ln891_88_fu_21630_p2           |        or|   0|  0|   2|           1|           1|
    |or_ln891_89_fu_21731_p2           |        or|   0|  0|   2|           1|           1|
    |or_ln891_8_fu_13550_p2            |        or|   0|  0|   2|           1|           1|
    |or_ln891_90_fu_21832_p2           |        or|   0|  0|   2|           1|           1|
    |or_ln891_91_fu_21933_p2           |        or|   0|  0|   2|           1|           1|
    |or_ln891_92_fu_22034_p2           |        or|   0|  0|   2|           1|           1|
    |or_ln891_93_fu_22135_p2           |        or|   0|  0|   2|           1|           1|
    |or_ln891_94_fu_22236_p2           |        or|   0|  0|   2|           1|           1|
    |or_ln891_95_fu_22337_p2           |        or|   0|  0|   2|           1|           1|
    |or_ln891_96_fu_22438_p2           |        or|   0|  0|   2|           1|           1|
    |or_ln891_97_fu_22539_p2           |        or|   0|  0|   2|           1|           1|
    |or_ln891_98_fu_22640_p2           |        or|   0|  0|   2|           1|           1|
    |or_ln891_99_fu_22741_p2           |        or|   0|  0|   2|           1|           1|
    |or_ln891_9_fu_13651_p2            |        or|   0|  0|   2|           1|           1|
    |or_ln891_fu_12742_p2              |        or|   0|  0|   2|           1|           1|
    |or_ln895_100_fu_22853_p2          |        or|   0|  0|   2|           1|           1|
    |or_ln895_101_fu_22954_p2          |        or|   0|  0|   2|           1|           1|
    |or_ln895_102_fu_23055_p2          |        or|   0|  0|   2|           1|           1|
    |or_ln895_103_fu_23156_p2          |        or|   0|  0|   2|           1|           1|
    |or_ln895_104_fu_23257_p2          |        or|   0|  0|   2|           1|           1|
    |or_ln895_105_fu_23358_p2          |        or|   0|  0|   2|           1|           1|
    |or_ln895_106_fu_23459_p2          |        or|   0|  0|   2|           1|           1|
    |or_ln895_107_fu_23560_p2          |        or|   0|  0|   2|           1|           1|
    |or_ln895_108_fu_23661_p2          |        or|   0|  0|   2|           1|           1|
    |or_ln895_109_fu_23762_p2          |        or|   0|  0|   2|           1|           1|
    |or_ln895_10_fu_13763_p2           |        or|   0|  0|   2|           1|           1|
    |or_ln895_110_fu_23863_p2          |        or|   0|  0|   2|           1|           1|
    |or_ln895_111_fu_23964_p2          |        or|   0|  0|   2|           1|           1|
    |or_ln895_112_fu_24065_p2          |        or|   0|  0|   2|           1|           1|
    |or_ln895_113_fu_24166_p2          |        or|   0|  0|   2|           1|           1|
    |or_ln895_114_fu_24267_p2          |        or|   0|  0|   2|           1|           1|
    |or_ln895_115_fu_24368_p2          |        or|   0|  0|   2|           1|           1|
    |or_ln895_116_fu_24469_p2          |        or|   0|  0|   2|           1|           1|
    |or_ln895_117_fu_24570_p2          |        or|   0|  0|   2|           1|           1|
    |or_ln895_118_fu_24671_p2          |        or|   0|  0|   2|           1|           1|
    |or_ln895_119_fu_24772_p2          |        or|   0|  0|   2|           1|           1|
    |or_ln895_11_fu_13864_p2           |        or|   0|  0|   2|           1|           1|
    |or_ln895_120_fu_24873_p2          |        or|   0|  0|   2|           1|           1|
    |or_ln895_121_fu_24974_p2          |        or|   0|  0|   2|           1|           1|
    |or_ln895_122_fu_25075_p2          |        or|   0|  0|   2|           1|           1|
    |or_ln895_123_fu_25176_p2          |        or|   0|  0|   2|           1|           1|
    |or_ln895_124_fu_25277_p2          |        or|   0|  0|   2|           1|           1|
    |or_ln895_125_fu_25378_p2          |        or|   0|  0|   2|           1|           1|
    |or_ln895_126_fu_25479_p2          |        or|   0|  0|   2|           1|           1|
    |or_ln895_127_fu_25580_p2          |        or|   0|  0|   2|           1|           1|
    |or_ln895_12_fu_13965_p2           |        or|   0|  0|   2|           1|           1|
    |or_ln895_13_fu_14066_p2           |        or|   0|  0|   2|           1|           1|
    |or_ln895_14_fu_14167_p2           |        or|   0|  0|   2|           1|           1|
    |or_ln895_15_fu_14268_p2           |        or|   0|  0|   2|           1|           1|
    |or_ln895_16_fu_14369_p2           |        or|   0|  0|   2|           1|           1|
    |or_ln895_17_fu_14470_p2           |        or|   0|  0|   2|           1|           1|
    |or_ln895_18_fu_14571_p2           |        or|   0|  0|   2|           1|           1|
    |or_ln895_19_fu_14672_p2           |        or|   0|  0|   2|           1|           1|
    |or_ln895_1_fu_12854_p2            |        or|   0|  0|   2|           1|           1|
    |or_ln895_20_fu_14773_p2           |        or|   0|  0|   2|           1|           1|
    |or_ln895_21_fu_14874_p2           |        or|   0|  0|   2|           1|           1|
    |or_ln895_22_fu_14975_p2           |        or|   0|  0|   2|           1|           1|
    |or_ln895_23_fu_15076_p2           |        or|   0|  0|   2|           1|           1|
    |or_ln895_24_fu_15177_p2           |        or|   0|  0|   2|           1|           1|
    |or_ln895_25_fu_15278_p2           |        or|   0|  0|   2|           1|           1|
    |or_ln895_26_fu_15379_p2           |        or|   0|  0|   2|           1|           1|
    |or_ln895_27_fu_15480_p2           |        or|   0|  0|   2|           1|           1|
    |or_ln895_28_fu_15581_p2           |        or|   0|  0|   2|           1|           1|
    |or_ln895_29_fu_15682_p2           |        or|   0|  0|   2|           1|           1|
    |or_ln895_2_fu_12955_p2            |        or|   0|  0|   2|           1|           1|
    |or_ln895_30_fu_15783_p2           |        or|   0|  0|   2|           1|           1|
    |or_ln895_31_fu_15884_p2           |        or|   0|  0|   2|           1|           1|
    |or_ln895_32_fu_15985_p2           |        or|   0|  0|   2|           1|           1|
    |or_ln895_33_fu_16086_p2           |        or|   0|  0|   2|           1|           1|
    |or_ln895_34_fu_16187_p2           |        or|   0|  0|   2|           1|           1|
    |or_ln895_35_fu_16288_p2           |        or|   0|  0|   2|           1|           1|
    |or_ln895_36_fu_16389_p2           |        or|   0|  0|   2|           1|           1|
    |or_ln895_37_fu_16490_p2           |        or|   0|  0|   2|           1|           1|
    |or_ln895_38_fu_16591_p2           |        or|   0|  0|   2|           1|           1|
    |or_ln895_39_fu_16692_p2           |        or|   0|  0|   2|           1|           1|
    |or_ln895_3_fu_13056_p2            |        or|   0|  0|   2|           1|           1|
    |or_ln895_40_fu_16793_p2           |        or|   0|  0|   2|           1|           1|
    |or_ln895_41_fu_16894_p2           |        or|   0|  0|   2|           1|           1|
    |or_ln895_42_fu_16995_p2           |        or|   0|  0|   2|           1|           1|
    |or_ln895_43_fu_17096_p2           |        or|   0|  0|   2|           1|           1|
    |or_ln895_44_fu_17197_p2           |        or|   0|  0|   2|           1|           1|
    |or_ln895_45_fu_17298_p2           |        or|   0|  0|   2|           1|           1|
    |or_ln895_46_fu_17399_p2           |        or|   0|  0|   2|           1|           1|
    |or_ln895_47_fu_17500_p2           |        or|   0|  0|   2|           1|           1|
    |or_ln895_48_fu_17601_p2           |        or|   0|  0|   2|           1|           1|
    |or_ln895_49_fu_17702_p2           |        or|   0|  0|   2|           1|           1|
    |or_ln895_4_fu_13157_p2            |        or|   0|  0|   2|           1|           1|
    |or_ln895_50_fu_17803_p2           |        or|   0|  0|   2|           1|           1|
    |or_ln895_51_fu_17904_p2           |        or|   0|  0|   2|           1|           1|
    |or_ln895_52_fu_18005_p2           |        or|   0|  0|   2|           1|           1|
    |or_ln895_53_fu_18106_p2           |        or|   0|  0|   2|           1|           1|
    |or_ln895_54_fu_18207_p2           |        or|   0|  0|   2|           1|           1|
    |or_ln895_55_fu_18308_p2           |        or|   0|  0|   2|           1|           1|
    |or_ln895_56_fu_18409_p2           |        or|   0|  0|   2|           1|           1|
    |or_ln895_57_fu_18510_p2           |        or|   0|  0|   2|           1|           1|
    |or_ln895_58_fu_18611_p2           |        or|   0|  0|   2|           1|           1|
    |or_ln895_59_fu_18712_p2           |        or|   0|  0|   2|           1|           1|
    |or_ln895_5_fu_13258_p2            |        or|   0|  0|   2|           1|           1|
    |or_ln895_60_fu_18813_p2           |        or|   0|  0|   2|           1|           1|
    |or_ln895_61_fu_18914_p2           |        or|   0|  0|   2|           1|           1|
    |or_ln895_62_fu_19015_p2           |        or|   0|  0|   2|           1|           1|
    |or_ln895_63_fu_19116_p2           |        or|   0|  0|   2|           1|           1|
    |or_ln895_64_fu_19217_p2           |        or|   0|  0|   2|           1|           1|
    |or_ln895_65_fu_19318_p2           |        or|   0|  0|   2|           1|           1|
    |or_ln895_66_fu_19419_p2           |        or|   0|  0|   2|           1|           1|
    |or_ln895_67_fu_19520_p2           |        or|   0|  0|   2|           1|           1|
    |or_ln895_68_fu_19621_p2           |        or|   0|  0|   2|           1|           1|
    |or_ln895_69_fu_19722_p2           |        or|   0|  0|   2|           1|           1|
    |or_ln895_6_fu_13359_p2            |        or|   0|  0|   2|           1|           1|
    |or_ln895_70_fu_19823_p2           |        or|   0|  0|   2|           1|           1|
    |or_ln895_71_fu_19924_p2           |        or|   0|  0|   2|           1|           1|
    |or_ln895_72_fu_20025_p2           |        or|   0|  0|   2|           1|           1|
    |or_ln895_73_fu_20126_p2           |        or|   0|  0|   2|           1|           1|
    |or_ln895_74_fu_20227_p2           |        or|   0|  0|   2|           1|           1|
    |or_ln895_75_fu_20328_p2           |        or|   0|  0|   2|           1|           1|
    |or_ln895_76_fu_20429_p2           |        or|   0|  0|   2|           1|           1|
    |or_ln895_77_fu_20530_p2           |        or|   0|  0|   2|           1|           1|
    |or_ln895_78_fu_20631_p2           |        or|   0|  0|   2|           1|           1|
    |or_ln895_79_fu_20732_p2           |        or|   0|  0|   2|           1|           1|
    |or_ln895_7_fu_13460_p2            |        or|   0|  0|   2|           1|           1|
    |or_ln895_80_fu_20833_p2           |        or|   0|  0|   2|           1|           1|
    |or_ln895_81_fu_20934_p2           |        or|   0|  0|   2|           1|           1|
    |or_ln895_82_fu_21035_p2           |        or|   0|  0|   2|           1|           1|
    |or_ln895_83_fu_21136_p2           |        or|   0|  0|   2|           1|           1|
    |or_ln895_84_fu_21237_p2           |        or|   0|  0|   2|           1|           1|
    |or_ln895_85_fu_21338_p2           |        or|   0|  0|   2|           1|           1|
    |or_ln895_86_fu_21439_p2           |        or|   0|  0|   2|           1|           1|
    |or_ln895_87_fu_21540_p2           |        or|   0|  0|   2|           1|           1|
    |or_ln895_88_fu_21641_p2           |        or|   0|  0|   2|           1|           1|
    |or_ln895_89_fu_21742_p2           |        or|   0|  0|   2|           1|           1|
    |or_ln895_8_fu_13561_p2            |        or|   0|  0|   2|           1|           1|
    |or_ln895_90_fu_21843_p2           |        or|   0|  0|   2|           1|           1|
    |or_ln895_91_fu_21944_p2           |        or|   0|  0|   2|           1|           1|
    |or_ln895_92_fu_22045_p2           |        or|   0|  0|   2|           1|           1|
    |or_ln895_93_fu_22146_p2           |        or|   0|  0|   2|           1|           1|
    |or_ln895_94_fu_22247_p2           |        or|   0|  0|   2|           1|           1|
    |or_ln895_95_fu_22348_p2           |        or|   0|  0|   2|           1|           1|
    |or_ln895_96_fu_22449_p2           |        or|   0|  0|   2|           1|           1|
    |or_ln895_97_fu_22550_p2           |        or|   0|  0|   2|           1|           1|
    |or_ln895_98_fu_22651_p2           |        or|   0|  0|   2|           1|           1|
    |or_ln895_99_fu_22752_p2           |        or|   0|  0|   2|           1|           1|
    |or_ln895_9_fu_13662_p2            |        or|   0|  0|   2|           1|           1|
    |or_ln895_fu_12753_p2              |        or|   0|  0|   2|           1|           1|
    |or_ln896_100_fu_22870_p2          |        or|   0|  0|   2|           1|           1|
    |or_ln896_101_fu_22971_p2          |        or|   0|  0|   2|           1|           1|
    |or_ln896_102_fu_23072_p2          |        or|   0|  0|   2|           1|           1|
    |or_ln896_103_fu_23173_p2          |        or|   0|  0|   2|           1|           1|
    |or_ln896_104_fu_23274_p2          |        or|   0|  0|   2|           1|           1|
    |or_ln896_105_fu_23375_p2          |        or|   0|  0|   2|           1|           1|
    |or_ln896_106_fu_23476_p2          |        or|   0|  0|   2|           1|           1|
    |or_ln896_107_fu_23577_p2          |        or|   0|  0|   2|           1|           1|
    |or_ln896_108_fu_23678_p2          |        or|   0|  0|   2|           1|           1|
    |or_ln896_109_fu_23779_p2          |        or|   0|  0|   2|           1|           1|
    |or_ln896_10_fu_13780_p2           |        or|   0|  0|   2|           1|           1|
    |or_ln896_110_fu_23880_p2          |        or|   0|  0|   2|           1|           1|
    |or_ln896_111_fu_23981_p2          |        or|   0|  0|   2|           1|           1|
    |or_ln896_112_fu_24082_p2          |        or|   0|  0|   2|           1|           1|
    |or_ln896_113_fu_24183_p2          |        or|   0|  0|   2|           1|           1|
    |or_ln896_114_fu_24284_p2          |        or|   0|  0|   2|           1|           1|
    |or_ln896_115_fu_24385_p2          |        or|   0|  0|   2|           1|           1|
    |or_ln896_116_fu_24486_p2          |        or|   0|  0|   2|           1|           1|
    |or_ln896_117_fu_24587_p2          |        or|   0|  0|   2|           1|           1|
    |or_ln896_118_fu_24688_p2          |        or|   0|  0|   2|           1|           1|
    |or_ln896_119_fu_24789_p2          |        or|   0|  0|   2|           1|           1|
    |or_ln896_11_fu_13881_p2           |        or|   0|  0|   2|           1|           1|
    |or_ln896_120_fu_24890_p2          |        or|   0|  0|   2|           1|           1|
    |or_ln896_121_fu_24991_p2          |        or|   0|  0|   2|           1|           1|
    |or_ln896_122_fu_25092_p2          |        or|   0|  0|   2|           1|           1|
    |or_ln896_123_fu_25193_p2          |        or|   0|  0|   2|           1|           1|
    |or_ln896_124_fu_25294_p2          |        or|   0|  0|   2|           1|           1|
    |or_ln896_125_fu_25395_p2          |        or|   0|  0|   2|           1|           1|
    |or_ln896_126_fu_25496_p2          |        or|   0|  0|   2|           1|           1|
    |or_ln896_127_fu_25597_p2          |        or|   0|  0|   2|           1|           1|
    |or_ln896_12_fu_13982_p2           |        or|   0|  0|   2|           1|           1|
    |or_ln896_13_fu_14083_p2           |        or|   0|  0|   2|           1|           1|
    |or_ln896_14_fu_14184_p2           |        or|   0|  0|   2|           1|           1|
    |or_ln896_15_fu_14285_p2           |        or|   0|  0|   2|           1|           1|
    |or_ln896_16_fu_14386_p2           |        or|   0|  0|   2|           1|           1|
    |or_ln896_17_fu_14487_p2           |        or|   0|  0|   2|           1|           1|
    |or_ln896_18_fu_14588_p2           |        or|   0|  0|   2|           1|           1|
    |or_ln896_19_fu_14689_p2           |        or|   0|  0|   2|           1|           1|
    |or_ln896_1_fu_12871_p2            |        or|   0|  0|   2|           1|           1|
    |or_ln896_20_fu_14790_p2           |        or|   0|  0|   2|           1|           1|
    |or_ln896_21_fu_14891_p2           |        or|   0|  0|   2|           1|           1|
    |or_ln896_22_fu_14992_p2           |        or|   0|  0|   2|           1|           1|
    |or_ln896_23_fu_15093_p2           |        or|   0|  0|   2|           1|           1|
    |or_ln896_24_fu_15194_p2           |        or|   0|  0|   2|           1|           1|
    |or_ln896_25_fu_15295_p2           |        or|   0|  0|   2|           1|           1|
    |or_ln896_26_fu_15396_p2           |        or|   0|  0|   2|           1|           1|
    |or_ln896_27_fu_15497_p2           |        or|   0|  0|   2|           1|           1|
    |or_ln896_28_fu_15598_p2           |        or|   0|  0|   2|           1|           1|
    |or_ln896_29_fu_15699_p2           |        or|   0|  0|   2|           1|           1|
    |or_ln896_2_fu_12972_p2            |        or|   0|  0|   2|           1|           1|
    |or_ln896_30_fu_15800_p2           |        or|   0|  0|   2|           1|           1|
    |or_ln896_31_fu_15901_p2           |        or|   0|  0|   2|           1|           1|
    |or_ln896_32_fu_16002_p2           |        or|   0|  0|   2|           1|           1|
    |or_ln896_33_fu_16103_p2           |        or|   0|  0|   2|           1|           1|
    |or_ln896_34_fu_16204_p2           |        or|   0|  0|   2|           1|           1|
    |or_ln896_35_fu_16305_p2           |        or|   0|  0|   2|           1|           1|
    |or_ln896_36_fu_16406_p2           |        or|   0|  0|   2|           1|           1|
    |or_ln896_37_fu_16507_p2           |        or|   0|  0|   2|           1|           1|
    |or_ln896_38_fu_16608_p2           |        or|   0|  0|   2|           1|           1|
    |or_ln896_39_fu_16709_p2           |        or|   0|  0|   2|           1|           1|
    |or_ln896_3_fu_13073_p2            |        or|   0|  0|   2|           1|           1|
    |or_ln896_40_fu_16810_p2           |        or|   0|  0|   2|           1|           1|
    |or_ln896_41_fu_16911_p2           |        or|   0|  0|   2|           1|           1|
    |or_ln896_42_fu_17012_p2           |        or|   0|  0|   2|           1|           1|
    |or_ln896_43_fu_17113_p2           |        or|   0|  0|   2|           1|           1|
    |or_ln896_44_fu_17214_p2           |        or|   0|  0|   2|           1|           1|
    |or_ln896_45_fu_17315_p2           |        or|   0|  0|   2|           1|           1|
    |or_ln896_46_fu_17416_p2           |        or|   0|  0|   2|           1|           1|
    |or_ln896_47_fu_17517_p2           |        or|   0|  0|   2|           1|           1|
    |or_ln896_48_fu_17618_p2           |        or|   0|  0|   2|           1|           1|
    |or_ln896_49_fu_17719_p2           |        or|   0|  0|   2|           1|           1|
    |or_ln896_4_fu_13174_p2            |        or|   0|  0|   2|           1|           1|
    |or_ln896_50_fu_17820_p2           |        or|   0|  0|   2|           1|           1|
    |or_ln896_51_fu_17921_p2           |        or|   0|  0|   2|           1|           1|
    |or_ln896_52_fu_18022_p2           |        or|   0|  0|   2|           1|           1|
    |or_ln896_53_fu_18123_p2           |        or|   0|  0|   2|           1|           1|
    |or_ln896_54_fu_18224_p2           |        or|   0|  0|   2|           1|           1|
    |or_ln896_55_fu_18325_p2           |        or|   0|  0|   2|           1|           1|
    |or_ln896_56_fu_18426_p2           |        or|   0|  0|   2|           1|           1|
    |or_ln896_57_fu_18527_p2           |        or|   0|  0|   2|           1|           1|
    |or_ln896_58_fu_18628_p2           |        or|   0|  0|   2|           1|           1|
    |or_ln896_59_fu_18729_p2           |        or|   0|  0|   2|           1|           1|
    |or_ln896_5_fu_13275_p2            |        or|   0|  0|   2|           1|           1|
    |or_ln896_60_fu_18830_p2           |        or|   0|  0|   2|           1|           1|
    |or_ln896_61_fu_18931_p2           |        or|   0|  0|   2|           1|           1|
    |or_ln896_62_fu_19032_p2           |        or|   0|  0|   2|           1|           1|
    |or_ln896_63_fu_19133_p2           |        or|   0|  0|   2|           1|           1|
    |or_ln896_64_fu_19234_p2           |        or|   0|  0|   2|           1|           1|
    |or_ln896_65_fu_19335_p2           |        or|   0|  0|   2|           1|           1|
    |or_ln896_66_fu_19436_p2           |        or|   0|  0|   2|           1|           1|
    |or_ln896_67_fu_19537_p2           |        or|   0|  0|   2|           1|           1|
    |or_ln896_68_fu_19638_p2           |        or|   0|  0|   2|           1|           1|
    |or_ln896_69_fu_19739_p2           |        or|   0|  0|   2|           1|           1|
    |or_ln896_6_fu_13376_p2            |        or|   0|  0|   2|           1|           1|
    |or_ln896_70_fu_19840_p2           |        or|   0|  0|   2|           1|           1|
    |or_ln896_71_fu_19941_p2           |        or|   0|  0|   2|           1|           1|
    |or_ln896_72_fu_20042_p2           |        or|   0|  0|   2|           1|           1|
    |or_ln896_73_fu_20143_p2           |        or|   0|  0|   2|           1|           1|
    |or_ln896_74_fu_20244_p2           |        or|   0|  0|   2|           1|           1|
    |or_ln896_75_fu_20345_p2           |        or|   0|  0|   2|           1|           1|
    |or_ln896_76_fu_20446_p2           |        or|   0|  0|   2|           1|           1|
    |or_ln896_77_fu_20547_p2           |        or|   0|  0|   2|           1|           1|
    |or_ln896_78_fu_20648_p2           |        or|   0|  0|   2|           1|           1|
    |or_ln896_79_fu_20749_p2           |        or|   0|  0|   2|           1|           1|
    |or_ln896_7_fu_13477_p2            |        or|   0|  0|   2|           1|           1|
    |or_ln896_80_fu_20850_p2           |        or|   0|  0|   2|           1|           1|
    |or_ln896_81_fu_20951_p2           |        or|   0|  0|   2|           1|           1|
    |or_ln896_82_fu_21052_p2           |        or|   0|  0|   2|           1|           1|
    |or_ln896_83_fu_21153_p2           |        or|   0|  0|   2|           1|           1|
    |or_ln896_84_fu_21254_p2           |        or|   0|  0|   2|           1|           1|
    |or_ln896_85_fu_21355_p2           |        or|   0|  0|   2|           1|           1|
    |or_ln896_86_fu_21456_p2           |        or|   0|  0|   2|           1|           1|
    |or_ln896_87_fu_21557_p2           |        or|   0|  0|   2|           1|           1|
    |or_ln896_88_fu_21658_p2           |        or|   0|  0|   2|           1|           1|
    |or_ln896_89_fu_21759_p2           |        or|   0|  0|   2|           1|           1|
    |or_ln896_8_fu_13578_p2            |        or|   0|  0|   2|           1|           1|
    |or_ln896_90_fu_21860_p2           |        or|   0|  0|   2|           1|           1|
    |or_ln896_91_fu_21961_p2           |        or|   0|  0|   2|           1|           1|
    |or_ln896_92_fu_22062_p2           |        or|   0|  0|   2|           1|           1|
    |or_ln896_93_fu_22163_p2           |        or|   0|  0|   2|           1|           1|
    |or_ln896_94_fu_22264_p2           |        or|   0|  0|   2|           1|           1|
    |or_ln896_95_fu_22365_p2           |        or|   0|  0|   2|           1|           1|
    |or_ln896_96_fu_22466_p2           |        or|   0|  0|   2|           1|           1|
    |or_ln896_97_fu_22567_p2           |        or|   0|  0|   2|           1|           1|
    |or_ln896_98_fu_22668_p2           |        or|   0|  0|   2|           1|           1|
    |or_ln896_99_fu_22769_p2           |        or|   0|  0|   2|           1|           1|
    |or_ln896_9_fu_13679_p2            |        or|   0|  0|   2|           1|           1|
    |or_ln896_fu_12770_p2              |        or|   0|  0|   2|           1|           1|
    |deleted_ones_100_fu_22830_p3      |    select|   0|  0|   2|           1|           1|
    |deleted_ones_101_fu_22931_p3      |    select|   0|  0|   2|           1|           1|
    |deleted_ones_102_fu_23032_p3      |    select|   0|  0|   2|           1|           1|
    |deleted_ones_103_fu_23133_p3      |    select|   0|  0|   2|           1|           1|
    |deleted_ones_104_fu_23234_p3      |    select|   0|  0|   2|           1|           1|
    |deleted_ones_105_fu_23335_p3      |    select|   0|  0|   2|           1|           1|
    |deleted_ones_106_fu_23436_p3      |    select|   0|  0|   2|           1|           1|
    |deleted_ones_107_fu_23537_p3      |    select|   0|  0|   2|           1|           1|
    |deleted_ones_108_fu_23638_p3      |    select|   0|  0|   2|           1|           1|
    |deleted_ones_109_fu_23739_p3      |    select|   0|  0|   2|           1|           1|
    |deleted_ones_10_fu_13740_p3       |    select|   0|  0|   2|           1|           1|
    |deleted_ones_110_fu_23840_p3      |    select|   0|  0|   2|           1|           1|
    |deleted_ones_111_fu_23941_p3      |    select|   0|  0|   2|           1|           1|
    |deleted_ones_112_fu_24042_p3      |    select|   0|  0|   2|           1|           1|
    |deleted_ones_113_fu_24143_p3      |    select|   0|  0|   2|           1|           1|
    |deleted_ones_114_fu_24244_p3      |    select|   0|  0|   2|           1|           1|
    |deleted_ones_115_fu_24345_p3      |    select|   0|  0|   2|           1|           1|
    |deleted_ones_116_fu_24446_p3      |    select|   0|  0|   2|           1|           1|
    |deleted_ones_117_fu_24547_p3      |    select|   0|  0|   2|           1|           1|
    |deleted_ones_118_fu_24648_p3      |    select|   0|  0|   2|           1|           1|
    |deleted_ones_119_fu_24749_p3      |    select|   0|  0|   2|           1|           1|
    |deleted_ones_11_fu_13841_p3       |    select|   0|  0|   2|           1|           1|
    |deleted_ones_120_fu_24850_p3      |    select|   0|  0|   2|           1|           1|
    |deleted_ones_121_fu_24951_p3      |    select|   0|  0|   2|           1|           1|
    |deleted_ones_122_fu_25052_p3      |    select|   0|  0|   2|           1|           1|
    |deleted_ones_123_fu_25153_p3      |    select|   0|  0|   2|           1|           1|
    |deleted_ones_124_fu_25254_p3      |    select|   0|  0|   2|           1|           1|
    |deleted_ones_125_fu_25355_p3      |    select|   0|  0|   2|           1|           1|
    |deleted_ones_126_fu_25456_p3      |    select|   0|  0|   2|           1|           1|
    |deleted_ones_127_fu_25557_p3      |    select|   0|  0|   2|           1|           1|
    |deleted_ones_12_fu_13942_p3       |    select|   0|  0|   2|           1|           1|
    |deleted_ones_13_fu_14043_p3       |    select|   0|  0|   2|           1|           1|
    |deleted_ones_14_fu_14144_p3       |    select|   0|  0|   2|           1|           1|
    |deleted_ones_15_fu_14245_p3       |    select|   0|  0|   2|           1|           1|
    |deleted_ones_16_fu_14346_p3       |    select|   0|  0|   2|           1|           1|
    |deleted_ones_17_fu_14447_p3       |    select|   0|  0|   2|           1|           1|
    |deleted_ones_18_fu_14548_p3       |    select|   0|  0|   2|           1|           1|
    |deleted_ones_19_fu_14649_p3       |    select|   0|  0|   2|           1|           1|
    |deleted_ones_1_fu_12831_p3        |    select|   0|  0|   2|           1|           1|
    |deleted_ones_20_fu_14750_p3       |    select|   0|  0|   2|           1|           1|
    |deleted_ones_21_fu_14851_p3       |    select|   0|  0|   2|           1|           1|
    |deleted_ones_22_fu_14952_p3       |    select|   0|  0|   2|           1|           1|
    |deleted_ones_23_fu_15053_p3       |    select|   0|  0|   2|           1|           1|
    |deleted_ones_24_fu_15154_p3       |    select|   0|  0|   2|           1|           1|
    |deleted_ones_25_fu_15255_p3       |    select|   0|  0|   2|           1|           1|
    |deleted_ones_26_fu_15356_p3       |    select|   0|  0|   2|           1|           1|
    |deleted_ones_27_fu_15457_p3       |    select|   0|  0|   2|           1|           1|
    |deleted_ones_28_fu_15558_p3       |    select|   0|  0|   2|           1|           1|
    |deleted_ones_29_fu_15659_p3       |    select|   0|  0|   2|           1|           1|
    |deleted_ones_2_fu_12932_p3        |    select|   0|  0|   2|           1|           1|
    |deleted_ones_30_fu_15760_p3       |    select|   0|  0|   2|           1|           1|
    |deleted_ones_31_fu_15861_p3       |    select|   0|  0|   2|           1|           1|
    |deleted_ones_32_fu_15962_p3       |    select|   0|  0|   2|           1|           1|
    |deleted_ones_33_fu_16063_p3       |    select|   0|  0|   2|           1|           1|
    |deleted_ones_34_fu_16164_p3       |    select|   0|  0|   2|           1|           1|
    |deleted_ones_35_fu_16265_p3       |    select|   0|  0|   2|           1|           1|
    |deleted_ones_36_fu_16366_p3       |    select|   0|  0|   2|           1|           1|
    |deleted_ones_37_fu_16467_p3       |    select|   0|  0|   2|           1|           1|
    |deleted_ones_38_fu_16568_p3       |    select|   0|  0|   2|           1|           1|
    |deleted_ones_39_fu_16669_p3       |    select|   0|  0|   2|           1|           1|
    |deleted_ones_3_fu_13033_p3        |    select|   0|  0|   2|           1|           1|
    |deleted_ones_40_fu_16770_p3       |    select|   0|  0|   2|           1|           1|
    |deleted_ones_41_fu_16871_p3       |    select|   0|  0|   2|           1|           1|
    |deleted_ones_42_fu_16972_p3       |    select|   0|  0|   2|           1|           1|
    |deleted_ones_43_fu_17073_p3       |    select|   0|  0|   2|           1|           1|
    |deleted_ones_44_fu_17174_p3       |    select|   0|  0|   2|           1|           1|
    |deleted_ones_45_fu_17275_p3       |    select|   0|  0|   2|           1|           1|
    |deleted_ones_46_fu_17376_p3       |    select|   0|  0|   2|           1|           1|
    |deleted_ones_47_fu_17477_p3       |    select|   0|  0|   2|           1|           1|
    |deleted_ones_48_fu_17578_p3       |    select|   0|  0|   2|           1|           1|
    |deleted_ones_49_fu_17679_p3       |    select|   0|  0|   2|           1|           1|
    |deleted_ones_4_fu_13134_p3        |    select|   0|  0|   2|           1|           1|
    |deleted_ones_50_fu_17780_p3       |    select|   0|  0|   2|           1|           1|
    |deleted_ones_51_fu_17881_p3       |    select|   0|  0|   2|           1|           1|
    |deleted_ones_52_fu_17982_p3       |    select|   0|  0|   2|           1|           1|
    |deleted_ones_53_fu_18083_p3       |    select|   0|  0|   2|           1|           1|
    |deleted_ones_54_fu_18184_p3       |    select|   0|  0|   2|           1|           1|
    |deleted_ones_55_fu_18285_p3       |    select|   0|  0|   2|           1|           1|
    |deleted_ones_56_fu_18386_p3       |    select|   0|  0|   2|           1|           1|
    |deleted_ones_57_fu_18487_p3       |    select|   0|  0|   2|           1|           1|
    |deleted_ones_58_fu_18588_p3       |    select|   0|  0|   2|           1|           1|
    |deleted_ones_59_fu_18689_p3       |    select|   0|  0|   2|           1|           1|
    |deleted_ones_5_fu_13235_p3        |    select|   0|  0|   2|           1|           1|
    |deleted_ones_60_fu_18790_p3       |    select|   0|  0|   2|           1|           1|
    |deleted_ones_61_fu_18891_p3       |    select|   0|  0|   2|           1|           1|
    |deleted_ones_62_fu_18992_p3       |    select|   0|  0|   2|           1|           1|
    |deleted_ones_63_fu_19093_p3       |    select|   0|  0|   2|           1|           1|
    |deleted_ones_64_fu_19194_p3       |    select|   0|  0|   2|           1|           1|
    |deleted_ones_65_fu_19295_p3       |    select|   0|  0|   2|           1|           1|
    |deleted_ones_66_fu_19396_p3       |    select|   0|  0|   2|           1|           1|
    |deleted_ones_67_fu_19497_p3       |    select|   0|  0|   2|           1|           1|
    |deleted_ones_68_fu_19598_p3       |    select|   0|  0|   2|           1|           1|
    |deleted_ones_69_fu_19699_p3       |    select|   0|  0|   2|           1|           1|
    |deleted_ones_6_fu_13336_p3        |    select|   0|  0|   2|           1|           1|
    |deleted_ones_70_fu_19800_p3       |    select|   0|  0|   2|           1|           1|
    |deleted_ones_71_fu_19901_p3       |    select|   0|  0|   2|           1|           1|
    |deleted_ones_72_fu_20002_p3       |    select|   0|  0|   2|           1|           1|
    |deleted_ones_73_fu_20103_p3       |    select|   0|  0|   2|           1|           1|
    |deleted_ones_74_fu_20204_p3       |    select|   0|  0|   2|           1|           1|
    |deleted_ones_75_fu_20305_p3       |    select|   0|  0|   2|           1|           1|
    |deleted_ones_76_fu_20406_p3       |    select|   0|  0|   2|           1|           1|
    |deleted_ones_77_fu_20507_p3       |    select|   0|  0|   2|           1|           1|
    |deleted_ones_78_fu_20608_p3       |    select|   0|  0|   2|           1|           1|
    |deleted_ones_79_fu_20709_p3       |    select|   0|  0|   2|           1|           1|
    |deleted_ones_7_fu_13437_p3        |    select|   0|  0|   2|           1|           1|
    |deleted_ones_80_fu_20810_p3       |    select|   0|  0|   2|           1|           1|
    |deleted_ones_81_fu_20911_p3       |    select|   0|  0|   2|           1|           1|
    |deleted_ones_82_fu_21012_p3       |    select|   0|  0|   2|           1|           1|
    |deleted_ones_83_fu_21113_p3       |    select|   0|  0|   2|           1|           1|
    |deleted_ones_84_fu_21214_p3       |    select|   0|  0|   2|           1|           1|
    |deleted_ones_85_fu_21315_p3       |    select|   0|  0|   2|           1|           1|
    |deleted_ones_86_fu_21416_p3       |    select|   0|  0|   2|           1|           1|
    |deleted_ones_87_fu_21517_p3       |    select|   0|  0|   2|           1|           1|
    |deleted_ones_88_fu_21618_p3       |    select|   0|  0|   2|           1|           1|
    |deleted_ones_89_fu_21719_p3       |    select|   0|  0|   2|           1|           1|
    |deleted_ones_8_fu_13538_p3        |    select|   0|  0|   2|           1|           1|
    |deleted_ones_90_fu_21820_p3       |    select|   0|  0|   2|           1|           1|
    |deleted_ones_91_fu_21921_p3       |    select|   0|  0|   2|           1|           1|
    |deleted_ones_92_fu_22022_p3       |    select|   0|  0|   2|           1|           1|
    |deleted_ones_93_fu_22123_p3       |    select|   0|  0|   2|           1|           1|
    |deleted_ones_94_fu_22224_p3       |    select|   0|  0|   2|           1|           1|
    |deleted_ones_95_fu_22325_p3       |    select|   0|  0|   2|           1|           1|
    |deleted_ones_96_fu_22426_p3       |    select|   0|  0|   2|           1|           1|
    |deleted_ones_97_fu_22527_p3       |    select|   0|  0|   2|           1|           1|
    |deleted_ones_98_fu_22628_p3       |    select|   0|  0|   2|           1|           1|
    |deleted_ones_99_fu_22729_p3       |    select|   0|  0|   2|           1|           1|
    |deleted_ones_9_fu_13639_p3        |    select|   0|  0|   2|           1|           1|
    |deleted_ones_fu_12730_p3          |    select|   0|  0|   2|           1|           1|
    |deleted_zeros_100_fu_22823_p3     |    select|   0|  0|   2|           1|           1|
    |deleted_zeros_101_fu_22924_p3     |    select|   0|  0|   2|           1|           1|
    |deleted_zeros_102_fu_23025_p3     |    select|   0|  0|   2|           1|           1|
    |deleted_zeros_103_fu_23126_p3     |    select|   0|  0|   2|           1|           1|
    |deleted_zeros_104_fu_23227_p3     |    select|   0|  0|   2|           1|           1|
    |deleted_zeros_105_fu_23328_p3     |    select|   0|  0|   2|           1|           1|
    |deleted_zeros_106_fu_23429_p3     |    select|   0|  0|   2|           1|           1|
    |deleted_zeros_107_fu_23530_p3     |    select|   0|  0|   2|           1|           1|
    |deleted_zeros_108_fu_23631_p3     |    select|   0|  0|   2|           1|           1|
    |deleted_zeros_109_fu_23732_p3     |    select|   0|  0|   2|           1|           1|
    |deleted_zeros_10_fu_13733_p3      |    select|   0|  0|   2|           1|           1|
    |deleted_zeros_110_fu_23833_p3     |    select|   0|  0|   2|           1|           1|
    |deleted_zeros_111_fu_23934_p3     |    select|   0|  0|   2|           1|           1|
    |deleted_zeros_112_fu_24035_p3     |    select|   0|  0|   2|           1|           1|
    |deleted_zeros_113_fu_24136_p3     |    select|   0|  0|   2|           1|           1|
    |deleted_zeros_114_fu_24237_p3     |    select|   0|  0|   2|           1|           1|
    |deleted_zeros_115_fu_24338_p3     |    select|   0|  0|   2|           1|           1|
    |deleted_zeros_116_fu_24439_p3     |    select|   0|  0|   2|           1|           1|
    |deleted_zeros_117_fu_24540_p3     |    select|   0|  0|   2|           1|           1|
    |deleted_zeros_118_fu_24641_p3     |    select|   0|  0|   2|           1|           1|
    |deleted_zeros_119_fu_24742_p3     |    select|   0|  0|   2|           1|           1|
    |deleted_zeros_11_fu_13834_p3      |    select|   0|  0|   2|           1|           1|
    |deleted_zeros_120_fu_24843_p3     |    select|   0|  0|   2|           1|           1|
    |deleted_zeros_121_fu_24944_p3     |    select|   0|  0|   2|           1|           1|
    |deleted_zeros_122_fu_25045_p3     |    select|   0|  0|   2|           1|           1|
    |deleted_zeros_123_fu_25146_p3     |    select|   0|  0|   2|           1|           1|
    |deleted_zeros_124_fu_25247_p3     |    select|   0|  0|   2|           1|           1|
    |deleted_zeros_125_fu_25348_p3     |    select|   0|  0|   2|           1|           1|
    |deleted_zeros_126_fu_25449_p3     |    select|   0|  0|   2|           1|           1|
    |deleted_zeros_127_fu_25550_p3     |    select|   0|  0|   2|           1|           1|
    |deleted_zeros_12_fu_13935_p3      |    select|   0|  0|   2|           1|           1|
    |deleted_zeros_13_fu_14036_p3      |    select|   0|  0|   2|           1|           1|
    |deleted_zeros_14_fu_14137_p3      |    select|   0|  0|   2|           1|           1|
    |deleted_zeros_15_fu_14238_p3      |    select|   0|  0|   2|           1|           1|
    |deleted_zeros_16_fu_14339_p3      |    select|   0|  0|   2|           1|           1|
    |deleted_zeros_17_fu_14440_p3      |    select|   0|  0|   2|           1|           1|
    |deleted_zeros_18_fu_14541_p3      |    select|   0|  0|   2|           1|           1|
    |deleted_zeros_19_fu_14642_p3      |    select|   0|  0|   2|           1|           1|
    |deleted_zeros_1_fu_12824_p3       |    select|   0|  0|   2|           1|           1|
    |deleted_zeros_20_fu_14743_p3      |    select|   0|  0|   2|           1|           1|
    |deleted_zeros_21_fu_14844_p3      |    select|   0|  0|   2|           1|           1|
    |deleted_zeros_22_fu_14945_p3      |    select|   0|  0|   2|           1|           1|
    |deleted_zeros_23_fu_15046_p3      |    select|   0|  0|   2|           1|           1|
    |deleted_zeros_24_fu_15147_p3      |    select|   0|  0|   2|           1|           1|
    |deleted_zeros_25_fu_15248_p3      |    select|   0|  0|   2|           1|           1|
    |deleted_zeros_26_fu_15349_p3      |    select|   0|  0|   2|           1|           1|
    |deleted_zeros_27_fu_15450_p3      |    select|   0|  0|   2|           1|           1|
    |deleted_zeros_28_fu_15551_p3      |    select|   0|  0|   2|           1|           1|
    |deleted_zeros_29_fu_15652_p3      |    select|   0|  0|   2|           1|           1|
    |deleted_zeros_2_fu_12925_p3       |    select|   0|  0|   2|           1|           1|
    |deleted_zeros_30_fu_15753_p3      |    select|   0|  0|   2|           1|           1|
    |deleted_zeros_31_fu_15854_p3      |    select|   0|  0|   2|           1|           1|
    |deleted_zeros_32_fu_15955_p3      |    select|   0|  0|   2|           1|           1|
    |deleted_zeros_33_fu_16056_p3      |    select|   0|  0|   2|           1|           1|
    |deleted_zeros_34_fu_16157_p3      |    select|   0|  0|   2|           1|           1|
    |deleted_zeros_35_fu_16258_p3      |    select|   0|  0|   2|           1|           1|
    |deleted_zeros_36_fu_16359_p3      |    select|   0|  0|   2|           1|           1|
    |deleted_zeros_37_fu_16460_p3      |    select|   0|  0|   2|           1|           1|
    |deleted_zeros_38_fu_16561_p3      |    select|   0|  0|   2|           1|           1|
    |deleted_zeros_39_fu_16662_p3      |    select|   0|  0|   2|           1|           1|
    |deleted_zeros_3_fu_13026_p3       |    select|   0|  0|   2|           1|           1|
    |deleted_zeros_40_fu_16763_p3      |    select|   0|  0|   2|           1|           1|
    |deleted_zeros_41_fu_16864_p3      |    select|   0|  0|   2|           1|           1|
    |deleted_zeros_42_fu_16965_p3      |    select|   0|  0|   2|           1|           1|
    |deleted_zeros_43_fu_17066_p3      |    select|   0|  0|   2|           1|           1|
    |deleted_zeros_44_fu_17167_p3      |    select|   0|  0|   2|           1|           1|
    |deleted_zeros_45_fu_17268_p3      |    select|   0|  0|   2|           1|           1|
    |deleted_zeros_46_fu_17369_p3      |    select|   0|  0|   2|           1|           1|
    |deleted_zeros_47_fu_17470_p3      |    select|   0|  0|   2|           1|           1|
    |deleted_zeros_48_fu_17571_p3      |    select|   0|  0|   2|           1|           1|
    |deleted_zeros_49_fu_17672_p3      |    select|   0|  0|   2|           1|           1|
    |deleted_zeros_4_fu_13127_p3       |    select|   0|  0|   2|           1|           1|
    |deleted_zeros_50_fu_17773_p3      |    select|   0|  0|   2|           1|           1|
    |deleted_zeros_51_fu_17874_p3      |    select|   0|  0|   2|           1|           1|
    |deleted_zeros_52_fu_17975_p3      |    select|   0|  0|   2|           1|           1|
    |deleted_zeros_53_fu_18076_p3      |    select|   0|  0|   2|           1|           1|
    |deleted_zeros_54_fu_18177_p3      |    select|   0|  0|   2|           1|           1|
    |deleted_zeros_55_fu_18278_p3      |    select|   0|  0|   2|           1|           1|
    |deleted_zeros_56_fu_18379_p3      |    select|   0|  0|   2|           1|           1|
    |deleted_zeros_57_fu_18480_p3      |    select|   0|  0|   2|           1|           1|
    |deleted_zeros_58_fu_18581_p3      |    select|   0|  0|   2|           1|           1|
    |deleted_zeros_59_fu_18682_p3      |    select|   0|  0|   2|           1|           1|
    |deleted_zeros_5_fu_13228_p3       |    select|   0|  0|   2|           1|           1|
    |deleted_zeros_60_fu_18783_p3      |    select|   0|  0|   2|           1|           1|
    |deleted_zeros_61_fu_18884_p3      |    select|   0|  0|   2|           1|           1|
    |deleted_zeros_62_fu_18985_p3      |    select|   0|  0|   2|           1|           1|
    |deleted_zeros_63_fu_19086_p3      |    select|   0|  0|   2|           1|           1|
    |deleted_zeros_64_fu_19187_p3      |    select|   0|  0|   2|           1|           1|
    |deleted_zeros_65_fu_19288_p3      |    select|   0|  0|   2|           1|           1|
    |deleted_zeros_66_fu_19389_p3      |    select|   0|  0|   2|           1|           1|
    |deleted_zeros_67_fu_19490_p3      |    select|   0|  0|   2|           1|           1|
    |deleted_zeros_68_fu_19591_p3      |    select|   0|  0|   2|           1|           1|
    |deleted_zeros_69_fu_19692_p3      |    select|   0|  0|   2|           1|           1|
    |deleted_zeros_6_fu_13329_p3       |    select|   0|  0|   2|           1|           1|
    |deleted_zeros_70_fu_19793_p3      |    select|   0|  0|   2|           1|           1|
    |deleted_zeros_71_fu_19894_p3      |    select|   0|  0|   2|           1|           1|
    |deleted_zeros_72_fu_19995_p3      |    select|   0|  0|   2|           1|           1|
    |deleted_zeros_73_fu_20096_p3      |    select|   0|  0|   2|           1|           1|
    |deleted_zeros_74_fu_20197_p3      |    select|   0|  0|   2|           1|           1|
    |deleted_zeros_75_fu_20298_p3      |    select|   0|  0|   2|           1|           1|
    |deleted_zeros_76_fu_20399_p3      |    select|   0|  0|   2|           1|           1|
    |deleted_zeros_77_fu_20500_p3      |    select|   0|  0|   2|           1|           1|
    |deleted_zeros_78_fu_20601_p3      |    select|   0|  0|   2|           1|           1|
    |deleted_zeros_79_fu_20702_p3      |    select|   0|  0|   2|           1|           1|
    |deleted_zeros_7_fu_13430_p3       |    select|   0|  0|   2|           1|           1|
    |deleted_zeros_80_fu_20803_p3      |    select|   0|  0|   2|           1|           1|
    |deleted_zeros_81_fu_20904_p3      |    select|   0|  0|   2|           1|           1|
    |deleted_zeros_82_fu_21005_p3      |    select|   0|  0|   2|           1|           1|
    |deleted_zeros_83_fu_21106_p3      |    select|   0|  0|   2|           1|           1|
    |deleted_zeros_84_fu_21207_p3      |    select|   0|  0|   2|           1|           1|
    |deleted_zeros_85_fu_21308_p3      |    select|   0|  0|   2|           1|           1|
    |deleted_zeros_86_fu_21409_p3      |    select|   0|  0|   2|           1|           1|
    |deleted_zeros_87_fu_21510_p3      |    select|   0|  0|   2|           1|           1|
    |deleted_zeros_88_fu_21611_p3      |    select|   0|  0|   2|           1|           1|
    |deleted_zeros_89_fu_21712_p3      |    select|   0|  0|   2|           1|           1|
    |deleted_zeros_8_fu_13531_p3       |    select|   0|  0|   2|           1|           1|
    |deleted_zeros_90_fu_21813_p3      |    select|   0|  0|   2|           1|           1|
    |deleted_zeros_91_fu_21914_p3      |    select|   0|  0|   2|           1|           1|
    |deleted_zeros_92_fu_22015_p3      |    select|   0|  0|   2|           1|           1|
    |deleted_zeros_93_fu_22116_p3      |    select|   0|  0|   2|           1|           1|
    |deleted_zeros_94_fu_22217_p3      |    select|   0|  0|   2|           1|           1|
    |deleted_zeros_95_fu_22318_p3      |    select|   0|  0|   2|           1|           1|
    |deleted_zeros_96_fu_22419_p3      |    select|   0|  0|   2|           1|           1|
    |deleted_zeros_97_fu_22520_p3      |    select|   0|  0|   2|           1|           1|
    |deleted_zeros_98_fu_22621_p3      |    select|   0|  0|   2|           1|           1|
    |deleted_zeros_99_fu_22722_p3      |    select|   0|  0|   2|           1|           1|
    |deleted_zeros_9_fu_13632_p3       |    select|   0|  0|   2|           1|           1|
    |deleted_zeros_fu_12723_p3         |    select|   0|  0|   2|           1|           1|
    |layer3_out_i_0_din                |    select|   0|  0|   8|           1|           8|
    |layer3_out_i_100_din              |    select|   0|  0|   8|           1|           8|
    |layer3_out_i_101_din              |    select|   0|  0|   8|           1|           8|
    |layer3_out_i_102_din              |    select|   0|  0|   8|           1|           8|
    |layer3_out_i_103_din              |    select|   0|  0|   8|           1|           8|
    |layer3_out_i_104_din              |    select|   0|  0|   8|           1|           8|
    |layer3_out_i_105_din              |    select|   0|  0|   8|           1|           8|
    |layer3_out_i_106_din              |    select|   0|  0|   8|           1|           8|
    |layer3_out_i_107_din              |    select|   0|  0|   8|           1|           8|
    |layer3_out_i_108_din              |    select|   0|  0|   8|           1|           8|
    |layer3_out_i_109_din              |    select|   0|  0|   8|           1|           8|
    |layer3_out_i_10_din               |    select|   0|  0|   8|           1|           8|
    |layer3_out_i_110_din              |    select|   0|  0|   8|           1|           8|
    |layer3_out_i_111_din              |    select|   0|  0|   8|           1|           8|
    |layer3_out_i_112_din              |    select|   0|  0|   8|           1|           8|
    |layer3_out_i_113_din              |    select|   0|  0|   8|           1|           8|
    |layer3_out_i_114_din              |    select|   0|  0|   8|           1|           8|
    |layer3_out_i_115_din              |    select|   0|  0|   8|           1|           8|
    |layer3_out_i_116_din              |    select|   0|  0|   8|           1|           8|
    |layer3_out_i_117_din              |    select|   0|  0|   8|           1|           8|
    |layer3_out_i_118_din              |    select|   0|  0|   8|           1|           8|
    |layer3_out_i_119_din              |    select|   0|  0|   8|           1|           8|
    |layer3_out_i_11_din               |    select|   0|  0|   8|           1|           8|
    |layer3_out_i_120_din              |    select|   0|  0|   8|           1|           8|
    |layer3_out_i_121_din              |    select|   0|  0|   8|           1|           8|
    |layer3_out_i_122_din              |    select|   0|  0|   8|           1|           8|
    |layer3_out_i_123_din              |    select|   0|  0|   8|           1|           8|
    |layer3_out_i_124_din              |    select|   0|  0|   8|           1|           8|
    |layer3_out_i_125_din              |    select|   0|  0|   8|           1|           8|
    |layer3_out_i_126_din              |    select|   0|  0|   8|           1|           8|
    |layer3_out_i_127_din              |    select|   0|  0|   8|           1|           8|
    |layer3_out_i_12_din               |    select|   0|  0|   8|           1|           8|
    |layer3_out_i_13_din               |    select|   0|  0|   8|           1|           8|
    |layer3_out_i_14_din               |    select|   0|  0|   8|           1|           8|
    |layer3_out_i_15_din               |    select|   0|  0|   8|           1|           8|
    |layer3_out_i_16_din               |    select|   0|  0|   8|           1|           8|
    |layer3_out_i_17_din               |    select|   0|  0|   8|           1|           8|
    |layer3_out_i_18_din               |    select|   0|  0|   8|           1|           8|
    |layer3_out_i_19_din               |    select|   0|  0|   8|           1|           8|
    |layer3_out_i_1_din                |    select|   0|  0|   8|           1|           8|
    |layer3_out_i_20_din               |    select|   0|  0|   8|           1|           8|
    |layer3_out_i_21_din               |    select|   0|  0|   8|           1|           8|
    |layer3_out_i_22_din               |    select|   0|  0|   8|           1|           8|
    |layer3_out_i_23_din               |    select|   0|  0|   8|           1|           8|
    |layer3_out_i_24_din               |    select|   0|  0|   8|           1|           8|
    |layer3_out_i_25_din               |    select|   0|  0|   8|           1|           8|
    |layer3_out_i_26_din               |    select|   0|  0|   8|           1|           8|
    |layer3_out_i_27_din               |    select|   0|  0|   8|           1|           8|
    |layer3_out_i_28_din               |    select|   0|  0|   8|           1|           8|
    |layer3_out_i_29_din               |    select|   0|  0|   8|           1|           8|
    |layer3_out_i_2_din                |    select|   0|  0|   8|           1|           8|
    |layer3_out_i_30_din               |    select|   0|  0|   8|           1|           8|
    |layer3_out_i_31_din               |    select|   0|  0|   8|           1|           8|
    |layer3_out_i_32_din               |    select|   0|  0|   8|           1|           8|
    |layer3_out_i_33_din               |    select|   0|  0|   8|           1|           8|
    |layer3_out_i_34_din               |    select|   0|  0|   8|           1|           8|
    |layer3_out_i_35_din               |    select|   0|  0|   8|           1|           8|
    |layer3_out_i_36_din               |    select|   0|  0|   8|           1|           8|
    |layer3_out_i_37_din               |    select|   0|  0|   8|           1|           8|
    |layer3_out_i_38_din               |    select|   0|  0|   8|           1|           8|
    |layer3_out_i_39_din               |    select|   0|  0|   8|           1|           8|
    |layer3_out_i_3_din                |    select|   0|  0|   8|           1|           8|
    |layer3_out_i_40_din               |    select|   0|  0|   8|           1|           8|
    |layer3_out_i_41_din               |    select|   0|  0|   8|           1|           8|
    |layer3_out_i_42_din               |    select|   0|  0|   8|           1|           8|
    |layer3_out_i_43_din               |    select|   0|  0|   8|           1|           8|
    |layer3_out_i_44_din               |    select|   0|  0|   8|           1|           8|
    |layer3_out_i_45_din               |    select|   0|  0|   8|           1|           8|
    |layer3_out_i_46_din               |    select|   0|  0|   8|           1|           8|
    |layer3_out_i_47_din               |    select|   0|  0|   8|           1|           8|
    |layer3_out_i_48_din               |    select|   0|  0|   8|           1|           8|
    |layer3_out_i_49_din               |    select|   0|  0|   8|           1|           8|
    |layer3_out_i_4_din                |    select|   0|  0|   8|           1|           8|
    |layer3_out_i_50_din               |    select|   0|  0|   8|           1|           8|
    |layer3_out_i_51_din               |    select|   0|  0|   8|           1|           8|
    |layer3_out_i_52_din               |    select|   0|  0|   8|           1|           8|
    |layer3_out_i_53_din               |    select|   0|  0|   8|           1|           8|
    |layer3_out_i_54_din               |    select|   0|  0|   8|           1|           8|
    |layer3_out_i_55_din               |    select|   0|  0|   8|           1|           8|
    |layer3_out_i_56_din               |    select|   0|  0|   8|           1|           8|
    |layer3_out_i_57_din               |    select|   0|  0|   8|           1|           8|
    |layer3_out_i_58_din               |    select|   0|  0|   8|           1|           8|
    |layer3_out_i_59_din               |    select|   0|  0|   8|           1|           8|
    |layer3_out_i_5_din                |    select|   0|  0|   8|           1|           8|
    |layer3_out_i_60_din               |    select|   0|  0|   8|           1|           8|
    |layer3_out_i_61_din               |    select|   0|  0|   8|           1|           8|
    |layer3_out_i_62_din               |    select|   0|  0|   8|           1|           8|
    |layer3_out_i_63_din               |    select|   0|  0|   8|           1|           8|
    |layer3_out_i_64_din               |    select|   0|  0|   8|           1|           8|
    |layer3_out_i_65_din               |    select|   0|  0|   8|           1|           8|
    |layer3_out_i_66_din               |    select|   0|  0|   8|           1|           8|
    |layer3_out_i_67_din               |    select|   0|  0|   8|           1|           8|
    |layer3_out_i_68_din               |    select|   0|  0|   8|           1|           8|
    |layer3_out_i_69_din               |    select|   0|  0|   8|           1|           8|
    |layer3_out_i_6_din                |    select|   0|  0|   8|           1|           8|
    |layer3_out_i_70_din               |    select|   0|  0|   8|           1|           8|
    |layer3_out_i_71_din               |    select|   0|  0|   8|           1|           8|
    |layer3_out_i_72_din               |    select|   0|  0|   8|           1|           8|
    |layer3_out_i_73_din               |    select|   0|  0|   8|           1|           8|
    |layer3_out_i_74_din               |    select|   0|  0|   8|           1|           8|
    |layer3_out_i_75_din               |    select|   0|  0|   8|           1|           8|
    |layer3_out_i_76_din               |    select|   0|  0|   8|           1|           8|
    |layer3_out_i_77_din               |    select|   0|  0|   8|           1|           8|
    |layer3_out_i_78_din               |    select|   0|  0|   8|           1|           8|
    |layer3_out_i_79_din               |    select|   0|  0|   8|           1|           8|
    |layer3_out_i_7_din                |    select|   0|  0|   8|           1|           8|
    |layer3_out_i_80_din               |    select|   0|  0|   8|           1|           8|
    |layer3_out_i_81_din               |    select|   0|  0|   8|           1|           8|
    |layer3_out_i_82_din               |    select|   0|  0|   8|           1|           8|
    |layer3_out_i_83_din               |    select|   0|  0|   8|           1|           8|
    |layer3_out_i_84_din               |    select|   0|  0|   8|           1|           8|
    |layer3_out_i_85_din               |    select|   0|  0|   8|           1|           8|
    |layer3_out_i_86_din               |    select|   0|  0|   8|           1|           8|
    |layer3_out_i_87_din               |    select|   0|  0|   8|           1|           8|
    |layer3_out_i_88_din               |    select|   0|  0|   8|           1|           8|
    |layer3_out_i_89_din               |    select|   0|  0|   8|           1|           8|
    |layer3_out_i_8_din                |    select|   0|  0|   8|           1|           8|
    |layer3_out_i_90_din               |    select|   0|  0|   8|           1|           8|
    |layer3_out_i_91_din               |    select|   0|  0|   8|           1|           8|
    |layer3_out_i_92_din               |    select|   0|  0|   8|           1|           8|
    |layer3_out_i_93_din               |    select|   0|  0|   8|           1|           8|
    |layer3_out_i_94_din               |    select|   0|  0|   8|           1|           8|
    |layer3_out_i_95_din               |    select|   0|  0|   8|           1|           8|
    |layer3_out_i_96_din               |    select|   0|  0|   8|           1|           8|
    |layer3_out_i_97_din               |    select|   0|  0|   8|           1|           8|
    |layer3_out_i_98_din               |    select|   0|  0|   8|           1|           8|
    |layer3_out_i_99_din               |    select|   0|  0|   8|           1|           8|
    |layer3_out_i_9_din                |    select|   0|  0|   8|           1|           8|
    |select_ln346_100_fu_17837_p3      |    select|   0|  0|   9|           1|           7|
    |select_ln346_102_fu_17938_p3      |    select|   0|  0|   9|           1|           7|
    |select_ln346_104_fu_18039_p3      |    select|   0|  0|   9|           1|           7|
    |select_ln346_106_fu_18140_p3      |    select|   0|  0|   9|           1|           7|
    |select_ln346_108_fu_18241_p3      |    select|   0|  0|   9|           1|           7|
    |select_ln346_10_fu_13292_p3       |    select|   0|  0|   9|           1|           7|
    |select_ln346_110_fu_18342_p3      |    select|   0|  0|   9|           1|           7|
    |select_ln346_112_fu_18443_p3      |    select|   0|  0|   9|           1|           7|
    |select_ln346_114_fu_18544_p3      |    select|   0|  0|   9|           1|           7|
    |select_ln346_116_fu_18645_p3      |    select|   0|  0|   9|           1|           7|
    |select_ln346_118_fu_18746_p3      |    select|   0|  0|   9|           1|           7|
    |select_ln346_120_fu_18847_p3      |    select|   0|  0|   9|           1|           7|
    |select_ln346_122_fu_18948_p3      |    select|   0|  0|   9|           1|           7|
    |select_ln346_124_fu_19049_p3      |    select|   0|  0|   9|           1|           7|
    |select_ln346_126_fu_19150_p3      |    select|   0|  0|   9|           1|           7|
    |select_ln346_128_fu_19251_p3      |    select|   0|  0|   9|           1|           7|
    |select_ln346_12_fu_13393_p3       |    select|   0|  0|   9|           1|           7|
    |select_ln346_130_fu_19352_p3      |    select|   0|  0|   9|           1|           7|
    |select_ln346_132_fu_19453_p3      |    select|   0|  0|   9|           1|           7|
    |select_ln346_134_fu_19554_p3      |    select|   0|  0|   9|           1|           7|
    |select_ln346_136_fu_19655_p3      |    select|   0|  0|   9|           1|           7|
    |select_ln346_138_fu_19756_p3      |    select|   0|  0|   9|           1|           7|
    |select_ln346_140_fu_19857_p3      |    select|   0|  0|   9|           1|           7|
    |select_ln346_142_fu_19958_p3      |    select|   0|  0|   9|           1|           7|
    |select_ln346_144_fu_20059_p3      |    select|   0|  0|   9|           1|           7|
    |select_ln346_146_fu_20160_p3      |    select|   0|  0|   9|           1|           7|
    |select_ln346_148_fu_20261_p3      |    select|   0|  0|   9|           1|           7|
    |select_ln346_14_fu_13494_p3       |    select|   0|  0|   9|           1|           7|
    |select_ln346_150_fu_20362_p3      |    select|   0|  0|   9|           1|           7|
    |select_ln346_152_fu_20463_p3      |    select|   0|  0|   9|           1|           7|
    |select_ln346_154_fu_20564_p3      |    select|   0|  0|   9|           1|           7|
    |select_ln346_156_fu_20665_p3      |    select|   0|  0|   9|           1|           7|
    |select_ln346_158_fu_20766_p3      |    select|   0|  0|   9|           1|           7|
    |select_ln346_160_fu_20867_p3      |    select|   0|  0|   9|           1|           7|
    |select_ln346_162_fu_20968_p3      |    select|   0|  0|   9|           1|           7|
    |select_ln346_164_fu_21069_p3      |    select|   0|  0|   9|           1|           7|
    |select_ln346_166_fu_21170_p3      |    select|   0|  0|   9|           1|           7|
    |select_ln346_168_fu_21271_p3      |    select|   0|  0|   9|           1|           7|
    |select_ln346_16_fu_13595_p3       |    select|   0|  0|   9|           1|           7|
    |select_ln346_170_fu_21372_p3      |    select|   0|  0|   9|           1|           7|
    |select_ln346_172_fu_21473_p3      |    select|   0|  0|   9|           1|           7|
    |select_ln346_174_fu_21574_p3      |    select|   0|  0|   9|           1|           7|
    |select_ln346_176_fu_21675_p3      |    select|   0|  0|   9|           1|           7|
    |select_ln346_178_fu_21776_p3      |    select|   0|  0|   9|           1|           7|
    |select_ln346_180_fu_21877_p3      |    select|   0|  0|   9|           1|           7|
    |select_ln346_182_fu_21978_p3      |    select|   0|  0|   9|           1|           7|
    |select_ln346_184_fu_22079_p3      |    select|   0|  0|   9|           1|           7|
    |select_ln346_186_fu_22180_p3      |    select|   0|  0|   9|           1|           7|
    |select_ln346_188_fu_22281_p3      |    select|   0|  0|   9|           1|           7|
    |select_ln346_18_fu_13696_p3       |    select|   0|  0|   9|           1|           7|
    |select_ln346_190_fu_22382_p3      |    select|   0|  0|   9|           1|           7|
    |select_ln346_192_fu_22483_p3      |    select|   0|  0|   9|           1|           7|
    |select_ln346_194_fu_22584_p3      |    select|   0|  0|   9|           1|           7|
    |select_ln346_196_fu_22685_p3      |    select|   0|  0|   9|           1|           7|
    |select_ln346_198_fu_22786_p3      |    select|   0|  0|   9|           1|           7|
    |select_ln346_1_fu_12787_p3        |    select|   0|  0|   9|           1|           7|
    |select_ln346_200_fu_22887_p3      |    select|   0|  0|   9|           1|           7|
    |select_ln346_202_fu_22988_p3      |    select|   0|  0|   9|           1|           7|
    |select_ln346_204_fu_23089_p3      |    select|   0|  0|   9|           1|           7|
    |select_ln346_206_fu_23190_p3      |    select|   0|  0|   9|           1|           7|
    |select_ln346_208_fu_23291_p3      |    select|   0|  0|   9|           1|           7|
    |select_ln346_20_fu_13797_p3       |    select|   0|  0|   9|           1|           7|
    |select_ln346_210_fu_23392_p3      |    select|   0|  0|   9|           1|           7|
    |select_ln346_212_fu_23493_p3      |    select|   0|  0|   9|           1|           7|
    |select_ln346_214_fu_23594_p3      |    select|   0|  0|   9|           1|           7|
    |select_ln346_216_fu_23695_p3      |    select|   0|  0|   9|           1|           7|
    |select_ln346_218_fu_23796_p3      |    select|   0|  0|   9|           1|           7|
    |select_ln346_220_fu_23897_p3      |    select|   0|  0|   9|           1|           7|
    |select_ln346_222_fu_23998_p3      |    select|   0|  0|   9|           1|           7|
    |select_ln346_224_fu_24099_p3      |    select|   0|  0|   9|           1|           7|
    |select_ln346_226_fu_24200_p3      |    select|   0|  0|   9|           1|           7|
    |select_ln346_228_fu_24301_p3      |    select|   0|  0|   9|           1|           7|
    |select_ln346_22_fu_13898_p3       |    select|   0|  0|   9|           1|           7|
    |select_ln346_230_fu_24402_p3      |    select|   0|  0|   9|           1|           7|
    |select_ln346_232_fu_24503_p3      |    select|   0|  0|   9|           1|           7|
    |select_ln346_234_fu_24604_p3      |    select|   0|  0|   9|           1|           7|
    |select_ln346_236_fu_24705_p3      |    select|   0|  0|   9|           1|           7|
    |select_ln346_238_fu_24806_p3      |    select|   0|  0|   9|           1|           7|
    |select_ln346_240_fu_24907_p3      |    select|   0|  0|   9|           1|           7|
    |select_ln346_242_fu_25008_p3      |    select|   0|  0|   9|           1|           7|
    |select_ln346_244_fu_25109_p3      |    select|   0|  0|   9|           1|           7|
    |select_ln346_246_fu_25210_p3      |    select|   0|  0|   9|           1|           7|
    |select_ln346_248_fu_25311_p3      |    select|   0|  0|   9|           1|           7|
    |select_ln346_24_fu_13999_p3       |    select|   0|  0|   9|           1|           7|
    |select_ln346_250_fu_25412_p3      |    select|   0|  0|   9|           1|           7|
    |select_ln346_252_fu_25513_p3      |    select|   0|  0|   9|           1|           7|
    |select_ln346_254_fu_25614_p3      |    select|   0|  0|   9|           1|           7|
    |select_ln346_26_fu_14100_p3       |    select|   0|  0|   9|           1|           7|
    |select_ln346_28_fu_14201_p3       |    select|   0|  0|   9|           1|           7|
    |select_ln346_30_fu_14302_p3       |    select|   0|  0|   9|           1|           7|
    |select_ln346_32_fu_14403_p3       |    select|   0|  0|   9|           1|           7|
    |select_ln346_34_fu_14504_p3       |    select|   0|  0|   9|           1|           7|
    |select_ln346_36_fu_14605_p3       |    select|   0|  0|   9|           1|           7|
    |select_ln346_38_fu_14706_p3       |    select|   0|  0|   9|           1|           7|
    |select_ln346_40_fu_14807_p3       |    select|   0|  0|   9|           1|           7|
    |select_ln346_42_fu_14908_p3       |    select|   0|  0|   9|           1|           7|
    |select_ln346_44_fu_15009_p3       |    select|   0|  0|   9|           1|           7|
    |select_ln346_46_fu_15110_p3       |    select|   0|  0|   9|           1|           7|
    |select_ln346_48_fu_15211_p3       |    select|   0|  0|   9|           1|           7|
    |select_ln346_4_fu_12989_p3        |    select|   0|  0|   9|           1|           7|
    |select_ln346_50_fu_15312_p3       |    select|   0|  0|   9|           1|           7|
    |select_ln346_52_fu_15413_p3       |    select|   0|  0|   9|           1|           7|
    |select_ln346_54_fu_15514_p3       |    select|   0|  0|   9|           1|           7|
    |select_ln346_56_fu_15615_p3       |    select|   0|  0|   9|           1|           7|
    |select_ln346_58_fu_15716_p3       |    select|   0|  0|   9|           1|           7|
    |select_ln346_60_fu_15817_p3       |    select|   0|  0|   9|           1|           7|
    |select_ln346_62_fu_15918_p3       |    select|   0|  0|   9|           1|           7|
    |select_ln346_64_fu_16019_p3       |    select|   0|  0|   9|           1|           7|
    |select_ln346_66_fu_16120_p3       |    select|   0|  0|   9|           1|           7|
    |select_ln346_68_fu_16221_p3       |    select|   0|  0|   9|           1|           7|
    |select_ln346_6_fu_13090_p3        |    select|   0|  0|   9|           1|           7|
    |select_ln346_70_fu_16322_p3       |    select|   0|  0|   9|           1|           7|
    |select_ln346_72_fu_16423_p3       |    select|   0|  0|   9|           1|           7|
    |select_ln346_74_fu_16524_p3       |    select|   0|  0|   9|           1|           7|
    |select_ln346_76_fu_16625_p3       |    select|   0|  0|   9|           1|           7|
    |select_ln346_78_fu_16726_p3       |    select|   0|  0|   9|           1|           7|
    |select_ln346_80_fu_16827_p3       |    select|   0|  0|   9|           1|           7|
    |select_ln346_82_fu_16928_p3       |    select|   0|  0|   9|           1|           7|
    |select_ln346_84_fu_17029_p3       |    select|   0|  0|   9|           1|           7|
    |select_ln346_86_fu_17130_p3       |    select|   0|  0|   9|           1|           7|
    |select_ln346_88_fu_17231_p3       |    select|   0|  0|   9|           1|           7|
    |select_ln346_8_fu_13191_p3        |    select|   0|  0|   9|           1|           7|
    |select_ln346_90_fu_17332_p3       |    select|   0|  0|   9|           1|           7|
    |select_ln346_92_fu_17433_p3       |    select|   0|  0|   9|           1|           7|
    |select_ln346_94_fu_17534_p3       |    select|   0|  0|   9|           1|           7|
    |select_ln346_96_fu_17635_p3       |    select|   0|  0|   9|           1|           7|
    |select_ln346_98_fu_17736_p3       |    select|   0|  0|   9|           1|           7|
    |select_ln346_fu_12888_p3          |    select|   0|  0|   9|           1|           7|
    |Range1_all_zeros_100_fu_22818_p2  |       xor|   0|  0|   2|           1|           2|
    |Range1_all_zeros_101_fu_22919_p2  |       xor|   0|  0|   2|           1|           2|
    |Range1_all_zeros_102_fu_23020_p2  |       xor|   0|  0|   2|           1|           2|
    |Range1_all_zeros_103_fu_23121_p2  |       xor|   0|  0|   2|           1|           2|
    |Range1_all_zeros_104_fu_23222_p2  |       xor|   0|  0|   2|           1|           2|
    |Range1_all_zeros_105_fu_23323_p2  |       xor|   0|  0|   2|           1|           2|
    |Range1_all_zeros_106_fu_23424_p2  |       xor|   0|  0|   2|           1|           2|
    |Range1_all_zeros_107_fu_23525_p2  |       xor|   0|  0|   2|           1|           2|
    |Range1_all_zeros_108_fu_23626_p2  |       xor|   0|  0|   2|           1|           2|
    |Range1_all_zeros_109_fu_23727_p2  |       xor|   0|  0|   2|           1|           2|
    |Range1_all_zeros_10_fu_13728_p2   |       xor|   0|  0|   2|           1|           2|
    |Range1_all_zeros_110_fu_23828_p2  |       xor|   0|  0|   2|           1|           2|
    |Range1_all_zeros_111_fu_23929_p2  |       xor|   0|  0|   2|           1|           2|
    |Range1_all_zeros_112_fu_24030_p2  |       xor|   0|  0|   2|           1|           2|
    |Range1_all_zeros_113_fu_24131_p2  |       xor|   0|  0|   2|           1|           2|
    |Range1_all_zeros_114_fu_24232_p2  |       xor|   0|  0|   2|           1|           2|
    |Range1_all_zeros_115_fu_24333_p2  |       xor|   0|  0|   2|           1|           2|
    |Range1_all_zeros_116_fu_24434_p2  |       xor|   0|  0|   2|           1|           2|
    |Range1_all_zeros_117_fu_24535_p2  |       xor|   0|  0|   2|           1|           2|
    |Range1_all_zeros_118_fu_24636_p2  |       xor|   0|  0|   2|           1|           2|
    |Range1_all_zeros_119_fu_24737_p2  |       xor|   0|  0|   2|           1|           2|
    |Range1_all_zeros_11_fu_13829_p2   |       xor|   0|  0|   2|           1|           2|
    |Range1_all_zeros_120_fu_24838_p2  |       xor|   0|  0|   2|           1|           2|
    |Range1_all_zeros_121_fu_24939_p2  |       xor|   0|  0|   2|           1|           2|
    |Range1_all_zeros_122_fu_25040_p2  |       xor|   0|  0|   2|           1|           2|
    |Range1_all_zeros_123_fu_25141_p2  |       xor|   0|  0|   2|           1|           2|
    |Range1_all_zeros_124_fu_25242_p2  |       xor|   0|  0|   2|           1|           2|
    |Range1_all_zeros_125_fu_25343_p2  |       xor|   0|  0|   2|           1|           2|
    |Range1_all_zeros_126_fu_25444_p2  |       xor|   0|  0|   2|           1|           2|
    |Range1_all_zeros_127_fu_25545_p2  |       xor|   0|  0|   2|           1|           2|
    |Range1_all_zeros_12_fu_13930_p2   |       xor|   0|  0|   2|           1|           2|
    |Range1_all_zeros_13_fu_14031_p2   |       xor|   0|  0|   2|           1|           2|
    |Range1_all_zeros_14_fu_14132_p2   |       xor|   0|  0|   2|           1|           2|
    |Range1_all_zeros_15_fu_14233_p2   |       xor|   0|  0|   2|           1|           2|
    |Range1_all_zeros_16_fu_14334_p2   |       xor|   0|  0|   2|           1|           2|
    |Range1_all_zeros_17_fu_14435_p2   |       xor|   0|  0|   2|           1|           2|
    |Range1_all_zeros_18_fu_14536_p2   |       xor|   0|  0|   2|           1|           2|
    |Range1_all_zeros_19_fu_14637_p2   |       xor|   0|  0|   2|           1|           2|
    |Range1_all_zeros_1_fu_12819_p2    |       xor|   0|  0|   2|           1|           2|
    |Range1_all_zeros_20_fu_14738_p2   |       xor|   0|  0|   2|           1|           2|
    |Range1_all_zeros_21_fu_14839_p2   |       xor|   0|  0|   2|           1|           2|
    |Range1_all_zeros_22_fu_14940_p2   |       xor|   0|  0|   2|           1|           2|
    |Range1_all_zeros_23_fu_15041_p2   |       xor|   0|  0|   2|           1|           2|
    |Range1_all_zeros_24_fu_15142_p2   |       xor|   0|  0|   2|           1|           2|
    |Range1_all_zeros_25_fu_15243_p2   |       xor|   0|  0|   2|           1|           2|
    |Range1_all_zeros_26_fu_15344_p2   |       xor|   0|  0|   2|           1|           2|
    |Range1_all_zeros_27_fu_15445_p2   |       xor|   0|  0|   2|           1|           2|
    |Range1_all_zeros_28_fu_15546_p2   |       xor|   0|  0|   2|           1|           2|
    |Range1_all_zeros_29_fu_15647_p2   |       xor|   0|  0|   2|           1|           2|
    |Range1_all_zeros_2_fu_12920_p2    |       xor|   0|  0|   2|           1|           2|
    |Range1_all_zeros_30_fu_15748_p2   |       xor|   0|  0|   2|           1|           2|
    |Range1_all_zeros_31_fu_15849_p2   |       xor|   0|  0|   2|           1|           2|
    |Range1_all_zeros_32_fu_15950_p2   |       xor|   0|  0|   2|           1|           2|
    |Range1_all_zeros_33_fu_16051_p2   |       xor|   0|  0|   2|           1|           2|
    |Range1_all_zeros_34_fu_16152_p2   |       xor|   0|  0|   2|           1|           2|
    |Range1_all_zeros_35_fu_16253_p2   |       xor|   0|  0|   2|           1|           2|
    |Range1_all_zeros_36_fu_16354_p2   |       xor|   0|  0|   2|           1|           2|
    |Range1_all_zeros_37_fu_16455_p2   |       xor|   0|  0|   2|           1|           2|
    |Range1_all_zeros_38_fu_16556_p2   |       xor|   0|  0|   2|           1|           2|
    |Range1_all_zeros_39_fu_16657_p2   |       xor|   0|  0|   2|           1|           2|
    |Range1_all_zeros_3_fu_13021_p2    |       xor|   0|  0|   2|           1|           2|
    |Range1_all_zeros_40_fu_16758_p2   |       xor|   0|  0|   2|           1|           2|
    |Range1_all_zeros_41_fu_16859_p2   |       xor|   0|  0|   2|           1|           2|
    |Range1_all_zeros_42_fu_16960_p2   |       xor|   0|  0|   2|           1|           2|
    |Range1_all_zeros_43_fu_17061_p2   |       xor|   0|  0|   2|           1|           2|
    |Range1_all_zeros_44_fu_17162_p2   |       xor|   0|  0|   2|           1|           2|
    |Range1_all_zeros_45_fu_17263_p2   |       xor|   0|  0|   2|           1|           2|
    |Range1_all_zeros_46_fu_17364_p2   |       xor|   0|  0|   2|           1|           2|
    |Range1_all_zeros_47_fu_17465_p2   |       xor|   0|  0|   2|           1|           2|
    |Range1_all_zeros_48_fu_17566_p2   |       xor|   0|  0|   2|           1|           2|
    |Range1_all_zeros_49_fu_17667_p2   |       xor|   0|  0|   2|           1|           2|
    |Range1_all_zeros_4_fu_13122_p2    |       xor|   0|  0|   2|           1|           2|
    |Range1_all_zeros_50_fu_17768_p2   |       xor|   0|  0|   2|           1|           2|
    |Range1_all_zeros_51_fu_17869_p2   |       xor|   0|  0|   2|           1|           2|
    |Range1_all_zeros_52_fu_17970_p2   |       xor|   0|  0|   2|           1|           2|
    |Range1_all_zeros_53_fu_18071_p2   |       xor|   0|  0|   2|           1|           2|
    |Range1_all_zeros_54_fu_18172_p2   |       xor|   0|  0|   2|           1|           2|
    |Range1_all_zeros_55_fu_18273_p2   |       xor|   0|  0|   2|           1|           2|
    |Range1_all_zeros_56_fu_18374_p2   |       xor|   0|  0|   2|           1|           2|
    |Range1_all_zeros_57_fu_18475_p2   |       xor|   0|  0|   2|           1|           2|
    |Range1_all_zeros_58_fu_18576_p2   |       xor|   0|  0|   2|           1|           2|
    |Range1_all_zeros_59_fu_18677_p2   |       xor|   0|  0|   2|           1|           2|
    |Range1_all_zeros_5_fu_13223_p2    |       xor|   0|  0|   2|           1|           2|
    |Range1_all_zeros_60_fu_18778_p2   |       xor|   0|  0|   2|           1|           2|
    |Range1_all_zeros_61_fu_18879_p2   |       xor|   0|  0|   2|           1|           2|
    |Range1_all_zeros_62_fu_18980_p2   |       xor|   0|  0|   2|           1|           2|
    |Range1_all_zeros_63_fu_19081_p2   |       xor|   0|  0|   2|           1|           2|
    |Range1_all_zeros_64_fu_19182_p2   |       xor|   0|  0|   2|           1|           2|
    |Range1_all_zeros_65_fu_19283_p2   |       xor|   0|  0|   2|           1|           2|
    |Range1_all_zeros_66_fu_19384_p2   |       xor|   0|  0|   2|           1|           2|
    |Range1_all_zeros_67_fu_19485_p2   |       xor|   0|  0|   2|           1|           2|
    |Range1_all_zeros_68_fu_19586_p2   |       xor|   0|  0|   2|           1|           2|
    |Range1_all_zeros_69_fu_19687_p2   |       xor|   0|  0|   2|           1|           2|
    |Range1_all_zeros_6_fu_13324_p2    |       xor|   0|  0|   2|           1|           2|
    |Range1_all_zeros_70_fu_19788_p2   |       xor|   0|  0|   2|           1|           2|
    |Range1_all_zeros_71_fu_19889_p2   |       xor|   0|  0|   2|           1|           2|
    |Range1_all_zeros_72_fu_19990_p2   |       xor|   0|  0|   2|           1|           2|
    |Range1_all_zeros_73_fu_20091_p2   |       xor|   0|  0|   2|           1|           2|
    |Range1_all_zeros_74_fu_20192_p2   |       xor|   0|  0|   2|           1|           2|
    |Range1_all_zeros_75_fu_20293_p2   |       xor|   0|  0|   2|           1|           2|
    |Range1_all_zeros_76_fu_20394_p2   |       xor|   0|  0|   2|           1|           2|
    |Range1_all_zeros_77_fu_20495_p2   |       xor|   0|  0|   2|           1|           2|
    |Range1_all_zeros_78_fu_20596_p2   |       xor|   0|  0|   2|           1|           2|
    |Range1_all_zeros_79_fu_20697_p2   |       xor|   0|  0|   2|           1|           2|
    |Range1_all_zeros_7_fu_13425_p2    |       xor|   0|  0|   2|           1|           2|
    |Range1_all_zeros_80_fu_20798_p2   |       xor|   0|  0|   2|           1|           2|
    |Range1_all_zeros_81_fu_20899_p2   |       xor|   0|  0|   2|           1|           2|
    |Range1_all_zeros_82_fu_21000_p2   |       xor|   0|  0|   2|           1|           2|
    |Range1_all_zeros_83_fu_21101_p2   |       xor|   0|  0|   2|           1|           2|
    |Range1_all_zeros_84_fu_21202_p2   |       xor|   0|  0|   2|           1|           2|
    |Range1_all_zeros_85_fu_21303_p2   |       xor|   0|  0|   2|           1|           2|
    |Range1_all_zeros_86_fu_21404_p2   |       xor|   0|  0|   2|           1|           2|
    |Range1_all_zeros_87_fu_21505_p2   |       xor|   0|  0|   2|           1|           2|
    |Range1_all_zeros_88_fu_21606_p2   |       xor|   0|  0|   2|           1|           2|
    |Range1_all_zeros_89_fu_21707_p2   |       xor|   0|  0|   2|           1|           2|
    |Range1_all_zeros_8_fu_13526_p2    |       xor|   0|  0|   2|           1|           2|
    |Range1_all_zeros_90_fu_21808_p2   |       xor|   0|  0|   2|           1|           2|
    |Range1_all_zeros_91_fu_21909_p2   |       xor|   0|  0|   2|           1|           2|
    |Range1_all_zeros_92_fu_22010_p2   |       xor|   0|  0|   2|           1|           2|
    |Range1_all_zeros_93_fu_22111_p2   |       xor|   0|  0|   2|           1|           2|
    |Range1_all_zeros_94_fu_22212_p2   |       xor|   0|  0|   2|           1|           2|
    |Range1_all_zeros_95_fu_22313_p2   |       xor|   0|  0|   2|           1|           2|
    |Range1_all_zeros_96_fu_22414_p2   |       xor|   0|  0|   2|           1|           2|
    |Range1_all_zeros_97_fu_22515_p2   |       xor|   0|  0|   2|           1|           2|
    |Range1_all_zeros_98_fu_22616_p2   |       xor|   0|  0|   2|           1|           2|
    |Range1_all_zeros_99_fu_22717_p2   |       xor|   0|  0|   2|           1|           2|
    |Range1_all_zeros_9_fu_13627_p2    |       xor|   0|  0|   2|           1|           2|
    |Range1_all_zeros_fu_12718_p2      |       xor|   0|  0|   2|           1|           2|
    |xor_ln891_100_fu_22837_p2         |       xor|   0|  0|   2|           1|           2|
    |xor_ln891_101_fu_22938_p2         |       xor|   0|  0|   2|           1|           2|
    |xor_ln891_102_fu_23039_p2         |       xor|   0|  0|   2|           1|           2|
    |xor_ln891_103_fu_23140_p2         |       xor|   0|  0|   2|           1|           2|
    |xor_ln891_104_fu_23241_p2         |       xor|   0|  0|   2|           1|           2|
    |xor_ln891_105_fu_23342_p2         |       xor|   0|  0|   2|           1|           2|
    |xor_ln891_106_fu_23443_p2         |       xor|   0|  0|   2|           1|           2|
    |xor_ln891_107_fu_23544_p2         |       xor|   0|  0|   2|           1|           2|
    |xor_ln891_108_fu_23645_p2         |       xor|   0|  0|   2|           1|           2|
    |xor_ln891_109_fu_23746_p2         |       xor|   0|  0|   2|           1|           2|
    |xor_ln891_10_fu_13747_p2          |       xor|   0|  0|   2|           1|           2|
    |xor_ln891_110_fu_23847_p2         |       xor|   0|  0|   2|           1|           2|
    |xor_ln891_111_fu_23948_p2         |       xor|   0|  0|   2|           1|           2|
    |xor_ln891_112_fu_24049_p2         |       xor|   0|  0|   2|           1|           2|
    |xor_ln891_113_fu_24150_p2         |       xor|   0|  0|   2|           1|           2|
    |xor_ln891_114_fu_24251_p2         |       xor|   0|  0|   2|           1|           2|
    |xor_ln891_115_fu_24352_p2         |       xor|   0|  0|   2|           1|           2|
    |xor_ln891_116_fu_24453_p2         |       xor|   0|  0|   2|           1|           2|
    |xor_ln891_117_fu_24554_p2         |       xor|   0|  0|   2|           1|           2|
    |xor_ln891_118_fu_24655_p2         |       xor|   0|  0|   2|           1|           2|
    |xor_ln891_119_fu_24756_p2         |       xor|   0|  0|   2|           1|           2|
    |xor_ln891_11_fu_13848_p2          |       xor|   0|  0|   2|           1|           2|
    |xor_ln891_120_fu_24857_p2         |       xor|   0|  0|   2|           1|           2|
    |xor_ln891_121_fu_24958_p2         |       xor|   0|  0|   2|           1|           2|
    |xor_ln891_122_fu_25059_p2         |       xor|   0|  0|   2|           1|           2|
    |xor_ln891_123_fu_25160_p2         |       xor|   0|  0|   2|           1|           2|
    |xor_ln891_124_fu_25261_p2         |       xor|   0|  0|   2|           1|           2|
    |xor_ln891_125_fu_25362_p2         |       xor|   0|  0|   2|           1|           2|
    |xor_ln891_126_fu_25463_p2         |       xor|   0|  0|   2|           1|           2|
    |xor_ln891_127_fu_25564_p2         |       xor|   0|  0|   2|           1|           2|
    |xor_ln891_12_fu_13949_p2          |       xor|   0|  0|   2|           1|           2|
    |xor_ln891_13_fu_14050_p2          |       xor|   0|  0|   2|           1|           2|
    |xor_ln891_14_fu_14151_p2          |       xor|   0|  0|   2|           1|           2|
    |xor_ln891_15_fu_14252_p2          |       xor|   0|  0|   2|           1|           2|
    |xor_ln891_16_fu_14353_p2          |       xor|   0|  0|   2|           1|           2|
    |xor_ln891_17_fu_14454_p2          |       xor|   0|  0|   2|           1|           2|
    |xor_ln891_18_fu_14555_p2          |       xor|   0|  0|   2|           1|           2|
    |xor_ln891_19_fu_14656_p2          |       xor|   0|  0|   2|           1|           2|
    |xor_ln891_1_fu_12838_p2           |       xor|   0|  0|   2|           1|           2|
    |xor_ln891_20_fu_14757_p2          |       xor|   0|  0|   2|           1|           2|
    |xor_ln891_21_fu_14858_p2          |       xor|   0|  0|   2|           1|           2|
    |xor_ln891_22_fu_14959_p2          |       xor|   0|  0|   2|           1|           2|
    |xor_ln891_23_fu_15060_p2          |       xor|   0|  0|   2|           1|           2|
    |xor_ln891_24_fu_15161_p2          |       xor|   0|  0|   2|           1|           2|
    |xor_ln891_25_fu_15262_p2          |       xor|   0|  0|   2|           1|           2|
    |xor_ln891_26_fu_15363_p2          |       xor|   0|  0|   2|           1|           2|
    |xor_ln891_27_fu_15464_p2          |       xor|   0|  0|   2|           1|           2|
    |xor_ln891_28_fu_15565_p2          |       xor|   0|  0|   2|           1|           2|
    |xor_ln891_29_fu_15666_p2          |       xor|   0|  0|   2|           1|           2|
    |xor_ln891_2_fu_12939_p2           |       xor|   0|  0|   2|           1|           2|
    |xor_ln891_30_fu_15767_p2          |       xor|   0|  0|   2|           1|           2|
    |xor_ln891_31_fu_15868_p2          |       xor|   0|  0|   2|           1|           2|
    |xor_ln891_32_fu_15969_p2          |       xor|   0|  0|   2|           1|           2|
    |xor_ln891_33_fu_16070_p2          |       xor|   0|  0|   2|           1|           2|
    |xor_ln891_34_fu_16171_p2          |       xor|   0|  0|   2|           1|           2|
    |xor_ln891_35_fu_16272_p2          |       xor|   0|  0|   2|           1|           2|
    |xor_ln891_36_fu_16373_p2          |       xor|   0|  0|   2|           1|           2|
    |xor_ln891_37_fu_16474_p2          |       xor|   0|  0|   2|           1|           2|
    |xor_ln891_38_fu_16575_p2          |       xor|   0|  0|   2|           1|           2|
    |xor_ln891_39_fu_16676_p2          |       xor|   0|  0|   2|           1|           2|
    |xor_ln891_3_fu_13040_p2           |       xor|   0|  0|   2|           1|           2|
    |xor_ln891_40_fu_16777_p2          |       xor|   0|  0|   2|           1|           2|
    |xor_ln891_41_fu_16878_p2          |       xor|   0|  0|   2|           1|           2|
    |xor_ln891_42_fu_16979_p2          |       xor|   0|  0|   2|           1|           2|
    |xor_ln891_43_fu_17080_p2          |       xor|   0|  0|   2|           1|           2|
    |xor_ln891_44_fu_17181_p2          |       xor|   0|  0|   2|           1|           2|
    |xor_ln891_45_fu_17282_p2          |       xor|   0|  0|   2|           1|           2|
    |xor_ln891_46_fu_17383_p2          |       xor|   0|  0|   2|           1|           2|
    |xor_ln891_47_fu_17484_p2          |       xor|   0|  0|   2|           1|           2|
    |xor_ln891_48_fu_17585_p2          |       xor|   0|  0|   2|           1|           2|
    |xor_ln891_49_fu_17686_p2          |       xor|   0|  0|   2|           1|           2|
    |xor_ln891_4_fu_13141_p2           |       xor|   0|  0|   2|           1|           2|
    |xor_ln891_50_fu_17787_p2          |       xor|   0|  0|   2|           1|           2|
    |xor_ln891_51_fu_17888_p2          |       xor|   0|  0|   2|           1|           2|
    |xor_ln891_52_fu_17989_p2          |       xor|   0|  0|   2|           1|           2|
    |xor_ln891_53_fu_18090_p2          |       xor|   0|  0|   2|           1|           2|
    |xor_ln891_54_fu_18191_p2          |       xor|   0|  0|   2|           1|           2|
    |xor_ln891_55_fu_18292_p2          |       xor|   0|  0|   2|           1|           2|
    |xor_ln891_56_fu_18393_p2          |       xor|   0|  0|   2|           1|           2|
    |xor_ln891_57_fu_18494_p2          |       xor|   0|  0|   2|           1|           2|
    |xor_ln891_58_fu_18595_p2          |       xor|   0|  0|   2|           1|           2|
    |xor_ln891_59_fu_18696_p2          |       xor|   0|  0|   2|           1|           2|
    |xor_ln891_5_fu_13242_p2           |       xor|   0|  0|   2|           1|           2|
    |xor_ln891_60_fu_18797_p2          |       xor|   0|  0|   2|           1|           2|
    |xor_ln891_61_fu_18898_p2          |       xor|   0|  0|   2|           1|           2|
    |xor_ln891_62_fu_18999_p2          |       xor|   0|  0|   2|           1|           2|
    |xor_ln891_63_fu_19100_p2          |       xor|   0|  0|   2|           1|           2|
    |xor_ln891_64_fu_19201_p2          |       xor|   0|  0|   2|           1|           2|
    |xor_ln891_65_fu_19302_p2          |       xor|   0|  0|   2|           1|           2|
    |xor_ln891_66_fu_19403_p2          |       xor|   0|  0|   2|           1|           2|
    |xor_ln891_67_fu_19504_p2          |       xor|   0|  0|   2|           1|           2|
    |xor_ln891_68_fu_19605_p2          |       xor|   0|  0|   2|           1|           2|
    |xor_ln891_69_fu_19706_p2          |       xor|   0|  0|   2|           1|           2|
    |xor_ln891_6_fu_13343_p2           |       xor|   0|  0|   2|           1|           2|
    |xor_ln891_70_fu_19807_p2          |       xor|   0|  0|   2|           1|           2|
    |xor_ln891_71_fu_19908_p2          |       xor|   0|  0|   2|           1|           2|
    |xor_ln891_72_fu_20009_p2          |       xor|   0|  0|   2|           1|           2|
    |xor_ln891_73_fu_20110_p2          |       xor|   0|  0|   2|           1|           2|
    |xor_ln891_74_fu_20211_p2          |       xor|   0|  0|   2|           1|           2|
    |xor_ln891_75_fu_20312_p2          |       xor|   0|  0|   2|           1|           2|
    |xor_ln891_76_fu_20413_p2          |       xor|   0|  0|   2|           1|           2|
    |xor_ln891_77_fu_20514_p2          |       xor|   0|  0|   2|           1|           2|
    |xor_ln891_78_fu_20615_p2          |       xor|   0|  0|   2|           1|           2|
    |xor_ln891_79_fu_20716_p2          |       xor|   0|  0|   2|           1|           2|
    |xor_ln891_7_fu_13444_p2           |       xor|   0|  0|   2|           1|           2|
    |xor_ln891_80_fu_20817_p2          |       xor|   0|  0|   2|           1|           2|
    |xor_ln891_81_fu_20918_p2          |       xor|   0|  0|   2|           1|           2|
    |xor_ln891_82_fu_21019_p2          |       xor|   0|  0|   2|           1|           2|
    |xor_ln891_83_fu_21120_p2          |       xor|   0|  0|   2|           1|           2|
    |xor_ln891_84_fu_21221_p2          |       xor|   0|  0|   2|           1|           2|
    |xor_ln891_85_fu_21322_p2          |       xor|   0|  0|   2|           1|           2|
    |xor_ln891_86_fu_21423_p2          |       xor|   0|  0|   2|           1|           2|
    |xor_ln891_87_fu_21524_p2          |       xor|   0|  0|   2|           1|           2|
    |xor_ln891_88_fu_21625_p2          |       xor|   0|  0|   2|           1|           2|
    |xor_ln891_89_fu_21726_p2          |       xor|   0|  0|   2|           1|           2|
    |xor_ln891_8_fu_13545_p2           |       xor|   0|  0|   2|           1|           2|
    |xor_ln891_90_fu_21827_p2          |       xor|   0|  0|   2|           1|           2|
    |xor_ln891_91_fu_21928_p2          |       xor|   0|  0|   2|           1|           2|
    |xor_ln891_92_fu_22029_p2          |       xor|   0|  0|   2|           1|           2|
    |xor_ln891_93_fu_22130_p2          |       xor|   0|  0|   2|           1|           2|
    |xor_ln891_94_fu_22231_p2          |       xor|   0|  0|   2|           1|           2|
    |xor_ln891_95_fu_22332_p2          |       xor|   0|  0|   2|           1|           2|
    |xor_ln891_96_fu_22433_p2          |       xor|   0|  0|   2|           1|           2|
    |xor_ln891_97_fu_22534_p2          |       xor|   0|  0|   2|           1|           2|
    |xor_ln891_98_fu_22635_p2          |       xor|   0|  0|   2|           1|           2|
    |xor_ln891_99_fu_22736_p2          |       xor|   0|  0|   2|           1|           2|
    |xor_ln891_9_fu_13646_p2           |       xor|   0|  0|   2|           1|           2|
    |xor_ln891_fu_12737_p2             |       xor|   0|  0|   2|           1|           2|
    |xor_ln895_100_fu_22847_p2         |       xor|   0|  0|   2|           1|           2|
    |xor_ln895_101_fu_22948_p2         |       xor|   0|  0|   2|           1|           2|
    |xor_ln895_102_fu_23049_p2         |       xor|   0|  0|   2|           1|           2|
    |xor_ln895_103_fu_23150_p2         |       xor|   0|  0|   2|           1|           2|
    |xor_ln895_104_fu_23251_p2         |       xor|   0|  0|   2|           1|           2|
    |xor_ln895_105_fu_23352_p2         |       xor|   0|  0|   2|           1|           2|
    |xor_ln895_106_fu_23453_p2         |       xor|   0|  0|   2|           1|           2|
    |xor_ln895_107_fu_23554_p2         |       xor|   0|  0|   2|           1|           2|
    |xor_ln895_108_fu_23655_p2         |       xor|   0|  0|   2|           1|           2|
    |xor_ln895_109_fu_23756_p2         |       xor|   0|  0|   2|           1|           2|
    |xor_ln895_10_fu_13757_p2          |       xor|   0|  0|   2|           1|           2|
    |xor_ln895_110_fu_23857_p2         |       xor|   0|  0|   2|           1|           2|
    |xor_ln895_111_fu_23958_p2         |       xor|   0|  0|   2|           1|           2|
    |xor_ln895_112_fu_24059_p2         |       xor|   0|  0|   2|           1|           2|
    |xor_ln895_113_fu_24160_p2         |       xor|   0|  0|   2|           1|           2|
    |xor_ln895_114_fu_24261_p2         |       xor|   0|  0|   2|           1|           2|
    |xor_ln895_115_fu_24362_p2         |       xor|   0|  0|   2|           1|           2|
    |xor_ln895_116_fu_24463_p2         |       xor|   0|  0|   2|           1|           2|
    |xor_ln895_117_fu_24564_p2         |       xor|   0|  0|   2|           1|           2|
    |xor_ln895_118_fu_24665_p2         |       xor|   0|  0|   2|           1|           2|
    |xor_ln895_119_fu_24766_p2         |       xor|   0|  0|   2|           1|           2|
    |xor_ln895_11_fu_13858_p2          |       xor|   0|  0|   2|           1|           2|
    |xor_ln895_120_fu_24867_p2         |       xor|   0|  0|   2|           1|           2|
    |xor_ln895_121_fu_24968_p2         |       xor|   0|  0|   2|           1|           2|
    |xor_ln895_122_fu_25069_p2         |       xor|   0|  0|   2|           1|           2|
    |xor_ln895_123_fu_25170_p2         |       xor|   0|  0|   2|           1|           2|
    |xor_ln895_124_fu_25271_p2         |       xor|   0|  0|   2|           1|           2|
    |xor_ln895_125_fu_25372_p2         |       xor|   0|  0|   2|           1|           2|
    |xor_ln895_126_fu_25473_p2         |       xor|   0|  0|   2|           1|           2|
    |xor_ln895_127_fu_25574_p2         |       xor|   0|  0|   2|           1|           2|
    |xor_ln895_12_fu_13959_p2          |       xor|   0|  0|   2|           1|           2|
    |xor_ln895_13_fu_14060_p2          |       xor|   0|  0|   2|           1|           2|
    |xor_ln895_14_fu_14161_p2          |       xor|   0|  0|   2|           1|           2|
    |xor_ln895_15_fu_14262_p2          |       xor|   0|  0|   2|           1|           2|
    |xor_ln895_16_fu_14363_p2          |       xor|   0|  0|   2|           1|           2|
    |xor_ln895_17_fu_14464_p2          |       xor|   0|  0|   2|           1|           2|
    |xor_ln895_18_fu_14565_p2          |       xor|   0|  0|   2|           1|           2|
    |xor_ln895_19_fu_14666_p2          |       xor|   0|  0|   2|           1|           2|
    |xor_ln895_1_fu_12848_p2           |       xor|   0|  0|   2|           1|           2|
    |xor_ln895_20_fu_14767_p2          |       xor|   0|  0|   2|           1|           2|
    |xor_ln895_21_fu_14868_p2          |       xor|   0|  0|   2|           1|           2|
    |xor_ln895_22_fu_14969_p2          |       xor|   0|  0|   2|           1|           2|
    |xor_ln895_23_fu_15070_p2          |       xor|   0|  0|   2|           1|           2|
    |xor_ln895_24_fu_15171_p2          |       xor|   0|  0|   2|           1|           2|
    |xor_ln895_25_fu_15272_p2          |       xor|   0|  0|   2|           1|           2|
    |xor_ln895_26_fu_15373_p2          |       xor|   0|  0|   2|           1|           2|
    |xor_ln895_27_fu_15474_p2          |       xor|   0|  0|   2|           1|           2|
    |xor_ln895_28_fu_15575_p2          |       xor|   0|  0|   2|           1|           2|
    |xor_ln895_29_fu_15676_p2          |       xor|   0|  0|   2|           1|           2|
    |xor_ln895_2_fu_12949_p2           |       xor|   0|  0|   2|           1|           2|
    |xor_ln895_30_fu_15777_p2          |       xor|   0|  0|   2|           1|           2|
    |xor_ln895_31_fu_15878_p2          |       xor|   0|  0|   2|           1|           2|
    |xor_ln895_32_fu_15979_p2          |       xor|   0|  0|   2|           1|           2|
    |xor_ln895_33_fu_16080_p2          |       xor|   0|  0|   2|           1|           2|
    |xor_ln895_34_fu_16181_p2          |       xor|   0|  0|   2|           1|           2|
    |xor_ln895_35_fu_16282_p2          |       xor|   0|  0|   2|           1|           2|
    |xor_ln895_36_fu_16383_p2          |       xor|   0|  0|   2|           1|           2|
    |xor_ln895_37_fu_16484_p2          |       xor|   0|  0|   2|           1|           2|
    |xor_ln895_38_fu_16585_p2          |       xor|   0|  0|   2|           1|           2|
    |xor_ln895_39_fu_16686_p2          |       xor|   0|  0|   2|           1|           2|
    |xor_ln895_3_fu_13050_p2           |       xor|   0|  0|   2|           1|           2|
    |xor_ln895_40_fu_16787_p2          |       xor|   0|  0|   2|           1|           2|
    |xor_ln895_41_fu_16888_p2          |       xor|   0|  0|   2|           1|           2|
    |xor_ln895_42_fu_16989_p2          |       xor|   0|  0|   2|           1|           2|
    |xor_ln895_43_fu_17090_p2          |       xor|   0|  0|   2|           1|           2|
    |xor_ln895_44_fu_17191_p2          |       xor|   0|  0|   2|           1|           2|
    |xor_ln895_45_fu_17292_p2          |       xor|   0|  0|   2|           1|           2|
    |xor_ln895_46_fu_17393_p2          |       xor|   0|  0|   2|           1|           2|
    |xor_ln895_47_fu_17494_p2          |       xor|   0|  0|   2|           1|           2|
    |xor_ln895_48_fu_17595_p2          |       xor|   0|  0|   2|           1|           2|
    |xor_ln895_49_fu_17696_p2          |       xor|   0|  0|   2|           1|           2|
    |xor_ln895_4_fu_13151_p2           |       xor|   0|  0|   2|           1|           2|
    |xor_ln895_50_fu_17797_p2          |       xor|   0|  0|   2|           1|           2|
    |xor_ln895_51_fu_17898_p2          |       xor|   0|  0|   2|           1|           2|
    |xor_ln895_52_fu_17999_p2          |       xor|   0|  0|   2|           1|           2|
    |xor_ln895_53_fu_18100_p2          |       xor|   0|  0|   2|           1|           2|
    |xor_ln895_54_fu_18201_p2          |       xor|   0|  0|   2|           1|           2|
    |xor_ln895_55_fu_18302_p2          |       xor|   0|  0|   2|           1|           2|
    |xor_ln895_56_fu_18403_p2          |       xor|   0|  0|   2|           1|           2|
    |xor_ln895_57_fu_18504_p2          |       xor|   0|  0|   2|           1|           2|
    |xor_ln895_58_fu_18605_p2          |       xor|   0|  0|   2|           1|           2|
    |xor_ln895_59_fu_18706_p2          |       xor|   0|  0|   2|           1|           2|
    |xor_ln895_5_fu_13252_p2           |       xor|   0|  0|   2|           1|           2|
    |xor_ln895_60_fu_18807_p2          |       xor|   0|  0|   2|           1|           2|
    |xor_ln895_61_fu_18908_p2          |       xor|   0|  0|   2|           1|           2|
    |xor_ln895_62_fu_19009_p2          |       xor|   0|  0|   2|           1|           2|
    |xor_ln895_63_fu_19110_p2          |       xor|   0|  0|   2|           1|           2|
    |xor_ln895_64_fu_19211_p2          |       xor|   0|  0|   2|           1|           2|
    |xor_ln895_65_fu_19312_p2          |       xor|   0|  0|   2|           1|           2|
    |xor_ln895_66_fu_19413_p2          |       xor|   0|  0|   2|           1|           2|
    |xor_ln895_67_fu_19514_p2          |       xor|   0|  0|   2|           1|           2|
    |xor_ln895_68_fu_19615_p2          |       xor|   0|  0|   2|           1|           2|
    |xor_ln895_69_fu_19716_p2          |       xor|   0|  0|   2|           1|           2|
    |xor_ln895_6_fu_13353_p2           |       xor|   0|  0|   2|           1|           2|
    |xor_ln895_70_fu_19817_p2          |       xor|   0|  0|   2|           1|           2|
    |xor_ln895_71_fu_19918_p2          |       xor|   0|  0|   2|           1|           2|
    |xor_ln895_72_fu_20019_p2          |       xor|   0|  0|   2|           1|           2|
    |xor_ln895_73_fu_20120_p2          |       xor|   0|  0|   2|           1|           2|
    |xor_ln895_74_fu_20221_p2          |       xor|   0|  0|   2|           1|           2|
    |xor_ln895_75_fu_20322_p2          |       xor|   0|  0|   2|           1|           2|
    |xor_ln895_76_fu_20423_p2          |       xor|   0|  0|   2|           1|           2|
    |xor_ln895_77_fu_20524_p2          |       xor|   0|  0|   2|           1|           2|
    |xor_ln895_78_fu_20625_p2          |       xor|   0|  0|   2|           1|           2|
    |xor_ln895_79_fu_20726_p2          |       xor|   0|  0|   2|           1|           2|
    |xor_ln895_7_fu_13454_p2           |       xor|   0|  0|   2|           1|           2|
    |xor_ln895_80_fu_20827_p2          |       xor|   0|  0|   2|           1|           2|
    |xor_ln895_81_fu_20928_p2          |       xor|   0|  0|   2|           1|           2|
    |xor_ln895_82_fu_21029_p2          |       xor|   0|  0|   2|           1|           2|
    |xor_ln895_83_fu_21130_p2          |       xor|   0|  0|   2|           1|           2|
    |xor_ln895_84_fu_21231_p2          |       xor|   0|  0|   2|           1|           2|
    |xor_ln895_85_fu_21332_p2          |       xor|   0|  0|   2|           1|           2|
    |xor_ln895_86_fu_21433_p2          |       xor|   0|  0|   2|           1|           2|
    |xor_ln895_87_fu_21534_p2          |       xor|   0|  0|   2|           1|           2|
    |xor_ln895_88_fu_21635_p2          |       xor|   0|  0|   2|           1|           2|
    |xor_ln895_89_fu_21736_p2          |       xor|   0|  0|   2|           1|           2|
    |xor_ln895_8_fu_13555_p2           |       xor|   0|  0|   2|           1|           2|
    |xor_ln895_90_fu_21837_p2          |       xor|   0|  0|   2|           1|           2|
    |xor_ln895_91_fu_21938_p2          |       xor|   0|  0|   2|           1|           2|
    |xor_ln895_92_fu_22039_p2          |       xor|   0|  0|   2|           1|           2|
    |xor_ln895_93_fu_22140_p2          |       xor|   0|  0|   2|           1|           2|
    |xor_ln895_94_fu_22241_p2          |       xor|   0|  0|   2|           1|           2|
    |xor_ln895_95_fu_22342_p2          |       xor|   0|  0|   2|           1|           2|
    |xor_ln895_96_fu_22443_p2          |       xor|   0|  0|   2|           1|           2|
    |xor_ln895_97_fu_22544_p2          |       xor|   0|  0|   2|           1|           2|
    |xor_ln895_98_fu_22645_p2          |       xor|   0|  0|   2|           1|           2|
    |xor_ln895_99_fu_22746_p2          |       xor|   0|  0|   2|           1|           2|
    |xor_ln895_9_fu_13656_p2           |       xor|   0|  0|   2|           1|           2|
    |xor_ln895_fu_12747_p2             |       xor|   0|  0|   2|           1|           2|
    |xor_ln896_100_fu_17758_p2         |       xor|   0|  0|   2|           1|           2|
    |xor_ln896_101_fu_17814_p2         |       xor|   0|  0|   2|           1|           2|
    |xor_ln896_102_fu_17859_p2         |       xor|   0|  0|   2|           1|           2|
    |xor_ln896_103_fu_17915_p2         |       xor|   0|  0|   2|           1|           2|
    |xor_ln896_104_fu_17960_p2         |       xor|   0|  0|   2|           1|           2|
    |xor_ln896_105_fu_18016_p2         |       xor|   0|  0|   2|           1|           2|
    |xor_ln896_106_fu_18061_p2         |       xor|   0|  0|   2|           1|           2|
    |xor_ln896_107_fu_18117_p2         |       xor|   0|  0|   2|           1|           2|
    |xor_ln896_108_fu_18162_p2         |       xor|   0|  0|   2|           1|           2|
    |xor_ln896_109_fu_18218_p2         |       xor|   0|  0|   2|           1|           2|
    |xor_ln896_10_fu_13213_p2          |       xor|   0|  0|   2|           1|           2|
    |xor_ln896_110_fu_18263_p2         |       xor|   0|  0|   2|           1|           2|
    |xor_ln896_111_fu_18319_p2         |       xor|   0|  0|   2|           1|           2|
    |xor_ln896_112_fu_18364_p2         |       xor|   0|  0|   2|           1|           2|
    |xor_ln896_113_fu_18420_p2         |       xor|   0|  0|   2|           1|           2|
    |xor_ln896_114_fu_18465_p2         |       xor|   0|  0|   2|           1|           2|
    |xor_ln896_115_fu_18521_p2         |       xor|   0|  0|   2|           1|           2|
    |xor_ln896_116_fu_18566_p2         |       xor|   0|  0|   2|           1|           2|
    |xor_ln896_117_fu_18622_p2         |       xor|   0|  0|   2|           1|           2|
    |xor_ln896_118_fu_18667_p2         |       xor|   0|  0|   2|           1|           2|
    |xor_ln896_119_fu_18723_p2         |       xor|   0|  0|   2|           1|           2|
    |xor_ln896_11_fu_13269_p2          |       xor|   0|  0|   2|           1|           2|
    |xor_ln896_120_fu_18768_p2         |       xor|   0|  0|   2|           1|           2|
    |xor_ln896_121_fu_18824_p2         |       xor|   0|  0|   2|           1|           2|
    |xor_ln896_122_fu_18869_p2         |       xor|   0|  0|   2|           1|           2|
    |xor_ln896_123_fu_18925_p2         |       xor|   0|  0|   2|           1|           2|
    |xor_ln896_124_fu_18970_p2         |       xor|   0|  0|   2|           1|           2|
    |xor_ln896_125_fu_19026_p2         |       xor|   0|  0|   2|           1|           2|
    |xor_ln896_126_fu_19071_p2         |       xor|   0|  0|   2|           1|           2|
    |xor_ln896_127_fu_19127_p2         |       xor|   0|  0|   2|           1|           2|
    |xor_ln896_128_fu_19172_p2         |       xor|   0|  0|   2|           1|           2|
    |xor_ln896_129_fu_19228_p2         |       xor|   0|  0|   2|           1|           2|
    |xor_ln896_12_fu_13314_p2          |       xor|   0|  0|   2|           1|           2|
    |xor_ln896_130_fu_19273_p2         |       xor|   0|  0|   2|           1|           2|
    |xor_ln896_131_fu_19329_p2         |       xor|   0|  0|   2|           1|           2|
    |xor_ln896_132_fu_19374_p2         |       xor|   0|  0|   2|           1|           2|
    |xor_ln896_133_fu_19430_p2         |       xor|   0|  0|   2|           1|           2|
    |xor_ln896_134_fu_19475_p2         |       xor|   0|  0|   2|           1|           2|
    |xor_ln896_135_fu_19531_p2         |       xor|   0|  0|   2|           1|           2|
    |xor_ln896_136_fu_19576_p2         |       xor|   0|  0|   2|           1|           2|
    |xor_ln896_137_fu_19632_p2         |       xor|   0|  0|   2|           1|           2|
    |xor_ln896_138_fu_19677_p2         |       xor|   0|  0|   2|           1|           2|
    |xor_ln896_139_fu_19733_p2         |       xor|   0|  0|   2|           1|           2|
    |xor_ln896_13_fu_13370_p2          |       xor|   0|  0|   2|           1|           2|
    |xor_ln896_140_fu_19778_p2         |       xor|   0|  0|   2|           1|           2|
    |xor_ln896_141_fu_19834_p2         |       xor|   0|  0|   2|           1|           2|
    |xor_ln896_142_fu_19879_p2         |       xor|   0|  0|   2|           1|           2|
    |xor_ln896_143_fu_19935_p2         |       xor|   0|  0|   2|           1|           2|
    |xor_ln896_144_fu_19980_p2         |       xor|   0|  0|   2|           1|           2|
    |xor_ln896_145_fu_20036_p2         |       xor|   0|  0|   2|           1|           2|
    |xor_ln896_146_fu_20081_p2         |       xor|   0|  0|   2|           1|           2|
    |xor_ln896_147_fu_20137_p2         |       xor|   0|  0|   2|           1|           2|
    |xor_ln896_148_fu_20182_p2         |       xor|   0|  0|   2|           1|           2|
    |xor_ln896_149_fu_20238_p2         |       xor|   0|  0|   2|           1|           2|
    |xor_ln896_14_fu_13415_p2          |       xor|   0|  0|   2|           1|           2|
    |xor_ln896_150_fu_20283_p2         |       xor|   0|  0|   2|           1|           2|
    |xor_ln896_151_fu_20339_p2         |       xor|   0|  0|   2|           1|           2|
    |xor_ln896_152_fu_20384_p2         |       xor|   0|  0|   2|           1|           2|
    |xor_ln896_153_fu_20440_p2         |       xor|   0|  0|   2|           1|           2|
    |xor_ln896_154_fu_20485_p2         |       xor|   0|  0|   2|           1|           2|
    |xor_ln896_155_fu_20541_p2         |       xor|   0|  0|   2|           1|           2|
    |xor_ln896_156_fu_20586_p2         |       xor|   0|  0|   2|           1|           2|
    |xor_ln896_157_fu_20642_p2         |       xor|   0|  0|   2|           1|           2|
    |xor_ln896_158_fu_20687_p2         |       xor|   0|  0|   2|           1|           2|
    |xor_ln896_159_fu_20743_p2         |       xor|   0|  0|   2|           1|           2|
    |xor_ln896_15_fu_13471_p2          |       xor|   0|  0|   2|           1|           2|
    |xor_ln896_160_fu_20788_p2         |       xor|   0|  0|   2|           1|           2|
    |xor_ln896_161_fu_20844_p2         |       xor|   0|  0|   2|           1|           2|
    |xor_ln896_162_fu_20889_p2         |       xor|   0|  0|   2|           1|           2|
    |xor_ln896_163_fu_20945_p2         |       xor|   0|  0|   2|           1|           2|
    |xor_ln896_164_fu_20990_p2         |       xor|   0|  0|   2|           1|           2|
    |xor_ln896_165_fu_21046_p2         |       xor|   0|  0|   2|           1|           2|
    |xor_ln896_166_fu_21091_p2         |       xor|   0|  0|   2|           1|           2|
    |xor_ln896_167_fu_21147_p2         |       xor|   0|  0|   2|           1|           2|
    |xor_ln896_168_fu_21192_p2         |       xor|   0|  0|   2|           1|           2|
    |xor_ln896_169_fu_21248_p2         |       xor|   0|  0|   2|           1|           2|
    |xor_ln896_16_fu_13516_p2          |       xor|   0|  0|   2|           1|           2|
    |xor_ln896_170_fu_21293_p2         |       xor|   0|  0|   2|           1|           2|
    |xor_ln896_171_fu_21349_p2         |       xor|   0|  0|   2|           1|           2|
    |xor_ln896_172_fu_21394_p2         |       xor|   0|  0|   2|           1|           2|
    |xor_ln896_173_fu_21450_p2         |       xor|   0|  0|   2|           1|           2|
    |xor_ln896_174_fu_21495_p2         |       xor|   0|  0|   2|           1|           2|
    |xor_ln896_175_fu_21551_p2         |       xor|   0|  0|   2|           1|           2|
    |xor_ln896_176_fu_21596_p2         |       xor|   0|  0|   2|           1|           2|
    |xor_ln896_177_fu_21652_p2         |       xor|   0|  0|   2|           1|           2|
    |xor_ln896_178_fu_21697_p2         |       xor|   0|  0|   2|           1|           2|
    |xor_ln896_179_fu_21753_p2         |       xor|   0|  0|   2|           1|           2|
    |xor_ln896_17_fu_13572_p2          |       xor|   0|  0|   2|           1|           2|
    |xor_ln896_180_fu_21798_p2         |       xor|   0|  0|   2|           1|           2|
    |xor_ln896_181_fu_21854_p2         |       xor|   0|  0|   2|           1|           2|
    |xor_ln896_182_fu_21899_p2         |       xor|   0|  0|   2|           1|           2|
    |xor_ln896_183_fu_21955_p2         |       xor|   0|  0|   2|           1|           2|
    |xor_ln896_184_fu_22000_p2         |       xor|   0|  0|   2|           1|           2|
    |xor_ln896_185_fu_22056_p2         |       xor|   0|  0|   2|           1|           2|
    |xor_ln896_186_fu_22101_p2         |       xor|   0|  0|   2|           1|           2|
    |xor_ln896_187_fu_22157_p2         |       xor|   0|  0|   2|           1|           2|
    |xor_ln896_188_fu_22202_p2         |       xor|   0|  0|   2|           1|           2|
    |xor_ln896_189_fu_22258_p2         |       xor|   0|  0|   2|           1|           2|
    |xor_ln896_18_fu_13617_p2          |       xor|   0|  0|   2|           1|           2|
    |xor_ln896_190_fu_22303_p2         |       xor|   0|  0|   2|           1|           2|
    |xor_ln896_191_fu_22359_p2         |       xor|   0|  0|   2|           1|           2|
    |xor_ln896_192_fu_22404_p2         |       xor|   0|  0|   2|           1|           2|
    |xor_ln896_193_fu_22460_p2         |       xor|   0|  0|   2|           1|           2|
    |xor_ln896_194_fu_22505_p2         |       xor|   0|  0|   2|           1|           2|
    |xor_ln896_195_fu_22561_p2         |       xor|   0|  0|   2|           1|           2|
    |xor_ln896_196_fu_22606_p2         |       xor|   0|  0|   2|           1|           2|
    |xor_ln896_197_fu_22662_p2         |       xor|   0|  0|   2|           1|           2|
    |xor_ln896_198_fu_22707_p2         |       xor|   0|  0|   2|           1|           2|
    |xor_ln896_199_fu_22763_p2         |       xor|   0|  0|   2|           1|           2|
    |xor_ln896_19_fu_13673_p2          |       xor|   0|  0|   2|           1|           2|
    |xor_ln896_1_fu_12764_p2           |       xor|   0|  0|   2|           1|           2|
    |xor_ln896_200_fu_22808_p2         |       xor|   0|  0|   2|           1|           2|
    |xor_ln896_201_fu_22864_p2         |       xor|   0|  0|   2|           1|           2|
    |xor_ln896_202_fu_22909_p2         |       xor|   0|  0|   2|           1|           2|
    |xor_ln896_203_fu_22965_p2         |       xor|   0|  0|   2|           1|           2|
    |xor_ln896_204_fu_23010_p2         |       xor|   0|  0|   2|           1|           2|
    |xor_ln896_205_fu_23066_p2         |       xor|   0|  0|   2|           1|           2|
    |xor_ln896_206_fu_23111_p2         |       xor|   0|  0|   2|           1|           2|
    |xor_ln896_207_fu_23167_p2         |       xor|   0|  0|   2|           1|           2|
    |xor_ln896_208_fu_23212_p2         |       xor|   0|  0|   2|           1|           2|
    |xor_ln896_209_fu_23268_p2         |       xor|   0|  0|   2|           1|           2|
    |xor_ln896_20_fu_13718_p2          |       xor|   0|  0|   2|           1|           2|
    |xor_ln896_210_fu_23313_p2         |       xor|   0|  0|   2|           1|           2|
    |xor_ln896_211_fu_23369_p2         |       xor|   0|  0|   2|           1|           2|
    |xor_ln896_212_fu_23414_p2         |       xor|   0|  0|   2|           1|           2|
    |xor_ln896_213_fu_23470_p2         |       xor|   0|  0|   2|           1|           2|
    |xor_ln896_214_fu_23515_p2         |       xor|   0|  0|   2|           1|           2|
    |xor_ln896_215_fu_23571_p2         |       xor|   0|  0|   2|           1|           2|
    |xor_ln896_216_fu_23616_p2         |       xor|   0|  0|   2|           1|           2|
    |xor_ln896_217_fu_23672_p2         |       xor|   0|  0|   2|           1|           2|
    |xor_ln896_218_fu_23717_p2         |       xor|   0|  0|   2|           1|           2|
    |xor_ln896_219_fu_23773_p2         |       xor|   0|  0|   2|           1|           2|
    |xor_ln896_21_fu_13774_p2          |       xor|   0|  0|   2|           1|           2|
    |xor_ln896_220_fu_23818_p2         |       xor|   0|  0|   2|           1|           2|
    |xor_ln896_221_fu_23874_p2         |       xor|   0|  0|   2|           1|           2|
    |xor_ln896_222_fu_23919_p2         |       xor|   0|  0|   2|           1|           2|
    |xor_ln896_223_fu_23975_p2         |       xor|   0|  0|   2|           1|           2|
    |xor_ln896_224_fu_24020_p2         |       xor|   0|  0|   2|           1|           2|
    |xor_ln896_225_fu_24076_p2         |       xor|   0|  0|   2|           1|           2|
    |xor_ln896_226_fu_24121_p2         |       xor|   0|  0|   2|           1|           2|
    |xor_ln896_227_fu_24177_p2         |       xor|   0|  0|   2|           1|           2|
    |xor_ln896_228_fu_24222_p2         |       xor|   0|  0|   2|           1|           2|
    |xor_ln896_229_fu_24278_p2         |       xor|   0|  0|   2|           1|           2|
    |xor_ln896_22_fu_13819_p2          |       xor|   0|  0|   2|           1|           2|
    |xor_ln896_230_fu_24323_p2         |       xor|   0|  0|   2|           1|           2|
    |xor_ln896_231_fu_24379_p2         |       xor|   0|  0|   2|           1|           2|
    |xor_ln896_232_fu_24424_p2         |       xor|   0|  0|   2|           1|           2|
    |xor_ln896_233_fu_24480_p2         |       xor|   0|  0|   2|           1|           2|
    |xor_ln896_234_fu_24525_p2         |       xor|   0|  0|   2|           1|           2|
    |xor_ln896_235_fu_24581_p2         |       xor|   0|  0|   2|           1|           2|
    |xor_ln896_236_fu_24626_p2         |       xor|   0|  0|   2|           1|           2|
    |xor_ln896_237_fu_24682_p2         |       xor|   0|  0|   2|           1|           2|
    |xor_ln896_238_fu_24727_p2         |       xor|   0|  0|   2|           1|           2|
    |xor_ln896_239_fu_24783_p2         |       xor|   0|  0|   2|           1|           2|
    |xor_ln896_23_fu_13875_p2          |       xor|   0|  0|   2|           1|           2|
    |xor_ln896_240_fu_24828_p2         |       xor|   0|  0|   2|           1|           2|
    |xor_ln896_241_fu_24884_p2         |       xor|   0|  0|   2|           1|           2|
    |xor_ln896_242_fu_24929_p2         |       xor|   0|  0|   2|           1|           2|
    |xor_ln896_243_fu_24985_p2         |       xor|   0|  0|   2|           1|           2|
    |xor_ln896_244_fu_25030_p2         |       xor|   0|  0|   2|           1|           2|
    |xor_ln896_245_fu_25086_p2         |       xor|   0|  0|   2|           1|           2|
    |xor_ln896_246_fu_25131_p2         |       xor|   0|  0|   2|           1|           2|
    |xor_ln896_247_fu_25187_p2         |       xor|   0|  0|   2|           1|           2|
    |xor_ln896_248_fu_25232_p2         |       xor|   0|  0|   2|           1|           2|
    |xor_ln896_249_fu_25288_p2         |       xor|   0|  0|   2|           1|           2|
    |xor_ln896_24_fu_13920_p2          |       xor|   0|  0|   2|           1|           2|
    |xor_ln896_250_fu_25333_p2         |       xor|   0|  0|   2|           1|           2|
    |xor_ln896_251_fu_25389_p2         |       xor|   0|  0|   2|           1|           2|
    |xor_ln896_252_fu_25434_p2         |       xor|   0|  0|   2|           1|           2|
    |xor_ln896_253_fu_25490_p2         |       xor|   0|  0|   2|           1|           2|
    |xor_ln896_254_fu_25535_p2         |       xor|   0|  0|   2|           1|           2|
    |xor_ln896_255_fu_25591_p2         |       xor|   0|  0|   2|           1|           2|
    |xor_ln896_25_fu_13976_p2          |       xor|   0|  0|   2|           1|           2|
    |xor_ln896_26_fu_14021_p2          |       xor|   0|  0|   2|           1|           2|
    |xor_ln896_27_fu_14077_p2          |       xor|   0|  0|   2|           1|           2|
    |xor_ln896_28_fu_14122_p2          |       xor|   0|  0|   2|           1|           2|
    |xor_ln896_29_fu_14178_p2          |       xor|   0|  0|   2|           1|           2|
    |xor_ln896_2_fu_12809_p2           |       xor|   0|  0|   2|           1|           2|
    |xor_ln896_30_fu_14223_p2          |       xor|   0|  0|   2|           1|           2|
    |xor_ln896_31_fu_14279_p2          |       xor|   0|  0|   2|           1|           2|
    |xor_ln896_32_fu_14324_p2          |       xor|   0|  0|   2|           1|           2|
    |xor_ln896_33_fu_14380_p2          |       xor|   0|  0|   2|           1|           2|
    |xor_ln896_34_fu_14425_p2          |       xor|   0|  0|   2|           1|           2|
    |xor_ln896_35_fu_14481_p2          |       xor|   0|  0|   2|           1|           2|
    |xor_ln896_36_fu_14526_p2          |       xor|   0|  0|   2|           1|           2|
    |xor_ln896_37_fu_14582_p2          |       xor|   0|  0|   2|           1|           2|
    |xor_ln896_38_fu_14627_p2          |       xor|   0|  0|   2|           1|           2|
    |xor_ln896_39_fu_14683_p2          |       xor|   0|  0|   2|           1|           2|
    |xor_ln896_3_fu_12865_p2           |       xor|   0|  0|   2|           1|           2|
    |xor_ln896_40_fu_14728_p2          |       xor|   0|  0|   2|           1|           2|
    |xor_ln896_41_fu_14784_p2          |       xor|   0|  0|   2|           1|           2|
    |xor_ln896_42_fu_14829_p2          |       xor|   0|  0|   2|           1|           2|
    |xor_ln896_43_fu_14885_p2          |       xor|   0|  0|   2|           1|           2|
    |xor_ln896_44_fu_14930_p2          |       xor|   0|  0|   2|           1|           2|
    |xor_ln896_45_fu_14986_p2          |       xor|   0|  0|   2|           1|           2|
    |xor_ln896_46_fu_15031_p2          |       xor|   0|  0|   2|           1|           2|
    |xor_ln896_47_fu_15087_p2          |       xor|   0|  0|   2|           1|           2|
    |xor_ln896_48_fu_15132_p2          |       xor|   0|  0|   2|           1|           2|
    |xor_ln896_49_fu_15188_p2          |       xor|   0|  0|   2|           1|           2|
    |xor_ln896_4_fu_12910_p2           |       xor|   0|  0|   2|           1|           2|
    |xor_ln896_50_fu_15233_p2          |       xor|   0|  0|   2|           1|           2|
    |xor_ln896_51_fu_15289_p2          |       xor|   0|  0|   2|           1|           2|
    |xor_ln896_52_fu_15334_p2          |       xor|   0|  0|   2|           1|           2|
    |xor_ln896_53_fu_15390_p2          |       xor|   0|  0|   2|           1|           2|
    |xor_ln896_54_fu_15435_p2          |       xor|   0|  0|   2|           1|           2|
    |xor_ln896_55_fu_15491_p2          |       xor|   0|  0|   2|           1|           2|
    |xor_ln896_56_fu_15536_p2          |       xor|   0|  0|   2|           1|           2|
    |xor_ln896_57_fu_15592_p2          |       xor|   0|  0|   2|           1|           2|
    |xor_ln896_58_fu_15637_p2          |       xor|   0|  0|   2|           1|           2|
    |xor_ln896_59_fu_15693_p2          |       xor|   0|  0|   2|           1|           2|
    |xor_ln896_5_fu_12966_p2           |       xor|   0|  0|   2|           1|           2|
    |xor_ln896_60_fu_15738_p2          |       xor|   0|  0|   2|           1|           2|
    |xor_ln896_61_fu_15794_p2          |       xor|   0|  0|   2|           1|           2|
    |xor_ln896_62_fu_15839_p2          |       xor|   0|  0|   2|           1|           2|
    |xor_ln896_63_fu_15895_p2          |       xor|   0|  0|   2|           1|           2|
    |xor_ln896_64_fu_15940_p2          |       xor|   0|  0|   2|           1|           2|
    |xor_ln896_65_fu_15996_p2          |       xor|   0|  0|   2|           1|           2|
    |xor_ln896_66_fu_16041_p2          |       xor|   0|  0|   2|           1|           2|
    |xor_ln896_67_fu_16097_p2          |       xor|   0|  0|   2|           1|           2|
    |xor_ln896_68_fu_16142_p2          |       xor|   0|  0|   2|           1|           2|
    |xor_ln896_69_fu_16198_p2          |       xor|   0|  0|   2|           1|           2|
    |xor_ln896_6_fu_13011_p2           |       xor|   0|  0|   2|           1|           2|
    |xor_ln896_70_fu_16243_p2          |       xor|   0|  0|   2|           1|           2|
    |xor_ln896_71_fu_16299_p2          |       xor|   0|  0|   2|           1|           2|
    |xor_ln896_72_fu_16344_p2          |       xor|   0|  0|   2|           1|           2|
    |xor_ln896_73_fu_16400_p2          |       xor|   0|  0|   2|           1|           2|
    |xor_ln896_74_fu_16445_p2          |       xor|   0|  0|   2|           1|           2|
    |xor_ln896_75_fu_16501_p2          |       xor|   0|  0|   2|           1|           2|
    |xor_ln896_76_fu_16546_p2          |       xor|   0|  0|   2|           1|           2|
    |xor_ln896_77_fu_16602_p2          |       xor|   0|  0|   2|           1|           2|
    |xor_ln896_78_fu_16647_p2          |       xor|   0|  0|   2|           1|           2|
    |xor_ln896_79_fu_16703_p2          |       xor|   0|  0|   2|           1|           2|
    |xor_ln896_7_fu_13067_p2           |       xor|   0|  0|   2|           1|           2|
    |xor_ln896_80_fu_16748_p2          |       xor|   0|  0|   2|           1|           2|
    |xor_ln896_81_fu_16804_p2          |       xor|   0|  0|   2|           1|           2|
    |xor_ln896_82_fu_16849_p2          |       xor|   0|  0|   2|           1|           2|
    |xor_ln896_83_fu_16905_p2          |       xor|   0|  0|   2|           1|           2|
    |xor_ln896_84_fu_16950_p2          |       xor|   0|  0|   2|           1|           2|
    |xor_ln896_85_fu_17006_p2          |       xor|   0|  0|   2|           1|           2|
    |xor_ln896_86_fu_17051_p2          |       xor|   0|  0|   2|           1|           2|
    |xor_ln896_87_fu_17107_p2          |       xor|   0|  0|   2|           1|           2|
    |xor_ln896_88_fu_17152_p2          |       xor|   0|  0|   2|           1|           2|
    |xor_ln896_89_fu_17208_p2          |       xor|   0|  0|   2|           1|           2|
    |xor_ln896_8_fu_13112_p2           |       xor|   0|  0|   2|           1|           2|
    |xor_ln896_90_fu_17253_p2          |       xor|   0|  0|   2|           1|           2|
    |xor_ln896_91_fu_17309_p2          |       xor|   0|  0|   2|           1|           2|
    |xor_ln896_92_fu_17354_p2          |       xor|   0|  0|   2|           1|           2|
    |xor_ln896_93_fu_17410_p2          |       xor|   0|  0|   2|           1|           2|
    |xor_ln896_94_fu_17455_p2          |       xor|   0|  0|   2|           1|           2|
    |xor_ln896_95_fu_17511_p2          |       xor|   0|  0|   2|           1|           2|
    |xor_ln896_96_fu_17556_p2          |       xor|   0|  0|   2|           1|           2|
    |xor_ln896_97_fu_17612_p2          |       xor|   0|  0|   2|           1|           2|
    |xor_ln896_98_fu_17657_p2          |       xor|   0|  0|   2|           1|           2|
    |xor_ln896_99_fu_17713_p2          |       xor|   0|  0|   2|           1|           2|
    |xor_ln896_9_fu_13168_p2           |       xor|   0|  0|   2|           1|           2|
    |xor_ln896_fu_12708_p2             |       xor|   0|  0|   2|           1|           2|
    +----------------------------------+----------+----+---+----+------------+------------+
    |Total                             |          |   0|  0|9732|        4354|        5890|
    +----------------------------------+----------+----+---+----+------------+------------+

    * Multiplexer: 
    +------------------------+----+-----------+-----+-----------+
    |          Name          | LUT| Input Size| Bits| Total Bits|
    +------------------------+----+-----------+-----+-----------+
    |ap_NS_fsm               |  14|          3|    1|          3|
    |ap_done                 |   9|          2|    1|          2|
    |layer2_out_i_0_blk_n    |   9|          2|    1|          2|
    |layer2_out_i_100_blk_n  |   9|          2|    1|          2|
    |layer2_out_i_101_blk_n  |   9|          2|    1|          2|
    |layer2_out_i_102_blk_n  |   9|          2|    1|          2|
    |layer2_out_i_103_blk_n  |   9|          2|    1|          2|
    |layer2_out_i_104_blk_n  |   9|          2|    1|          2|
    |layer2_out_i_105_blk_n  |   9|          2|    1|          2|
    |layer2_out_i_106_blk_n  |   9|          2|    1|          2|
    |layer2_out_i_107_blk_n  |   9|          2|    1|          2|
    |layer2_out_i_108_blk_n  |   9|          2|    1|          2|
    |layer2_out_i_109_blk_n  |   9|          2|    1|          2|
    |layer2_out_i_10_blk_n   |   9|          2|    1|          2|
    |layer2_out_i_110_blk_n  |   9|          2|    1|          2|
    |layer2_out_i_111_blk_n  |   9|          2|    1|          2|
    |layer2_out_i_112_blk_n  |   9|          2|    1|          2|
    |layer2_out_i_113_blk_n  |   9|          2|    1|          2|
    |layer2_out_i_114_blk_n  |   9|          2|    1|          2|
    |layer2_out_i_115_blk_n  |   9|          2|    1|          2|
    |layer2_out_i_116_blk_n  |   9|          2|    1|          2|
    |layer2_out_i_117_blk_n  |   9|          2|    1|          2|
    |layer2_out_i_118_blk_n  |   9|          2|    1|          2|
    |layer2_out_i_119_blk_n  |   9|          2|    1|          2|
    |layer2_out_i_11_blk_n   |   9|          2|    1|          2|
    |layer2_out_i_120_blk_n  |   9|          2|    1|          2|
    |layer2_out_i_121_blk_n  |   9|          2|    1|          2|
    |layer2_out_i_122_blk_n  |   9|          2|    1|          2|
    |layer2_out_i_123_blk_n  |   9|          2|    1|          2|
    |layer2_out_i_124_blk_n  |   9|          2|    1|          2|
    |layer2_out_i_125_blk_n  |   9|          2|    1|          2|
    |layer2_out_i_126_blk_n  |   9|          2|    1|          2|
    |layer2_out_i_127_blk_n  |   9|          2|    1|          2|
    |layer2_out_i_12_blk_n   |   9|          2|    1|          2|
    |layer2_out_i_13_blk_n   |   9|          2|    1|          2|
    |layer2_out_i_14_blk_n   |   9|          2|    1|          2|
    |layer2_out_i_15_blk_n   |   9|          2|    1|          2|
    |layer2_out_i_16_blk_n   |   9|          2|    1|          2|
    |layer2_out_i_17_blk_n   |   9|          2|    1|          2|
    |layer2_out_i_18_blk_n   |   9|          2|    1|          2|
    |layer2_out_i_19_blk_n   |   9|          2|    1|          2|
    |layer2_out_i_1_blk_n    |   9|          2|    1|          2|
    |layer2_out_i_20_blk_n   |   9|          2|    1|          2|
    |layer2_out_i_21_blk_n   |   9|          2|    1|          2|
    |layer2_out_i_22_blk_n   |   9|          2|    1|          2|
    |layer2_out_i_23_blk_n   |   9|          2|    1|          2|
    |layer2_out_i_24_blk_n   |   9|          2|    1|          2|
    |layer2_out_i_25_blk_n   |   9|          2|    1|          2|
    |layer2_out_i_26_blk_n   |   9|          2|    1|          2|
    |layer2_out_i_27_blk_n   |   9|          2|    1|          2|
    |layer2_out_i_28_blk_n   |   9|          2|    1|          2|
    |layer2_out_i_29_blk_n   |   9|          2|    1|          2|
    |layer2_out_i_2_blk_n    |   9|          2|    1|          2|
    |layer2_out_i_30_blk_n   |   9|          2|    1|          2|
    |layer2_out_i_31_blk_n   |   9|          2|    1|          2|
    |layer2_out_i_32_blk_n   |   9|          2|    1|          2|
    |layer2_out_i_33_blk_n   |   9|          2|    1|          2|
    |layer2_out_i_34_blk_n   |   9|          2|    1|          2|
    |layer2_out_i_35_blk_n   |   9|          2|    1|          2|
    |layer2_out_i_36_blk_n   |   9|          2|    1|          2|
    |layer2_out_i_37_blk_n   |   9|          2|    1|          2|
    |layer2_out_i_38_blk_n   |   9|          2|    1|          2|
    |layer2_out_i_39_blk_n   |   9|          2|    1|          2|
    |layer2_out_i_3_blk_n    |   9|          2|    1|          2|
    |layer2_out_i_40_blk_n   |   9|          2|    1|          2|
    |layer2_out_i_41_blk_n   |   9|          2|    1|          2|
    |layer2_out_i_42_blk_n   |   9|          2|    1|          2|
    |layer2_out_i_43_blk_n   |   9|          2|    1|          2|
    |layer2_out_i_44_blk_n   |   9|          2|    1|          2|
    |layer2_out_i_45_blk_n   |   9|          2|    1|          2|
    |layer2_out_i_46_blk_n   |   9|          2|    1|          2|
    |layer2_out_i_47_blk_n   |   9|          2|    1|          2|
    |layer2_out_i_48_blk_n   |   9|          2|    1|          2|
    |layer2_out_i_49_blk_n   |   9|          2|    1|          2|
    |layer2_out_i_4_blk_n    |   9|          2|    1|          2|
    |layer2_out_i_50_blk_n   |   9|          2|    1|          2|
    |layer2_out_i_51_blk_n   |   9|          2|    1|          2|
    |layer2_out_i_52_blk_n   |   9|          2|    1|          2|
    |layer2_out_i_53_blk_n   |   9|          2|    1|          2|
    |layer2_out_i_54_blk_n   |   9|          2|    1|          2|
    |layer2_out_i_55_blk_n   |   9|          2|    1|          2|
    |layer2_out_i_56_blk_n   |   9|          2|    1|          2|
    |layer2_out_i_57_blk_n   |   9|          2|    1|          2|
    |layer2_out_i_58_blk_n   |   9|          2|    1|          2|
    |layer2_out_i_59_blk_n   |   9|          2|    1|          2|
    |layer2_out_i_5_blk_n    |   9|          2|    1|          2|
    |layer2_out_i_60_blk_n   |   9|          2|    1|          2|
    |layer2_out_i_61_blk_n   |   9|          2|    1|          2|
    |layer2_out_i_62_blk_n   |   9|          2|    1|          2|
    |layer2_out_i_63_blk_n   |   9|          2|    1|          2|
    |layer2_out_i_64_blk_n   |   9|          2|    1|          2|
    |layer2_out_i_65_blk_n   |   9|          2|    1|          2|
    |layer2_out_i_66_blk_n   |   9|          2|    1|          2|
    |layer2_out_i_67_blk_n   |   9|          2|    1|          2|
    |layer2_out_i_68_blk_n   |   9|          2|    1|          2|
    |layer2_out_i_69_blk_n   |   9|          2|    1|          2|
    |layer2_out_i_6_blk_n    |   9|          2|    1|          2|
    |layer2_out_i_70_blk_n   |   9|          2|    1|          2|
    |layer2_out_i_71_blk_n   |   9|          2|    1|          2|
    |layer2_out_i_72_blk_n   |   9|          2|    1|          2|
    |layer2_out_i_73_blk_n   |   9|          2|    1|          2|
    |layer2_out_i_74_blk_n   |   9|          2|    1|          2|
    |layer2_out_i_75_blk_n   |   9|          2|    1|          2|
    |layer2_out_i_76_blk_n   |   9|          2|    1|          2|
    |layer2_out_i_77_blk_n   |   9|          2|    1|          2|
    |layer2_out_i_78_blk_n   |   9|          2|    1|          2|
    |layer2_out_i_79_blk_n   |   9|          2|    1|          2|
    |layer2_out_i_7_blk_n    |   9|          2|    1|          2|
    |layer2_out_i_80_blk_n   |   9|          2|    1|          2|
    |layer2_out_i_81_blk_n   |   9|          2|    1|          2|
    |layer2_out_i_82_blk_n   |   9|          2|    1|          2|
    |layer2_out_i_83_blk_n   |   9|          2|    1|          2|
    |layer2_out_i_84_blk_n   |   9|          2|    1|          2|
    |layer2_out_i_85_blk_n   |   9|          2|    1|          2|
    |layer2_out_i_86_blk_n   |   9|          2|    1|          2|
    |layer2_out_i_87_blk_n   |   9|          2|    1|          2|
    |layer2_out_i_88_blk_n   |   9|          2|    1|          2|
    |layer2_out_i_89_blk_n   |   9|          2|    1|          2|
    |layer2_out_i_8_blk_n    |   9|          2|    1|          2|
    |layer2_out_i_90_blk_n   |   9|          2|    1|          2|
    |layer2_out_i_91_blk_n   |   9|          2|    1|          2|
    |layer2_out_i_92_blk_n   |   9|          2|    1|          2|
    |layer2_out_i_93_blk_n   |   9|          2|    1|          2|
    |layer2_out_i_94_blk_n   |   9|          2|    1|          2|
    |layer2_out_i_95_blk_n   |   9|          2|    1|          2|
    |layer2_out_i_96_blk_n   |   9|          2|    1|          2|
    |layer2_out_i_97_blk_n   |   9|          2|    1|          2|
    |layer2_out_i_98_blk_n   |   9|          2|    1|          2|
    |layer2_out_i_99_blk_n   |   9|          2|    1|          2|
    |layer2_out_i_9_blk_n    |   9|          2|    1|          2|
    |layer3_out_i_0_blk_n    |   9|          2|    1|          2|
    |layer3_out_i_100_blk_n  |   9|          2|    1|          2|
    |layer3_out_i_101_blk_n  |   9|          2|    1|          2|
    |layer3_out_i_102_blk_n  |   9|          2|    1|          2|
    |layer3_out_i_103_blk_n  |   9|          2|    1|          2|
    |layer3_out_i_104_blk_n  |   9|          2|    1|          2|
    |layer3_out_i_105_blk_n  |   9|          2|    1|          2|
    |layer3_out_i_106_blk_n  |   9|          2|    1|          2|
    |layer3_out_i_107_blk_n  |   9|          2|    1|          2|
    |layer3_out_i_108_blk_n  |   9|          2|    1|          2|
    |layer3_out_i_109_blk_n  |   9|          2|    1|          2|
    |layer3_out_i_10_blk_n   |   9|          2|    1|          2|
    |layer3_out_i_110_blk_n  |   9|          2|    1|          2|
    |layer3_out_i_111_blk_n  |   9|          2|    1|          2|
    |layer3_out_i_112_blk_n  |   9|          2|    1|          2|
    |layer3_out_i_113_blk_n  |   9|          2|    1|          2|
    |layer3_out_i_114_blk_n  |   9|          2|    1|          2|
    |layer3_out_i_115_blk_n  |   9|          2|    1|          2|
    |layer3_out_i_116_blk_n  |   9|          2|    1|          2|
    |layer3_out_i_117_blk_n  |   9|          2|    1|          2|
    |layer3_out_i_118_blk_n  |   9|          2|    1|          2|
    |layer3_out_i_119_blk_n  |   9|          2|    1|          2|
    |layer3_out_i_11_blk_n   |   9|          2|    1|          2|
    |layer3_out_i_120_blk_n  |   9|          2|    1|          2|
    |layer3_out_i_121_blk_n  |   9|          2|    1|          2|
    |layer3_out_i_122_blk_n  |   9|          2|    1|          2|
    |layer3_out_i_123_blk_n  |   9|          2|    1|          2|
    |layer3_out_i_124_blk_n  |   9|          2|    1|          2|
    |layer3_out_i_125_blk_n  |   9|          2|    1|          2|
    |layer3_out_i_126_blk_n  |   9|          2|    1|          2|
    |layer3_out_i_127_blk_n  |   9|          2|    1|          2|
    |layer3_out_i_12_blk_n   |   9|          2|    1|          2|
    |layer3_out_i_13_blk_n   |   9|          2|    1|          2|
    |layer3_out_i_14_blk_n   |   9|          2|    1|          2|
    |layer3_out_i_15_blk_n   |   9|          2|    1|          2|
    |layer3_out_i_16_blk_n   |   9|          2|    1|          2|
    |layer3_out_i_17_blk_n   |   9|          2|    1|          2|
    |layer3_out_i_18_blk_n   |   9|          2|    1|          2|
    |layer3_out_i_19_blk_n   |   9|          2|    1|          2|
    |layer3_out_i_1_blk_n    |   9|          2|    1|          2|
    |layer3_out_i_20_blk_n   |   9|          2|    1|          2|
    |layer3_out_i_21_blk_n   |   9|          2|    1|          2|
    |layer3_out_i_22_blk_n   |   9|          2|    1|          2|
    |layer3_out_i_23_blk_n   |   9|          2|    1|          2|
    |layer3_out_i_24_blk_n   |   9|          2|    1|          2|
    |layer3_out_i_25_blk_n   |   9|          2|    1|          2|
    |layer3_out_i_26_blk_n   |   9|          2|    1|          2|
    |layer3_out_i_27_blk_n   |   9|          2|    1|          2|
    |layer3_out_i_28_blk_n   |   9|          2|    1|          2|
    |layer3_out_i_29_blk_n   |   9|          2|    1|          2|
    |layer3_out_i_2_blk_n    |   9|          2|    1|          2|
    |layer3_out_i_30_blk_n   |   9|          2|    1|          2|
    |layer3_out_i_31_blk_n   |   9|          2|    1|          2|
    |layer3_out_i_32_blk_n   |   9|          2|    1|          2|
    |layer3_out_i_33_blk_n   |   9|          2|    1|          2|
    |layer3_out_i_34_blk_n   |   9|          2|    1|          2|
    |layer3_out_i_35_blk_n   |   9|          2|    1|          2|
    |layer3_out_i_36_blk_n   |   9|          2|    1|          2|
    |layer3_out_i_37_blk_n   |   9|          2|    1|          2|
    |layer3_out_i_38_blk_n   |   9|          2|    1|          2|
    |layer3_out_i_39_blk_n   |   9|          2|    1|          2|
    |layer3_out_i_3_blk_n    |   9|          2|    1|          2|
    |layer3_out_i_40_blk_n   |   9|          2|    1|          2|
    |layer3_out_i_41_blk_n   |   9|          2|    1|          2|
    |layer3_out_i_42_blk_n   |   9|          2|    1|          2|
    |layer3_out_i_43_blk_n   |   9|          2|    1|          2|
    |layer3_out_i_44_blk_n   |   9|          2|    1|          2|
    |layer3_out_i_45_blk_n   |   9|          2|    1|          2|
    |layer3_out_i_46_blk_n   |   9|          2|    1|          2|
    |layer3_out_i_47_blk_n   |   9|          2|    1|          2|
    |layer3_out_i_48_blk_n   |   9|          2|    1|          2|
    |layer3_out_i_49_blk_n   |   9|          2|    1|          2|
    |layer3_out_i_4_blk_n    |   9|          2|    1|          2|
    |layer3_out_i_50_blk_n   |   9|          2|    1|          2|
    |layer3_out_i_51_blk_n   |   9|          2|    1|          2|
    |layer3_out_i_52_blk_n   |   9|          2|    1|          2|
    |layer3_out_i_53_blk_n   |   9|          2|    1|          2|
    |layer3_out_i_54_blk_n   |   9|          2|    1|          2|
    |layer3_out_i_55_blk_n   |   9|          2|    1|          2|
    |layer3_out_i_56_blk_n   |   9|          2|    1|          2|
    |layer3_out_i_57_blk_n   |   9|          2|    1|          2|
    |layer3_out_i_58_blk_n   |   9|          2|    1|          2|
    |layer3_out_i_59_blk_n   |   9|          2|    1|          2|
    |layer3_out_i_5_blk_n    |   9|          2|    1|          2|
    |layer3_out_i_60_blk_n   |   9|          2|    1|          2|
    |layer3_out_i_61_blk_n   |   9|          2|    1|          2|
    |layer3_out_i_62_blk_n   |   9|          2|    1|          2|
    |layer3_out_i_63_blk_n   |   9|          2|    1|          2|
    |layer3_out_i_64_blk_n   |   9|          2|    1|          2|
    |layer3_out_i_65_blk_n   |   9|          2|    1|          2|
    |layer3_out_i_66_blk_n   |   9|          2|    1|          2|
    |layer3_out_i_67_blk_n   |   9|          2|    1|          2|
    |layer3_out_i_68_blk_n   |   9|          2|    1|          2|
    |layer3_out_i_69_blk_n   |   9|          2|    1|          2|
    |layer3_out_i_6_blk_n    |   9|          2|    1|          2|
    |layer3_out_i_70_blk_n   |   9|          2|    1|          2|
    |layer3_out_i_71_blk_n   |   9|          2|    1|          2|
    |layer3_out_i_72_blk_n   |   9|          2|    1|          2|
    |layer3_out_i_73_blk_n   |   9|          2|    1|          2|
    |layer3_out_i_74_blk_n   |   9|          2|    1|          2|
    |layer3_out_i_75_blk_n   |   9|          2|    1|          2|
    |layer3_out_i_76_blk_n   |   9|          2|    1|          2|
    |layer3_out_i_77_blk_n   |   9|          2|    1|          2|
    |layer3_out_i_78_blk_n   |   9|          2|    1|          2|
    |layer3_out_i_79_blk_n   |   9|          2|    1|          2|
    |layer3_out_i_7_blk_n    |   9|          2|    1|          2|
    |layer3_out_i_80_blk_n   |   9|          2|    1|          2|
    |layer3_out_i_81_blk_n   |   9|          2|    1|          2|
    |layer3_out_i_82_blk_n   |   9|          2|    1|          2|
    |layer3_out_i_83_blk_n   |   9|          2|    1|          2|
    |layer3_out_i_84_blk_n   |   9|          2|    1|          2|
    |layer3_out_i_85_blk_n   |   9|          2|    1|          2|
    |layer3_out_i_86_blk_n   |   9|          2|    1|          2|
    |layer3_out_i_87_blk_n   |   9|          2|    1|          2|
    |layer3_out_i_88_blk_n   |   9|          2|    1|          2|
    |layer3_out_i_89_blk_n   |   9|          2|    1|          2|
    |layer3_out_i_8_blk_n    |   9|          2|    1|          2|
    |layer3_out_i_90_blk_n   |   9|          2|    1|          2|
    |layer3_out_i_91_blk_n   |   9|          2|    1|          2|
    |layer3_out_i_92_blk_n   |   9|          2|    1|          2|
    |layer3_out_i_93_blk_n   |   9|          2|    1|          2|
    |layer3_out_i_94_blk_n   |   9|          2|    1|          2|
    |layer3_out_i_95_blk_n   |   9|          2|    1|          2|
    |layer3_out_i_96_blk_n   |   9|          2|    1|          2|
    |layer3_out_i_97_blk_n   |   9|          2|    1|          2|
    |layer3_out_i_98_blk_n   |   9|          2|    1|          2|
    |layer3_out_i_99_blk_n   |   9|          2|    1|          2|
    |layer3_out_i_9_blk_n    |   9|          2|    1|          2|
    |real_start              |   9|          2|    1|          2|
    +------------------------+----+-----------+-----+-----------+
    |Total                   |2336|        519|  259|        519|
    +------------------------+----+-----------+-----+-----------+

    * Register: 
    +--------------------------+----+----+-----+-----------+
    |           Name           | FF | LUT| Bits| Const Bits|
    +--------------------------+----+----+-----+-----------+
    |ap_CS_fsm                 |   2|   0|    2|          0|
    |ap_done_reg               |   1|   0|    1|          0|
    |out_data_V_574_reg_25650  |   8|   0|    8|          0|
    |out_data_V_576_reg_25676  |   8|   0|    8|          0|
    |out_data_V_578_reg_25702  |   8|   0|    8|          0|
    |out_data_V_580_reg_25728  |   8|   0|    8|          0|
    |out_data_V_582_reg_25754  |   8|   0|    8|          0|
    |out_data_V_584_reg_25780  |   8|   0|    8|          0|
    |out_data_V_586_reg_25806  |   8|   0|    8|          0|
    |out_data_V_588_reg_25832  |   8|   0|    8|          0|
    |out_data_V_590_reg_25858  |   8|   0|    8|          0|
    |out_data_V_592_reg_25884  |   8|   0|    8|          0|
    |out_data_V_594_reg_25910  |   8|   0|    8|          0|
    |out_data_V_596_reg_25936  |   8|   0|    8|          0|
    |out_data_V_598_reg_25962  |   8|   0|    8|          0|
    |out_data_V_600_reg_25988  |   8|   0|    8|          0|
    |out_data_V_602_reg_26014  |   8|   0|    8|          0|
    |out_data_V_604_reg_26040  |   8|   0|    8|          0|
    |out_data_V_606_reg_26066  |   8|   0|    8|          0|
    |out_data_V_608_reg_26092  |   8|   0|    8|          0|
    |out_data_V_610_reg_26118  |   8|   0|    8|          0|
    |out_data_V_612_reg_26144  |   8|   0|    8|          0|
    |out_data_V_614_reg_26170  |   8|   0|    8|          0|
    |out_data_V_616_reg_26196  |   8|   0|    8|          0|
    |out_data_V_618_reg_26222  |   8|   0|    8|          0|
    |out_data_V_620_reg_26248  |   8|   0|    8|          0|
    |out_data_V_622_reg_26274  |   8|   0|    8|          0|
    |out_data_V_624_reg_26300  |   8|   0|    8|          0|
    |out_data_V_626_reg_26326  |   8|   0|    8|          0|
    |out_data_V_628_reg_26352  |   8|   0|    8|          0|
    |out_data_V_630_reg_26378  |   8|   0|    8|          0|
    |out_data_V_632_reg_26404  |   8|   0|    8|          0|
    |out_data_V_634_reg_26430  |   8|   0|    8|          0|
    |out_data_V_636_reg_26456  |   8|   0|    8|          0|
    |out_data_V_638_reg_26482  |   8|   0|    8|          0|
    |out_data_V_640_reg_26508  |   8|   0|    8|          0|
    |out_data_V_642_reg_26534  |   8|   0|    8|          0|
    |out_data_V_644_reg_26560  |   8|   0|    8|          0|
    |out_data_V_646_reg_26586  |   8|   0|    8|          0|
    |out_data_V_648_reg_26612  |   8|   0|    8|          0|
    |out_data_V_650_reg_26638  |   8|   0|    8|          0|
    |out_data_V_652_reg_26664  |   8|   0|    8|          0|
    |out_data_V_654_reg_26690  |   8|   0|    8|          0|
    |out_data_V_656_reg_26716  |   8|   0|    8|          0|
    |out_data_V_658_reg_26742  |   8|   0|    8|          0|
    |out_data_V_660_reg_26768  |   8|   0|    8|          0|
    |out_data_V_662_reg_26794  |   8|   0|    8|          0|
    |out_data_V_664_reg_26820  |   8|   0|    8|          0|
    |out_data_V_666_reg_26846  |   8|   0|    8|          0|
    |out_data_V_668_reg_26872  |   8|   0|    8|          0|
    |out_data_V_670_reg_26898  |   8|   0|    8|          0|
    |out_data_V_672_reg_26924  |   8|   0|    8|          0|
    |out_data_V_674_reg_26950  |   8|   0|    8|          0|
    |out_data_V_676_reg_26976  |   8|   0|    8|          0|
    |out_data_V_678_reg_27002  |   8|   0|    8|          0|
    |out_data_V_680_reg_27028  |   8|   0|    8|          0|
    |out_data_V_682_reg_27054  |   8|   0|    8|          0|
    |out_data_V_684_reg_27080  |   8|   0|    8|          0|
    |out_data_V_686_reg_27106  |   8|   0|    8|          0|
    |out_data_V_688_reg_27132  |   8|   0|    8|          0|
    |out_data_V_690_reg_27158  |   8|   0|    8|          0|
    |out_data_V_692_reg_27184  |   8|   0|    8|          0|
    |out_data_V_694_reg_27210  |   8|   0|    8|          0|
    |out_data_V_696_reg_27236  |   8|   0|    8|          0|
    |out_data_V_698_reg_27262  |   8|   0|    8|          0|
    |out_data_V_700_reg_27288  |   8|   0|    8|          0|
    |out_data_V_702_reg_27314  |   8|   0|    8|          0|
    |out_data_V_704_reg_27340  |   8|   0|    8|          0|
    |out_data_V_706_reg_27366  |   8|   0|    8|          0|
    |out_data_V_708_reg_27392  |   8|   0|    8|          0|
    |out_data_V_710_reg_27418  |   8|   0|    8|          0|
    |out_data_V_712_reg_27444  |   8|   0|    8|          0|
    |out_data_V_714_reg_27470  |   8|   0|    8|          0|
    |out_data_V_716_reg_27496  |   8|   0|    8|          0|
    |out_data_V_718_reg_27522  |   8|   0|    8|          0|
    |out_data_V_720_reg_27548  |   8|   0|    8|          0|
    |out_data_V_722_reg_27574  |   8|   0|    8|          0|
    |out_data_V_724_reg_27600  |   8|   0|    8|          0|
    |out_data_V_726_reg_27626  |   8|   0|    8|          0|
    |out_data_V_728_reg_27652  |   8|   0|    8|          0|
    |out_data_V_730_reg_27678  |   8|   0|    8|          0|
    |out_data_V_732_reg_27704  |   8|   0|    8|          0|
    |out_data_V_734_reg_27730  |   8|   0|    8|          0|
    |out_data_V_736_reg_27756  |   8|   0|    8|          0|
    |out_data_V_738_reg_27782  |   8|   0|    8|          0|
    |out_data_V_740_reg_27808  |   8|   0|    8|          0|
    |out_data_V_742_reg_27834  |   8|   0|    8|          0|
    |out_data_V_744_reg_27860  |   8|   0|    8|          0|
    |out_data_V_746_reg_27886  |   8|   0|    8|          0|
    |out_data_V_748_reg_27912  |   8|   0|    8|          0|
    |out_data_V_750_reg_27938  |   8|   0|    8|          0|
    |out_data_V_752_reg_27964  |   8|   0|    8|          0|
    |out_data_V_754_reg_27990  |   8|   0|    8|          0|
    |out_data_V_756_reg_28016  |   8|   0|    8|          0|
    |out_data_V_758_reg_28042  |   8|   0|    8|          0|
    |out_data_V_760_reg_28068  |   8|   0|    8|          0|
    |out_data_V_762_reg_28094  |   8|   0|    8|          0|
    |out_data_V_764_reg_28120  |   8|   0|    8|          0|
    |out_data_V_766_reg_28146  |   8|   0|    8|          0|
    |out_data_V_768_reg_28172  |   8|   0|    8|          0|
    |out_data_V_770_reg_28198  |   8|   0|    8|          0|
    |out_data_V_772_reg_28224  |   8|   0|    8|          0|
    |out_data_V_774_reg_28250  |   8|   0|    8|          0|
    |out_data_V_776_reg_28276  |   8|   0|    8|          0|
    |out_data_V_778_reg_28302  |   8|   0|    8|          0|
    |out_data_V_780_reg_28328  |   8|   0|    8|          0|
    |out_data_V_782_reg_28354  |   8|   0|    8|          0|
    |out_data_V_784_reg_28380  |   8|   0|    8|          0|
    |out_data_V_786_reg_28406  |   8|   0|    8|          0|
    |out_data_V_788_reg_28432  |   8|   0|    8|          0|
    |out_data_V_790_reg_28458  |   8|   0|    8|          0|
    |out_data_V_792_reg_28484  |   8|   0|    8|          0|
    |out_data_V_794_reg_28510  |   8|   0|    8|          0|
    |out_data_V_796_reg_28536  |   8|   0|    8|          0|
    |out_data_V_798_reg_28562  |   8|   0|    8|          0|
    |out_data_V_800_reg_28588  |   8|   0|    8|          0|
    |out_data_V_802_reg_28614  |   8|   0|    8|          0|
    |out_data_V_804_reg_28640  |   8|   0|    8|          0|
    |out_data_V_806_reg_28666  |   8|   0|    8|          0|
    |out_data_V_808_reg_28692  |   8|   0|    8|          0|
    |out_data_V_810_reg_28718  |   8|   0|    8|          0|
    |out_data_V_812_reg_28744  |   8|   0|    8|          0|
    |out_data_V_814_reg_28770  |   8|   0|    8|          0|
    |out_data_V_816_reg_28796  |   8|   0|    8|          0|
    |out_data_V_818_reg_28822  |   8|   0|    8|          0|
    |out_data_V_820_reg_28848  |   8|   0|    8|          0|
    |out_data_V_822_reg_28874  |   8|   0|    8|          0|
    |out_data_V_824_reg_28900  |   8|   0|    8|          0|
    |out_data_V_826_reg_28926  |   8|   0|    8|          0|
    |out_data_V_828_reg_28952  |   8|   0|    8|          0|
    |p_Result_1001_reg_26762   |   1|   0|    1|          0|
    |p_Result_1002_reg_26773   |   1|   0|    1|          0|
    |p_Result_1003_reg_26780   |   1|   0|    1|          0|
    |p_Result_1005_reg_26788   |   1|   0|    1|          0|
    |p_Result_1006_reg_26799   |   1|   0|    1|          0|
    |p_Result_1007_reg_26806   |   1|   0|    1|          0|
    |p_Result_1009_reg_26814   |   1|   0|    1|          0|
    |p_Result_1010_reg_26825   |   1|   0|    1|          0|
    |p_Result_1011_reg_26832   |   1|   0|    1|          0|
    |p_Result_1013_reg_26840   |   1|   0|    1|          0|
    |p_Result_1014_reg_26851   |   1|   0|    1|          0|
    |p_Result_1015_reg_26858   |   1|   0|    1|          0|
    |p_Result_1017_reg_26866   |   1|   0|    1|          0|
    |p_Result_1018_reg_26877   |   1|   0|    1|          0|
    |p_Result_1019_reg_26884   |   1|   0|    1|          0|
    |p_Result_1021_reg_26892   |   1|   0|    1|          0|
    |p_Result_1022_reg_26903   |   1|   0|    1|          0|
    |p_Result_1023_reg_26910   |   1|   0|    1|          0|
    |p_Result_1025_reg_26918   |   1|   0|    1|          0|
    |p_Result_1026_reg_26929   |   1|   0|    1|          0|
    |p_Result_1027_reg_26936   |   1|   0|    1|          0|
    |p_Result_1029_reg_26944   |   1|   0|    1|          0|
    |p_Result_1030_reg_26955   |   1|   0|    1|          0|
    |p_Result_1031_reg_26962   |   1|   0|    1|          0|
    |p_Result_1033_reg_26970   |   1|   0|    1|          0|
    |p_Result_1034_reg_26981   |   1|   0|    1|          0|
    |p_Result_1035_reg_26988   |   1|   0|    1|          0|
    |p_Result_1037_reg_26996   |   1|   0|    1|          0|
    |p_Result_1038_reg_27007   |   1|   0|    1|          0|
    |p_Result_1039_reg_27014   |   1|   0|    1|          0|
    |p_Result_1041_reg_27022   |   1|   0|    1|          0|
    |p_Result_1042_reg_27033   |   1|   0|    1|          0|
    |p_Result_1043_reg_27040   |   1|   0|    1|          0|
    |p_Result_1045_reg_27048   |   1|   0|    1|          0|
    |p_Result_1046_reg_27059   |   1|   0|    1|          0|
    |p_Result_1047_reg_27066   |   1|   0|    1|          0|
    |p_Result_1049_reg_27074   |   1|   0|    1|          0|
    |p_Result_1050_reg_27085   |   1|   0|    1|          0|
    |p_Result_1051_reg_27092   |   1|   0|    1|          0|
    |p_Result_1053_reg_27100   |   1|   0|    1|          0|
    |p_Result_1054_reg_27111   |   1|   0|    1|          0|
    |p_Result_1055_reg_27118   |   1|   0|    1|          0|
    |p_Result_1057_reg_27126   |   1|   0|    1|          0|
    |p_Result_1058_reg_27137   |   1|   0|    1|          0|
    |p_Result_1059_reg_27144   |   1|   0|    1|          0|
    |p_Result_1061_reg_27152   |   1|   0|    1|          0|
    |p_Result_1062_reg_27163   |   1|   0|    1|          0|
    |p_Result_1063_reg_27170   |   1|   0|    1|          0|
    |p_Result_1065_reg_27178   |   1|   0|    1|          0|
    |p_Result_1066_reg_27189   |   1|   0|    1|          0|
    |p_Result_1067_reg_27196   |   1|   0|    1|          0|
    |p_Result_1069_reg_27204   |   1|   0|    1|          0|
    |p_Result_1070_reg_27215   |   1|   0|    1|          0|
    |p_Result_1071_reg_27222   |   1|   0|    1|          0|
    |p_Result_1073_reg_27230   |   1|   0|    1|          0|
    |p_Result_1074_reg_27241   |   1|   0|    1|          0|
    |p_Result_1075_reg_27248   |   1|   0|    1|          0|
    |p_Result_1077_reg_27256   |   1|   0|    1|          0|
    |p_Result_1078_reg_27267   |   1|   0|    1|          0|
    |p_Result_1079_reg_27274   |   1|   0|    1|          0|
    |p_Result_1081_reg_27282   |   1|   0|    1|          0|
    |p_Result_1082_reg_27293   |   1|   0|    1|          0|
    |p_Result_1083_reg_27300   |   1|   0|    1|          0|
    |p_Result_1085_reg_27308   |   1|   0|    1|          0|
    |p_Result_1086_reg_27319   |   1|   0|    1|          0|
    |p_Result_1087_reg_27326   |   1|   0|    1|          0|
    |p_Result_1089_reg_27334   |   1|   0|    1|          0|
    |p_Result_1090_reg_27345   |   1|   0|    1|          0|
    |p_Result_1091_reg_27352   |   1|   0|    1|          0|
    |p_Result_1093_reg_27360   |   1|   0|    1|          0|
    |p_Result_1094_reg_27371   |   1|   0|    1|          0|
    |p_Result_1095_reg_27378   |   1|   0|    1|          0|
    |p_Result_1097_reg_27386   |   1|   0|    1|          0|
    |p_Result_1098_reg_27397   |   1|   0|    1|          0|
    |p_Result_1099_reg_27404   |   1|   0|    1|          0|
    |p_Result_1101_reg_27412   |   1|   0|    1|          0|
    |p_Result_1102_reg_27423   |   1|   0|    1|          0|
    |p_Result_1103_reg_27430   |   1|   0|    1|          0|
    |p_Result_1105_reg_27438   |   1|   0|    1|          0|
    |p_Result_1106_reg_27449   |   1|   0|    1|          0|
    |p_Result_1107_reg_27456   |   1|   0|    1|          0|
    |p_Result_1109_reg_27464   |   1|   0|    1|          0|
    |p_Result_1110_reg_27475   |   1|   0|    1|          0|
    |p_Result_1111_reg_27482   |   1|   0|    1|          0|
    |p_Result_1113_reg_27490   |   1|   0|    1|          0|
    |p_Result_1114_reg_27501   |   1|   0|    1|          0|
    |p_Result_1115_reg_27508   |   1|   0|    1|          0|
    |p_Result_1117_reg_27516   |   1|   0|    1|          0|
    |p_Result_1118_reg_27527   |   1|   0|    1|          0|
    |p_Result_1119_reg_27534   |   1|   0|    1|          0|
    |p_Result_1121_reg_27542   |   1|   0|    1|          0|
    |p_Result_1122_reg_27553   |   1|   0|    1|          0|
    |p_Result_1123_reg_27560   |   1|   0|    1|          0|
    |p_Result_1125_reg_27568   |   1|   0|    1|          0|
    |p_Result_1126_reg_27579   |   1|   0|    1|          0|
    |p_Result_1127_reg_27586   |   1|   0|    1|          0|
    |p_Result_1129_reg_27594   |   1|   0|    1|          0|
    |p_Result_1130_reg_27605   |   1|   0|    1|          0|
    |p_Result_1131_reg_27612   |   1|   0|    1|          0|
    |p_Result_1133_reg_27620   |   1|   0|    1|          0|
    |p_Result_1134_reg_27631   |   1|   0|    1|          0|
    |p_Result_1135_reg_27638   |   1|   0|    1|          0|
    |p_Result_1137_reg_27646   |   1|   0|    1|          0|
    |p_Result_1138_reg_27657   |   1|   0|    1|          0|
    |p_Result_1139_reg_27664   |   1|   0|    1|          0|
    |p_Result_1141_reg_27672   |   1|   0|    1|          0|
    |p_Result_1142_reg_27683   |   1|   0|    1|          0|
    |p_Result_1143_reg_27690   |   1|   0|    1|          0|
    |p_Result_1145_reg_27698   |   1|   0|    1|          0|
    |p_Result_1146_reg_27709   |   1|   0|    1|          0|
    |p_Result_1147_reg_27716   |   1|   0|    1|          0|
    |p_Result_1149_reg_27724   |   1|   0|    1|          0|
    |p_Result_1150_reg_27735   |   1|   0|    1|          0|
    |p_Result_1151_reg_27742   |   1|   0|    1|          0|
    |p_Result_1153_reg_27750   |   1|   0|    1|          0|
    |p_Result_1154_reg_27761   |   1|   0|    1|          0|
    |p_Result_1155_reg_27768   |   1|   0|    1|          0|
    |p_Result_1157_reg_27776   |   1|   0|    1|          0|
    |p_Result_1158_reg_27787   |   1|   0|    1|          0|
    |p_Result_1159_reg_27794   |   1|   0|    1|          0|
    |p_Result_1161_reg_27802   |   1|   0|    1|          0|
    |p_Result_1162_reg_27813   |   1|   0|    1|          0|
    |p_Result_1163_reg_27820   |   1|   0|    1|          0|
    |p_Result_1165_reg_27828   |   1|   0|    1|          0|
    |p_Result_1166_reg_27839   |   1|   0|    1|          0|
    |p_Result_1167_reg_27846   |   1|   0|    1|          0|
    |p_Result_1169_reg_27854   |   1|   0|    1|          0|
    |p_Result_1170_reg_27865   |   1|   0|    1|          0|
    |p_Result_1171_reg_27872   |   1|   0|    1|          0|
    |p_Result_1173_reg_27880   |   1|   0|    1|          0|
    |p_Result_1174_reg_27891   |   1|   0|    1|          0|
    |p_Result_1175_reg_27898   |   1|   0|    1|          0|
    |p_Result_1177_reg_27906   |   1|   0|    1|          0|
    |p_Result_1178_reg_27917   |   1|   0|    1|          0|
    |p_Result_1179_reg_27924   |   1|   0|    1|          0|
    |p_Result_1181_reg_27932   |   1|   0|    1|          0|
    |p_Result_1182_reg_27943   |   1|   0|    1|          0|
    |p_Result_1183_reg_27950   |   1|   0|    1|          0|
    |p_Result_1185_reg_27958   |   1|   0|    1|          0|
    |p_Result_1186_reg_27969   |   1|   0|    1|          0|
    |p_Result_1187_reg_27976   |   1|   0|    1|          0|
    |p_Result_1189_reg_27984   |   1|   0|    1|          0|
    |p_Result_1190_reg_27995   |   1|   0|    1|          0|
    |p_Result_1191_reg_28002   |   1|   0|    1|          0|
    |p_Result_1193_reg_28010   |   1|   0|    1|          0|
    |p_Result_1194_reg_28021   |   1|   0|    1|          0|
    |p_Result_1195_reg_28028   |   1|   0|    1|          0|
    |p_Result_1197_reg_28036   |   1|   0|    1|          0|
    |p_Result_1198_reg_28047   |   1|   0|    1|          0|
    |p_Result_1199_reg_28054   |   1|   0|    1|          0|
    |p_Result_1201_reg_28062   |   1|   0|    1|          0|
    |p_Result_1202_reg_28073   |   1|   0|    1|          0|
    |p_Result_1203_reg_28080   |   1|   0|    1|          0|
    |p_Result_1205_reg_28088   |   1|   0|    1|          0|
    |p_Result_1206_reg_28099   |   1|   0|    1|          0|
    |p_Result_1207_reg_28106   |   1|   0|    1|          0|
    |p_Result_1209_reg_28114   |   1|   0|    1|          0|
    |p_Result_1210_reg_28125   |   1|   0|    1|          0|
    |p_Result_1211_reg_28132   |   1|   0|    1|          0|
    |p_Result_1213_reg_28140   |   1|   0|    1|          0|
    |p_Result_1214_reg_28151   |   1|   0|    1|          0|
    |p_Result_1215_reg_28158   |   1|   0|    1|          0|
    |p_Result_1217_reg_28166   |   1|   0|    1|          0|
    |p_Result_1218_reg_28177   |   1|   0|    1|          0|
    |p_Result_1219_reg_28184   |   1|   0|    1|          0|
    |p_Result_1221_reg_28192   |   1|   0|    1|          0|
    |p_Result_1222_reg_28203   |   1|   0|    1|          0|
    |p_Result_1223_reg_28210   |   1|   0|    1|          0|
    |p_Result_1225_reg_28218   |   1|   0|    1|          0|
    |p_Result_1226_reg_28229   |   1|   0|    1|          0|
    |p_Result_1227_reg_28236   |   1|   0|    1|          0|
    |p_Result_1229_reg_28244   |   1|   0|    1|          0|
    |p_Result_1230_reg_28255   |   1|   0|    1|          0|
    |p_Result_1231_reg_28262   |   1|   0|    1|          0|
    |p_Result_1233_reg_28270   |   1|   0|    1|          0|
    |p_Result_1234_reg_28281   |   1|   0|    1|          0|
    |p_Result_1235_reg_28288   |   1|   0|    1|          0|
    |p_Result_1237_reg_28296   |   1|   0|    1|          0|
    |p_Result_1238_reg_28307   |   1|   0|    1|          0|
    |p_Result_1239_reg_28314   |   1|   0|    1|          0|
    |p_Result_1241_reg_28322   |   1|   0|    1|          0|
    |p_Result_1242_reg_28333   |   1|   0|    1|          0|
    |p_Result_1243_reg_28340   |   1|   0|    1|          0|
    |p_Result_1245_reg_28348   |   1|   0|    1|          0|
    |p_Result_1246_reg_28359   |   1|   0|    1|          0|
    |p_Result_1247_reg_28366   |   1|   0|    1|          0|
    |p_Result_1249_reg_28374   |   1|   0|    1|          0|
    |p_Result_1250_reg_28385   |   1|   0|    1|          0|
    |p_Result_1251_reg_28392   |   1|   0|    1|          0|
    |p_Result_1253_reg_28400   |   1|   0|    1|          0|
    |p_Result_1254_reg_28411   |   1|   0|    1|          0|
    |p_Result_1255_reg_28418   |   1|   0|    1|          0|
    |p_Result_1257_reg_28426   |   1|   0|    1|          0|
    |p_Result_1258_reg_28437   |   1|   0|    1|          0|
    |p_Result_1259_reg_28444   |   1|   0|    1|          0|
    |p_Result_1261_reg_28452   |   1|   0|    1|          0|
    |p_Result_1262_reg_28463   |   1|   0|    1|          0|
    |p_Result_1263_reg_28470   |   1|   0|    1|          0|
    |p_Result_1265_reg_28478   |   1|   0|    1|          0|
    |p_Result_1266_reg_28489   |   1|   0|    1|          0|
    |p_Result_1267_reg_28496   |   1|   0|    1|          0|
    |p_Result_1269_reg_28504   |   1|   0|    1|          0|
    |p_Result_1270_reg_28515   |   1|   0|    1|          0|
    |p_Result_1271_reg_28522   |   1|   0|    1|          0|
    |p_Result_1273_reg_28530   |   1|   0|    1|          0|
    |p_Result_1274_reg_28541   |   1|   0|    1|          0|
    |p_Result_1275_reg_28548   |   1|   0|    1|          0|
    |p_Result_1277_reg_28556   |   1|   0|    1|          0|
    |p_Result_1278_reg_28567   |   1|   0|    1|          0|
    |p_Result_1279_reg_28574   |   1|   0|    1|          0|
    |p_Result_1281_reg_28582   |   1|   0|    1|          0|
    |p_Result_1282_reg_28593   |   1|   0|    1|          0|
    |p_Result_1283_reg_28600   |   1|   0|    1|          0|
    |p_Result_1285_reg_28608   |   1|   0|    1|          0|
    |p_Result_1286_reg_28619   |   1|   0|    1|          0|
    |p_Result_1287_reg_28626   |   1|   0|    1|          0|
    |p_Result_1289_reg_28634   |   1|   0|    1|          0|
    |p_Result_1290_reg_28645   |   1|   0|    1|          0|
    |p_Result_1291_reg_28652   |   1|   0|    1|          0|
    |p_Result_1293_reg_28660   |   1|   0|    1|          0|
    |p_Result_1294_reg_28671   |   1|   0|    1|          0|
    |p_Result_1295_reg_28678   |   1|   0|    1|          0|
    |p_Result_1297_reg_28686   |   1|   0|    1|          0|
    |p_Result_1298_reg_28697   |   1|   0|    1|          0|
    |p_Result_1299_reg_28704   |   1|   0|    1|          0|
    |p_Result_1301_reg_28712   |   1|   0|    1|          0|
    |p_Result_1302_reg_28723   |   1|   0|    1|          0|
    |p_Result_1303_reg_28730   |   1|   0|    1|          0|
    |p_Result_1305_reg_28738   |   1|   0|    1|          0|
    |p_Result_1306_reg_28749   |   1|   0|    1|          0|
    |p_Result_1307_reg_28756   |   1|   0|    1|          0|
    |p_Result_1309_reg_28764   |   1|   0|    1|          0|
    |p_Result_1310_reg_28775   |   1|   0|    1|          0|
    |p_Result_1311_reg_28782   |   1|   0|    1|          0|
    |p_Result_1313_reg_28790   |   1|   0|    1|          0|
    |p_Result_1314_reg_28801   |   1|   0|    1|          0|
    |p_Result_1315_reg_28808   |   1|   0|    1|          0|
    |p_Result_1317_reg_28816   |   1|   0|    1|          0|
    |p_Result_1318_reg_28827   |   1|   0|    1|          0|
    |p_Result_1319_reg_28834   |   1|   0|    1|          0|
    |p_Result_1321_reg_28842   |   1|   0|    1|          0|
    |p_Result_1322_reg_28853   |   1|   0|    1|          0|
    |p_Result_1323_reg_28860   |   1|   0|    1|          0|
    |p_Result_1325_reg_28868   |   1|   0|    1|          0|
    |p_Result_1326_reg_28879   |   1|   0|    1|          0|
    |p_Result_1327_reg_28886   |   1|   0|    1|          0|
    |p_Result_1329_reg_28894   |   1|   0|    1|          0|
    |p_Result_1330_reg_28905   |   1|   0|    1|          0|
    |p_Result_1331_reg_28912   |   1|   0|    1|          0|
    |p_Result_1333_reg_28920   |   1|   0|    1|          0|
    |p_Result_1334_reg_28931   |   1|   0|    1|          0|
    |p_Result_1335_reg_28938   |   1|   0|    1|          0|
    |p_Result_1337_reg_28946   |   1|   0|    1|          0|
    |p_Result_1338_reg_28957   |   1|   0|    1|          0|
    |p_Result_827_reg_25636    |   1|   0|    1|          0|
    |p_Result_829_reg_25644    |   1|   0|    1|          0|
    |p_Result_830_reg_25655    |   1|   0|    1|          0|
    |p_Result_831_reg_25662    |   1|   0|    1|          0|
    |p_Result_833_reg_25670    |   1|   0|    1|          0|
    |p_Result_834_reg_25681    |   1|   0|    1|          0|
    |p_Result_835_reg_25688    |   1|   0|    1|          0|
    |p_Result_837_reg_25696    |   1|   0|    1|          0|
    |p_Result_838_reg_25707    |   1|   0|    1|          0|
    |p_Result_839_reg_25714    |   1|   0|    1|          0|
    |p_Result_841_reg_25722    |   1|   0|    1|          0|
    |p_Result_842_reg_25733    |   1|   0|    1|          0|
    |p_Result_843_reg_25740    |   1|   0|    1|          0|
    |p_Result_845_reg_25748    |   1|   0|    1|          0|
    |p_Result_846_reg_25759    |   1|   0|    1|          0|
    |p_Result_847_reg_25766    |   1|   0|    1|          0|
    |p_Result_849_reg_25774    |   1|   0|    1|          0|
    |p_Result_850_reg_25785    |   1|   0|    1|          0|
    |p_Result_851_reg_25792    |   1|   0|    1|          0|
    |p_Result_853_reg_25800    |   1|   0|    1|          0|
    |p_Result_854_reg_25811    |   1|   0|    1|          0|
    |p_Result_855_reg_25818    |   1|   0|    1|          0|
    |p_Result_857_reg_25826    |   1|   0|    1|          0|
    |p_Result_858_reg_25837    |   1|   0|    1|          0|
    |p_Result_859_reg_25844    |   1|   0|    1|          0|
    |p_Result_861_reg_25852    |   1|   0|    1|          0|
    |p_Result_862_reg_25863    |   1|   0|    1|          0|
    |p_Result_863_reg_25870    |   1|   0|    1|          0|
    |p_Result_865_reg_25878    |   1|   0|    1|          0|
    |p_Result_866_reg_25889    |   1|   0|    1|          0|
    |p_Result_867_reg_25896    |   1|   0|    1|          0|
    |p_Result_869_reg_25904    |   1|   0|    1|          0|
    |p_Result_870_reg_25915    |   1|   0|    1|          0|
    |p_Result_871_reg_25922    |   1|   0|    1|          0|
    |p_Result_873_reg_25930    |   1|   0|    1|          0|
    |p_Result_874_reg_25941    |   1|   0|    1|          0|
    |p_Result_875_reg_25948    |   1|   0|    1|          0|
    |p_Result_877_reg_25956    |   1|   0|    1|          0|
    |p_Result_878_reg_25967    |   1|   0|    1|          0|
    |p_Result_879_reg_25974    |   1|   0|    1|          0|
    |p_Result_881_reg_25982    |   1|   0|    1|          0|
    |p_Result_882_reg_25993    |   1|   0|    1|          0|
    |p_Result_883_reg_26000    |   1|   0|    1|          0|
    |p_Result_885_reg_26008    |   1|   0|    1|          0|
    |p_Result_886_reg_26019    |   1|   0|    1|          0|
    |p_Result_887_reg_26026    |   1|   0|    1|          0|
    |p_Result_889_reg_26034    |   1|   0|    1|          0|
    |p_Result_890_reg_26045    |   1|   0|    1|          0|
    |p_Result_891_reg_26052    |   1|   0|    1|          0|
    |p_Result_893_reg_26060    |   1|   0|    1|          0|
    |p_Result_894_reg_26071    |   1|   0|    1|          0|
    |p_Result_895_reg_26078    |   1|   0|    1|          0|
    |p_Result_897_reg_26086    |   1|   0|    1|          0|
    |p_Result_898_reg_26097    |   1|   0|    1|          0|
    |p_Result_899_reg_26104    |   1|   0|    1|          0|
    |p_Result_901_reg_26112    |   1|   0|    1|          0|
    |p_Result_902_reg_26123    |   1|   0|    1|          0|
    |p_Result_903_reg_26130    |   1|   0|    1|          0|
    |p_Result_905_reg_26138    |   1|   0|    1|          0|
    |p_Result_906_reg_26149    |   1|   0|    1|          0|
    |p_Result_907_reg_26156    |   1|   0|    1|          0|
    |p_Result_909_reg_26164    |   1|   0|    1|          0|
    |p_Result_910_reg_26175    |   1|   0|    1|          0|
    |p_Result_911_reg_26182    |   1|   0|    1|          0|
    |p_Result_913_reg_26190    |   1|   0|    1|          0|
    |p_Result_914_reg_26201    |   1|   0|    1|          0|
    |p_Result_915_reg_26208    |   1|   0|    1|          0|
    |p_Result_917_reg_26216    |   1|   0|    1|          0|
    |p_Result_918_reg_26227    |   1|   0|    1|          0|
    |p_Result_919_reg_26234    |   1|   0|    1|          0|
    |p_Result_921_reg_26242    |   1|   0|    1|          0|
    |p_Result_922_reg_26253    |   1|   0|    1|          0|
    |p_Result_923_reg_26260    |   1|   0|    1|          0|
    |p_Result_925_reg_26268    |   1|   0|    1|          0|
    |p_Result_926_reg_26279    |   1|   0|    1|          0|
    |p_Result_927_reg_26286    |   1|   0|    1|          0|
    |p_Result_929_reg_26294    |   1|   0|    1|          0|
    |p_Result_930_reg_26305    |   1|   0|    1|          0|
    |p_Result_931_reg_26312    |   1|   0|    1|          0|
    |p_Result_933_reg_26320    |   1|   0|    1|          0|
    |p_Result_934_reg_26331    |   1|   0|    1|          0|
    |p_Result_935_reg_26338    |   1|   0|    1|          0|
    |p_Result_937_reg_26346    |   1|   0|    1|          0|
    |p_Result_938_reg_26357    |   1|   0|    1|          0|
    |p_Result_939_reg_26364    |   1|   0|    1|          0|
    |p_Result_941_reg_26372    |   1|   0|    1|          0|
    |p_Result_942_reg_26383    |   1|   0|    1|          0|
    |p_Result_943_reg_26390    |   1|   0|    1|          0|
    |p_Result_945_reg_26398    |   1|   0|    1|          0|
    |p_Result_946_reg_26409    |   1|   0|    1|          0|
    |p_Result_947_reg_26416    |   1|   0|    1|          0|
    |p_Result_949_reg_26424    |   1|   0|    1|          0|
    |p_Result_950_reg_26435    |   1|   0|    1|          0|
    |p_Result_951_reg_26442    |   1|   0|    1|          0|
    |p_Result_953_reg_26450    |   1|   0|    1|          0|
    |p_Result_954_reg_26461    |   1|   0|    1|          0|
    |p_Result_955_reg_26468    |   1|   0|    1|          0|
    |p_Result_957_reg_26476    |   1|   0|    1|          0|
    |p_Result_958_reg_26487    |   1|   0|    1|          0|
    |p_Result_959_reg_26494    |   1|   0|    1|          0|
    |p_Result_961_reg_26502    |   1|   0|    1|          0|
    |p_Result_962_reg_26513    |   1|   0|    1|          0|
    |p_Result_963_reg_26520    |   1|   0|    1|          0|
    |p_Result_965_reg_26528    |   1|   0|    1|          0|
    |p_Result_966_reg_26539    |   1|   0|    1|          0|
    |p_Result_967_reg_26546    |   1|   0|    1|          0|
    |p_Result_969_reg_26554    |   1|   0|    1|          0|
    |p_Result_970_reg_26565    |   1|   0|    1|          0|
    |p_Result_971_reg_26572    |   1|   0|    1|          0|
    |p_Result_973_reg_26580    |   1|   0|    1|          0|
    |p_Result_974_reg_26591    |   1|   0|    1|          0|
    |p_Result_975_reg_26598    |   1|   0|    1|          0|
    |p_Result_977_reg_26606    |   1|   0|    1|          0|
    |p_Result_978_reg_26617    |   1|   0|    1|          0|
    |p_Result_979_reg_26624    |   1|   0|    1|          0|
    |p_Result_981_reg_26632    |   1|   0|    1|          0|
    |p_Result_982_reg_26643    |   1|   0|    1|          0|
    |p_Result_983_reg_26650    |   1|   0|    1|          0|
    |p_Result_985_reg_26658    |   1|   0|    1|          0|
    |p_Result_986_reg_26669    |   1|   0|    1|          0|
    |p_Result_987_reg_26676    |   1|   0|    1|          0|
    |p_Result_989_reg_26684    |   1|   0|    1|          0|
    |p_Result_990_reg_26695    |   1|   0|    1|          0|
    |p_Result_991_reg_26702    |   1|   0|    1|          0|
    |p_Result_993_reg_26710    |   1|   0|    1|          0|
    |p_Result_994_reg_26721    |   1|   0|    1|          0|
    |p_Result_995_reg_26728    |   1|   0|    1|          0|
    |p_Result_997_reg_26736    |   1|   0|    1|          0|
    |p_Result_998_reg_26747    |   1|   0|    1|          0|
    |p_Result_999_reg_26754    |   1|   0|    1|          0|
    |start_once_reg            |   1|   0|    1|          0|
    +--------------------------+----+----+-----+-----------+
    |Total                     |1412|   0| 1412|          0|
    +--------------------------+----+----+-----+-----------+



================================================================
== Interface
================================================================
* Summary: 
+---------------------------------+-----+-----+------------+---------------------------------------------------------------------------+--------------+
|            RTL Ports            | Dir | Bits|  Protocol  |                               Source Object                               |    C Type    |
+---------------------------------+-----+-----+------------+---------------------------------------------------------------------------+--------------+
|ap_clk                           |   in|    1|  ap_ctrl_hs|  linear<ap_fixed<17, 4, 5, 3, 0>, ap_fixed<8, 3, 4, 0, 0>, linear_config3>|  return value|
|ap_rst                           |   in|    1|  ap_ctrl_hs|  linear<ap_fixed<17, 4, 5, 3, 0>, ap_fixed<8, 3, 4, 0, 0>, linear_config3>|  return value|
|ap_start                         |   in|    1|  ap_ctrl_hs|  linear<ap_fixed<17, 4, 5, 3, 0>, ap_fixed<8, 3, 4, 0, 0>, linear_config3>|  return value|
|start_full_n                     |   in|    1|  ap_ctrl_hs|  linear<ap_fixed<17, 4, 5, 3, 0>, ap_fixed<8, 3, 4, 0, 0>, linear_config3>|  return value|
|ap_done                          |  out|    1|  ap_ctrl_hs|  linear<ap_fixed<17, 4, 5, 3, 0>, ap_fixed<8, 3, 4, 0, 0>, linear_config3>|  return value|
|ap_continue                      |   in|    1|  ap_ctrl_hs|  linear<ap_fixed<17, 4, 5, 3, 0>, ap_fixed<8, 3, 4, 0, 0>, linear_config3>|  return value|
|ap_idle                          |  out|    1|  ap_ctrl_hs|  linear<ap_fixed<17, 4, 5, 3, 0>, ap_fixed<8, 3, 4, 0, 0>, linear_config3>|  return value|
|ap_ready                         |  out|    1|  ap_ctrl_hs|  linear<ap_fixed<17, 4, 5, 3, 0>, ap_fixed<8, 3, 4, 0, 0>, linear_config3>|  return value|
|start_out                        |  out|    1|  ap_ctrl_hs|  linear<ap_fixed<17, 4, 5, 3, 0>, ap_fixed<8, 3, 4, 0, 0>, linear_config3>|  return value|
|start_write                      |  out|    1|  ap_ctrl_hs|  linear<ap_fixed<17, 4, 5, 3, 0>, ap_fixed<8, 3, 4, 0, 0>, linear_config3>|  return value|
|layer2_out_i_0_dout              |   in|   17|     ap_fifo|                                                             layer2_out_i_0|       pointer|
|layer2_out_i_0_num_data_valid    |   in|    2|     ap_fifo|                                                             layer2_out_i_0|       pointer|
|layer2_out_i_0_fifo_cap          |   in|    2|     ap_fifo|                                                             layer2_out_i_0|       pointer|
|layer2_out_i_0_empty_n           |   in|    1|     ap_fifo|                                                             layer2_out_i_0|       pointer|
|layer2_out_i_0_read              |  out|    1|     ap_fifo|                                                             layer2_out_i_0|       pointer|
|layer2_out_i_1_dout              |   in|   17|     ap_fifo|                                                             layer2_out_i_1|       pointer|
|layer2_out_i_1_num_data_valid    |   in|    2|     ap_fifo|                                                             layer2_out_i_1|       pointer|
|layer2_out_i_1_fifo_cap          |   in|    2|     ap_fifo|                                                             layer2_out_i_1|       pointer|
|layer2_out_i_1_empty_n           |   in|    1|     ap_fifo|                                                             layer2_out_i_1|       pointer|
|layer2_out_i_1_read              |  out|    1|     ap_fifo|                                                             layer2_out_i_1|       pointer|
|layer2_out_i_2_dout              |   in|   17|     ap_fifo|                                                             layer2_out_i_2|       pointer|
|layer2_out_i_2_num_data_valid    |   in|    2|     ap_fifo|                                                             layer2_out_i_2|       pointer|
|layer2_out_i_2_fifo_cap          |   in|    2|     ap_fifo|                                                             layer2_out_i_2|       pointer|
|layer2_out_i_2_empty_n           |   in|    1|     ap_fifo|                                                             layer2_out_i_2|       pointer|
|layer2_out_i_2_read              |  out|    1|     ap_fifo|                                                             layer2_out_i_2|       pointer|
|layer2_out_i_3_dout              |   in|   17|     ap_fifo|                                                             layer2_out_i_3|       pointer|
|layer2_out_i_3_num_data_valid    |   in|    2|     ap_fifo|                                                             layer2_out_i_3|       pointer|
|layer2_out_i_3_fifo_cap          |   in|    2|     ap_fifo|                                                             layer2_out_i_3|       pointer|
|layer2_out_i_3_empty_n           |   in|    1|     ap_fifo|                                                             layer2_out_i_3|       pointer|
|layer2_out_i_3_read              |  out|    1|     ap_fifo|                                                             layer2_out_i_3|       pointer|
|layer2_out_i_4_dout              |   in|   17|     ap_fifo|                                                             layer2_out_i_4|       pointer|
|layer2_out_i_4_num_data_valid    |   in|    2|     ap_fifo|                                                             layer2_out_i_4|       pointer|
|layer2_out_i_4_fifo_cap          |   in|    2|     ap_fifo|                                                             layer2_out_i_4|       pointer|
|layer2_out_i_4_empty_n           |   in|    1|     ap_fifo|                                                             layer2_out_i_4|       pointer|
|layer2_out_i_4_read              |  out|    1|     ap_fifo|                                                             layer2_out_i_4|       pointer|
|layer2_out_i_5_dout              |   in|   17|     ap_fifo|                                                             layer2_out_i_5|       pointer|
|layer2_out_i_5_num_data_valid    |   in|    2|     ap_fifo|                                                             layer2_out_i_5|       pointer|
|layer2_out_i_5_fifo_cap          |   in|    2|     ap_fifo|                                                             layer2_out_i_5|       pointer|
|layer2_out_i_5_empty_n           |   in|    1|     ap_fifo|                                                             layer2_out_i_5|       pointer|
|layer2_out_i_5_read              |  out|    1|     ap_fifo|                                                             layer2_out_i_5|       pointer|
|layer2_out_i_6_dout              |   in|   17|     ap_fifo|                                                             layer2_out_i_6|       pointer|
|layer2_out_i_6_num_data_valid    |   in|    2|     ap_fifo|                                                             layer2_out_i_6|       pointer|
|layer2_out_i_6_fifo_cap          |   in|    2|     ap_fifo|                                                             layer2_out_i_6|       pointer|
|layer2_out_i_6_empty_n           |   in|    1|     ap_fifo|                                                             layer2_out_i_6|       pointer|
|layer2_out_i_6_read              |  out|    1|     ap_fifo|                                                             layer2_out_i_6|       pointer|
|layer2_out_i_7_dout              |   in|   17|     ap_fifo|                                                             layer2_out_i_7|       pointer|
|layer2_out_i_7_num_data_valid    |   in|    2|     ap_fifo|                                                             layer2_out_i_7|       pointer|
|layer2_out_i_7_fifo_cap          |   in|    2|     ap_fifo|                                                             layer2_out_i_7|       pointer|
|layer2_out_i_7_empty_n           |   in|    1|     ap_fifo|                                                             layer2_out_i_7|       pointer|
|layer2_out_i_7_read              |  out|    1|     ap_fifo|                                                             layer2_out_i_7|       pointer|
|layer2_out_i_8_dout              |   in|   17|     ap_fifo|                                                             layer2_out_i_8|       pointer|
|layer2_out_i_8_num_data_valid    |   in|    2|     ap_fifo|                                                             layer2_out_i_8|       pointer|
|layer2_out_i_8_fifo_cap          |   in|    2|     ap_fifo|                                                             layer2_out_i_8|       pointer|
|layer2_out_i_8_empty_n           |   in|    1|     ap_fifo|                                                             layer2_out_i_8|       pointer|
|layer2_out_i_8_read              |  out|    1|     ap_fifo|                                                             layer2_out_i_8|       pointer|
|layer2_out_i_9_dout              |   in|   17|     ap_fifo|                                                             layer2_out_i_9|       pointer|
|layer2_out_i_9_num_data_valid    |   in|    2|     ap_fifo|                                                             layer2_out_i_9|       pointer|
|layer2_out_i_9_fifo_cap          |   in|    2|     ap_fifo|                                                             layer2_out_i_9|       pointer|
|layer2_out_i_9_empty_n           |   in|    1|     ap_fifo|                                                             layer2_out_i_9|       pointer|
|layer2_out_i_9_read              |  out|    1|     ap_fifo|                                                             layer2_out_i_9|       pointer|
|layer2_out_i_10_dout             |   in|   17|     ap_fifo|                                                            layer2_out_i_10|       pointer|
|layer2_out_i_10_num_data_valid   |   in|    2|     ap_fifo|                                                            layer2_out_i_10|       pointer|
|layer2_out_i_10_fifo_cap         |   in|    2|     ap_fifo|                                                            layer2_out_i_10|       pointer|
|layer2_out_i_10_empty_n          |   in|    1|     ap_fifo|                                                            layer2_out_i_10|       pointer|
|layer2_out_i_10_read             |  out|    1|     ap_fifo|                                                            layer2_out_i_10|       pointer|
|layer2_out_i_11_dout             |   in|   17|     ap_fifo|                                                            layer2_out_i_11|       pointer|
|layer2_out_i_11_num_data_valid   |   in|    2|     ap_fifo|                                                            layer2_out_i_11|       pointer|
|layer2_out_i_11_fifo_cap         |   in|    2|     ap_fifo|                                                            layer2_out_i_11|       pointer|
|layer2_out_i_11_empty_n          |   in|    1|     ap_fifo|                                                            layer2_out_i_11|       pointer|
|layer2_out_i_11_read             |  out|    1|     ap_fifo|                                                            layer2_out_i_11|       pointer|
|layer2_out_i_12_dout             |   in|   17|     ap_fifo|                                                            layer2_out_i_12|       pointer|
|layer2_out_i_12_num_data_valid   |   in|    2|     ap_fifo|                                                            layer2_out_i_12|       pointer|
|layer2_out_i_12_fifo_cap         |   in|    2|     ap_fifo|                                                            layer2_out_i_12|       pointer|
|layer2_out_i_12_empty_n          |   in|    1|     ap_fifo|                                                            layer2_out_i_12|       pointer|
|layer2_out_i_12_read             |  out|    1|     ap_fifo|                                                            layer2_out_i_12|       pointer|
|layer2_out_i_13_dout             |   in|   17|     ap_fifo|                                                            layer2_out_i_13|       pointer|
|layer2_out_i_13_num_data_valid   |   in|    2|     ap_fifo|                                                            layer2_out_i_13|       pointer|
|layer2_out_i_13_fifo_cap         |   in|    2|     ap_fifo|                                                            layer2_out_i_13|       pointer|
|layer2_out_i_13_empty_n          |   in|    1|     ap_fifo|                                                            layer2_out_i_13|       pointer|
|layer2_out_i_13_read             |  out|    1|     ap_fifo|                                                            layer2_out_i_13|       pointer|
|layer2_out_i_14_dout             |   in|   17|     ap_fifo|                                                            layer2_out_i_14|       pointer|
|layer2_out_i_14_num_data_valid   |   in|    2|     ap_fifo|                                                            layer2_out_i_14|       pointer|
|layer2_out_i_14_fifo_cap         |   in|    2|     ap_fifo|                                                            layer2_out_i_14|       pointer|
|layer2_out_i_14_empty_n          |   in|    1|     ap_fifo|                                                            layer2_out_i_14|       pointer|
|layer2_out_i_14_read             |  out|    1|     ap_fifo|                                                            layer2_out_i_14|       pointer|
|layer2_out_i_15_dout             |   in|   17|     ap_fifo|                                                            layer2_out_i_15|       pointer|
|layer2_out_i_15_num_data_valid   |   in|    2|     ap_fifo|                                                            layer2_out_i_15|       pointer|
|layer2_out_i_15_fifo_cap         |   in|    2|     ap_fifo|                                                            layer2_out_i_15|       pointer|
|layer2_out_i_15_empty_n          |   in|    1|     ap_fifo|                                                            layer2_out_i_15|       pointer|
|layer2_out_i_15_read             |  out|    1|     ap_fifo|                                                            layer2_out_i_15|       pointer|
|layer2_out_i_16_dout             |   in|   17|     ap_fifo|                                                            layer2_out_i_16|       pointer|
|layer2_out_i_16_num_data_valid   |   in|    2|     ap_fifo|                                                            layer2_out_i_16|       pointer|
|layer2_out_i_16_fifo_cap         |   in|    2|     ap_fifo|                                                            layer2_out_i_16|       pointer|
|layer2_out_i_16_empty_n          |   in|    1|     ap_fifo|                                                            layer2_out_i_16|       pointer|
|layer2_out_i_16_read             |  out|    1|     ap_fifo|                                                            layer2_out_i_16|       pointer|
|layer2_out_i_17_dout             |   in|   17|     ap_fifo|                                                            layer2_out_i_17|       pointer|
|layer2_out_i_17_num_data_valid   |   in|    2|     ap_fifo|                                                            layer2_out_i_17|       pointer|
|layer2_out_i_17_fifo_cap         |   in|    2|     ap_fifo|                                                            layer2_out_i_17|       pointer|
|layer2_out_i_17_empty_n          |   in|    1|     ap_fifo|                                                            layer2_out_i_17|       pointer|
|layer2_out_i_17_read             |  out|    1|     ap_fifo|                                                            layer2_out_i_17|       pointer|
|layer2_out_i_18_dout             |   in|   17|     ap_fifo|                                                            layer2_out_i_18|       pointer|
|layer2_out_i_18_num_data_valid   |   in|    2|     ap_fifo|                                                            layer2_out_i_18|       pointer|
|layer2_out_i_18_fifo_cap         |   in|    2|     ap_fifo|                                                            layer2_out_i_18|       pointer|
|layer2_out_i_18_empty_n          |   in|    1|     ap_fifo|                                                            layer2_out_i_18|       pointer|
|layer2_out_i_18_read             |  out|    1|     ap_fifo|                                                            layer2_out_i_18|       pointer|
|layer2_out_i_19_dout             |   in|   17|     ap_fifo|                                                            layer2_out_i_19|       pointer|
|layer2_out_i_19_num_data_valid   |   in|    2|     ap_fifo|                                                            layer2_out_i_19|       pointer|
|layer2_out_i_19_fifo_cap         |   in|    2|     ap_fifo|                                                            layer2_out_i_19|       pointer|
|layer2_out_i_19_empty_n          |   in|    1|     ap_fifo|                                                            layer2_out_i_19|       pointer|
|layer2_out_i_19_read             |  out|    1|     ap_fifo|                                                            layer2_out_i_19|       pointer|
|layer2_out_i_20_dout             |   in|   17|     ap_fifo|                                                            layer2_out_i_20|       pointer|
|layer2_out_i_20_num_data_valid   |   in|    2|     ap_fifo|                                                            layer2_out_i_20|       pointer|
|layer2_out_i_20_fifo_cap         |   in|    2|     ap_fifo|                                                            layer2_out_i_20|       pointer|
|layer2_out_i_20_empty_n          |   in|    1|     ap_fifo|                                                            layer2_out_i_20|       pointer|
|layer2_out_i_20_read             |  out|    1|     ap_fifo|                                                            layer2_out_i_20|       pointer|
|layer2_out_i_21_dout             |   in|   17|     ap_fifo|                                                            layer2_out_i_21|       pointer|
|layer2_out_i_21_num_data_valid   |   in|    2|     ap_fifo|                                                            layer2_out_i_21|       pointer|
|layer2_out_i_21_fifo_cap         |   in|    2|     ap_fifo|                                                            layer2_out_i_21|       pointer|
|layer2_out_i_21_empty_n          |   in|    1|     ap_fifo|                                                            layer2_out_i_21|       pointer|
|layer2_out_i_21_read             |  out|    1|     ap_fifo|                                                            layer2_out_i_21|       pointer|
|layer2_out_i_22_dout             |   in|   17|     ap_fifo|                                                            layer2_out_i_22|       pointer|
|layer2_out_i_22_num_data_valid   |   in|    2|     ap_fifo|                                                            layer2_out_i_22|       pointer|
|layer2_out_i_22_fifo_cap         |   in|    2|     ap_fifo|                                                            layer2_out_i_22|       pointer|
|layer2_out_i_22_empty_n          |   in|    1|     ap_fifo|                                                            layer2_out_i_22|       pointer|
|layer2_out_i_22_read             |  out|    1|     ap_fifo|                                                            layer2_out_i_22|       pointer|
|layer2_out_i_23_dout             |   in|   17|     ap_fifo|                                                            layer2_out_i_23|       pointer|
|layer2_out_i_23_num_data_valid   |   in|    2|     ap_fifo|                                                            layer2_out_i_23|       pointer|
|layer2_out_i_23_fifo_cap         |   in|    2|     ap_fifo|                                                            layer2_out_i_23|       pointer|
|layer2_out_i_23_empty_n          |   in|    1|     ap_fifo|                                                            layer2_out_i_23|       pointer|
|layer2_out_i_23_read             |  out|    1|     ap_fifo|                                                            layer2_out_i_23|       pointer|
|layer2_out_i_24_dout             |   in|   17|     ap_fifo|                                                            layer2_out_i_24|       pointer|
|layer2_out_i_24_num_data_valid   |   in|    2|     ap_fifo|                                                            layer2_out_i_24|       pointer|
|layer2_out_i_24_fifo_cap         |   in|    2|     ap_fifo|                                                            layer2_out_i_24|       pointer|
|layer2_out_i_24_empty_n          |   in|    1|     ap_fifo|                                                            layer2_out_i_24|       pointer|
|layer2_out_i_24_read             |  out|    1|     ap_fifo|                                                            layer2_out_i_24|       pointer|
|layer2_out_i_25_dout             |   in|   17|     ap_fifo|                                                            layer2_out_i_25|       pointer|
|layer2_out_i_25_num_data_valid   |   in|    2|     ap_fifo|                                                            layer2_out_i_25|       pointer|
|layer2_out_i_25_fifo_cap         |   in|    2|     ap_fifo|                                                            layer2_out_i_25|       pointer|
|layer2_out_i_25_empty_n          |   in|    1|     ap_fifo|                                                            layer2_out_i_25|       pointer|
|layer2_out_i_25_read             |  out|    1|     ap_fifo|                                                            layer2_out_i_25|       pointer|
|layer2_out_i_26_dout             |   in|   17|     ap_fifo|                                                            layer2_out_i_26|       pointer|
|layer2_out_i_26_num_data_valid   |   in|    2|     ap_fifo|                                                            layer2_out_i_26|       pointer|
|layer2_out_i_26_fifo_cap         |   in|    2|     ap_fifo|                                                            layer2_out_i_26|       pointer|
|layer2_out_i_26_empty_n          |   in|    1|     ap_fifo|                                                            layer2_out_i_26|       pointer|
|layer2_out_i_26_read             |  out|    1|     ap_fifo|                                                            layer2_out_i_26|       pointer|
|layer2_out_i_27_dout             |   in|   17|     ap_fifo|                                                            layer2_out_i_27|       pointer|
|layer2_out_i_27_num_data_valid   |   in|    2|     ap_fifo|                                                            layer2_out_i_27|       pointer|
|layer2_out_i_27_fifo_cap         |   in|    2|     ap_fifo|                                                            layer2_out_i_27|       pointer|
|layer2_out_i_27_empty_n          |   in|    1|     ap_fifo|                                                            layer2_out_i_27|       pointer|
|layer2_out_i_27_read             |  out|    1|     ap_fifo|                                                            layer2_out_i_27|       pointer|
|layer2_out_i_28_dout             |   in|   17|     ap_fifo|                                                            layer2_out_i_28|       pointer|
|layer2_out_i_28_num_data_valid   |   in|    2|     ap_fifo|                                                            layer2_out_i_28|       pointer|
|layer2_out_i_28_fifo_cap         |   in|    2|     ap_fifo|                                                            layer2_out_i_28|       pointer|
|layer2_out_i_28_empty_n          |   in|    1|     ap_fifo|                                                            layer2_out_i_28|       pointer|
|layer2_out_i_28_read             |  out|    1|     ap_fifo|                                                            layer2_out_i_28|       pointer|
|layer2_out_i_29_dout             |   in|   17|     ap_fifo|                                                            layer2_out_i_29|       pointer|
|layer2_out_i_29_num_data_valid   |   in|    2|     ap_fifo|                                                            layer2_out_i_29|       pointer|
|layer2_out_i_29_fifo_cap         |   in|    2|     ap_fifo|                                                            layer2_out_i_29|       pointer|
|layer2_out_i_29_empty_n          |   in|    1|     ap_fifo|                                                            layer2_out_i_29|       pointer|
|layer2_out_i_29_read             |  out|    1|     ap_fifo|                                                            layer2_out_i_29|       pointer|
|layer2_out_i_30_dout             |   in|   17|     ap_fifo|                                                            layer2_out_i_30|       pointer|
|layer2_out_i_30_num_data_valid   |   in|    2|     ap_fifo|                                                            layer2_out_i_30|       pointer|
|layer2_out_i_30_fifo_cap         |   in|    2|     ap_fifo|                                                            layer2_out_i_30|       pointer|
|layer2_out_i_30_empty_n          |   in|    1|     ap_fifo|                                                            layer2_out_i_30|       pointer|
|layer2_out_i_30_read             |  out|    1|     ap_fifo|                                                            layer2_out_i_30|       pointer|
|layer2_out_i_31_dout             |   in|   17|     ap_fifo|                                                            layer2_out_i_31|       pointer|
|layer2_out_i_31_num_data_valid   |   in|    2|     ap_fifo|                                                            layer2_out_i_31|       pointer|
|layer2_out_i_31_fifo_cap         |   in|    2|     ap_fifo|                                                            layer2_out_i_31|       pointer|
|layer2_out_i_31_empty_n          |   in|    1|     ap_fifo|                                                            layer2_out_i_31|       pointer|
|layer2_out_i_31_read             |  out|    1|     ap_fifo|                                                            layer2_out_i_31|       pointer|
|layer2_out_i_32_dout             |   in|   17|     ap_fifo|                                                            layer2_out_i_32|       pointer|
|layer2_out_i_32_num_data_valid   |   in|    2|     ap_fifo|                                                            layer2_out_i_32|       pointer|
|layer2_out_i_32_fifo_cap         |   in|    2|     ap_fifo|                                                            layer2_out_i_32|       pointer|
|layer2_out_i_32_empty_n          |   in|    1|     ap_fifo|                                                            layer2_out_i_32|       pointer|
|layer2_out_i_32_read             |  out|    1|     ap_fifo|                                                            layer2_out_i_32|       pointer|
|layer2_out_i_33_dout             |   in|   17|     ap_fifo|                                                            layer2_out_i_33|       pointer|
|layer2_out_i_33_num_data_valid   |   in|    2|     ap_fifo|                                                            layer2_out_i_33|       pointer|
|layer2_out_i_33_fifo_cap         |   in|    2|     ap_fifo|                                                            layer2_out_i_33|       pointer|
|layer2_out_i_33_empty_n          |   in|    1|     ap_fifo|                                                            layer2_out_i_33|       pointer|
|layer2_out_i_33_read             |  out|    1|     ap_fifo|                                                            layer2_out_i_33|       pointer|
|layer2_out_i_34_dout             |   in|   17|     ap_fifo|                                                            layer2_out_i_34|       pointer|
|layer2_out_i_34_num_data_valid   |   in|    2|     ap_fifo|                                                            layer2_out_i_34|       pointer|
|layer2_out_i_34_fifo_cap         |   in|    2|     ap_fifo|                                                            layer2_out_i_34|       pointer|
|layer2_out_i_34_empty_n          |   in|    1|     ap_fifo|                                                            layer2_out_i_34|       pointer|
|layer2_out_i_34_read             |  out|    1|     ap_fifo|                                                            layer2_out_i_34|       pointer|
|layer2_out_i_35_dout             |   in|   17|     ap_fifo|                                                            layer2_out_i_35|       pointer|
|layer2_out_i_35_num_data_valid   |   in|    2|     ap_fifo|                                                            layer2_out_i_35|       pointer|
|layer2_out_i_35_fifo_cap         |   in|    2|     ap_fifo|                                                            layer2_out_i_35|       pointer|
|layer2_out_i_35_empty_n          |   in|    1|     ap_fifo|                                                            layer2_out_i_35|       pointer|
|layer2_out_i_35_read             |  out|    1|     ap_fifo|                                                            layer2_out_i_35|       pointer|
|layer2_out_i_36_dout             |   in|   17|     ap_fifo|                                                            layer2_out_i_36|       pointer|
|layer2_out_i_36_num_data_valid   |   in|    2|     ap_fifo|                                                            layer2_out_i_36|       pointer|
|layer2_out_i_36_fifo_cap         |   in|    2|     ap_fifo|                                                            layer2_out_i_36|       pointer|
|layer2_out_i_36_empty_n          |   in|    1|     ap_fifo|                                                            layer2_out_i_36|       pointer|
|layer2_out_i_36_read             |  out|    1|     ap_fifo|                                                            layer2_out_i_36|       pointer|
|layer2_out_i_37_dout             |   in|   17|     ap_fifo|                                                            layer2_out_i_37|       pointer|
|layer2_out_i_37_num_data_valid   |   in|    2|     ap_fifo|                                                            layer2_out_i_37|       pointer|
|layer2_out_i_37_fifo_cap         |   in|    2|     ap_fifo|                                                            layer2_out_i_37|       pointer|
|layer2_out_i_37_empty_n          |   in|    1|     ap_fifo|                                                            layer2_out_i_37|       pointer|
|layer2_out_i_37_read             |  out|    1|     ap_fifo|                                                            layer2_out_i_37|       pointer|
|layer2_out_i_38_dout             |   in|   17|     ap_fifo|                                                            layer2_out_i_38|       pointer|
|layer2_out_i_38_num_data_valid   |   in|    2|     ap_fifo|                                                            layer2_out_i_38|       pointer|
|layer2_out_i_38_fifo_cap         |   in|    2|     ap_fifo|                                                            layer2_out_i_38|       pointer|
|layer2_out_i_38_empty_n          |   in|    1|     ap_fifo|                                                            layer2_out_i_38|       pointer|
|layer2_out_i_38_read             |  out|    1|     ap_fifo|                                                            layer2_out_i_38|       pointer|
|layer2_out_i_39_dout             |   in|   17|     ap_fifo|                                                            layer2_out_i_39|       pointer|
|layer2_out_i_39_num_data_valid   |   in|    2|     ap_fifo|                                                            layer2_out_i_39|       pointer|
|layer2_out_i_39_fifo_cap         |   in|    2|     ap_fifo|                                                            layer2_out_i_39|       pointer|
|layer2_out_i_39_empty_n          |   in|    1|     ap_fifo|                                                            layer2_out_i_39|       pointer|
|layer2_out_i_39_read             |  out|    1|     ap_fifo|                                                            layer2_out_i_39|       pointer|
|layer2_out_i_40_dout             |   in|   17|     ap_fifo|                                                            layer2_out_i_40|       pointer|
|layer2_out_i_40_num_data_valid   |   in|    2|     ap_fifo|                                                            layer2_out_i_40|       pointer|
|layer2_out_i_40_fifo_cap         |   in|    2|     ap_fifo|                                                            layer2_out_i_40|       pointer|
|layer2_out_i_40_empty_n          |   in|    1|     ap_fifo|                                                            layer2_out_i_40|       pointer|
|layer2_out_i_40_read             |  out|    1|     ap_fifo|                                                            layer2_out_i_40|       pointer|
|layer2_out_i_41_dout             |   in|   17|     ap_fifo|                                                            layer2_out_i_41|       pointer|
|layer2_out_i_41_num_data_valid   |   in|    2|     ap_fifo|                                                            layer2_out_i_41|       pointer|
|layer2_out_i_41_fifo_cap         |   in|    2|     ap_fifo|                                                            layer2_out_i_41|       pointer|
|layer2_out_i_41_empty_n          |   in|    1|     ap_fifo|                                                            layer2_out_i_41|       pointer|
|layer2_out_i_41_read             |  out|    1|     ap_fifo|                                                            layer2_out_i_41|       pointer|
|layer2_out_i_42_dout             |   in|   17|     ap_fifo|                                                            layer2_out_i_42|       pointer|
|layer2_out_i_42_num_data_valid   |   in|    2|     ap_fifo|                                                            layer2_out_i_42|       pointer|
|layer2_out_i_42_fifo_cap         |   in|    2|     ap_fifo|                                                            layer2_out_i_42|       pointer|
|layer2_out_i_42_empty_n          |   in|    1|     ap_fifo|                                                            layer2_out_i_42|       pointer|
|layer2_out_i_42_read             |  out|    1|     ap_fifo|                                                            layer2_out_i_42|       pointer|
|layer2_out_i_43_dout             |   in|   17|     ap_fifo|                                                            layer2_out_i_43|       pointer|
|layer2_out_i_43_num_data_valid   |   in|    2|     ap_fifo|                                                            layer2_out_i_43|       pointer|
|layer2_out_i_43_fifo_cap         |   in|    2|     ap_fifo|                                                            layer2_out_i_43|       pointer|
|layer2_out_i_43_empty_n          |   in|    1|     ap_fifo|                                                            layer2_out_i_43|       pointer|
|layer2_out_i_43_read             |  out|    1|     ap_fifo|                                                            layer2_out_i_43|       pointer|
|layer2_out_i_44_dout             |   in|   17|     ap_fifo|                                                            layer2_out_i_44|       pointer|
|layer2_out_i_44_num_data_valid   |   in|    2|     ap_fifo|                                                            layer2_out_i_44|       pointer|
|layer2_out_i_44_fifo_cap         |   in|    2|     ap_fifo|                                                            layer2_out_i_44|       pointer|
|layer2_out_i_44_empty_n          |   in|    1|     ap_fifo|                                                            layer2_out_i_44|       pointer|
|layer2_out_i_44_read             |  out|    1|     ap_fifo|                                                            layer2_out_i_44|       pointer|
|layer2_out_i_45_dout             |   in|   17|     ap_fifo|                                                            layer2_out_i_45|       pointer|
|layer2_out_i_45_num_data_valid   |   in|    2|     ap_fifo|                                                            layer2_out_i_45|       pointer|
|layer2_out_i_45_fifo_cap         |   in|    2|     ap_fifo|                                                            layer2_out_i_45|       pointer|
|layer2_out_i_45_empty_n          |   in|    1|     ap_fifo|                                                            layer2_out_i_45|       pointer|
|layer2_out_i_45_read             |  out|    1|     ap_fifo|                                                            layer2_out_i_45|       pointer|
|layer2_out_i_46_dout             |   in|   17|     ap_fifo|                                                            layer2_out_i_46|       pointer|
|layer2_out_i_46_num_data_valid   |   in|    2|     ap_fifo|                                                            layer2_out_i_46|       pointer|
|layer2_out_i_46_fifo_cap         |   in|    2|     ap_fifo|                                                            layer2_out_i_46|       pointer|
|layer2_out_i_46_empty_n          |   in|    1|     ap_fifo|                                                            layer2_out_i_46|       pointer|
|layer2_out_i_46_read             |  out|    1|     ap_fifo|                                                            layer2_out_i_46|       pointer|
|layer2_out_i_47_dout             |   in|   17|     ap_fifo|                                                            layer2_out_i_47|       pointer|
|layer2_out_i_47_num_data_valid   |   in|    2|     ap_fifo|                                                            layer2_out_i_47|       pointer|
|layer2_out_i_47_fifo_cap         |   in|    2|     ap_fifo|                                                            layer2_out_i_47|       pointer|
|layer2_out_i_47_empty_n          |   in|    1|     ap_fifo|                                                            layer2_out_i_47|       pointer|
|layer2_out_i_47_read             |  out|    1|     ap_fifo|                                                            layer2_out_i_47|       pointer|
|layer2_out_i_48_dout             |   in|   17|     ap_fifo|                                                            layer2_out_i_48|       pointer|
|layer2_out_i_48_num_data_valid   |   in|    2|     ap_fifo|                                                            layer2_out_i_48|       pointer|
|layer2_out_i_48_fifo_cap         |   in|    2|     ap_fifo|                                                            layer2_out_i_48|       pointer|
|layer2_out_i_48_empty_n          |   in|    1|     ap_fifo|                                                            layer2_out_i_48|       pointer|
|layer2_out_i_48_read             |  out|    1|     ap_fifo|                                                            layer2_out_i_48|       pointer|
|layer2_out_i_49_dout             |   in|   17|     ap_fifo|                                                            layer2_out_i_49|       pointer|
|layer2_out_i_49_num_data_valid   |   in|    2|     ap_fifo|                                                            layer2_out_i_49|       pointer|
|layer2_out_i_49_fifo_cap         |   in|    2|     ap_fifo|                                                            layer2_out_i_49|       pointer|
|layer2_out_i_49_empty_n          |   in|    1|     ap_fifo|                                                            layer2_out_i_49|       pointer|
|layer2_out_i_49_read             |  out|    1|     ap_fifo|                                                            layer2_out_i_49|       pointer|
|layer2_out_i_50_dout             |   in|   17|     ap_fifo|                                                            layer2_out_i_50|       pointer|
|layer2_out_i_50_num_data_valid   |   in|    2|     ap_fifo|                                                            layer2_out_i_50|       pointer|
|layer2_out_i_50_fifo_cap         |   in|    2|     ap_fifo|                                                            layer2_out_i_50|       pointer|
|layer2_out_i_50_empty_n          |   in|    1|     ap_fifo|                                                            layer2_out_i_50|       pointer|
|layer2_out_i_50_read             |  out|    1|     ap_fifo|                                                            layer2_out_i_50|       pointer|
|layer2_out_i_51_dout             |   in|   17|     ap_fifo|                                                            layer2_out_i_51|       pointer|
|layer2_out_i_51_num_data_valid   |   in|    2|     ap_fifo|                                                            layer2_out_i_51|       pointer|
|layer2_out_i_51_fifo_cap         |   in|    2|     ap_fifo|                                                            layer2_out_i_51|       pointer|
|layer2_out_i_51_empty_n          |   in|    1|     ap_fifo|                                                            layer2_out_i_51|       pointer|
|layer2_out_i_51_read             |  out|    1|     ap_fifo|                                                            layer2_out_i_51|       pointer|
|layer2_out_i_52_dout             |   in|   17|     ap_fifo|                                                            layer2_out_i_52|       pointer|
|layer2_out_i_52_num_data_valid   |   in|    2|     ap_fifo|                                                            layer2_out_i_52|       pointer|
|layer2_out_i_52_fifo_cap         |   in|    2|     ap_fifo|                                                            layer2_out_i_52|       pointer|
|layer2_out_i_52_empty_n          |   in|    1|     ap_fifo|                                                            layer2_out_i_52|       pointer|
|layer2_out_i_52_read             |  out|    1|     ap_fifo|                                                            layer2_out_i_52|       pointer|
|layer2_out_i_53_dout             |   in|   17|     ap_fifo|                                                            layer2_out_i_53|       pointer|
|layer2_out_i_53_num_data_valid   |   in|    2|     ap_fifo|                                                            layer2_out_i_53|       pointer|
|layer2_out_i_53_fifo_cap         |   in|    2|     ap_fifo|                                                            layer2_out_i_53|       pointer|
|layer2_out_i_53_empty_n          |   in|    1|     ap_fifo|                                                            layer2_out_i_53|       pointer|
|layer2_out_i_53_read             |  out|    1|     ap_fifo|                                                            layer2_out_i_53|       pointer|
|layer2_out_i_54_dout             |   in|   17|     ap_fifo|                                                            layer2_out_i_54|       pointer|
|layer2_out_i_54_num_data_valid   |   in|    2|     ap_fifo|                                                            layer2_out_i_54|       pointer|
|layer2_out_i_54_fifo_cap         |   in|    2|     ap_fifo|                                                            layer2_out_i_54|       pointer|
|layer2_out_i_54_empty_n          |   in|    1|     ap_fifo|                                                            layer2_out_i_54|       pointer|
|layer2_out_i_54_read             |  out|    1|     ap_fifo|                                                            layer2_out_i_54|       pointer|
|layer2_out_i_55_dout             |   in|   17|     ap_fifo|                                                            layer2_out_i_55|       pointer|
|layer2_out_i_55_num_data_valid   |   in|    2|     ap_fifo|                                                            layer2_out_i_55|       pointer|
|layer2_out_i_55_fifo_cap         |   in|    2|     ap_fifo|                                                            layer2_out_i_55|       pointer|
|layer2_out_i_55_empty_n          |   in|    1|     ap_fifo|                                                            layer2_out_i_55|       pointer|
|layer2_out_i_55_read             |  out|    1|     ap_fifo|                                                            layer2_out_i_55|       pointer|
|layer2_out_i_56_dout             |   in|   17|     ap_fifo|                                                            layer2_out_i_56|       pointer|
|layer2_out_i_56_num_data_valid   |   in|    2|     ap_fifo|                                                            layer2_out_i_56|       pointer|
|layer2_out_i_56_fifo_cap         |   in|    2|     ap_fifo|                                                            layer2_out_i_56|       pointer|
|layer2_out_i_56_empty_n          |   in|    1|     ap_fifo|                                                            layer2_out_i_56|       pointer|
|layer2_out_i_56_read             |  out|    1|     ap_fifo|                                                            layer2_out_i_56|       pointer|
|layer2_out_i_57_dout             |   in|   17|     ap_fifo|                                                            layer2_out_i_57|       pointer|
|layer2_out_i_57_num_data_valid   |   in|    2|     ap_fifo|                                                            layer2_out_i_57|       pointer|
|layer2_out_i_57_fifo_cap         |   in|    2|     ap_fifo|                                                            layer2_out_i_57|       pointer|
|layer2_out_i_57_empty_n          |   in|    1|     ap_fifo|                                                            layer2_out_i_57|       pointer|
|layer2_out_i_57_read             |  out|    1|     ap_fifo|                                                            layer2_out_i_57|       pointer|
|layer2_out_i_58_dout             |   in|   17|     ap_fifo|                                                            layer2_out_i_58|       pointer|
|layer2_out_i_58_num_data_valid   |   in|    2|     ap_fifo|                                                            layer2_out_i_58|       pointer|
|layer2_out_i_58_fifo_cap         |   in|    2|     ap_fifo|                                                            layer2_out_i_58|       pointer|
|layer2_out_i_58_empty_n          |   in|    1|     ap_fifo|                                                            layer2_out_i_58|       pointer|
|layer2_out_i_58_read             |  out|    1|     ap_fifo|                                                            layer2_out_i_58|       pointer|
|layer2_out_i_59_dout             |   in|   17|     ap_fifo|                                                            layer2_out_i_59|       pointer|
|layer2_out_i_59_num_data_valid   |   in|    2|     ap_fifo|                                                            layer2_out_i_59|       pointer|
|layer2_out_i_59_fifo_cap         |   in|    2|     ap_fifo|                                                            layer2_out_i_59|       pointer|
|layer2_out_i_59_empty_n          |   in|    1|     ap_fifo|                                                            layer2_out_i_59|       pointer|
|layer2_out_i_59_read             |  out|    1|     ap_fifo|                                                            layer2_out_i_59|       pointer|
|layer2_out_i_60_dout             |   in|   17|     ap_fifo|                                                            layer2_out_i_60|       pointer|
|layer2_out_i_60_num_data_valid   |   in|    2|     ap_fifo|                                                            layer2_out_i_60|       pointer|
|layer2_out_i_60_fifo_cap         |   in|    2|     ap_fifo|                                                            layer2_out_i_60|       pointer|
|layer2_out_i_60_empty_n          |   in|    1|     ap_fifo|                                                            layer2_out_i_60|       pointer|
|layer2_out_i_60_read             |  out|    1|     ap_fifo|                                                            layer2_out_i_60|       pointer|
|layer2_out_i_61_dout             |   in|   17|     ap_fifo|                                                            layer2_out_i_61|       pointer|
|layer2_out_i_61_num_data_valid   |   in|    2|     ap_fifo|                                                            layer2_out_i_61|       pointer|
|layer2_out_i_61_fifo_cap         |   in|    2|     ap_fifo|                                                            layer2_out_i_61|       pointer|
|layer2_out_i_61_empty_n          |   in|    1|     ap_fifo|                                                            layer2_out_i_61|       pointer|
|layer2_out_i_61_read             |  out|    1|     ap_fifo|                                                            layer2_out_i_61|       pointer|
|layer2_out_i_62_dout             |   in|   17|     ap_fifo|                                                            layer2_out_i_62|       pointer|
|layer2_out_i_62_num_data_valid   |   in|    2|     ap_fifo|                                                            layer2_out_i_62|       pointer|
|layer2_out_i_62_fifo_cap         |   in|    2|     ap_fifo|                                                            layer2_out_i_62|       pointer|
|layer2_out_i_62_empty_n          |   in|    1|     ap_fifo|                                                            layer2_out_i_62|       pointer|
|layer2_out_i_62_read             |  out|    1|     ap_fifo|                                                            layer2_out_i_62|       pointer|
|layer2_out_i_63_dout             |   in|   17|     ap_fifo|                                                            layer2_out_i_63|       pointer|
|layer2_out_i_63_num_data_valid   |   in|    2|     ap_fifo|                                                            layer2_out_i_63|       pointer|
|layer2_out_i_63_fifo_cap         |   in|    2|     ap_fifo|                                                            layer2_out_i_63|       pointer|
|layer2_out_i_63_empty_n          |   in|    1|     ap_fifo|                                                            layer2_out_i_63|       pointer|
|layer2_out_i_63_read             |  out|    1|     ap_fifo|                                                            layer2_out_i_63|       pointer|
|layer2_out_i_64_dout             |   in|   17|     ap_fifo|                                                            layer2_out_i_64|       pointer|
|layer2_out_i_64_num_data_valid   |   in|    2|     ap_fifo|                                                            layer2_out_i_64|       pointer|
|layer2_out_i_64_fifo_cap         |   in|    2|     ap_fifo|                                                            layer2_out_i_64|       pointer|
|layer2_out_i_64_empty_n          |   in|    1|     ap_fifo|                                                            layer2_out_i_64|       pointer|
|layer2_out_i_64_read             |  out|    1|     ap_fifo|                                                            layer2_out_i_64|       pointer|
|layer2_out_i_65_dout             |   in|   17|     ap_fifo|                                                            layer2_out_i_65|       pointer|
|layer2_out_i_65_num_data_valid   |   in|    2|     ap_fifo|                                                            layer2_out_i_65|       pointer|
|layer2_out_i_65_fifo_cap         |   in|    2|     ap_fifo|                                                            layer2_out_i_65|       pointer|
|layer2_out_i_65_empty_n          |   in|    1|     ap_fifo|                                                            layer2_out_i_65|       pointer|
|layer2_out_i_65_read             |  out|    1|     ap_fifo|                                                            layer2_out_i_65|       pointer|
|layer2_out_i_66_dout             |   in|   17|     ap_fifo|                                                            layer2_out_i_66|       pointer|
|layer2_out_i_66_num_data_valid   |   in|    2|     ap_fifo|                                                            layer2_out_i_66|       pointer|
|layer2_out_i_66_fifo_cap         |   in|    2|     ap_fifo|                                                            layer2_out_i_66|       pointer|
|layer2_out_i_66_empty_n          |   in|    1|     ap_fifo|                                                            layer2_out_i_66|       pointer|
|layer2_out_i_66_read             |  out|    1|     ap_fifo|                                                            layer2_out_i_66|       pointer|
|layer2_out_i_67_dout             |   in|   17|     ap_fifo|                                                            layer2_out_i_67|       pointer|
|layer2_out_i_67_num_data_valid   |   in|    2|     ap_fifo|                                                            layer2_out_i_67|       pointer|
|layer2_out_i_67_fifo_cap         |   in|    2|     ap_fifo|                                                            layer2_out_i_67|       pointer|
|layer2_out_i_67_empty_n          |   in|    1|     ap_fifo|                                                            layer2_out_i_67|       pointer|
|layer2_out_i_67_read             |  out|    1|     ap_fifo|                                                            layer2_out_i_67|       pointer|
|layer2_out_i_68_dout             |   in|   17|     ap_fifo|                                                            layer2_out_i_68|       pointer|
|layer2_out_i_68_num_data_valid   |   in|    2|     ap_fifo|                                                            layer2_out_i_68|       pointer|
|layer2_out_i_68_fifo_cap         |   in|    2|     ap_fifo|                                                            layer2_out_i_68|       pointer|
|layer2_out_i_68_empty_n          |   in|    1|     ap_fifo|                                                            layer2_out_i_68|       pointer|
|layer2_out_i_68_read             |  out|    1|     ap_fifo|                                                            layer2_out_i_68|       pointer|
|layer2_out_i_69_dout             |   in|   17|     ap_fifo|                                                            layer2_out_i_69|       pointer|
|layer2_out_i_69_num_data_valid   |   in|    2|     ap_fifo|                                                            layer2_out_i_69|       pointer|
|layer2_out_i_69_fifo_cap         |   in|    2|     ap_fifo|                                                            layer2_out_i_69|       pointer|
|layer2_out_i_69_empty_n          |   in|    1|     ap_fifo|                                                            layer2_out_i_69|       pointer|
|layer2_out_i_69_read             |  out|    1|     ap_fifo|                                                            layer2_out_i_69|       pointer|
|layer2_out_i_70_dout             |   in|   17|     ap_fifo|                                                            layer2_out_i_70|       pointer|
|layer2_out_i_70_num_data_valid   |   in|    2|     ap_fifo|                                                            layer2_out_i_70|       pointer|
|layer2_out_i_70_fifo_cap         |   in|    2|     ap_fifo|                                                            layer2_out_i_70|       pointer|
|layer2_out_i_70_empty_n          |   in|    1|     ap_fifo|                                                            layer2_out_i_70|       pointer|
|layer2_out_i_70_read             |  out|    1|     ap_fifo|                                                            layer2_out_i_70|       pointer|
|layer2_out_i_71_dout             |   in|   17|     ap_fifo|                                                            layer2_out_i_71|       pointer|
|layer2_out_i_71_num_data_valid   |   in|    2|     ap_fifo|                                                            layer2_out_i_71|       pointer|
|layer2_out_i_71_fifo_cap         |   in|    2|     ap_fifo|                                                            layer2_out_i_71|       pointer|
|layer2_out_i_71_empty_n          |   in|    1|     ap_fifo|                                                            layer2_out_i_71|       pointer|
|layer2_out_i_71_read             |  out|    1|     ap_fifo|                                                            layer2_out_i_71|       pointer|
|layer2_out_i_72_dout             |   in|   17|     ap_fifo|                                                            layer2_out_i_72|       pointer|
|layer2_out_i_72_num_data_valid   |   in|    2|     ap_fifo|                                                            layer2_out_i_72|       pointer|
|layer2_out_i_72_fifo_cap         |   in|    2|     ap_fifo|                                                            layer2_out_i_72|       pointer|
|layer2_out_i_72_empty_n          |   in|    1|     ap_fifo|                                                            layer2_out_i_72|       pointer|
|layer2_out_i_72_read             |  out|    1|     ap_fifo|                                                            layer2_out_i_72|       pointer|
|layer2_out_i_73_dout             |   in|   17|     ap_fifo|                                                            layer2_out_i_73|       pointer|
|layer2_out_i_73_num_data_valid   |   in|    2|     ap_fifo|                                                            layer2_out_i_73|       pointer|
|layer2_out_i_73_fifo_cap         |   in|    2|     ap_fifo|                                                            layer2_out_i_73|       pointer|
|layer2_out_i_73_empty_n          |   in|    1|     ap_fifo|                                                            layer2_out_i_73|       pointer|
|layer2_out_i_73_read             |  out|    1|     ap_fifo|                                                            layer2_out_i_73|       pointer|
|layer2_out_i_74_dout             |   in|   17|     ap_fifo|                                                            layer2_out_i_74|       pointer|
|layer2_out_i_74_num_data_valid   |   in|    2|     ap_fifo|                                                            layer2_out_i_74|       pointer|
|layer2_out_i_74_fifo_cap         |   in|    2|     ap_fifo|                                                            layer2_out_i_74|       pointer|
|layer2_out_i_74_empty_n          |   in|    1|     ap_fifo|                                                            layer2_out_i_74|       pointer|
|layer2_out_i_74_read             |  out|    1|     ap_fifo|                                                            layer2_out_i_74|       pointer|
|layer2_out_i_75_dout             |   in|   17|     ap_fifo|                                                            layer2_out_i_75|       pointer|
|layer2_out_i_75_num_data_valid   |   in|    2|     ap_fifo|                                                            layer2_out_i_75|       pointer|
|layer2_out_i_75_fifo_cap         |   in|    2|     ap_fifo|                                                            layer2_out_i_75|       pointer|
|layer2_out_i_75_empty_n          |   in|    1|     ap_fifo|                                                            layer2_out_i_75|       pointer|
|layer2_out_i_75_read             |  out|    1|     ap_fifo|                                                            layer2_out_i_75|       pointer|
|layer2_out_i_76_dout             |   in|   17|     ap_fifo|                                                            layer2_out_i_76|       pointer|
|layer2_out_i_76_num_data_valid   |   in|    2|     ap_fifo|                                                            layer2_out_i_76|       pointer|
|layer2_out_i_76_fifo_cap         |   in|    2|     ap_fifo|                                                            layer2_out_i_76|       pointer|
|layer2_out_i_76_empty_n          |   in|    1|     ap_fifo|                                                            layer2_out_i_76|       pointer|
|layer2_out_i_76_read             |  out|    1|     ap_fifo|                                                            layer2_out_i_76|       pointer|
|layer2_out_i_77_dout             |   in|   17|     ap_fifo|                                                            layer2_out_i_77|       pointer|
|layer2_out_i_77_num_data_valid   |   in|    2|     ap_fifo|                                                            layer2_out_i_77|       pointer|
|layer2_out_i_77_fifo_cap         |   in|    2|     ap_fifo|                                                            layer2_out_i_77|       pointer|
|layer2_out_i_77_empty_n          |   in|    1|     ap_fifo|                                                            layer2_out_i_77|       pointer|
|layer2_out_i_77_read             |  out|    1|     ap_fifo|                                                            layer2_out_i_77|       pointer|
|layer2_out_i_78_dout             |   in|   17|     ap_fifo|                                                            layer2_out_i_78|       pointer|
|layer2_out_i_78_num_data_valid   |   in|    2|     ap_fifo|                                                            layer2_out_i_78|       pointer|
|layer2_out_i_78_fifo_cap         |   in|    2|     ap_fifo|                                                            layer2_out_i_78|       pointer|
|layer2_out_i_78_empty_n          |   in|    1|     ap_fifo|                                                            layer2_out_i_78|       pointer|
|layer2_out_i_78_read             |  out|    1|     ap_fifo|                                                            layer2_out_i_78|       pointer|
|layer2_out_i_79_dout             |   in|   17|     ap_fifo|                                                            layer2_out_i_79|       pointer|
|layer2_out_i_79_num_data_valid   |   in|    2|     ap_fifo|                                                            layer2_out_i_79|       pointer|
|layer2_out_i_79_fifo_cap         |   in|    2|     ap_fifo|                                                            layer2_out_i_79|       pointer|
|layer2_out_i_79_empty_n          |   in|    1|     ap_fifo|                                                            layer2_out_i_79|       pointer|
|layer2_out_i_79_read             |  out|    1|     ap_fifo|                                                            layer2_out_i_79|       pointer|
|layer2_out_i_80_dout             |   in|   17|     ap_fifo|                                                            layer2_out_i_80|       pointer|
|layer2_out_i_80_num_data_valid   |   in|    2|     ap_fifo|                                                            layer2_out_i_80|       pointer|
|layer2_out_i_80_fifo_cap         |   in|    2|     ap_fifo|                                                            layer2_out_i_80|       pointer|
|layer2_out_i_80_empty_n          |   in|    1|     ap_fifo|                                                            layer2_out_i_80|       pointer|
|layer2_out_i_80_read             |  out|    1|     ap_fifo|                                                            layer2_out_i_80|       pointer|
|layer2_out_i_81_dout             |   in|   17|     ap_fifo|                                                            layer2_out_i_81|       pointer|
|layer2_out_i_81_num_data_valid   |   in|    2|     ap_fifo|                                                            layer2_out_i_81|       pointer|
|layer2_out_i_81_fifo_cap         |   in|    2|     ap_fifo|                                                            layer2_out_i_81|       pointer|
|layer2_out_i_81_empty_n          |   in|    1|     ap_fifo|                                                            layer2_out_i_81|       pointer|
|layer2_out_i_81_read             |  out|    1|     ap_fifo|                                                            layer2_out_i_81|       pointer|
|layer2_out_i_82_dout             |   in|   17|     ap_fifo|                                                            layer2_out_i_82|       pointer|
|layer2_out_i_82_num_data_valid   |   in|    2|     ap_fifo|                                                            layer2_out_i_82|       pointer|
|layer2_out_i_82_fifo_cap         |   in|    2|     ap_fifo|                                                            layer2_out_i_82|       pointer|
|layer2_out_i_82_empty_n          |   in|    1|     ap_fifo|                                                            layer2_out_i_82|       pointer|
|layer2_out_i_82_read             |  out|    1|     ap_fifo|                                                            layer2_out_i_82|       pointer|
|layer2_out_i_83_dout             |   in|   17|     ap_fifo|                                                            layer2_out_i_83|       pointer|
|layer2_out_i_83_num_data_valid   |   in|    2|     ap_fifo|                                                            layer2_out_i_83|       pointer|
|layer2_out_i_83_fifo_cap         |   in|    2|     ap_fifo|                                                            layer2_out_i_83|       pointer|
|layer2_out_i_83_empty_n          |   in|    1|     ap_fifo|                                                            layer2_out_i_83|       pointer|
|layer2_out_i_83_read             |  out|    1|     ap_fifo|                                                            layer2_out_i_83|       pointer|
|layer2_out_i_84_dout             |   in|   17|     ap_fifo|                                                            layer2_out_i_84|       pointer|
|layer2_out_i_84_num_data_valid   |   in|    2|     ap_fifo|                                                            layer2_out_i_84|       pointer|
|layer2_out_i_84_fifo_cap         |   in|    2|     ap_fifo|                                                            layer2_out_i_84|       pointer|
|layer2_out_i_84_empty_n          |   in|    1|     ap_fifo|                                                            layer2_out_i_84|       pointer|
|layer2_out_i_84_read             |  out|    1|     ap_fifo|                                                            layer2_out_i_84|       pointer|
|layer2_out_i_85_dout             |   in|   17|     ap_fifo|                                                            layer2_out_i_85|       pointer|
|layer2_out_i_85_num_data_valid   |   in|    2|     ap_fifo|                                                            layer2_out_i_85|       pointer|
|layer2_out_i_85_fifo_cap         |   in|    2|     ap_fifo|                                                            layer2_out_i_85|       pointer|
|layer2_out_i_85_empty_n          |   in|    1|     ap_fifo|                                                            layer2_out_i_85|       pointer|
|layer2_out_i_85_read             |  out|    1|     ap_fifo|                                                            layer2_out_i_85|       pointer|
|layer2_out_i_86_dout             |   in|   17|     ap_fifo|                                                            layer2_out_i_86|       pointer|
|layer2_out_i_86_num_data_valid   |   in|    2|     ap_fifo|                                                            layer2_out_i_86|       pointer|
|layer2_out_i_86_fifo_cap         |   in|    2|     ap_fifo|                                                            layer2_out_i_86|       pointer|
|layer2_out_i_86_empty_n          |   in|    1|     ap_fifo|                                                            layer2_out_i_86|       pointer|
|layer2_out_i_86_read             |  out|    1|     ap_fifo|                                                            layer2_out_i_86|       pointer|
|layer2_out_i_87_dout             |   in|   17|     ap_fifo|                                                            layer2_out_i_87|       pointer|
|layer2_out_i_87_num_data_valid   |   in|    2|     ap_fifo|                                                            layer2_out_i_87|       pointer|
|layer2_out_i_87_fifo_cap         |   in|    2|     ap_fifo|                                                            layer2_out_i_87|       pointer|
|layer2_out_i_87_empty_n          |   in|    1|     ap_fifo|                                                            layer2_out_i_87|       pointer|
|layer2_out_i_87_read             |  out|    1|     ap_fifo|                                                            layer2_out_i_87|       pointer|
|layer2_out_i_88_dout             |   in|   17|     ap_fifo|                                                            layer2_out_i_88|       pointer|
|layer2_out_i_88_num_data_valid   |   in|    2|     ap_fifo|                                                            layer2_out_i_88|       pointer|
|layer2_out_i_88_fifo_cap         |   in|    2|     ap_fifo|                                                            layer2_out_i_88|       pointer|
|layer2_out_i_88_empty_n          |   in|    1|     ap_fifo|                                                            layer2_out_i_88|       pointer|
|layer2_out_i_88_read             |  out|    1|     ap_fifo|                                                            layer2_out_i_88|       pointer|
|layer2_out_i_89_dout             |   in|   17|     ap_fifo|                                                            layer2_out_i_89|       pointer|
|layer2_out_i_89_num_data_valid   |   in|    2|     ap_fifo|                                                            layer2_out_i_89|       pointer|
|layer2_out_i_89_fifo_cap         |   in|    2|     ap_fifo|                                                            layer2_out_i_89|       pointer|
|layer2_out_i_89_empty_n          |   in|    1|     ap_fifo|                                                            layer2_out_i_89|       pointer|
|layer2_out_i_89_read             |  out|    1|     ap_fifo|                                                            layer2_out_i_89|       pointer|
|layer2_out_i_90_dout             |   in|   17|     ap_fifo|                                                            layer2_out_i_90|       pointer|
|layer2_out_i_90_num_data_valid   |   in|    2|     ap_fifo|                                                            layer2_out_i_90|       pointer|
|layer2_out_i_90_fifo_cap         |   in|    2|     ap_fifo|                                                            layer2_out_i_90|       pointer|
|layer2_out_i_90_empty_n          |   in|    1|     ap_fifo|                                                            layer2_out_i_90|       pointer|
|layer2_out_i_90_read             |  out|    1|     ap_fifo|                                                            layer2_out_i_90|       pointer|
|layer2_out_i_91_dout             |   in|   17|     ap_fifo|                                                            layer2_out_i_91|       pointer|
|layer2_out_i_91_num_data_valid   |   in|    2|     ap_fifo|                                                            layer2_out_i_91|       pointer|
|layer2_out_i_91_fifo_cap         |   in|    2|     ap_fifo|                                                            layer2_out_i_91|       pointer|
|layer2_out_i_91_empty_n          |   in|    1|     ap_fifo|                                                            layer2_out_i_91|       pointer|
|layer2_out_i_91_read             |  out|    1|     ap_fifo|                                                            layer2_out_i_91|       pointer|
|layer2_out_i_92_dout             |   in|   17|     ap_fifo|                                                            layer2_out_i_92|       pointer|
|layer2_out_i_92_num_data_valid   |   in|    2|     ap_fifo|                                                            layer2_out_i_92|       pointer|
|layer2_out_i_92_fifo_cap         |   in|    2|     ap_fifo|                                                            layer2_out_i_92|       pointer|
|layer2_out_i_92_empty_n          |   in|    1|     ap_fifo|                                                            layer2_out_i_92|       pointer|
|layer2_out_i_92_read             |  out|    1|     ap_fifo|                                                            layer2_out_i_92|       pointer|
|layer2_out_i_93_dout             |   in|   17|     ap_fifo|                                                            layer2_out_i_93|       pointer|
|layer2_out_i_93_num_data_valid   |   in|    2|     ap_fifo|                                                            layer2_out_i_93|       pointer|
|layer2_out_i_93_fifo_cap         |   in|    2|     ap_fifo|                                                            layer2_out_i_93|       pointer|
|layer2_out_i_93_empty_n          |   in|    1|     ap_fifo|                                                            layer2_out_i_93|       pointer|
|layer2_out_i_93_read             |  out|    1|     ap_fifo|                                                            layer2_out_i_93|       pointer|
|layer2_out_i_94_dout             |   in|   17|     ap_fifo|                                                            layer2_out_i_94|       pointer|
|layer2_out_i_94_num_data_valid   |   in|    2|     ap_fifo|                                                            layer2_out_i_94|       pointer|
|layer2_out_i_94_fifo_cap         |   in|    2|     ap_fifo|                                                            layer2_out_i_94|       pointer|
|layer2_out_i_94_empty_n          |   in|    1|     ap_fifo|                                                            layer2_out_i_94|       pointer|
|layer2_out_i_94_read             |  out|    1|     ap_fifo|                                                            layer2_out_i_94|       pointer|
|layer2_out_i_95_dout             |   in|   17|     ap_fifo|                                                            layer2_out_i_95|       pointer|
|layer2_out_i_95_num_data_valid   |   in|    2|     ap_fifo|                                                            layer2_out_i_95|       pointer|
|layer2_out_i_95_fifo_cap         |   in|    2|     ap_fifo|                                                            layer2_out_i_95|       pointer|
|layer2_out_i_95_empty_n          |   in|    1|     ap_fifo|                                                            layer2_out_i_95|       pointer|
|layer2_out_i_95_read             |  out|    1|     ap_fifo|                                                            layer2_out_i_95|       pointer|
|layer2_out_i_96_dout             |   in|   17|     ap_fifo|                                                            layer2_out_i_96|       pointer|
|layer2_out_i_96_num_data_valid   |   in|    2|     ap_fifo|                                                            layer2_out_i_96|       pointer|
|layer2_out_i_96_fifo_cap         |   in|    2|     ap_fifo|                                                            layer2_out_i_96|       pointer|
|layer2_out_i_96_empty_n          |   in|    1|     ap_fifo|                                                            layer2_out_i_96|       pointer|
|layer2_out_i_96_read             |  out|    1|     ap_fifo|                                                            layer2_out_i_96|       pointer|
|layer2_out_i_97_dout             |   in|   17|     ap_fifo|                                                            layer2_out_i_97|       pointer|
|layer2_out_i_97_num_data_valid   |   in|    2|     ap_fifo|                                                            layer2_out_i_97|       pointer|
|layer2_out_i_97_fifo_cap         |   in|    2|     ap_fifo|                                                            layer2_out_i_97|       pointer|
|layer2_out_i_97_empty_n          |   in|    1|     ap_fifo|                                                            layer2_out_i_97|       pointer|
|layer2_out_i_97_read             |  out|    1|     ap_fifo|                                                            layer2_out_i_97|       pointer|
|layer2_out_i_98_dout             |   in|   17|     ap_fifo|                                                            layer2_out_i_98|       pointer|
|layer2_out_i_98_num_data_valid   |   in|    2|     ap_fifo|                                                            layer2_out_i_98|       pointer|
|layer2_out_i_98_fifo_cap         |   in|    2|     ap_fifo|                                                            layer2_out_i_98|       pointer|
|layer2_out_i_98_empty_n          |   in|    1|     ap_fifo|                                                            layer2_out_i_98|       pointer|
|layer2_out_i_98_read             |  out|    1|     ap_fifo|                                                            layer2_out_i_98|       pointer|
|layer2_out_i_99_dout             |   in|   17|     ap_fifo|                                                            layer2_out_i_99|       pointer|
|layer2_out_i_99_num_data_valid   |   in|    2|     ap_fifo|                                                            layer2_out_i_99|       pointer|
|layer2_out_i_99_fifo_cap         |   in|    2|     ap_fifo|                                                            layer2_out_i_99|       pointer|
|layer2_out_i_99_empty_n          |   in|    1|     ap_fifo|                                                            layer2_out_i_99|       pointer|
|layer2_out_i_99_read             |  out|    1|     ap_fifo|                                                            layer2_out_i_99|       pointer|
|layer2_out_i_100_dout            |   in|   17|     ap_fifo|                                                           layer2_out_i_100|       pointer|
|layer2_out_i_100_num_data_valid  |   in|    2|     ap_fifo|                                                           layer2_out_i_100|       pointer|
|layer2_out_i_100_fifo_cap        |   in|    2|     ap_fifo|                                                           layer2_out_i_100|       pointer|
|layer2_out_i_100_empty_n         |   in|    1|     ap_fifo|                                                           layer2_out_i_100|       pointer|
|layer2_out_i_100_read            |  out|    1|     ap_fifo|                                                           layer2_out_i_100|       pointer|
|layer2_out_i_101_dout            |   in|   17|     ap_fifo|                                                           layer2_out_i_101|       pointer|
|layer2_out_i_101_num_data_valid  |   in|    2|     ap_fifo|                                                           layer2_out_i_101|       pointer|
|layer2_out_i_101_fifo_cap        |   in|    2|     ap_fifo|                                                           layer2_out_i_101|       pointer|
|layer2_out_i_101_empty_n         |   in|    1|     ap_fifo|                                                           layer2_out_i_101|       pointer|
|layer2_out_i_101_read            |  out|    1|     ap_fifo|                                                           layer2_out_i_101|       pointer|
|layer2_out_i_102_dout            |   in|   17|     ap_fifo|                                                           layer2_out_i_102|       pointer|
|layer2_out_i_102_num_data_valid  |   in|    2|     ap_fifo|                                                           layer2_out_i_102|       pointer|
|layer2_out_i_102_fifo_cap        |   in|    2|     ap_fifo|                                                           layer2_out_i_102|       pointer|
|layer2_out_i_102_empty_n         |   in|    1|     ap_fifo|                                                           layer2_out_i_102|       pointer|
|layer2_out_i_102_read            |  out|    1|     ap_fifo|                                                           layer2_out_i_102|       pointer|
|layer2_out_i_103_dout            |   in|   17|     ap_fifo|                                                           layer2_out_i_103|       pointer|
|layer2_out_i_103_num_data_valid  |   in|    2|     ap_fifo|                                                           layer2_out_i_103|       pointer|
|layer2_out_i_103_fifo_cap        |   in|    2|     ap_fifo|                                                           layer2_out_i_103|       pointer|
|layer2_out_i_103_empty_n         |   in|    1|     ap_fifo|                                                           layer2_out_i_103|       pointer|
|layer2_out_i_103_read            |  out|    1|     ap_fifo|                                                           layer2_out_i_103|       pointer|
|layer2_out_i_104_dout            |   in|   17|     ap_fifo|                                                           layer2_out_i_104|       pointer|
|layer2_out_i_104_num_data_valid  |   in|    2|     ap_fifo|                                                           layer2_out_i_104|       pointer|
|layer2_out_i_104_fifo_cap        |   in|    2|     ap_fifo|                                                           layer2_out_i_104|       pointer|
|layer2_out_i_104_empty_n         |   in|    1|     ap_fifo|                                                           layer2_out_i_104|       pointer|
|layer2_out_i_104_read            |  out|    1|     ap_fifo|                                                           layer2_out_i_104|       pointer|
|layer2_out_i_105_dout            |   in|   17|     ap_fifo|                                                           layer2_out_i_105|       pointer|
|layer2_out_i_105_num_data_valid  |   in|    2|     ap_fifo|                                                           layer2_out_i_105|       pointer|
|layer2_out_i_105_fifo_cap        |   in|    2|     ap_fifo|                                                           layer2_out_i_105|       pointer|
|layer2_out_i_105_empty_n         |   in|    1|     ap_fifo|                                                           layer2_out_i_105|       pointer|
|layer2_out_i_105_read            |  out|    1|     ap_fifo|                                                           layer2_out_i_105|       pointer|
|layer2_out_i_106_dout            |   in|   17|     ap_fifo|                                                           layer2_out_i_106|       pointer|
|layer2_out_i_106_num_data_valid  |   in|    2|     ap_fifo|                                                           layer2_out_i_106|       pointer|
|layer2_out_i_106_fifo_cap        |   in|    2|     ap_fifo|                                                           layer2_out_i_106|       pointer|
|layer2_out_i_106_empty_n         |   in|    1|     ap_fifo|                                                           layer2_out_i_106|       pointer|
|layer2_out_i_106_read            |  out|    1|     ap_fifo|                                                           layer2_out_i_106|       pointer|
|layer2_out_i_107_dout            |   in|   17|     ap_fifo|                                                           layer2_out_i_107|       pointer|
|layer2_out_i_107_num_data_valid  |   in|    2|     ap_fifo|                                                           layer2_out_i_107|       pointer|
|layer2_out_i_107_fifo_cap        |   in|    2|     ap_fifo|                                                           layer2_out_i_107|       pointer|
|layer2_out_i_107_empty_n         |   in|    1|     ap_fifo|                                                           layer2_out_i_107|       pointer|
|layer2_out_i_107_read            |  out|    1|     ap_fifo|                                                           layer2_out_i_107|       pointer|
|layer2_out_i_108_dout            |   in|   17|     ap_fifo|                                                           layer2_out_i_108|       pointer|
|layer2_out_i_108_num_data_valid  |   in|    2|     ap_fifo|                                                           layer2_out_i_108|       pointer|
|layer2_out_i_108_fifo_cap        |   in|    2|     ap_fifo|                                                           layer2_out_i_108|       pointer|
|layer2_out_i_108_empty_n         |   in|    1|     ap_fifo|                                                           layer2_out_i_108|       pointer|
|layer2_out_i_108_read            |  out|    1|     ap_fifo|                                                           layer2_out_i_108|       pointer|
|layer2_out_i_109_dout            |   in|   17|     ap_fifo|                                                           layer2_out_i_109|       pointer|
|layer2_out_i_109_num_data_valid  |   in|    2|     ap_fifo|                                                           layer2_out_i_109|       pointer|
|layer2_out_i_109_fifo_cap        |   in|    2|     ap_fifo|                                                           layer2_out_i_109|       pointer|
|layer2_out_i_109_empty_n         |   in|    1|     ap_fifo|                                                           layer2_out_i_109|       pointer|
|layer2_out_i_109_read            |  out|    1|     ap_fifo|                                                           layer2_out_i_109|       pointer|
|layer2_out_i_110_dout            |   in|   17|     ap_fifo|                                                           layer2_out_i_110|       pointer|
|layer2_out_i_110_num_data_valid  |   in|    2|     ap_fifo|                                                           layer2_out_i_110|       pointer|
|layer2_out_i_110_fifo_cap        |   in|    2|     ap_fifo|                                                           layer2_out_i_110|       pointer|
|layer2_out_i_110_empty_n         |   in|    1|     ap_fifo|                                                           layer2_out_i_110|       pointer|
|layer2_out_i_110_read            |  out|    1|     ap_fifo|                                                           layer2_out_i_110|       pointer|
|layer2_out_i_111_dout            |   in|   17|     ap_fifo|                                                           layer2_out_i_111|       pointer|
|layer2_out_i_111_num_data_valid  |   in|    2|     ap_fifo|                                                           layer2_out_i_111|       pointer|
|layer2_out_i_111_fifo_cap        |   in|    2|     ap_fifo|                                                           layer2_out_i_111|       pointer|
|layer2_out_i_111_empty_n         |   in|    1|     ap_fifo|                                                           layer2_out_i_111|       pointer|
|layer2_out_i_111_read            |  out|    1|     ap_fifo|                                                           layer2_out_i_111|       pointer|
|layer2_out_i_112_dout            |   in|   17|     ap_fifo|                                                           layer2_out_i_112|       pointer|
|layer2_out_i_112_num_data_valid  |   in|    2|     ap_fifo|                                                           layer2_out_i_112|       pointer|
|layer2_out_i_112_fifo_cap        |   in|    2|     ap_fifo|                                                           layer2_out_i_112|       pointer|
|layer2_out_i_112_empty_n         |   in|    1|     ap_fifo|                                                           layer2_out_i_112|       pointer|
|layer2_out_i_112_read            |  out|    1|     ap_fifo|                                                           layer2_out_i_112|       pointer|
|layer2_out_i_113_dout            |   in|   17|     ap_fifo|                                                           layer2_out_i_113|       pointer|
|layer2_out_i_113_num_data_valid  |   in|    2|     ap_fifo|                                                           layer2_out_i_113|       pointer|
|layer2_out_i_113_fifo_cap        |   in|    2|     ap_fifo|                                                           layer2_out_i_113|       pointer|
|layer2_out_i_113_empty_n         |   in|    1|     ap_fifo|                                                           layer2_out_i_113|       pointer|
|layer2_out_i_113_read            |  out|    1|     ap_fifo|                                                           layer2_out_i_113|       pointer|
|layer2_out_i_114_dout            |   in|   17|     ap_fifo|                                                           layer2_out_i_114|       pointer|
|layer2_out_i_114_num_data_valid  |   in|    2|     ap_fifo|                                                           layer2_out_i_114|       pointer|
|layer2_out_i_114_fifo_cap        |   in|    2|     ap_fifo|                                                           layer2_out_i_114|       pointer|
|layer2_out_i_114_empty_n         |   in|    1|     ap_fifo|                                                           layer2_out_i_114|       pointer|
|layer2_out_i_114_read            |  out|    1|     ap_fifo|                                                           layer2_out_i_114|       pointer|
|layer2_out_i_115_dout            |   in|   17|     ap_fifo|                                                           layer2_out_i_115|       pointer|
|layer2_out_i_115_num_data_valid  |   in|    2|     ap_fifo|                                                           layer2_out_i_115|       pointer|
|layer2_out_i_115_fifo_cap        |   in|    2|     ap_fifo|                                                           layer2_out_i_115|       pointer|
|layer2_out_i_115_empty_n         |   in|    1|     ap_fifo|                                                           layer2_out_i_115|       pointer|
|layer2_out_i_115_read            |  out|    1|     ap_fifo|                                                           layer2_out_i_115|       pointer|
|layer2_out_i_116_dout            |   in|   17|     ap_fifo|                                                           layer2_out_i_116|       pointer|
|layer2_out_i_116_num_data_valid  |   in|    2|     ap_fifo|                                                           layer2_out_i_116|       pointer|
|layer2_out_i_116_fifo_cap        |   in|    2|     ap_fifo|                                                           layer2_out_i_116|       pointer|
|layer2_out_i_116_empty_n         |   in|    1|     ap_fifo|                                                           layer2_out_i_116|       pointer|
|layer2_out_i_116_read            |  out|    1|     ap_fifo|                                                           layer2_out_i_116|       pointer|
|layer2_out_i_117_dout            |   in|   17|     ap_fifo|                                                           layer2_out_i_117|       pointer|
|layer2_out_i_117_num_data_valid  |   in|    2|     ap_fifo|                                                           layer2_out_i_117|       pointer|
|layer2_out_i_117_fifo_cap        |   in|    2|     ap_fifo|                                                           layer2_out_i_117|       pointer|
|layer2_out_i_117_empty_n         |   in|    1|     ap_fifo|                                                           layer2_out_i_117|       pointer|
|layer2_out_i_117_read            |  out|    1|     ap_fifo|                                                           layer2_out_i_117|       pointer|
|layer2_out_i_118_dout            |   in|   17|     ap_fifo|                                                           layer2_out_i_118|       pointer|
|layer2_out_i_118_num_data_valid  |   in|    2|     ap_fifo|                                                           layer2_out_i_118|       pointer|
|layer2_out_i_118_fifo_cap        |   in|    2|     ap_fifo|                                                           layer2_out_i_118|       pointer|
|layer2_out_i_118_empty_n         |   in|    1|     ap_fifo|                                                           layer2_out_i_118|       pointer|
|layer2_out_i_118_read            |  out|    1|     ap_fifo|                                                           layer2_out_i_118|       pointer|
|layer2_out_i_119_dout            |   in|   17|     ap_fifo|                                                           layer2_out_i_119|       pointer|
|layer2_out_i_119_num_data_valid  |   in|    2|     ap_fifo|                                                           layer2_out_i_119|       pointer|
|layer2_out_i_119_fifo_cap        |   in|    2|     ap_fifo|                                                           layer2_out_i_119|       pointer|
|layer2_out_i_119_empty_n         |   in|    1|     ap_fifo|                                                           layer2_out_i_119|       pointer|
|layer2_out_i_119_read            |  out|    1|     ap_fifo|                                                           layer2_out_i_119|       pointer|
|layer2_out_i_120_dout            |   in|   17|     ap_fifo|                                                           layer2_out_i_120|       pointer|
|layer2_out_i_120_num_data_valid  |   in|    2|     ap_fifo|                                                           layer2_out_i_120|       pointer|
|layer2_out_i_120_fifo_cap        |   in|    2|     ap_fifo|                                                           layer2_out_i_120|       pointer|
|layer2_out_i_120_empty_n         |   in|    1|     ap_fifo|                                                           layer2_out_i_120|       pointer|
|layer2_out_i_120_read            |  out|    1|     ap_fifo|                                                           layer2_out_i_120|       pointer|
|layer2_out_i_121_dout            |   in|   17|     ap_fifo|                                                           layer2_out_i_121|       pointer|
|layer2_out_i_121_num_data_valid  |   in|    2|     ap_fifo|                                                           layer2_out_i_121|       pointer|
|layer2_out_i_121_fifo_cap        |   in|    2|     ap_fifo|                                                           layer2_out_i_121|       pointer|
|layer2_out_i_121_empty_n         |   in|    1|     ap_fifo|                                                           layer2_out_i_121|       pointer|
|layer2_out_i_121_read            |  out|    1|     ap_fifo|                                                           layer2_out_i_121|       pointer|
|layer2_out_i_122_dout            |   in|   17|     ap_fifo|                                                           layer2_out_i_122|       pointer|
|layer2_out_i_122_num_data_valid  |   in|    2|     ap_fifo|                                                           layer2_out_i_122|       pointer|
|layer2_out_i_122_fifo_cap        |   in|    2|     ap_fifo|                                                           layer2_out_i_122|       pointer|
|layer2_out_i_122_empty_n         |   in|    1|     ap_fifo|                                                           layer2_out_i_122|       pointer|
|layer2_out_i_122_read            |  out|    1|     ap_fifo|                                                           layer2_out_i_122|       pointer|
|layer2_out_i_123_dout            |   in|   17|     ap_fifo|                                                           layer2_out_i_123|       pointer|
|layer2_out_i_123_num_data_valid  |   in|    2|     ap_fifo|                                                           layer2_out_i_123|       pointer|
|layer2_out_i_123_fifo_cap        |   in|    2|     ap_fifo|                                                           layer2_out_i_123|       pointer|
|layer2_out_i_123_empty_n         |   in|    1|     ap_fifo|                                                           layer2_out_i_123|       pointer|
|layer2_out_i_123_read            |  out|    1|     ap_fifo|                                                           layer2_out_i_123|       pointer|
|layer2_out_i_124_dout            |   in|   17|     ap_fifo|                                                           layer2_out_i_124|       pointer|
|layer2_out_i_124_num_data_valid  |   in|    2|     ap_fifo|                                                           layer2_out_i_124|       pointer|
|layer2_out_i_124_fifo_cap        |   in|    2|     ap_fifo|                                                           layer2_out_i_124|       pointer|
|layer2_out_i_124_empty_n         |   in|    1|     ap_fifo|                                                           layer2_out_i_124|       pointer|
|layer2_out_i_124_read            |  out|    1|     ap_fifo|                                                           layer2_out_i_124|       pointer|
|layer2_out_i_125_dout            |   in|   17|     ap_fifo|                                                           layer2_out_i_125|       pointer|
|layer2_out_i_125_num_data_valid  |   in|    2|     ap_fifo|                                                           layer2_out_i_125|       pointer|
|layer2_out_i_125_fifo_cap        |   in|    2|     ap_fifo|                                                           layer2_out_i_125|       pointer|
|layer2_out_i_125_empty_n         |   in|    1|     ap_fifo|                                                           layer2_out_i_125|       pointer|
|layer2_out_i_125_read            |  out|    1|     ap_fifo|                                                           layer2_out_i_125|       pointer|
|layer2_out_i_126_dout            |   in|   17|     ap_fifo|                                                           layer2_out_i_126|       pointer|
|layer2_out_i_126_num_data_valid  |   in|    2|     ap_fifo|                                                           layer2_out_i_126|       pointer|
|layer2_out_i_126_fifo_cap        |   in|    2|     ap_fifo|                                                           layer2_out_i_126|       pointer|
|layer2_out_i_126_empty_n         |   in|    1|     ap_fifo|                                                           layer2_out_i_126|       pointer|
|layer2_out_i_126_read            |  out|    1|     ap_fifo|                                                           layer2_out_i_126|       pointer|
|layer2_out_i_127_dout            |   in|   17|     ap_fifo|                                                           layer2_out_i_127|       pointer|
|layer2_out_i_127_num_data_valid  |   in|    2|     ap_fifo|                                                           layer2_out_i_127|       pointer|
|layer2_out_i_127_fifo_cap        |   in|    2|     ap_fifo|                                                           layer2_out_i_127|       pointer|
|layer2_out_i_127_empty_n         |   in|    1|     ap_fifo|                                                           layer2_out_i_127|       pointer|
|layer2_out_i_127_read            |  out|    1|     ap_fifo|                                                           layer2_out_i_127|       pointer|
|layer3_out_i_0_din               |  out|    8|     ap_fifo|                                                             layer3_out_i_0|       pointer|
|layer3_out_i_0_num_data_valid    |   in|    2|     ap_fifo|                                                             layer3_out_i_0|       pointer|
|layer3_out_i_0_fifo_cap          |   in|    2|     ap_fifo|                                                             layer3_out_i_0|       pointer|
|layer3_out_i_0_full_n            |   in|    1|     ap_fifo|                                                             layer3_out_i_0|       pointer|
|layer3_out_i_0_write             |  out|    1|     ap_fifo|                                                             layer3_out_i_0|       pointer|
|layer3_out_i_1_din               |  out|    8|     ap_fifo|                                                             layer3_out_i_1|       pointer|
|layer3_out_i_1_num_data_valid    |   in|    2|     ap_fifo|                                                             layer3_out_i_1|       pointer|
|layer3_out_i_1_fifo_cap          |   in|    2|     ap_fifo|                                                             layer3_out_i_1|       pointer|
|layer3_out_i_1_full_n            |   in|    1|     ap_fifo|                                                             layer3_out_i_1|       pointer|
|layer3_out_i_1_write             |  out|    1|     ap_fifo|                                                             layer3_out_i_1|       pointer|
|layer3_out_i_2_din               |  out|    8|     ap_fifo|                                                             layer3_out_i_2|       pointer|
|layer3_out_i_2_num_data_valid    |   in|    2|     ap_fifo|                                                             layer3_out_i_2|       pointer|
|layer3_out_i_2_fifo_cap          |   in|    2|     ap_fifo|                                                             layer3_out_i_2|       pointer|
|layer3_out_i_2_full_n            |   in|    1|     ap_fifo|                                                             layer3_out_i_2|       pointer|
|layer3_out_i_2_write             |  out|    1|     ap_fifo|                                                             layer3_out_i_2|       pointer|
|layer3_out_i_3_din               |  out|    8|     ap_fifo|                                                             layer3_out_i_3|       pointer|
|layer3_out_i_3_num_data_valid    |   in|    2|     ap_fifo|                                                             layer3_out_i_3|       pointer|
|layer3_out_i_3_fifo_cap          |   in|    2|     ap_fifo|                                                             layer3_out_i_3|       pointer|
|layer3_out_i_3_full_n            |   in|    1|     ap_fifo|                                                             layer3_out_i_3|       pointer|
|layer3_out_i_3_write             |  out|    1|     ap_fifo|                                                             layer3_out_i_3|       pointer|
|layer3_out_i_4_din               |  out|    8|     ap_fifo|                                                             layer3_out_i_4|       pointer|
|layer3_out_i_4_num_data_valid    |   in|    2|     ap_fifo|                                                             layer3_out_i_4|       pointer|
|layer3_out_i_4_fifo_cap          |   in|    2|     ap_fifo|                                                             layer3_out_i_4|       pointer|
|layer3_out_i_4_full_n            |   in|    1|     ap_fifo|                                                             layer3_out_i_4|       pointer|
|layer3_out_i_4_write             |  out|    1|     ap_fifo|                                                             layer3_out_i_4|       pointer|
|layer3_out_i_5_din               |  out|    8|     ap_fifo|                                                             layer3_out_i_5|       pointer|
|layer3_out_i_5_num_data_valid    |   in|    2|     ap_fifo|                                                             layer3_out_i_5|       pointer|
|layer3_out_i_5_fifo_cap          |   in|    2|     ap_fifo|                                                             layer3_out_i_5|       pointer|
|layer3_out_i_5_full_n            |   in|    1|     ap_fifo|                                                             layer3_out_i_5|       pointer|
|layer3_out_i_5_write             |  out|    1|     ap_fifo|                                                             layer3_out_i_5|       pointer|
|layer3_out_i_6_din               |  out|    8|     ap_fifo|                                                             layer3_out_i_6|       pointer|
|layer3_out_i_6_num_data_valid    |   in|    2|     ap_fifo|                                                             layer3_out_i_6|       pointer|
|layer3_out_i_6_fifo_cap          |   in|    2|     ap_fifo|                                                             layer3_out_i_6|       pointer|
|layer3_out_i_6_full_n            |   in|    1|     ap_fifo|                                                             layer3_out_i_6|       pointer|
|layer3_out_i_6_write             |  out|    1|     ap_fifo|                                                             layer3_out_i_6|       pointer|
|layer3_out_i_7_din               |  out|    8|     ap_fifo|                                                             layer3_out_i_7|       pointer|
|layer3_out_i_7_num_data_valid    |   in|    2|     ap_fifo|                                                             layer3_out_i_7|       pointer|
|layer3_out_i_7_fifo_cap          |   in|    2|     ap_fifo|                                                             layer3_out_i_7|       pointer|
|layer3_out_i_7_full_n            |   in|    1|     ap_fifo|                                                             layer3_out_i_7|       pointer|
|layer3_out_i_7_write             |  out|    1|     ap_fifo|                                                             layer3_out_i_7|       pointer|
|layer3_out_i_8_din               |  out|    8|     ap_fifo|                                                             layer3_out_i_8|       pointer|
|layer3_out_i_8_num_data_valid    |   in|    2|     ap_fifo|                                                             layer3_out_i_8|       pointer|
|layer3_out_i_8_fifo_cap          |   in|    2|     ap_fifo|                                                             layer3_out_i_8|       pointer|
|layer3_out_i_8_full_n            |   in|    1|     ap_fifo|                                                             layer3_out_i_8|       pointer|
|layer3_out_i_8_write             |  out|    1|     ap_fifo|                                                             layer3_out_i_8|       pointer|
|layer3_out_i_9_din               |  out|    8|     ap_fifo|                                                             layer3_out_i_9|       pointer|
|layer3_out_i_9_num_data_valid    |   in|    2|     ap_fifo|                                                             layer3_out_i_9|       pointer|
|layer3_out_i_9_fifo_cap          |   in|    2|     ap_fifo|                                                             layer3_out_i_9|       pointer|
|layer3_out_i_9_full_n            |   in|    1|     ap_fifo|                                                             layer3_out_i_9|       pointer|
|layer3_out_i_9_write             |  out|    1|     ap_fifo|                                                             layer3_out_i_9|       pointer|
|layer3_out_i_10_din              |  out|    8|     ap_fifo|                                                            layer3_out_i_10|       pointer|
|layer3_out_i_10_num_data_valid   |   in|    2|     ap_fifo|                                                            layer3_out_i_10|       pointer|
|layer3_out_i_10_fifo_cap         |   in|    2|     ap_fifo|                                                            layer3_out_i_10|       pointer|
|layer3_out_i_10_full_n           |   in|    1|     ap_fifo|                                                            layer3_out_i_10|       pointer|
|layer3_out_i_10_write            |  out|    1|     ap_fifo|                                                            layer3_out_i_10|       pointer|
|layer3_out_i_11_din              |  out|    8|     ap_fifo|                                                            layer3_out_i_11|       pointer|
|layer3_out_i_11_num_data_valid   |   in|    2|     ap_fifo|                                                            layer3_out_i_11|       pointer|
|layer3_out_i_11_fifo_cap         |   in|    2|     ap_fifo|                                                            layer3_out_i_11|       pointer|
|layer3_out_i_11_full_n           |   in|    1|     ap_fifo|                                                            layer3_out_i_11|       pointer|
|layer3_out_i_11_write            |  out|    1|     ap_fifo|                                                            layer3_out_i_11|       pointer|
|layer3_out_i_12_din              |  out|    8|     ap_fifo|                                                            layer3_out_i_12|       pointer|
|layer3_out_i_12_num_data_valid   |   in|    2|     ap_fifo|                                                            layer3_out_i_12|       pointer|
|layer3_out_i_12_fifo_cap         |   in|    2|     ap_fifo|                                                            layer3_out_i_12|       pointer|
|layer3_out_i_12_full_n           |   in|    1|     ap_fifo|                                                            layer3_out_i_12|       pointer|
|layer3_out_i_12_write            |  out|    1|     ap_fifo|                                                            layer3_out_i_12|       pointer|
|layer3_out_i_13_din              |  out|    8|     ap_fifo|                                                            layer3_out_i_13|       pointer|
|layer3_out_i_13_num_data_valid   |   in|    2|     ap_fifo|                                                            layer3_out_i_13|       pointer|
|layer3_out_i_13_fifo_cap         |   in|    2|     ap_fifo|                                                            layer3_out_i_13|       pointer|
|layer3_out_i_13_full_n           |   in|    1|     ap_fifo|                                                            layer3_out_i_13|       pointer|
|layer3_out_i_13_write            |  out|    1|     ap_fifo|                                                            layer3_out_i_13|       pointer|
|layer3_out_i_14_din              |  out|    8|     ap_fifo|                                                            layer3_out_i_14|       pointer|
|layer3_out_i_14_num_data_valid   |   in|    2|     ap_fifo|                                                            layer3_out_i_14|       pointer|
|layer3_out_i_14_fifo_cap         |   in|    2|     ap_fifo|                                                            layer3_out_i_14|       pointer|
|layer3_out_i_14_full_n           |   in|    1|     ap_fifo|                                                            layer3_out_i_14|       pointer|
|layer3_out_i_14_write            |  out|    1|     ap_fifo|                                                            layer3_out_i_14|       pointer|
|layer3_out_i_15_din              |  out|    8|     ap_fifo|                                                            layer3_out_i_15|       pointer|
|layer3_out_i_15_num_data_valid   |   in|    2|     ap_fifo|                                                            layer3_out_i_15|       pointer|
|layer3_out_i_15_fifo_cap         |   in|    2|     ap_fifo|                                                            layer3_out_i_15|       pointer|
|layer3_out_i_15_full_n           |   in|    1|     ap_fifo|                                                            layer3_out_i_15|       pointer|
|layer3_out_i_15_write            |  out|    1|     ap_fifo|                                                            layer3_out_i_15|       pointer|
|layer3_out_i_16_din              |  out|    8|     ap_fifo|                                                            layer3_out_i_16|       pointer|
|layer3_out_i_16_num_data_valid   |   in|    2|     ap_fifo|                                                            layer3_out_i_16|       pointer|
|layer3_out_i_16_fifo_cap         |   in|    2|     ap_fifo|                                                            layer3_out_i_16|       pointer|
|layer3_out_i_16_full_n           |   in|    1|     ap_fifo|                                                            layer3_out_i_16|       pointer|
|layer3_out_i_16_write            |  out|    1|     ap_fifo|                                                            layer3_out_i_16|       pointer|
|layer3_out_i_17_din              |  out|    8|     ap_fifo|                                                            layer3_out_i_17|       pointer|
|layer3_out_i_17_num_data_valid   |   in|    2|     ap_fifo|                                                            layer3_out_i_17|       pointer|
|layer3_out_i_17_fifo_cap         |   in|    2|     ap_fifo|                                                            layer3_out_i_17|       pointer|
|layer3_out_i_17_full_n           |   in|    1|     ap_fifo|                                                            layer3_out_i_17|       pointer|
|layer3_out_i_17_write            |  out|    1|     ap_fifo|                                                            layer3_out_i_17|       pointer|
|layer3_out_i_18_din              |  out|    8|     ap_fifo|                                                            layer3_out_i_18|       pointer|
|layer3_out_i_18_num_data_valid   |   in|    2|     ap_fifo|                                                            layer3_out_i_18|       pointer|
|layer3_out_i_18_fifo_cap         |   in|    2|     ap_fifo|                                                            layer3_out_i_18|       pointer|
|layer3_out_i_18_full_n           |   in|    1|     ap_fifo|                                                            layer3_out_i_18|       pointer|
|layer3_out_i_18_write            |  out|    1|     ap_fifo|                                                            layer3_out_i_18|       pointer|
|layer3_out_i_19_din              |  out|    8|     ap_fifo|                                                            layer3_out_i_19|       pointer|
|layer3_out_i_19_num_data_valid   |   in|    2|     ap_fifo|                                                            layer3_out_i_19|       pointer|
|layer3_out_i_19_fifo_cap         |   in|    2|     ap_fifo|                                                            layer3_out_i_19|       pointer|
|layer3_out_i_19_full_n           |   in|    1|     ap_fifo|                                                            layer3_out_i_19|       pointer|
|layer3_out_i_19_write            |  out|    1|     ap_fifo|                                                            layer3_out_i_19|       pointer|
|layer3_out_i_20_din              |  out|    8|     ap_fifo|                                                            layer3_out_i_20|       pointer|
|layer3_out_i_20_num_data_valid   |   in|    2|     ap_fifo|                                                            layer3_out_i_20|       pointer|
|layer3_out_i_20_fifo_cap         |   in|    2|     ap_fifo|                                                            layer3_out_i_20|       pointer|
|layer3_out_i_20_full_n           |   in|    1|     ap_fifo|                                                            layer3_out_i_20|       pointer|
|layer3_out_i_20_write            |  out|    1|     ap_fifo|                                                            layer3_out_i_20|       pointer|
|layer3_out_i_21_din              |  out|    8|     ap_fifo|                                                            layer3_out_i_21|       pointer|
|layer3_out_i_21_num_data_valid   |   in|    2|     ap_fifo|                                                            layer3_out_i_21|       pointer|
|layer3_out_i_21_fifo_cap         |   in|    2|     ap_fifo|                                                            layer3_out_i_21|       pointer|
|layer3_out_i_21_full_n           |   in|    1|     ap_fifo|                                                            layer3_out_i_21|       pointer|
|layer3_out_i_21_write            |  out|    1|     ap_fifo|                                                            layer3_out_i_21|       pointer|
|layer3_out_i_22_din              |  out|    8|     ap_fifo|                                                            layer3_out_i_22|       pointer|
|layer3_out_i_22_num_data_valid   |   in|    2|     ap_fifo|                                                            layer3_out_i_22|       pointer|
|layer3_out_i_22_fifo_cap         |   in|    2|     ap_fifo|                                                            layer3_out_i_22|       pointer|
|layer3_out_i_22_full_n           |   in|    1|     ap_fifo|                                                            layer3_out_i_22|       pointer|
|layer3_out_i_22_write            |  out|    1|     ap_fifo|                                                            layer3_out_i_22|       pointer|
|layer3_out_i_23_din              |  out|    8|     ap_fifo|                                                            layer3_out_i_23|       pointer|
|layer3_out_i_23_num_data_valid   |   in|    2|     ap_fifo|                                                            layer3_out_i_23|       pointer|
|layer3_out_i_23_fifo_cap         |   in|    2|     ap_fifo|                                                            layer3_out_i_23|       pointer|
|layer3_out_i_23_full_n           |   in|    1|     ap_fifo|                                                            layer3_out_i_23|       pointer|
|layer3_out_i_23_write            |  out|    1|     ap_fifo|                                                            layer3_out_i_23|       pointer|
|layer3_out_i_24_din              |  out|    8|     ap_fifo|                                                            layer3_out_i_24|       pointer|
|layer3_out_i_24_num_data_valid   |   in|    2|     ap_fifo|                                                            layer3_out_i_24|       pointer|
|layer3_out_i_24_fifo_cap         |   in|    2|     ap_fifo|                                                            layer3_out_i_24|       pointer|
|layer3_out_i_24_full_n           |   in|    1|     ap_fifo|                                                            layer3_out_i_24|       pointer|
|layer3_out_i_24_write            |  out|    1|     ap_fifo|                                                            layer3_out_i_24|       pointer|
|layer3_out_i_25_din              |  out|    8|     ap_fifo|                                                            layer3_out_i_25|       pointer|
|layer3_out_i_25_num_data_valid   |   in|    2|     ap_fifo|                                                            layer3_out_i_25|       pointer|
|layer3_out_i_25_fifo_cap         |   in|    2|     ap_fifo|                                                            layer3_out_i_25|       pointer|
|layer3_out_i_25_full_n           |   in|    1|     ap_fifo|                                                            layer3_out_i_25|       pointer|
|layer3_out_i_25_write            |  out|    1|     ap_fifo|                                                            layer3_out_i_25|       pointer|
|layer3_out_i_26_din              |  out|    8|     ap_fifo|                                                            layer3_out_i_26|       pointer|
|layer3_out_i_26_num_data_valid   |   in|    2|     ap_fifo|                                                            layer3_out_i_26|       pointer|
|layer3_out_i_26_fifo_cap         |   in|    2|     ap_fifo|                                                            layer3_out_i_26|       pointer|
|layer3_out_i_26_full_n           |   in|    1|     ap_fifo|                                                            layer3_out_i_26|       pointer|
|layer3_out_i_26_write            |  out|    1|     ap_fifo|                                                            layer3_out_i_26|       pointer|
|layer3_out_i_27_din              |  out|    8|     ap_fifo|                                                            layer3_out_i_27|       pointer|
|layer3_out_i_27_num_data_valid   |   in|    2|     ap_fifo|                                                            layer3_out_i_27|       pointer|
|layer3_out_i_27_fifo_cap         |   in|    2|     ap_fifo|                                                            layer3_out_i_27|       pointer|
|layer3_out_i_27_full_n           |   in|    1|     ap_fifo|                                                            layer3_out_i_27|       pointer|
|layer3_out_i_27_write            |  out|    1|     ap_fifo|                                                            layer3_out_i_27|       pointer|
|layer3_out_i_28_din              |  out|    8|     ap_fifo|                                                            layer3_out_i_28|       pointer|
|layer3_out_i_28_num_data_valid   |   in|    2|     ap_fifo|                                                            layer3_out_i_28|       pointer|
|layer3_out_i_28_fifo_cap         |   in|    2|     ap_fifo|                                                            layer3_out_i_28|       pointer|
|layer3_out_i_28_full_n           |   in|    1|     ap_fifo|                                                            layer3_out_i_28|       pointer|
|layer3_out_i_28_write            |  out|    1|     ap_fifo|                                                            layer3_out_i_28|       pointer|
|layer3_out_i_29_din              |  out|    8|     ap_fifo|                                                            layer3_out_i_29|       pointer|
|layer3_out_i_29_num_data_valid   |   in|    2|     ap_fifo|                                                            layer3_out_i_29|       pointer|
|layer3_out_i_29_fifo_cap         |   in|    2|     ap_fifo|                                                            layer3_out_i_29|       pointer|
|layer3_out_i_29_full_n           |   in|    1|     ap_fifo|                                                            layer3_out_i_29|       pointer|
|layer3_out_i_29_write            |  out|    1|     ap_fifo|                                                            layer3_out_i_29|       pointer|
|layer3_out_i_30_din              |  out|    8|     ap_fifo|                                                            layer3_out_i_30|       pointer|
|layer3_out_i_30_num_data_valid   |   in|    2|     ap_fifo|                                                            layer3_out_i_30|       pointer|
|layer3_out_i_30_fifo_cap         |   in|    2|     ap_fifo|                                                            layer3_out_i_30|       pointer|
|layer3_out_i_30_full_n           |   in|    1|     ap_fifo|                                                            layer3_out_i_30|       pointer|
|layer3_out_i_30_write            |  out|    1|     ap_fifo|                                                            layer3_out_i_30|       pointer|
|layer3_out_i_31_din              |  out|    8|     ap_fifo|                                                            layer3_out_i_31|       pointer|
|layer3_out_i_31_num_data_valid   |   in|    2|     ap_fifo|                                                            layer3_out_i_31|       pointer|
|layer3_out_i_31_fifo_cap         |   in|    2|     ap_fifo|                                                            layer3_out_i_31|       pointer|
|layer3_out_i_31_full_n           |   in|    1|     ap_fifo|                                                            layer3_out_i_31|       pointer|
|layer3_out_i_31_write            |  out|    1|     ap_fifo|                                                            layer3_out_i_31|       pointer|
|layer3_out_i_32_din              |  out|    8|     ap_fifo|                                                            layer3_out_i_32|       pointer|
|layer3_out_i_32_num_data_valid   |   in|    2|     ap_fifo|                                                            layer3_out_i_32|       pointer|
|layer3_out_i_32_fifo_cap         |   in|    2|     ap_fifo|                                                            layer3_out_i_32|       pointer|
|layer3_out_i_32_full_n           |   in|    1|     ap_fifo|                                                            layer3_out_i_32|       pointer|
|layer3_out_i_32_write            |  out|    1|     ap_fifo|                                                            layer3_out_i_32|       pointer|
|layer3_out_i_33_din              |  out|    8|     ap_fifo|                                                            layer3_out_i_33|       pointer|
|layer3_out_i_33_num_data_valid   |   in|    2|     ap_fifo|                                                            layer3_out_i_33|       pointer|
|layer3_out_i_33_fifo_cap         |   in|    2|     ap_fifo|                                                            layer3_out_i_33|       pointer|
|layer3_out_i_33_full_n           |   in|    1|     ap_fifo|                                                            layer3_out_i_33|       pointer|
|layer3_out_i_33_write            |  out|    1|     ap_fifo|                                                            layer3_out_i_33|       pointer|
|layer3_out_i_34_din              |  out|    8|     ap_fifo|                                                            layer3_out_i_34|       pointer|
|layer3_out_i_34_num_data_valid   |   in|    2|     ap_fifo|                                                            layer3_out_i_34|       pointer|
|layer3_out_i_34_fifo_cap         |   in|    2|     ap_fifo|                                                            layer3_out_i_34|       pointer|
|layer3_out_i_34_full_n           |   in|    1|     ap_fifo|                                                            layer3_out_i_34|       pointer|
|layer3_out_i_34_write            |  out|    1|     ap_fifo|                                                            layer3_out_i_34|       pointer|
|layer3_out_i_35_din              |  out|    8|     ap_fifo|                                                            layer3_out_i_35|       pointer|
|layer3_out_i_35_num_data_valid   |   in|    2|     ap_fifo|                                                            layer3_out_i_35|       pointer|
|layer3_out_i_35_fifo_cap         |   in|    2|     ap_fifo|                                                            layer3_out_i_35|       pointer|
|layer3_out_i_35_full_n           |   in|    1|     ap_fifo|                                                            layer3_out_i_35|       pointer|
|layer3_out_i_35_write            |  out|    1|     ap_fifo|                                                            layer3_out_i_35|       pointer|
|layer3_out_i_36_din              |  out|    8|     ap_fifo|                                                            layer3_out_i_36|       pointer|
|layer3_out_i_36_num_data_valid   |   in|    2|     ap_fifo|                                                            layer3_out_i_36|       pointer|
|layer3_out_i_36_fifo_cap         |   in|    2|     ap_fifo|                                                            layer3_out_i_36|       pointer|
|layer3_out_i_36_full_n           |   in|    1|     ap_fifo|                                                            layer3_out_i_36|       pointer|
|layer3_out_i_36_write            |  out|    1|     ap_fifo|                                                            layer3_out_i_36|       pointer|
|layer3_out_i_37_din              |  out|    8|     ap_fifo|                                                            layer3_out_i_37|       pointer|
|layer3_out_i_37_num_data_valid   |   in|    2|     ap_fifo|                                                            layer3_out_i_37|       pointer|
|layer3_out_i_37_fifo_cap         |   in|    2|     ap_fifo|                                                            layer3_out_i_37|       pointer|
|layer3_out_i_37_full_n           |   in|    1|     ap_fifo|                                                            layer3_out_i_37|       pointer|
|layer3_out_i_37_write            |  out|    1|     ap_fifo|                                                            layer3_out_i_37|       pointer|
|layer3_out_i_38_din              |  out|    8|     ap_fifo|                                                            layer3_out_i_38|       pointer|
|layer3_out_i_38_num_data_valid   |   in|    2|     ap_fifo|                                                            layer3_out_i_38|       pointer|
|layer3_out_i_38_fifo_cap         |   in|    2|     ap_fifo|                                                            layer3_out_i_38|       pointer|
|layer3_out_i_38_full_n           |   in|    1|     ap_fifo|                                                            layer3_out_i_38|       pointer|
|layer3_out_i_38_write            |  out|    1|     ap_fifo|                                                            layer3_out_i_38|       pointer|
|layer3_out_i_39_din              |  out|    8|     ap_fifo|                                                            layer3_out_i_39|       pointer|
|layer3_out_i_39_num_data_valid   |   in|    2|     ap_fifo|                                                            layer3_out_i_39|       pointer|
|layer3_out_i_39_fifo_cap         |   in|    2|     ap_fifo|                                                            layer3_out_i_39|       pointer|
|layer3_out_i_39_full_n           |   in|    1|     ap_fifo|                                                            layer3_out_i_39|       pointer|
|layer3_out_i_39_write            |  out|    1|     ap_fifo|                                                            layer3_out_i_39|       pointer|
|layer3_out_i_40_din              |  out|    8|     ap_fifo|                                                            layer3_out_i_40|       pointer|
|layer3_out_i_40_num_data_valid   |   in|    2|     ap_fifo|                                                            layer3_out_i_40|       pointer|
|layer3_out_i_40_fifo_cap         |   in|    2|     ap_fifo|                                                            layer3_out_i_40|       pointer|
|layer3_out_i_40_full_n           |   in|    1|     ap_fifo|                                                            layer3_out_i_40|       pointer|
|layer3_out_i_40_write            |  out|    1|     ap_fifo|                                                            layer3_out_i_40|       pointer|
|layer3_out_i_41_din              |  out|    8|     ap_fifo|                                                            layer3_out_i_41|       pointer|
|layer3_out_i_41_num_data_valid   |   in|    2|     ap_fifo|                                                            layer3_out_i_41|       pointer|
|layer3_out_i_41_fifo_cap         |   in|    2|     ap_fifo|                                                            layer3_out_i_41|       pointer|
|layer3_out_i_41_full_n           |   in|    1|     ap_fifo|                                                            layer3_out_i_41|       pointer|
|layer3_out_i_41_write            |  out|    1|     ap_fifo|                                                            layer3_out_i_41|       pointer|
|layer3_out_i_42_din              |  out|    8|     ap_fifo|                                                            layer3_out_i_42|       pointer|
|layer3_out_i_42_num_data_valid   |   in|    2|     ap_fifo|                                                            layer3_out_i_42|       pointer|
|layer3_out_i_42_fifo_cap         |   in|    2|     ap_fifo|                                                            layer3_out_i_42|       pointer|
|layer3_out_i_42_full_n           |   in|    1|     ap_fifo|                                                            layer3_out_i_42|       pointer|
|layer3_out_i_42_write            |  out|    1|     ap_fifo|                                                            layer3_out_i_42|       pointer|
|layer3_out_i_43_din              |  out|    8|     ap_fifo|                                                            layer3_out_i_43|       pointer|
|layer3_out_i_43_num_data_valid   |   in|    2|     ap_fifo|                                                            layer3_out_i_43|       pointer|
|layer3_out_i_43_fifo_cap         |   in|    2|     ap_fifo|                                                            layer3_out_i_43|       pointer|
|layer3_out_i_43_full_n           |   in|    1|     ap_fifo|                                                            layer3_out_i_43|       pointer|
|layer3_out_i_43_write            |  out|    1|     ap_fifo|                                                            layer3_out_i_43|       pointer|
|layer3_out_i_44_din              |  out|    8|     ap_fifo|                                                            layer3_out_i_44|       pointer|
|layer3_out_i_44_num_data_valid   |   in|    2|     ap_fifo|                                                            layer3_out_i_44|       pointer|
|layer3_out_i_44_fifo_cap         |   in|    2|     ap_fifo|                                                            layer3_out_i_44|       pointer|
|layer3_out_i_44_full_n           |   in|    1|     ap_fifo|                                                            layer3_out_i_44|       pointer|
|layer3_out_i_44_write            |  out|    1|     ap_fifo|                                                            layer3_out_i_44|       pointer|
|layer3_out_i_45_din              |  out|    8|     ap_fifo|                                                            layer3_out_i_45|       pointer|
|layer3_out_i_45_num_data_valid   |   in|    2|     ap_fifo|                                                            layer3_out_i_45|       pointer|
|layer3_out_i_45_fifo_cap         |   in|    2|     ap_fifo|                                                            layer3_out_i_45|       pointer|
|layer3_out_i_45_full_n           |   in|    1|     ap_fifo|                                                            layer3_out_i_45|       pointer|
|layer3_out_i_45_write            |  out|    1|     ap_fifo|                                                            layer3_out_i_45|       pointer|
|layer3_out_i_46_din              |  out|    8|     ap_fifo|                                                            layer3_out_i_46|       pointer|
|layer3_out_i_46_num_data_valid   |   in|    2|     ap_fifo|                                                            layer3_out_i_46|       pointer|
|layer3_out_i_46_fifo_cap         |   in|    2|     ap_fifo|                                                            layer3_out_i_46|       pointer|
|layer3_out_i_46_full_n           |   in|    1|     ap_fifo|                                                            layer3_out_i_46|       pointer|
|layer3_out_i_46_write            |  out|    1|     ap_fifo|                                                            layer3_out_i_46|       pointer|
|layer3_out_i_47_din              |  out|    8|     ap_fifo|                                                            layer3_out_i_47|       pointer|
|layer3_out_i_47_num_data_valid   |   in|    2|     ap_fifo|                                                            layer3_out_i_47|       pointer|
|layer3_out_i_47_fifo_cap         |   in|    2|     ap_fifo|                                                            layer3_out_i_47|       pointer|
|layer3_out_i_47_full_n           |   in|    1|     ap_fifo|                                                            layer3_out_i_47|       pointer|
|layer3_out_i_47_write            |  out|    1|     ap_fifo|                                                            layer3_out_i_47|       pointer|
|layer3_out_i_48_din              |  out|    8|     ap_fifo|                                                            layer3_out_i_48|       pointer|
|layer3_out_i_48_num_data_valid   |   in|    2|     ap_fifo|                                                            layer3_out_i_48|       pointer|
|layer3_out_i_48_fifo_cap         |   in|    2|     ap_fifo|                                                            layer3_out_i_48|       pointer|
|layer3_out_i_48_full_n           |   in|    1|     ap_fifo|                                                            layer3_out_i_48|       pointer|
|layer3_out_i_48_write            |  out|    1|     ap_fifo|                                                            layer3_out_i_48|       pointer|
|layer3_out_i_49_din              |  out|    8|     ap_fifo|                                                            layer3_out_i_49|       pointer|
|layer3_out_i_49_num_data_valid   |   in|    2|     ap_fifo|                                                            layer3_out_i_49|       pointer|
|layer3_out_i_49_fifo_cap         |   in|    2|     ap_fifo|                                                            layer3_out_i_49|       pointer|
|layer3_out_i_49_full_n           |   in|    1|     ap_fifo|                                                            layer3_out_i_49|       pointer|
|layer3_out_i_49_write            |  out|    1|     ap_fifo|                                                            layer3_out_i_49|       pointer|
|layer3_out_i_50_din              |  out|    8|     ap_fifo|                                                            layer3_out_i_50|       pointer|
|layer3_out_i_50_num_data_valid   |   in|    2|     ap_fifo|                                                            layer3_out_i_50|       pointer|
|layer3_out_i_50_fifo_cap         |   in|    2|     ap_fifo|                                                            layer3_out_i_50|       pointer|
|layer3_out_i_50_full_n           |   in|    1|     ap_fifo|                                                            layer3_out_i_50|       pointer|
|layer3_out_i_50_write            |  out|    1|     ap_fifo|                                                            layer3_out_i_50|       pointer|
|layer3_out_i_51_din              |  out|    8|     ap_fifo|                                                            layer3_out_i_51|       pointer|
|layer3_out_i_51_num_data_valid   |   in|    2|     ap_fifo|                                                            layer3_out_i_51|       pointer|
|layer3_out_i_51_fifo_cap         |   in|    2|     ap_fifo|                                                            layer3_out_i_51|       pointer|
|layer3_out_i_51_full_n           |   in|    1|     ap_fifo|                                                            layer3_out_i_51|       pointer|
|layer3_out_i_51_write            |  out|    1|     ap_fifo|                                                            layer3_out_i_51|       pointer|
|layer3_out_i_52_din              |  out|    8|     ap_fifo|                                                            layer3_out_i_52|       pointer|
|layer3_out_i_52_num_data_valid   |   in|    2|     ap_fifo|                                                            layer3_out_i_52|       pointer|
|layer3_out_i_52_fifo_cap         |   in|    2|     ap_fifo|                                                            layer3_out_i_52|       pointer|
|layer3_out_i_52_full_n           |   in|    1|     ap_fifo|                                                            layer3_out_i_52|       pointer|
|layer3_out_i_52_write            |  out|    1|     ap_fifo|                                                            layer3_out_i_52|       pointer|
|layer3_out_i_53_din              |  out|    8|     ap_fifo|                                                            layer3_out_i_53|       pointer|
|layer3_out_i_53_num_data_valid   |   in|    2|     ap_fifo|                                                            layer3_out_i_53|       pointer|
|layer3_out_i_53_fifo_cap         |   in|    2|     ap_fifo|                                                            layer3_out_i_53|       pointer|
|layer3_out_i_53_full_n           |   in|    1|     ap_fifo|                                                            layer3_out_i_53|       pointer|
|layer3_out_i_53_write            |  out|    1|     ap_fifo|                                                            layer3_out_i_53|       pointer|
|layer3_out_i_54_din              |  out|    8|     ap_fifo|                                                            layer3_out_i_54|       pointer|
|layer3_out_i_54_num_data_valid   |   in|    2|     ap_fifo|                                                            layer3_out_i_54|       pointer|
|layer3_out_i_54_fifo_cap         |   in|    2|     ap_fifo|                                                            layer3_out_i_54|       pointer|
|layer3_out_i_54_full_n           |   in|    1|     ap_fifo|                                                            layer3_out_i_54|       pointer|
|layer3_out_i_54_write            |  out|    1|     ap_fifo|                                                            layer3_out_i_54|       pointer|
|layer3_out_i_55_din              |  out|    8|     ap_fifo|                                                            layer3_out_i_55|       pointer|
|layer3_out_i_55_num_data_valid   |   in|    2|     ap_fifo|                                                            layer3_out_i_55|       pointer|
|layer3_out_i_55_fifo_cap         |   in|    2|     ap_fifo|                                                            layer3_out_i_55|       pointer|
|layer3_out_i_55_full_n           |   in|    1|     ap_fifo|                                                            layer3_out_i_55|       pointer|
|layer3_out_i_55_write            |  out|    1|     ap_fifo|                                                            layer3_out_i_55|       pointer|
|layer3_out_i_56_din              |  out|    8|     ap_fifo|                                                            layer3_out_i_56|       pointer|
|layer3_out_i_56_num_data_valid   |   in|    2|     ap_fifo|                                                            layer3_out_i_56|       pointer|
|layer3_out_i_56_fifo_cap         |   in|    2|     ap_fifo|                                                            layer3_out_i_56|       pointer|
|layer3_out_i_56_full_n           |   in|    1|     ap_fifo|                                                            layer3_out_i_56|       pointer|
|layer3_out_i_56_write            |  out|    1|     ap_fifo|                                                            layer3_out_i_56|       pointer|
|layer3_out_i_57_din              |  out|    8|     ap_fifo|                                                            layer3_out_i_57|       pointer|
|layer3_out_i_57_num_data_valid   |   in|    2|     ap_fifo|                                                            layer3_out_i_57|       pointer|
|layer3_out_i_57_fifo_cap         |   in|    2|     ap_fifo|                                                            layer3_out_i_57|       pointer|
|layer3_out_i_57_full_n           |   in|    1|     ap_fifo|                                                            layer3_out_i_57|       pointer|
|layer3_out_i_57_write            |  out|    1|     ap_fifo|                                                            layer3_out_i_57|       pointer|
|layer3_out_i_58_din              |  out|    8|     ap_fifo|                                                            layer3_out_i_58|       pointer|
|layer3_out_i_58_num_data_valid   |   in|    2|     ap_fifo|                                                            layer3_out_i_58|       pointer|
|layer3_out_i_58_fifo_cap         |   in|    2|     ap_fifo|                                                            layer3_out_i_58|       pointer|
|layer3_out_i_58_full_n           |   in|    1|     ap_fifo|                                                            layer3_out_i_58|       pointer|
|layer3_out_i_58_write            |  out|    1|     ap_fifo|                                                            layer3_out_i_58|       pointer|
|layer3_out_i_59_din              |  out|    8|     ap_fifo|                                                            layer3_out_i_59|       pointer|
|layer3_out_i_59_num_data_valid   |   in|    2|     ap_fifo|                                                            layer3_out_i_59|       pointer|
|layer3_out_i_59_fifo_cap         |   in|    2|     ap_fifo|                                                            layer3_out_i_59|       pointer|
|layer3_out_i_59_full_n           |   in|    1|     ap_fifo|                                                            layer3_out_i_59|       pointer|
|layer3_out_i_59_write            |  out|    1|     ap_fifo|                                                            layer3_out_i_59|       pointer|
|layer3_out_i_60_din              |  out|    8|     ap_fifo|                                                            layer3_out_i_60|       pointer|
|layer3_out_i_60_num_data_valid   |   in|    2|     ap_fifo|                                                            layer3_out_i_60|       pointer|
|layer3_out_i_60_fifo_cap         |   in|    2|     ap_fifo|                                                            layer3_out_i_60|       pointer|
|layer3_out_i_60_full_n           |   in|    1|     ap_fifo|                                                            layer3_out_i_60|       pointer|
|layer3_out_i_60_write            |  out|    1|     ap_fifo|                                                            layer3_out_i_60|       pointer|
|layer3_out_i_61_din              |  out|    8|     ap_fifo|                                                            layer3_out_i_61|       pointer|
|layer3_out_i_61_num_data_valid   |   in|    2|     ap_fifo|                                                            layer3_out_i_61|       pointer|
|layer3_out_i_61_fifo_cap         |   in|    2|     ap_fifo|                                                            layer3_out_i_61|       pointer|
|layer3_out_i_61_full_n           |   in|    1|     ap_fifo|                                                            layer3_out_i_61|       pointer|
|layer3_out_i_61_write            |  out|    1|     ap_fifo|                                                            layer3_out_i_61|       pointer|
|layer3_out_i_62_din              |  out|    8|     ap_fifo|                                                            layer3_out_i_62|       pointer|
|layer3_out_i_62_num_data_valid   |   in|    2|     ap_fifo|                                                            layer3_out_i_62|       pointer|
|layer3_out_i_62_fifo_cap         |   in|    2|     ap_fifo|                                                            layer3_out_i_62|       pointer|
|layer3_out_i_62_full_n           |   in|    1|     ap_fifo|                                                            layer3_out_i_62|       pointer|
|layer3_out_i_62_write            |  out|    1|     ap_fifo|                                                            layer3_out_i_62|       pointer|
|layer3_out_i_63_din              |  out|    8|     ap_fifo|                                                            layer3_out_i_63|       pointer|
|layer3_out_i_63_num_data_valid   |   in|    2|     ap_fifo|                                                            layer3_out_i_63|       pointer|
|layer3_out_i_63_fifo_cap         |   in|    2|     ap_fifo|                                                            layer3_out_i_63|       pointer|
|layer3_out_i_63_full_n           |   in|    1|     ap_fifo|                                                            layer3_out_i_63|       pointer|
|layer3_out_i_63_write            |  out|    1|     ap_fifo|                                                            layer3_out_i_63|       pointer|
|layer3_out_i_64_din              |  out|    8|     ap_fifo|                                                            layer3_out_i_64|       pointer|
|layer3_out_i_64_num_data_valid   |   in|    2|     ap_fifo|                                                            layer3_out_i_64|       pointer|
|layer3_out_i_64_fifo_cap         |   in|    2|     ap_fifo|                                                            layer3_out_i_64|       pointer|
|layer3_out_i_64_full_n           |   in|    1|     ap_fifo|                                                            layer3_out_i_64|       pointer|
|layer3_out_i_64_write            |  out|    1|     ap_fifo|                                                            layer3_out_i_64|       pointer|
|layer3_out_i_65_din              |  out|    8|     ap_fifo|                                                            layer3_out_i_65|       pointer|
|layer3_out_i_65_num_data_valid   |   in|    2|     ap_fifo|                                                            layer3_out_i_65|       pointer|
|layer3_out_i_65_fifo_cap         |   in|    2|     ap_fifo|                                                            layer3_out_i_65|       pointer|
|layer3_out_i_65_full_n           |   in|    1|     ap_fifo|                                                            layer3_out_i_65|       pointer|
|layer3_out_i_65_write            |  out|    1|     ap_fifo|                                                            layer3_out_i_65|       pointer|
|layer3_out_i_66_din              |  out|    8|     ap_fifo|                                                            layer3_out_i_66|       pointer|
|layer3_out_i_66_num_data_valid   |   in|    2|     ap_fifo|                                                            layer3_out_i_66|       pointer|
|layer3_out_i_66_fifo_cap         |   in|    2|     ap_fifo|                                                            layer3_out_i_66|       pointer|
|layer3_out_i_66_full_n           |   in|    1|     ap_fifo|                                                            layer3_out_i_66|       pointer|
|layer3_out_i_66_write            |  out|    1|     ap_fifo|                                                            layer3_out_i_66|       pointer|
|layer3_out_i_67_din              |  out|    8|     ap_fifo|                                                            layer3_out_i_67|       pointer|
|layer3_out_i_67_num_data_valid   |   in|    2|     ap_fifo|                                                            layer3_out_i_67|       pointer|
|layer3_out_i_67_fifo_cap         |   in|    2|     ap_fifo|                                                            layer3_out_i_67|       pointer|
|layer3_out_i_67_full_n           |   in|    1|     ap_fifo|                                                            layer3_out_i_67|       pointer|
|layer3_out_i_67_write            |  out|    1|     ap_fifo|                                                            layer3_out_i_67|       pointer|
|layer3_out_i_68_din              |  out|    8|     ap_fifo|                                                            layer3_out_i_68|       pointer|
|layer3_out_i_68_num_data_valid   |   in|    2|     ap_fifo|                                                            layer3_out_i_68|       pointer|
|layer3_out_i_68_fifo_cap         |   in|    2|     ap_fifo|                                                            layer3_out_i_68|       pointer|
|layer3_out_i_68_full_n           |   in|    1|     ap_fifo|                                                            layer3_out_i_68|       pointer|
|layer3_out_i_68_write            |  out|    1|     ap_fifo|                                                            layer3_out_i_68|       pointer|
|layer3_out_i_69_din              |  out|    8|     ap_fifo|                                                            layer3_out_i_69|       pointer|
|layer3_out_i_69_num_data_valid   |   in|    2|     ap_fifo|                                                            layer3_out_i_69|       pointer|
|layer3_out_i_69_fifo_cap         |   in|    2|     ap_fifo|                                                            layer3_out_i_69|       pointer|
|layer3_out_i_69_full_n           |   in|    1|     ap_fifo|                                                            layer3_out_i_69|       pointer|
|layer3_out_i_69_write            |  out|    1|     ap_fifo|                                                            layer3_out_i_69|       pointer|
|layer3_out_i_70_din              |  out|    8|     ap_fifo|                                                            layer3_out_i_70|       pointer|
|layer3_out_i_70_num_data_valid   |   in|    2|     ap_fifo|                                                            layer3_out_i_70|       pointer|
|layer3_out_i_70_fifo_cap         |   in|    2|     ap_fifo|                                                            layer3_out_i_70|       pointer|
|layer3_out_i_70_full_n           |   in|    1|     ap_fifo|                                                            layer3_out_i_70|       pointer|
|layer3_out_i_70_write            |  out|    1|     ap_fifo|                                                            layer3_out_i_70|       pointer|
|layer3_out_i_71_din              |  out|    8|     ap_fifo|                                                            layer3_out_i_71|       pointer|
|layer3_out_i_71_num_data_valid   |   in|    2|     ap_fifo|                                                            layer3_out_i_71|       pointer|
|layer3_out_i_71_fifo_cap         |   in|    2|     ap_fifo|                                                            layer3_out_i_71|       pointer|
|layer3_out_i_71_full_n           |   in|    1|     ap_fifo|                                                            layer3_out_i_71|       pointer|
|layer3_out_i_71_write            |  out|    1|     ap_fifo|                                                            layer3_out_i_71|       pointer|
|layer3_out_i_72_din              |  out|    8|     ap_fifo|                                                            layer3_out_i_72|       pointer|
|layer3_out_i_72_num_data_valid   |   in|    2|     ap_fifo|                                                            layer3_out_i_72|       pointer|
|layer3_out_i_72_fifo_cap         |   in|    2|     ap_fifo|                                                            layer3_out_i_72|       pointer|
|layer3_out_i_72_full_n           |   in|    1|     ap_fifo|                                                            layer3_out_i_72|       pointer|
|layer3_out_i_72_write            |  out|    1|     ap_fifo|                                                            layer3_out_i_72|       pointer|
|layer3_out_i_73_din              |  out|    8|     ap_fifo|                                                            layer3_out_i_73|       pointer|
|layer3_out_i_73_num_data_valid   |   in|    2|     ap_fifo|                                                            layer3_out_i_73|       pointer|
|layer3_out_i_73_fifo_cap         |   in|    2|     ap_fifo|                                                            layer3_out_i_73|       pointer|
|layer3_out_i_73_full_n           |   in|    1|     ap_fifo|                                                            layer3_out_i_73|       pointer|
|layer3_out_i_73_write            |  out|    1|     ap_fifo|                                                            layer3_out_i_73|       pointer|
|layer3_out_i_74_din              |  out|    8|     ap_fifo|                                                            layer3_out_i_74|       pointer|
|layer3_out_i_74_num_data_valid   |   in|    2|     ap_fifo|                                                            layer3_out_i_74|       pointer|
|layer3_out_i_74_fifo_cap         |   in|    2|     ap_fifo|                                                            layer3_out_i_74|       pointer|
|layer3_out_i_74_full_n           |   in|    1|     ap_fifo|                                                            layer3_out_i_74|       pointer|
|layer3_out_i_74_write            |  out|    1|     ap_fifo|                                                            layer3_out_i_74|       pointer|
|layer3_out_i_75_din              |  out|    8|     ap_fifo|                                                            layer3_out_i_75|       pointer|
|layer3_out_i_75_num_data_valid   |   in|    2|     ap_fifo|                                                            layer3_out_i_75|       pointer|
|layer3_out_i_75_fifo_cap         |   in|    2|     ap_fifo|                                                            layer3_out_i_75|       pointer|
|layer3_out_i_75_full_n           |   in|    1|     ap_fifo|                                                            layer3_out_i_75|       pointer|
|layer3_out_i_75_write            |  out|    1|     ap_fifo|                                                            layer3_out_i_75|       pointer|
|layer3_out_i_76_din              |  out|    8|     ap_fifo|                                                            layer3_out_i_76|       pointer|
|layer3_out_i_76_num_data_valid   |   in|    2|     ap_fifo|                                                            layer3_out_i_76|       pointer|
|layer3_out_i_76_fifo_cap         |   in|    2|     ap_fifo|                                                            layer3_out_i_76|       pointer|
|layer3_out_i_76_full_n           |   in|    1|     ap_fifo|                                                            layer3_out_i_76|       pointer|
|layer3_out_i_76_write            |  out|    1|     ap_fifo|                                                            layer3_out_i_76|       pointer|
|layer3_out_i_77_din              |  out|    8|     ap_fifo|                                                            layer3_out_i_77|       pointer|
|layer3_out_i_77_num_data_valid   |   in|    2|     ap_fifo|                                                            layer3_out_i_77|       pointer|
|layer3_out_i_77_fifo_cap         |   in|    2|     ap_fifo|                                                            layer3_out_i_77|       pointer|
|layer3_out_i_77_full_n           |   in|    1|     ap_fifo|                                                            layer3_out_i_77|       pointer|
|layer3_out_i_77_write            |  out|    1|     ap_fifo|                                                            layer3_out_i_77|       pointer|
|layer3_out_i_78_din              |  out|    8|     ap_fifo|                                                            layer3_out_i_78|       pointer|
|layer3_out_i_78_num_data_valid   |   in|    2|     ap_fifo|                                                            layer3_out_i_78|       pointer|
|layer3_out_i_78_fifo_cap         |   in|    2|     ap_fifo|                                                            layer3_out_i_78|       pointer|
|layer3_out_i_78_full_n           |   in|    1|     ap_fifo|                                                            layer3_out_i_78|       pointer|
|layer3_out_i_78_write            |  out|    1|     ap_fifo|                                                            layer3_out_i_78|       pointer|
|layer3_out_i_79_din              |  out|    8|     ap_fifo|                                                            layer3_out_i_79|       pointer|
|layer3_out_i_79_num_data_valid   |   in|    2|     ap_fifo|                                                            layer3_out_i_79|       pointer|
|layer3_out_i_79_fifo_cap         |   in|    2|     ap_fifo|                                                            layer3_out_i_79|       pointer|
|layer3_out_i_79_full_n           |   in|    1|     ap_fifo|                                                            layer3_out_i_79|       pointer|
|layer3_out_i_79_write            |  out|    1|     ap_fifo|                                                            layer3_out_i_79|       pointer|
|layer3_out_i_80_din              |  out|    8|     ap_fifo|                                                            layer3_out_i_80|       pointer|
|layer3_out_i_80_num_data_valid   |   in|    2|     ap_fifo|                                                            layer3_out_i_80|       pointer|
|layer3_out_i_80_fifo_cap         |   in|    2|     ap_fifo|                                                            layer3_out_i_80|       pointer|
|layer3_out_i_80_full_n           |   in|    1|     ap_fifo|                                                            layer3_out_i_80|       pointer|
|layer3_out_i_80_write            |  out|    1|     ap_fifo|                                                            layer3_out_i_80|       pointer|
|layer3_out_i_81_din              |  out|    8|     ap_fifo|                                                            layer3_out_i_81|       pointer|
|layer3_out_i_81_num_data_valid   |   in|    2|     ap_fifo|                                                            layer3_out_i_81|       pointer|
|layer3_out_i_81_fifo_cap         |   in|    2|     ap_fifo|                                                            layer3_out_i_81|       pointer|
|layer3_out_i_81_full_n           |   in|    1|     ap_fifo|                                                            layer3_out_i_81|       pointer|
|layer3_out_i_81_write            |  out|    1|     ap_fifo|                                                            layer3_out_i_81|       pointer|
|layer3_out_i_82_din              |  out|    8|     ap_fifo|                                                            layer3_out_i_82|       pointer|
|layer3_out_i_82_num_data_valid   |   in|    2|     ap_fifo|                                                            layer3_out_i_82|       pointer|
|layer3_out_i_82_fifo_cap         |   in|    2|     ap_fifo|                                                            layer3_out_i_82|       pointer|
|layer3_out_i_82_full_n           |   in|    1|     ap_fifo|                                                            layer3_out_i_82|       pointer|
|layer3_out_i_82_write            |  out|    1|     ap_fifo|                                                            layer3_out_i_82|       pointer|
|layer3_out_i_83_din              |  out|    8|     ap_fifo|                                                            layer3_out_i_83|       pointer|
|layer3_out_i_83_num_data_valid   |   in|    2|     ap_fifo|                                                            layer3_out_i_83|       pointer|
|layer3_out_i_83_fifo_cap         |   in|    2|     ap_fifo|                                                            layer3_out_i_83|       pointer|
|layer3_out_i_83_full_n           |   in|    1|     ap_fifo|                                                            layer3_out_i_83|       pointer|
|layer3_out_i_83_write            |  out|    1|     ap_fifo|                                                            layer3_out_i_83|       pointer|
|layer3_out_i_84_din              |  out|    8|     ap_fifo|                                                            layer3_out_i_84|       pointer|
|layer3_out_i_84_num_data_valid   |   in|    2|     ap_fifo|                                                            layer3_out_i_84|       pointer|
|layer3_out_i_84_fifo_cap         |   in|    2|     ap_fifo|                                                            layer3_out_i_84|       pointer|
|layer3_out_i_84_full_n           |   in|    1|     ap_fifo|                                                            layer3_out_i_84|       pointer|
|layer3_out_i_84_write            |  out|    1|     ap_fifo|                                                            layer3_out_i_84|       pointer|
|layer3_out_i_85_din              |  out|    8|     ap_fifo|                                                            layer3_out_i_85|       pointer|
|layer3_out_i_85_num_data_valid   |   in|    2|     ap_fifo|                                                            layer3_out_i_85|       pointer|
|layer3_out_i_85_fifo_cap         |   in|    2|     ap_fifo|                                                            layer3_out_i_85|       pointer|
|layer3_out_i_85_full_n           |   in|    1|     ap_fifo|                                                            layer3_out_i_85|       pointer|
|layer3_out_i_85_write            |  out|    1|     ap_fifo|                                                            layer3_out_i_85|       pointer|
|layer3_out_i_86_din              |  out|    8|     ap_fifo|                                                            layer3_out_i_86|       pointer|
|layer3_out_i_86_num_data_valid   |   in|    2|     ap_fifo|                                                            layer3_out_i_86|       pointer|
|layer3_out_i_86_fifo_cap         |   in|    2|     ap_fifo|                                                            layer3_out_i_86|       pointer|
|layer3_out_i_86_full_n           |   in|    1|     ap_fifo|                                                            layer3_out_i_86|       pointer|
|layer3_out_i_86_write            |  out|    1|     ap_fifo|                                                            layer3_out_i_86|       pointer|
|layer3_out_i_87_din              |  out|    8|     ap_fifo|                                                            layer3_out_i_87|       pointer|
|layer3_out_i_87_num_data_valid   |   in|    2|     ap_fifo|                                                            layer3_out_i_87|       pointer|
|layer3_out_i_87_fifo_cap         |   in|    2|     ap_fifo|                                                            layer3_out_i_87|       pointer|
|layer3_out_i_87_full_n           |   in|    1|     ap_fifo|                                                            layer3_out_i_87|       pointer|
|layer3_out_i_87_write            |  out|    1|     ap_fifo|                                                            layer3_out_i_87|       pointer|
|layer3_out_i_88_din              |  out|    8|     ap_fifo|                                                            layer3_out_i_88|       pointer|
|layer3_out_i_88_num_data_valid   |   in|    2|     ap_fifo|                                                            layer3_out_i_88|       pointer|
|layer3_out_i_88_fifo_cap         |   in|    2|     ap_fifo|                                                            layer3_out_i_88|       pointer|
|layer3_out_i_88_full_n           |   in|    1|     ap_fifo|                                                            layer3_out_i_88|       pointer|
|layer3_out_i_88_write            |  out|    1|     ap_fifo|                                                            layer3_out_i_88|       pointer|
|layer3_out_i_89_din              |  out|    8|     ap_fifo|                                                            layer3_out_i_89|       pointer|
|layer3_out_i_89_num_data_valid   |   in|    2|     ap_fifo|                                                            layer3_out_i_89|       pointer|
|layer3_out_i_89_fifo_cap         |   in|    2|     ap_fifo|                                                            layer3_out_i_89|       pointer|
|layer3_out_i_89_full_n           |   in|    1|     ap_fifo|                                                            layer3_out_i_89|       pointer|
|layer3_out_i_89_write            |  out|    1|     ap_fifo|                                                            layer3_out_i_89|       pointer|
|layer3_out_i_90_din              |  out|    8|     ap_fifo|                                                            layer3_out_i_90|       pointer|
|layer3_out_i_90_num_data_valid   |   in|    2|     ap_fifo|                                                            layer3_out_i_90|       pointer|
|layer3_out_i_90_fifo_cap         |   in|    2|     ap_fifo|                                                            layer3_out_i_90|       pointer|
|layer3_out_i_90_full_n           |   in|    1|     ap_fifo|                                                            layer3_out_i_90|       pointer|
|layer3_out_i_90_write            |  out|    1|     ap_fifo|                                                            layer3_out_i_90|       pointer|
|layer3_out_i_91_din              |  out|    8|     ap_fifo|                                                            layer3_out_i_91|       pointer|
|layer3_out_i_91_num_data_valid   |   in|    2|     ap_fifo|                                                            layer3_out_i_91|       pointer|
|layer3_out_i_91_fifo_cap         |   in|    2|     ap_fifo|                                                            layer3_out_i_91|       pointer|
|layer3_out_i_91_full_n           |   in|    1|     ap_fifo|                                                            layer3_out_i_91|       pointer|
|layer3_out_i_91_write            |  out|    1|     ap_fifo|                                                            layer3_out_i_91|       pointer|
|layer3_out_i_92_din              |  out|    8|     ap_fifo|                                                            layer3_out_i_92|       pointer|
|layer3_out_i_92_num_data_valid   |   in|    2|     ap_fifo|                                                            layer3_out_i_92|       pointer|
|layer3_out_i_92_fifo_cap         |   in|    2|     ap_fifo|                                                            layer3_out_i_92|       pointer|
|layer3_out_i_92_full_n           |   in|    1|     ap_fifo|                                                            layer3_out_i_92|       pointer|
|layer3_out_i_92_write            |  out|    1|     ap_fifo|                                                            layer3_out_i_92|       pointer|
|layer3_out_i_93_din              |  out|    8|     ap_fifo|                                                            layer3_out_i_93|       pointer|
|layer3_out_i_93_num_data_valid   |   in|    2|     ap_fifo|                                                            layer3_out_i_93|       pointer|
|layer3_out_i_93_fifo_cap         |   in|    2|     ap_fifo|                                                            layer3_out_i_93|       pointer|
|layer3_out_i_93_full_n           |   in|    1|     ap_fifo|                                                            layer3_out_i_93|       pointer|
|layer3_out_i_93_write            |  out|    1|     ap_fifo|                                                            layer3_out_i_93|       pointer|
|layer3_out_i_94_din              |  out|    8|     ap_fifo|                                                            layer3_out_i_94|       pointer|
|layer3_out_i_94_num_data_valid   |   in|    2|     ap_fifo|                                                            layer3_out_i_94|       pointer|
|layer3_out_i_94_fifo_cap         |   in|    2|     ap_fifo|                                                            layer3_out_i_94|       pointer|
|layer3_out_i_94_full_n           |   in|    1|     ap_fifo|                                                            layer3_out_i_94|       pointer|
|layer3_out_i_94_write            |  out|    1|     ap_fifo|                                                            layer3_out_i_94|       pointer|
|layer3_out_i_95_din              |  out|    8|     ap_fifo|                                                            layer3_out_i_95|       pointer|
|layer3_out_i_95_num_data_valid   |   in|    2|     ap_fifo|                                                            layer3_out_i_95|       pointer|
|layer3_out_i_95_fifo_cap         |   in|    2|     ap_fifo|                                                            layer3_out_i_95|       pointer|
|layer3_out_i_95_full_n           |   in|    1|     ap_fifo|                                                            layer3_out_i_95|       pointer|
|layer3_out_i_95_write            |  out|    1|     ap_fifo|                                                            layer3_out_i_95|       pointer|
|layer3_out_i_96_din              |  out|    8|     ap_fifo|                                                            layer3_out_i_96|       pointer|
|layer3_out_i_96_num_data_valid   |   in|    2|     ap_fifo|                                                            layer3_out_i_96|       pointer|
|layer3_out_i_96_fifo_cap         |   in|    2|     ap_fifo|                                                            layer3_out_i_96|       pointer|
|layer3_out_i_96_full_n           |   in|    1|     ap_fifo|                                                            layer3_out_i_96|       pointer|
|layer3_out_i_96_write            |  out|    1|     ap_fifo|                                                            layer3_out_i_96|       pointer|
|layer3_out_i_97_din              |  out|    8|     ap_fifo|                                                            layer3_out_i_97|       pointer|
|layer3_out_i_97_num_data_valid   |   in|    2|     ap_fifo|                                                            layer3_out_i_97|       pointer|
|layer3_out_i_97_fifo_cap         |   in|    2|     ap_fifo|                                                            layer3_out_i_97|       pointer|
|layer3_out_i_97_full_n           |   in|    1|     ap_fifo|                                                            layer3_out_i_97|       pointer|
|layer3_out_i_97_write            |  out|    1|     ap_fifo|                                                            layer3_out_i_97|       pointer|
|layer3_out_i_98_din              |  out|    8|     ap_fifo|                                                            layer3_out_i_98|       pointer|
|layer3_out_i_98_num_data_valid   |   in|    2|     ap_fifo|                                                            layer3_out_i_98|       pointer|
|layer3_out_i_98_fifo_cap         |   in|    2|     ap_fifo|                                                            layer3_out_i_98|       pointer|
|layer3_out_i_98_full_n           |   in|    1|     ap_fifo|                                                            layer3_out_i_98|       pointer|
|layer3_out_i_98_write            |  out|    1|     ap_fifo|                                                            layer3_out_i_98|       pointer|
|layer3_out_i_99_din              |  out|    8|     ap_fifo|                                                            layer3_out_i_99|       pointer|
|layer3_out_i_99_num_data_valid   |   in|    2|     ap_fifo|                                                            layer3_out_i_99|       pointer|
|layer3_out_i_99_fifo_cap         |   in|    2|     ap_fifo|                                                            layer3_out_i_99|       pointer|
|layer3_out_i_99_full_n           |   in|    1|     ap_fifo|                                                            layer3_out_i_99|       pointer|
|layer3_out_i_99_write            |  out|    1|     ap_fifo|                                                            layer3_out_i_99|       pointer|
|layer3_out_i_100_din             |  out|    8|     ap_fifo|                                                           layer3_out_i_100|       pointer|
|layer3_out_i_100_num_data_valid  |   in|    2|     ap_fifo|                                                           layer3_out_i_100|       pointer|
|layer3_out_i_100_fifo_cap        |   in|    2|     ap_fifo|                                                           layer3_out_i_100|       pointer|
|layer3_out_i_100_full_n          |   in|    1|     ap_fifo|                                                           layer3_out_i_100|       pointer|
|layer3_out_i_100_write           |  out|    1|     ap_fifo|                                                           layer3_out_i_100|       pointer|
|layer3_out_i_101_din             |  out|    8|     ap_fifo|                                                           layer3_out_i_101|       pointer|
|layer3_out_i_101_num_data_valid  |   in|    2|     ap_fifo|                                                           layer3_out_i_101|       pointer|
|layer3_out_i_101_fifo_cap        |   in|    2|     ap_fifo|                                                           layer3_out_i_101|       pointer|
|layer3_out_i_101_full_n          |   in|    1|     ap_fifo|                                                           layer3_out_i_101|       pointer|
|layer3_out_i_101_write           |  out|    1|     ap_fifo|                                                           layer3_out_i_101|       pointer|
|layer3_out_i_102_din             |  out|    8|     ap_fifo|                                                           layer3_out_i_102|       pointer|
|layer3_out_i_102_num_data_valid  |   in|    2|     ap_fifo|                                                           layer3_out_i_102|       pointer|
|layer3_out_i_102_fifo_cap        |   in|    2|     ap_fifo|                                                           layer3_out_i_102|       pointer|
|layer3_out_i_102_full_n          |   in|    1|     ap_fifo|                                                           layer3_out_i_102|       pointer|
|layer3_out_i_102_write           |  out|    1|     ap_fifo|                                                           layer3_out_i_102|       pointer|
|layer3_out_i_103_din             |  out|    8|     ap_fifo|                                                           layer3_out_i_103|       pointer|
|layer3_out_i_103_num_data_valid  |   in|    2|     ap_fifo|                                                           layer3_out_i_103|       pointer|
|layer3_out_i_103_fifo_cap        |   in|    2|     ap_fifo|                                                           layer3_out_i_103|       pointer|
|layer3_out_i_103_full_n          |   in|    1|     ap_fifo|                                                           layer3_out_i_103|       pointer|
|layer3_out_i_103_write           |  out|    1|     ap_fifo|                                                           layer3_out_i_103|       pointer|
|layer3_out_i_104_din             |  out|    8|     ap_fifo|                                                           layer3_out_i_104|       pointer|
|layer3_out_i_104_num_data_valid  |   in|    2|     ap_fifo|                                                           layer3_out_i_104|       pointer|
|layer3_out_i_104_fifo_cap        |   in|    2|     ap_fifo|                                                           layer3_out_i_104|       pointer|
|layer3_out_i_104_full_n          |   in|    1|     ap_fifo|                                                           layer3_out_i_104|       pointer|
|layer3_out_i_104_write           |  out|    1|     ap_fifo|                                                           layer3_out_i_104|       pointer|
|layer3_out_i_105_din             |  out|    8|     ap_fifo|                                                           layer3_out_i_105|       pointer|
|layer3_out_i_105_num_data_valid  |   in|    2|     ap_fifo|                                                           layer3_out_i_105|       pointer|
|layer3_out_i_105_fifo_cap        |   in|    2|     ap_fifo|                                                           layer3_out_i_105|       pointer|
|layer3_out_i_105_full_n          |   in|    1|     ap_fifo|                                                           layer3_out_i_105|       pointer|
|layer3_out_i_105_write           |  out|    1|     ap_fifo|                                                           layer3_out_i_105|       pointer|
|layer3_out_i_106_din             |  out|    8|     ap_fifo|                                                           layer3_out_i_106|       pointer|
|layer3_out_i_106_num_data_valid  |   in|    2|     ap_fifo|                                                           layer3_out_i_106|       pointer|
|layer3_out_i_106_fifo_cap        |   in|    2|     ap_fifo|                                                           layer3_out_i_106|       pointer|
|layer3_out_i_106_full_n          |   in|    1|     ap_fifo|                                                           layer3_out_i_106|       pointer|
|layer3_out_i_106_write           |  out|    1|     ap_fifo|                                                           layer3_out_i_106|       pointer|
|layer3_out_i_107_din             |  out|    8|     ap_fifo|                                                           layer3_out_i_107|       pointer|
|layer3_out_i_107_num_data_valid  |   in|    2|     ap_fifo|                                                           layer3_out_i_107|       pointer|
|layer3_out_i_107_fifo_cap        |   in|    2|     ap_fifo|                                                           layer3_out_i_107|       pointer|
|layer3_out_i_107_full_n          |   in|    1|     ap_fifo|                                                           layer3_out_i_107|       pointer|
|layer3_out_i_107_write           |  out|    1|     ap_fifo|                                                           layer3_out_i_107|       pointer|
|layer3_out_i_108_din             |  out|    8|     ap_fifo|                                                           layer3_out_i_108|       pointer|
|layer3_out_i_108_num_data_valid  |   in|    2|     ap_fifo|                                                           layer3_out_i_108|       pointer|
|layer3_out_i_108_fifo_cap        |   in|    2|     ap_fifo|                                                           layer3_out_i_108|       pointer|
|layer3_out_i_108_full_n          |   in|    1|     ap_fifo|                                                           layer3_out_i_108|       pointer|
|layer3_out_i_108_write           |  out|    1|     ap_fifo|                                                           layer3_out_i_108|       pointer|
|layer3_out_i_109_din             |  out|    8|     ap_fifo|                                                           layer3_out_i_109|       pointer|
|layer3_out_i_109_num_data_valid  |   in|    2|     ap_fifo|                                                           layer3_out_i_109|       pointer|
|layer3_out_i_109_fifo_cap        |   in|    2|     ap_fifo|                                                           layer3_out_i_109|       pointer|
|layer3_out_i_109_full_n          |   in|    1|     ap_fifo|                                                           layer3_out_i_109|       pointer|
|layer3_out_i_109_write           |  out|    1|     ap_fifo|                                                           layer3_out_i_109|       pointer|
|layer3_out_i_110_din             |  out|    8|     ap_fifo|                                                           layer3_out_i_110|       pointer|
|layer3_out_i_110_num_data_valid  |   in|    2|     ap_fifo|                                                           layer3_out_i_110|       pointer|
|layer3_out_i_110_fifo_cap        |   in|    2|     ap_fifo|                                                           layer3_out_i_110|       pointer|
|layer3_out_i_110_full_n          |   in|    1|     ap_fifo|                                                           layer3_out_i_110|       pointer|
|layer3_out_i_110_write           |  out|    1|     ap_fifo|                                                           layer3_out_i_110|       pointer|
|layer3_out_i_111_din             |  out|    8|     ap_fifo|                                                           layer3_out_i_111|       pointer|
|layer3_out_i_111_num_data_valid  |   in|    2|     ap_fifo|                                                           layer3_out_i_111|       pointer|
|layer3_out_i_111_fifo_cap        |   in|    2|     ap_fifo|                                                           layer3_out_i_111|       pointer|
|layer3_out_i_111_full_n          |   in|    1|     ap_fifo|                                                           layer3_out_i_111|       pointer|
|layer3_out_i_111_write           |  out|    1|     ap_fifo|                                                           layer3_out_i_111|       pointer|
|layer3_out_i_112_din             |  out|    8|     ap_fifo|                                                           layer3_out_i_112|       pointer|
|layer3_out_i_112_num_data_valid  |   in|    2|     ap_fifo|                                                           layer3_out_i_112|       pointer|
|layer3_out_i_112_fifo_cap        |   in|    2|     ap_fifo|                                                           layer3_out_i_112|       pointer|
|layer3_out_i_112_full_n          |   in|    1|     ap_fifo|                                                           layer3_out_i_112|       pointer|
|layer3_out_i_112_write           |  out|    1|     ap_fifo|                                                           layer3_out_i_112|       pointer|
|layer3_out_i_113_din             |  out|    8|     ap_fifo|                                                           layer3_out_i_113|       pointer|
|layer3_out_i_113_num_data_valid  |   in|    2|     ap_fifo|                                                           layer3_out_i_113|       pointer|
|layer3_out_i_113_fifo_cap        |   in|    2|     ap_fifo|                                                           layer3_out_i_113|       pointer|
|layer3_out_i_113_full_n          |   in|    1|     ap_fifo|                                                           layer3_out_i_113|       pointer|
|layer3_out_i_113_write           |  out|    1|     ap_fifo|                                                           layer3_out_i_113|       pointer|
|layer3_out_i_114_din             |  out|    8|     ap_fifo|                                                           layer3_out_i_114|       pointer|
|layer3_out_i_114_num_data_valid  |   in|    2|     ap_fifo|                                                           layer3_out_i_114|       pointer|
|layer3_out_i_114_fifo_cap        |   in|    2|     ap_fifo|                                                           layer3_out_i_114|       pointer|
|layer3_out_i_114_full_n          |   in|    1|     ap_fifo|                                                           layer3_out_i_114|       pointer|
|layer3_out_i_114_write           |  out|    1|     ap_fifo|                                                           layer3_out_i_114|       pointer|
|layer3_out_i_115_din             |  out|    8|     ap_fifo|                                                           layer3_out_i_115|       pointer|
|layer3_out_i_115_num_data_valid  |   in|    2|     ap_fifo|                                                           layer3_out_i_115|       pointer|
|layer3_out_i_115_fifo_cap        |   in|    2|     ap_fifo|                                                           layer3_out_i_115|       pointer|
|layer3_out_i_115_full_n          |   in|    1|     ap_fifo|                                                           layer3_out_i_115|       pointer|
|layer3_out_i_115_write           |  out|    1|     ap_fifo|                                                           layer3_out_i_115|       pointer|
|layer3_out_i_116_din             |  out|    8|     ap_fifo|                                                           layer3_out_i_116|       pointer|
|layer3_out_i_116_num_data_valid  |   in|    2|     ap_fifo|                                                           layer3_out_i_116|       pointer|
|layer3_out_i_116_fifo_cap        |   in|    2|     ap_fifo|                                                           layer3_out_i_116|       pointer|
|layer3_out_i_116_full_n          |   in|    1|     ap_fifo|                                                           layer3_out_i_116|       pointer|
|layer3_out_i_116_write           |  out|    1|     ap_fifo|                                                           layer3_out_i_116|       pointer|
|layer3_out_i_117_din             |  out|    8|     ap_fifo|                                                           layer3_out_i_117|       pointer|
|layer3_out_i_117_num_data_valid  |   in|    2|     ap_fifo|                                                           layer3_out_i_117|       pointer|
|layer3_out_i_117_fifo_cap        |   in|    2|     ap_fifo|                                                           layer3_out_i_117|       pointer|
|layer3_out_i_117_full_n          |   in|    1|     ap_fifo|                                                           layer3_out_i_117|       pointer|
|layer3_out_i_117_write           |  out|    1|     ap_fifo|                                                           layer3_out_i_117|       pointer|
|layer3_out_i_118_din             |  out|    8|     ap_fifo|                                                           layer3_out_i_118|       pointer|
|layer3_out_i_118_num_data_valid  |   in|    2|     ap_fifo|                                                           layer3_out_i_118|       pointer|
|layer3_out_i_118_fifo_cap        |   in|    2|     ap_fifo|                                                           layer3_out_i_118|       pointer|
|layer3_out_i_118_full_n          |   in|    1|     ap_fifo|                                                           layer3_out_i_118|       pointer|
|layer3_out_i_118_write           |  out|    1|     ap_fifo|                                                           layer3_out_i_118|       pointer|
|layer3_out_i_119_din             |  out|    8|     ap_fifo|                                                           layer3_out_i_119|       pointer|
|layer3_out_i_119_num_data_valid  |   in|    2|     ap_fifo|                                                           layer3_out_i_119|       pointer|
|layer3_out_i_119_fifo_cap        |   in|    2|     ap_fifo|                                                           layer3_out_i_119|       pointer|
|layer3_out_i_119_full_n          |   in|    1|     ap_fifo|                                                           layer3_out_i_119|       pointer|
|layer3_out_i_119_write           |  out|    1|     ap_fifo|                                                           layer3_out_i_119|       pointer|
|layer3_out_i_120_din             |  out|    8|     ap_fifo|                                                           layer3_out_i_120|       pointer|
|layer3_out_i_120_num_data_valid  |   in|    2|     ap_fifo|                                                           layer3_out_i_120|       pointer|
|layer3_out_i_120_fifo_cap        |   in|    2|     ap_fifo|                                                           layer3_out_i_120|       pointer|
|layer3_out_i_120_full_n          |   in|    1|     ap_fifo|                                                           layer3_out_i_120|       pointer|
|layer3_out_i_120_write           |  out|    1|     ap_fifo|                                                           layer3_out_i_120|       pointer|
|layer3_out_i_121_din             |  out|    8|     ap_fifo|                                                           layer3_out_i_121|       pointer|
|layer3_out_i_121_num_data_valid  |   in|    2|     ap_fifo|                                                           layer3_out_i_121|       pointer|
|layer3_out_i_121_fifo_cap        |   in|    2|     ap_fifo|                                                           layer3_out_i_121|       pointer|
|layer3_out_i_121_full_n          |   in|    1|     ap_fifo|                                                           layer3_out_i_121|       pointer|
|layer3_out_i_121_write           |  out|    1|     ap_fifo|                                                           layer3_out_i_121|       pointer|
|layer3_out_i_122_din             |  out|    8|     ap_fifo|                                                           layer3_out_i_122|       pointer|
|layer3_out_i_122_num_data_valid  |   in|    2|     ap_fifo|                                                           layer3_out_i_122|       pointer|
|layer3_out_i_122_fifo_cap        |   in|    2|     ap_fifo|                                                           layer3_out_i_122|       pointer|
|layer3_out_i_122_full_n          |   in|    1|     ap_fifo|                                                           layer3_out_i_122|       pointer|
|layer3_out_i_122_write           |  out|    1|     ap_fifo|                                                           layer3_out_i_122|       pointer|
|layer3_out_i_123_din             |  out|    8|     ap_fifo|                                                           layer3_out_i_123|       pointer|
|layer3_out_i_123_num_data_valid  |   in|    2|     ap_fifo|                                                           layer3_out_i_123|       pointer|
|layer3_out_i_123_fifo_cap        |   in|    2|     ap_fifo|                                                           layer3_out_i_123|       pointer|
|layer3_out_i_123_full_n          |   in|    1|     ap_fifo|                                                           layer3_out_i_123|       pointer|
|layer3_out_i_123_write           |  out|    1|     ap_fifo|                                                           layer3_out_i_123|       pointer|
|layer3_out_i_124_din             |  out|    8|     ap_fifo|                                                           layer3_out_i_124|       pointer|
|layer3_out_i_124_num_data_valid  |   in|    2|     ap_fifo|                                                           layer3_out_i_124|       pointer|
|layer3_out_i_124_fifo_cap        |   in|    2|     ap_fifo|                                                           layer3_out_i_124|       pointer|
|layer3_out_i_124_full_n          |   in|    1|     ap_fifo|                                                           layer3_out_i_124|       pointer|
|layer3_out_i_124_write           |  out|    1|     ap_fifo|                                                           layer3_out_i_124|       pointer|
|layer3_out_i_125_din             |  out|    8|     ap_fifo|                                                           layer3_out_i_125|       pointer|
|layer3_out_i_125_num_data_valid  |   in|    2|     ap_fifo|                                                           layer3_out_i_125|       pointer|
|layer3_out_i_125_fifo_cap        |   in|    2|     ap_fifo|                                                           layer3_out_i_125|       pointer|
|layer3_out_i_125_full_n          |   in|    1|     ap_fifo|                                                           layer3_out_i_125|       pointer|
|layer3_out_i_125_write           |  out|    1|     ap_fifo|                                                           layer3_out_i_125|       pointer|
|layer3_out_i_126_din             |  out|    8|     ap_fifo|                                                           layer3_out_i_126|       pointer|
|layer3_out_i_126_num_data_valid  |   in|    2|     ap_fifo|                                                           layer3_out_i_126|       pointer|
|layer3_out_i_126_fifo_cap        |   in|    2|     ap_fifo|                                                           layer3_out_i_126|       pointer|
|layer3_out_i_126_full_n          |   in|    1|     ap_fifo|                                                           layer3_out_i_126|       pointer|
|layer3_out_i_126_write           |  out|    1|     ap_fifo|                                                           layer3_out_i_126|       pointer|
|layer3_out_i_127_din             |  out|    8|     ap_fifo|                                                           layer3_out_i_127|       pointer|
|layer3_out_i_127_num_data_valid  |   in|    2|     ap_fifo|                                                           layer3_out_i_127|       pointer|
|layer3_out_i_127_fifo_cap        |   in|    2|     ap_fifo|                                                           layer3_out_i_127|       pointer|
|layer3_out_i_127_full_n          |   in|    1|     ap_fifo|                                                           layer3_out_i_127|       pointer|
|layer3_out_i_127_write           |  out|    1|     ap_fifo|                                                           layer3_out_i_127|       pointer|
+---------------------------------+-----+-----+------------+---------------------------------------------------------------------------+--------------+

